;1;2;3;4;5;6;7;8;9;10;11;12;13;14;15;16;17;18;19;20;21;22;23;24;25;26;27;28;29;30
-500;-0.0607595094736586;-0.150120146838496;0.00520211433525368;-0.0898536695734767;-0.0354742477250616;0.00756468831199766;0.077598436820964;0.0658662141741942;-0.0256010513902812;0.0425413395770124;0.125067448643395;0.0433413439939283;0.0244816288560925;-0.00861118613856351;-0.0737562223029582;0.0707314605893615;0.0479295735530332;0.0335324482622405;0.000130152634374037;-0.0691780548710099;-0.0619864296106049;0.442567284610867;-0.0796721415438454;-0.0112117093792085;0.0849921014114381;-0.0255888069753102;0.0341258718268924;0.0794672523046926;-0.0518655301618506;-0.0268744654825344
-475;-0.0671994484316023;-0.105087307279547;0.00749531237317118;-0.0797362494854588;-0.0474177572305168;-0.0137080304134856;0.0694069427808236;0.0561411014719019;-0.0326034962663451;0.0493605004675907;0.101851912466818;0.049157176630965;0.0343885434156219;0.00585730851892561;-0.0812524849957437;0.071000554207015;0.0310312015515597;0.0359345823922676;-0.0294639620509338;-0.0790855313281531;-0.0610407819526681;0.379021084170855;-0.0602600243309749;-0.0114467973070016;0.079717498347418;-0.0284579250700064;0.0269663217171554;0.0550667646465307;-0.0339486523543185;-0.0283726325484881
-450;-0.0591438040799017;-0.0726194063134687;0.00932566854532695;-0.0678586861136339;-0.0458314750852011;-0.0291917824234943;0.0612271480082663;0.0461323725565276;-0.0333605511372193;0.0448000279231306;0.0959235301146834;0.049660501400643;-0.00187596659741267;0.00492756338480835;-0.0707230264538681;0.0630288659758075;0.019441476999482;0.0209414254807469;-0.0385783971471216;-0.0732039800472375;-0.0594202675733539;0.285410357735773;-0.0546854085734488;-0.0163542169888644;0.0644680887739035;-0.0145336372718608;0.00635800554426198;0.0636686401757848;-0.0313989478263171;-0.00678971783562403
-425;-0.0453876998233154;-0.0719431712921851;0.0119778749005135;-0.0507470338249292;-0.0329687547117228;-0.0336849886203992;0.0508060611215223;0.0323540567279018;-0.0345583989245728;0.0384389134374287;0.0726523551017305;0.0492255802085388;-0.00541013174497245;-0.012439030280187;-0.0613300654343694;0.0574167277435328;0.0179872077499777;0.031425938951332;-0.0247432080149279;-0.059866164659458;-0.0564361911628558;0.198074557160531;-0.0313598412889194;-0.0278691801811494;0.0631261596519969;0.00854605085315221;0.0181276670729793;0.067680446337772;-0.0366832397957609;-0.0152542826336786
-400;-0.0398354042872329;-0.0560392548955343;-0.00562706806549347;-0.0377085221751606;-0.0135104317694106;-0.0260041355420574;0.0478328817626622;0.0368823833948261;-0.0337710019739655;0.0404696665242691;0.0438170919297708;0.0404481921899169;-0.00353243248906558;-0.0159844324498712;-0.0475752226606132;0.0669505044665922;0.0160797135619253;0.0462846520943027;-0.023188163354697;-0.0398547819734389;-0.0535711327925767;0.113800770514622;-0.0274095821108612;-0.0161662504767226;0.080074279484835;0.0232617212196539;0.0212223178136592;0.0395817316114201;-0.0126097862680917;-0.000751388468529335
-375;-0.0301121478813957;-0.0386353297207728;-0.0042649018890712;-0.0268852448539543;-0.0117648477362868;-0.0258805516660428;0.0361245943772964;0.0278474143155108;-0.031584754937535;0.038155941119015;0.0282258059627957;0.0337198455627074;-0.0263929335269751;0.00586750071803075;-0.0344752693656898;0.0783884752463021;0.00926847676654479;0.0346885040849362;-0.00252435981430206;-0.0580068483152987;-0.0452351581473803;0.0524991316954646;-0.0236784572487919;-0.0175884327088344;0.0632121023416161;0.019597766260269;0.00522205037630425;0.0416250720880985;-0.0137430051506387;0.0287156877881067
-350;-0.0345724546298445;-0.0250227561976369;0.00439498862806769;-0.0240992462770476;-0.0252480359653218;-0.0200093874318522;0.0280464608532661;0.0115388067954202;-0.0452217176708396;0.022882922358194;0.0164727823470893;0.0250488120960339;-0.0268475804684678;0.00909327868319818;-0.0256430970721096;0.0732666492805646;-0.00197325652225295;0.0067781451407682;0.00381089199199018;-0.0598952304426694;-0.0314692155713487;0.00826901756740668;-0.0161461707125471;-0.00848523560318743;0.0338656888727211;0.0234323035342946;0.00279729796752766;0.0314183888868615;-0.00132065071771756;0.0288314764812283
-325;-0.0292060002743868;-0.0117718329396111;-0.00460297211146639;-0.0180727494959386;-0.0252218247154401;-0.0134365102132733;0.00943411356926624;0.00730073953574415;-0.0429714223694535;0.0203494099748355;0.00545519988279133;0.00324658638112303;-0.0257982174213678;-0.00508394765213374;-0.0241865281144747;0.0845471469164963;0.00839931986190283;-0.00720504107647129;-0.00834659108395814;-0.0372651656747749;-0.0212983819006637;-0.043174297199818;-0.0160144109338124;-0.00628941567264403;0.0437691241386639;0.030726753523615;-0.00320088383401056;0.0419309345907341;0.0156941566963732;0.0197701978792042
-300;-0.00528108191777377;0.00344550854762096;0.00291853112650724;-0.00546286185614369;-0.0234017853310284;-0.0255881591075354;-0.00726469108450125;-0.00472120628101838;-0.0215395850714096;0.00942380678233215;-0.010797932547088;-0.00589231050612864;-0.0116667687589274;-0.00797871015946607;-0.0226173277760072;0.0452214189118053;0.00288385074091106;0.014317670908962;0.0131329888710941;-0.0216895923898148;-0.00447657446370799;-0.0750098207770502;-0.00549818403282996;0.00176702029139579;0.0476242288269412;0.0381268586218292;-0.0112787050657244;0.043772542469745;0.0132802911692381;0.0302149178571629
-275;0.0088705265439144;0.0306559481835763;-0.0132033709762737;0.00253471760273323;-0.0140940275466983;-0.0243373587335206;-0.0140957955075626;-0.0111182932969246;-0.0120374902674028;0.00566706755367599;-0.00698850543549265;-0.00631997618512874;-0.0245693351654753;0.0198075756849815;-0.0145260295299586;0.0296073262411437;-0.000181800672949883;0.00450089648963088;0.0318343816026579;-0.0192861749205333;0.00277284298749967;-0.0926469249022961;0.00735643317963333;0.00617827960563182;0.0111407362403168;0.03660165346874;-0.0172360484342105;0.0202258825942409;0.0166109127205206;0.038233451003504
-250;0.0248414483092614;0.0365898519652975;-0.0291231398160098;0.0176894353289343;-0.00157468911731673;-0.0171384832130389;-0.0200591243829663;-0.012680676299332;-0.000243267919614532;0.00238093003671982;-0.0165164296578707;-0.0109584268362549;-0.0179560587307275;-0.00416180348727848;0.0162234821437565;0.013381934643993;0.00899398459438832;-3.27157757030072e-05;0.0315540014852163;-0.00277645840055829;0.00581571223114627;-0.101458383608869;0.00476600510501792;-0.00949955023562627;0.00802348488320788;0.0441763222307946;-0.00374330072652511;0.00278368831200084;0.00742736956996306;0.0285517546693177
-225;0.0385272629027738;0.0499536752737323;-0.00948261235124121;0.0230764959129368;0.00446258203086813;-0.0116662528603951;-0.0167715371958565;-0.0055274337122432;0.00380927218926281;-0.00307016794868384;-0.0274681184963586;-0.0266626308169986;-9.95171763403135e-05;-0.0160627308387974;0.035427546982357;-0.0083830715134853;0.017076766691744;-0.00799220761424317;0.027272523132524;0.0334769981017145;0.0159580736671564;-0.116189310126308;0.0174983751741068;-0.00146437534268036;0.00569288284144149;0.0287699189177863;0.00995693604545473;-0.0125788033539405;0.0106566053859761;0.0416154878657046
-200;0.0397615333335113;0.0576843483171653;-0.00366530525522819;0.0353635005738943;-0.00146458361193513;-0.00515093442601109;-0.0240545541966405;-0.0149688715553319;0.00657282329192217;-0.0116547009507609;-0.0257213789339671;-0.0346622476740084;-0.00490460169968703;-0.00426470973814221;0.046539729051759;-0.0227619189553609;0.00924054940012447;-0.00267338108575403;0.00998621252121805;0.0297131385787814;0.0314846897266873;-0.109936332837828;0.018693898811221;0.0019555312915212;-0.0228905130349287;0.0207815095405465;0.01356022378731;-0.0249077518492514;-0.00217731789669693;0.0438844913093998
-175;0.0459990467399412;0.0500285771347925;0.00145782334272386;0.0444621635954465;-0.00267235669963206;0.0080912077974681;-0.0325676278446569;-0.0332593610994593;0.0238957064838054;-0.0218627194136876;-0.0294714430708204;-0.0403111555796008;0.00107086651885453;0.000525525440867236;0.0574540687942959;-0.0525470646761389;-0.00279123602404425;0.0102614756406136;0.0297823207591526;0.0441427767665346;0.0353422986490069;-0.10974828979865;0.0254028780641075;0.00140543099714079;-0.0289095874906816;0.0145673904160239;0.00468515321146463;-0.0267613644397139;0.0151404031051411;0.020448805111328
-150;0.0490803082104716;0.0571104880410233;0.00527177560445562;0.0522437901967174;0.0180554835764957;0.0115945228307478;-0.0430145860800812;-0.0330595662544168;0.0258122191212433;-0.0391344964494328;-0.0517757217494651;-0.0378352915715015;0.00586568201285616;-0.00511237357195085;0.0641497460991904;-0.0809716847483745;-0.00616131561844764;-0.0134846716689643;0.0312526578884019;0.0538069701842101;0.0391116729139541;-0.0922201707042738;0.0368052597525487;0.00528650372924537;-0.0363397238428611;-0.0109740598875497;-0.000869271126642301;-0.0467442788413436;0.0182085795773369;0.000195975474586341
-125;0.050155681499864;0.0714178360646328;0.0104203977259488;0.0499199644705166;0.0351468752857453;0.0157736740719244;-0.0442914709337451;-0.0290519729790843;0.0438577578802406;-0.039991736408662;-0.0647266087127626;-0.0332635602327196;0.0118727713056563;-0.000538107864031323;0.0522522245486629;-0.0769254550292501;0.00516977731314743;-0.0442915969178686;0.0111357287001708;0.0454874941613781;0.0425708072664613;-0.0928861593549229;0.0317033707766356;0.0129094551026428;-0.0672935406471745;-0.0183510947232378;0.0080324983271995;-0.0581556461407307;0.0141297759739924;-0.0183212678435572
-100;0.0408587770674738;0.0654229667400229;0.0102686570030402;0.046087496461167;0.0495077681030187;0.029303367766247;-0.0353323474050557;-0.0437211735032021;0.0463212843568137;-0.0503943790429145;-0.0641824491348245;-0.019771389480316;0.00915741907805874;-0.0044094358408834;0.0635804400794968;-0.0842389942414884;-0.0451296855306362;-0.0409734474595623;0.0167373812480545;0.0518341843816534;0.0464072951465938;-0.110725922974219;0.0426599747631783;0.016342926318957;-0.0947020696777133;-0.0190373329349583;-0.00600762353984901;-0.0601986245919462;0.014224182264096;-0.0338120367820814
-75;0.0391555616631101;0.06268319740533;-0.00141797086026525;0.0427030586600378;0.0531166821339486;0.0484972253316448;-0.045304849208533;-0.0308331339803919;0.0548556896646392;-0.0553699980815082;-0.0620516582207887;-0.0297443954910657;0.0228756033432395;-0.0100029032878918;0.0592821815872439;-0.0954557131492841;-0.0495720145831371;-0.0257813258095159;-0.0148362140287092;0.0654147562162475;0.0656873878494989;-0.126793794395666;0.0328095026348489;0.0234275946706935;-0.103456096231394;-0.0535706659811424;-0.0319900184357027;-0.067045512837469;0.0289823499909351;-0.038595652326517
-50;0.0270907171559165;0.0283282783887778;0.00847000797859536;0.0379250164329076;0.0558920554164617;0.0562441295513546;-0.0485392359543994;-0.0211307891747955;0.057655978476941;-0.0478639525534937;-0.0551380521319456;-0.0313958143909288;0.0242967884860354;0.0091687995422197;0.0359867301360261;-0.108813135106535;-0.0399447562532329;-0.0575722882032344;-0.020108569601521;0.0957977452251022;0.0549323599425754;-0.173754086845773;0.0500325769193469;0.0234105129344014;-0.0953835606735432;-0.0595136600071125;-0.0404356380004108;-0.0866848259116567;0.011108915749258;-0.0557231508254892
-25;0.00715668737287367;0.0179185294152803;-0.00581581023855478;0.0484186244204518;0.0644633706990341;0.0687277589897214;-0.0491808195000688;-0.0439906108358267;0.0507120064637709;-0.0451283749050603;-0.0746278283576899;-0.0170308396992045;0.015044240763004;0.0394018193361657;0.025189124283004;-0.123444026802697;-0.04774783358004;-0.0386590638344837;-0.0448397757386835;0.100433919407325;0.05485099279458;-0.235098709929847;0.046995945595386;0.0336919089542893;-0.136731284216204;-0.058561065735527;-0.0362928545271335;-0.104144536051829;0.0182835879685614;-0.0559676506930431
0;-0.0134933446408361;-0.00211161275950653;-0.0131075994118667;0.0463146853306601;0.0717519522563794;0.0838323339646833;-0.0431283526913834;-0.0552083669990052;0.0536096045321203;-0.0311190844396657;-0.0865308880694509;-0.0164623234027897;0.0173519188276218;0.0270404906949107;0.0295942998089899;-0.146765271923925;-0.0385185707193971;-0.0283331575154649;-0.0504310127368725;0.117065950742956;0.0714978207828444;-0.295860735444579;0.0517710796692709;0.0289634659674847;-0.133469196261765;-0.0743828452794451;-0.0322260212430652;-0.104893145351611;0.0105844292923819;-0.0519145425613672
25;-0.0252886213676005;-0.0354628242229734;-0.0178486090339318;0.0323957076843457;0.0710306305995818;0.0919928795948201;-0.0251324050841578;-0.0487888933737461;0.0601881984673033;-0.035922751620783;-0.0955088943134171;-0.0121484073292351;0.021679566457901;0.0300735062578744;0.0288169457996381;-0.161425904553029;-0.0594226701332723;-0.0296496829311333;-0.0542265655978262;0.132857569212673;0.0682199864166702;-0.373318801711523;0.0572032898622049;0.00917183684541327;-0.149165194255395;-0.0785507006579161;-0.0462035142531785;-0.0979892894981858;-0.0278057966903374;-0.0549268634212641
50;-0.0434414803621939;-0.0493439088833761;-0.040012037511427;0.0300022625687492;0.0615460015176295;0.116880071010179;-0.0253411830769185;-0.0450535663330486;0.0783230555179719;-0.0759470148966666;-0.105978337400381;-0.00129148827990115;0.0364075283075593;0.0486093715956811;0.020747695113219;-0.180759292958939;-0.0705174737624789;-0.0227970713816437;-0.0594343586327097;0.129646987800469;0.070873485816053;-0.409502140093036;0.0402187926331444;0.00621074489733568;-0.151509680558064;-0.10595823091746;-0.0679958261781955;-0.122055284068936;-0.0268263586100871;-0.0567524674255695
75;-0.0481744327762896;-0.070009005007842;-0.0641760466450158;0.0203464332893623;0.0684196156999022;0.136531470609617;-0.0156063402490222;-0.0748141889646265;0.0793428091841061;-0.085587251115664;-0.10396745097439;0.0181449418337935;0.0407978494974667;0.0522701830491411;0.0312959087678996;-0.205984577826885;-0.0542509528346555;-0.0166285624901675;-0.0829260351897325;0.131275054893162;0.0642132358234689;-0.462055146065277;0.0248728037760514;0.0239994091082437;-0.140922880036224;-0.12160630167603;-0.0940637868220864;-0.131925156257955;-0.0334774366616911;-0.057853965872315
100;-0.0610033367453171;-0.0758093812484875;-0.0914056703312458;0.014820972228098;0.0750648673159073;0.151361569994944;0.000790408258985664;-0.074020964772941;0.0759852026073535;-0.103654340098245;-0.135217207602471;0.0216930847726049;0.0598609448072828;0.055994711147921;0.0308655384657741;-0.196423539691741;-0.0682683892972211;-0.0420805289156763;-0.0645095024075086;0.141574428447093;0.0644148234427756;-0.499814024220134;0.0218655000965288;0.0307783839195675;-0.158884793649195;-0.110593335919703;-0.119490514136468;-0.13454649657098;-0.0263010813444414;-0.0618265048709688
125;-0.0739124773259572;-0.0749520158818947;-0.109194622629296;0.00123025036746389;0.0693279552115857;0.169049285415156;0.00427220944143656;-0.0711431171837131;0.0940573439364202;-0.112185539843735;-0.160512866048893;0.0492878017272273;0.0787159830888086;0.0647773607643341;0.0308726845141902;-0.210194466706912;-0.0752847263432781;-0.0459343958076304;-0.0975020988826473;0.143108410403729;0.058240116670624;-0.516451155407353;0.00531114584415007;0.0117187416600913;-0.156255819152501;-0.106669357002904;-0.127744743776634;-0.155638082099541;-0.0591023388167188;-0.031685653915776
150;-0.091573402508218;-0.0845280022971925;-0.134564929283323;-0.0273233074443325;0.0721067287643846;0.176875607792052;-0.00810477310054871;-0.0816443977555682;0.0988902818767469;-0.13361842678888;-0.169917210206355;0.0665065103400337;0.0715513566821723;0.0559084134579296;0.027336828217797;-0.218767226571161;-0.0826225090588643;-0.0230885966083696;-0.0837112073415786;0.148120441283066;0.058961690426596;-0.54356920957148;-0.00120326751270814;0.0108732857924197;-0.167936341508818;-0.13207912565723;-0.134945464322429;-0.170106943654845;-0.0706427985558492;-0.00125736149995319
175;-0.124796232154207;-0.144686971804667;-0.178275005826356;-0.0762411466826987;0.0143415237091107;0.153164538393368;-0.0313769867740866;-0.126758534690251;0.0847106471708258;-0.165390713018662;-0.213372513883482;0.0731654185877159;0.0786045659307259;0.0553316151431183;0.00643313780775441;-0.269232318643856;-0.126336373841518;-0.01536538117571;-0.0602476247710344;0.159322889756567;0.0574304868296426;-0.54143347409882;-0.0169271310648849;-0.0136030299990088;-0.177518456395511;-0.126037364578866;-0.148205825858217;-0.18466011947855;-0.077665263966331;0.0116035940345169
200;-0.217524128537105;-0.235144102144099;-0.272297501412351;-0.166905943234997;-0.137629504577632;0.0843128846094615;-0.113219455454638;-0.244054970764534;0.00885028980260323;-0.31206534364884;-0.285612224561043;0.0444891123027346;0.0576639554915259;0.0381213113874165;-0.0262024956018992;-0.337190800547295;-0.155824287981316;-0.0196775886597858;-0.107516855365602;0.130687313822216;0.0248057499121873;-0.558685465825926;-0.0796750313157871;-0.0550861784568197;-0.209612245988638;-0.152029565651163;-0.189919267594961;-0.227009976839924;-0.12321324569376;-0.0186719831438127
225;-0.351653931328069;-0.402881714499189;-0.391920907864346;-0.330180382923529;-0.293741809991424;-0.07155611117208;-0.258800134121004;-0.40998807728867;-0.137220441430073;-0.496433608118985;-0.403114075592347;-0.0788176355122739;-0.07644403827196;-0.0145567878145726;-0.139429456123045;-0.427113230933368;-0.213078937099327;-0.12551475478286;-0.208129532263593;0.0511293742525663;-0.0662511996209244;-0.616425471313216;-0.199637388573949;-0.192760210837468;-0.310727110064545;-0.256183329609123;-0.26977077917986;-0.319999500639586;-0.264296775657659;-0.131411082493808
250;-0.534130317189717;-0.588453662587854;-0.579914680866664;-0.510654046755731;-0.512741304498768;-0.209642994183778;-0.438208556686638;-0.630583224883148;-0.275021659929368;-0.730067301215659;-0.557056622054491;-0.272041140766597;-0.252467171890867;-0.16096554703101;-0.321199645932212;-0.600274996835483;-0.309061553528033;-0.250667028796483;-0.361937807154473;-0.0826259691148756;-0.194704480372838;-0.699970195558603;-0.386906287281678;-0.371938895712298;-0.456220481123352;-0.444693916684702;-0.378514969997321;-0.482926954687606;-0.446196857776894;-0.302566817899666
275;-0.709659858626754;-0.785587511636307;-0.744259959224893;-0.681133084543263;-0.702590002817979;-0.371106670384654;-0.598227458635298;-0.826267556353879;-0.445563764068107;-1.00347678191758;-0.697982294862812;-0.443527982296239;-0.473603324946389;-0.313955028242793;-0.53323533178978;-0.872524551388902;-0.445033825190464;-0.388633740718374;-0.571549338464661;-0.270744822956785;-0.374304036735396;-0.800384122274955;-0.562208064620983;-0.582616570165447;-0.66319558142065;-0.652672382824801;-0.528518722933033;-0.632088847742342;-0.678878253854822;-0.513643827423997
300;-0.906387379401029;-0.980697742511532;-0.929267061628242;-0.86118529751008;-0.907315936908446;-0.530604497672536;-0.766112908773658;-1.02934355670699;-0.610593566570498;-1.22976479477609;-0.873464265595909;-0.698438012275637;-0.733052348162823;-0.529817082268358;-0.745259504413327;-1.10067881502749;-0.643207479210163;-0.611124440640527;-0.787219548214408;-0.436920623747756;-0.538572566228474;-0.915387785353855;-0.760059417372615;-0.783993279240548;-0.886475315838616;-0.857581152548356;-0.662046792569912;-0.802765227389261;-0.882406614687313;-0.742345420407134
325;-1.07308936087476;-1.15329751353941;-1.08005597422631;-1.01011343129138;-1.08989485491555;-0.684112027340897;-0.945995400714214;-1.20749548349494;-0.765779733424428;-1.4492822642393;-1.0042358141972;-0.904923040656837;-0.973031647000666;-0.687310555798397;-0.943493512167817;-1.34696281129166;-0.794838783102937;-0.781657522756078;-0.990294414381629;-0.613399148070629;-0.714906236746492;-1.06028885223574;-0.943717226210367;-1.00797540854286;-1.02608242452963;-1.07358955143166;-0.805711112019896;-0.976326450562436;-1.08731286056743;-0.932131205536208
350;-1.24244674311168;-1.30624935782914;-1.2426323961972;-1.14995108582948;-1.24511782176323;-0.824383053032849;-1.1104582325211;-1.39652455486262;-0.895376407795502;-1.6327593752078;-1.12971230688303;-1.1130962246678;-1.15359455278889;-0.861507667287291;-1.13538682663067;-1.57336109967091;-0.91595443089156;-0.926946130866472;-1.16235512189163;-0.7524427207026;-0.865147252480587;-1.23366579019724;-1.15561986991155;-1.20703082521317;-1.21956418369307;-1.26371452460376;-0.959696675885932;-1.14798478733847;-1.26018940864333;-1.11912283469844
375;-1.38329723053257;-1.46419904012471;-1.39701387930465;-1.28959551273805;-1.41750703924287;-0.961484764904121;-1.26577696195397;-1.54318253114563;-1.01521108530671;-1.83629835140433;-1.25517154842926;-1.30551693591099;-1.32285300149455;-0.989730944140586;-1.29966884339842;-1.77891006717485;-1.00464909680546;-1.06926090991104;-1.38370221578774;-0.90239172957432;-1.04082828808935;-1.37653939886294;-1.3067030152204;-1.39220966924014;-1.43606185454687;-1.40043539868752;-1.08696322715003;-1.29701623531323;-1.47343155697736;-1.33297344513187
400;-1.53949826228007;-1.61550246543179;-1.53359487219552;-1.42885897799671;-1.56423382994896;-1.06326011653048;-1.39096139414041;-1.68491061863659;-1.12252261749789;-1.99875951442476;-1.37083885597468;-1.49129347146179;-1.51107776104358;-1.10168815563749;-1.44582710651451;-1.97023184345719;-1.11941337005512;-1.18162594203581;-1.53611222111907;-1.062103334129;-1.16605370410694;-1.49817339909206;-1.45173866418507;-1.53651139409913;-1.56910597394152;-1.54812121277749;-1.18334703693705;-1.46404465760074;-1.63725084081865;-1.50047172117903
425;-1.66046705094939;-1.7341982044307;-1.6164720002524;-1.53500800984924;-1.69508083446775;-1.17033354111791;-1.52415409343469;-1.81212804423706;-1.25677237860516;-2.15251346632447;-1.43803699355563;-1.64632345235278;-1.66862508073395;-1.22313088439716;-1.58151253413151;-2.1718327499898;-1.17963512678139;-1.30389331757562;-1.64377405685272;-1.19379450738819;-1.29206916785402;-1.59594555209318;-1.58457235374652;-1.69615995610053;-1.68384532961839;-1.68652733235867;-1.29921824603918;-1.58905729180485;-1.76846743958173;-1.61492992312033
450;-1.78665684286612;-1.84767486365193;-1.70070999397925;-1.6407068793275;-1.82245238395726;-1.25836675994969;-1.63084926277989;-1.95541286395792;-1.35433153806777;-2.30376443120532;-1.52014423838249;-1.79382220404686;-1.80707609026737;-1.33282530689454;-1.7160140053921;-2.29246386468112;-1.25904320923351;-1.38383624393001;-1.76939437781432;-1.28549199148818;-1.40943722025364;-1.68475415841205;-1.72603234521656;-1.82787217809713;-1.81230418308274;-1.78905559781057;-1.37013355558711;-1.69485992558427;-1.90839959193634;-1.73392241275985
475;-1.87997823725341;-1.94766323856254;-1.77863296687168;-1.73037081942909;-1.93198566544783;-1.33476720458295;-1.74384651599159;-2.0624123724728;-1.41992532625668;-2.42806260715541;-1.5656880321;-1.91265035422656;-1.92327010771;-1.41711816928383;-1.832592609742;-2.43557398500803;-1.34318998754943;-1.4607557697878;-1.87285137812854;-1.38176786905998;-1.54459468160777;-1.76173193279365;-1.83638821008257;-1.93471687375831;-1.91465313734694;-1.85577412299846;-1.44130784104839;-1.76041862794834;-2.06240235376177;-1.85499100457023
500;-1.96237346341479;-2.05750598031876;-1.83214160214222;-1.81319324277197;-2.02688106301305;-1.42134934670796;-1.84247199741837;-2.16564654861563;-1.45943443846267;-2.54123860054338;-1.63377574772701;-1.99897877285948;-1.99248193088132;-1.49032440073886;-1.93462751162465;-2.53481409342792;-1.39272511050906;-1.53109665304353;-1.96801963230465;-1.46143560373655;-1.638469686617;-1.82710047085336;-1.93355708834604;-2.04265700479541;-1.99302665741125;-1.94194260674041;-1.49795518990498;-1.86669254907898;-2.17594812336232;-1.9654293659996
525;-2.04321941108258;-2.14133659901912;-1.89936805554458;-1.89600863892477;-2.10309973691154;-1.49498017867186;-1.93134242702047;-2.24112810327611;-1.54364226446926;-2.6543883176896;-1.6881209728612;-2.08412320757085;-2.06660383488424;-1.55152845027394;-2.00819793756531;-2.60670484819516;-1.45997133101405;-1.57471126419486;-2.0600089813469;-1.54842432174237;-1.69472336997267;-1.92294733948016;-2.00503458761799;-2.1173126330099;-2.05915977216411;-2.00856057461759;-1.55996047869433;-1.93561438835426;-2.27833281205038;-2.06403288606738
550;-2.13062142878383;-2.1972296905384;-1.96160173792066;-1.94249979427335;-2.16748810510252;-1.55551318170514;-1.99599820563617;-2.31169905956944;-1.60791090192409;-2.71849379616567;-1.72382688742852;-2.1707268065114;-2.14719211866474;-1.57564523358727;-2.0788180409404;-2.67517350806861;-1.46143257508819;-1.62158170433092;-2.10826071641073;-1.60104243018654;-1.73298840967275;-1.98785381045697;-2.08107355556236;-2.16174983842193;-2.12582746340157;-2.08400299653102;-1.57933732728149;-2.00480560784654;-2.35750742862186;-2.14586829802812
575;-2.19240157030774;-2.2730878958392;-1.98366918948956;-1.97968192787456;-2.22719585785719;-1.60427546341291;-2.06020780280237;-2.38092918002111;-1.64025904557635;-2.77013114990459;-1.74570348096067;-2.22359996732596;-2.19159483369845;-1.60628325800001;-2.16398648043493;-2.74501433845618;-1.4548766260492;-1.64661031904224;-2.14872264328589;-1.65573583997092;-1.80564854586113;-2.03195837657019;-2.15381965594509;-2.2141180918624;-2.2084214038179;-2.13963288159351;-1.6129009538725;-2.04402772885388;-2.46236157227898;-2.21718712750451
600;-2.23778925068457;-2.32446135725191;-2.03462866993069;-2.03743144055176;-2.29870269533253;-1.65177348089763;-2.12112133611286;-2.43331442416577;-1.66028333321889;-2.82799829114834;-1.75736677318086;-2.28744064355442;-2.23992305762531;-1.64200874586745;-2.22428021809609;-2.79430342377106;-1.46572024339391;-1.66889308622801;-2.22232443599823;-1.73368885813925;-1.8867479742421;-2.07809511943136;-2.18485343873344;-2.2516198222566;-2.22964082117304;-2.14959796341695;-1.67722758594373;-2.08524609206901;-2.49136957948946;-2.27900713884229
625;-2.29997104384928;-2.36203562073966;-2.10511281120836;-2.06895908306596;-2.33172822678141;-1.68806630347591;-2.19013151398356;-2.46798171948062;-1.70196396280434;-2.88758045880291;-1.75477069916513;-2.37836038757691;-2.31755047091618;-1.66621891434952;-2.25188653606222;-2.8602377673205;-1.569005980285;-1.66852468558128;-2.2346536959715;-1.76835686108078;-1.92672423895013;-2.08643833686201;-2.22719652997884;-2.3094936746623;-2.26501043943329;-2.17347590490482;-1.70549493020186;-2.13703502734982;-2.54251312788317;-2.32730299854904
650;-2.36643579484469;-2.4210752770563;-2.13036511217665;-2.09204998123514;-2.35220901964141;-1.73927834050246;-2.23283653824299;-2.54145573716549;-1.72559837929735;-2.93060366868513;-1.80481317566077;-2.41093176847949;-2.36635568746439;-1.67506168451042;-2.28933707144155;-2.86993697218096;-1.58634710234594;-1.68787768415543;-2.2425415211185;-1.77259215453044;-1.94669155549558;-2.14574538749952;-2.28048248957112;-2.34245714946619;-2.29209959328818;-2.27345595426836;-1.73410949807778;-2.19409745114717;-2.57201881064918;-2.35294778468255
675;-2.41538849460187;-2.48167699313664;-2.13513130418679;-2.12479004651565;-2.40462382586539;-1.75835291739167;-2.27609725180614;-2.59465871567313;-1.74403063048558;-2.94705972955541;-1.80813491989783;-2.42740565023686;-2.39858578367527;-1.71038885206196;-2.33507816157166;-2.90809756013846;-1.59768658388856;-1.73112068975707;-2.23191668619504;-1.80569282357422;-1.98862593614162;-2.1769588902959;-2.31732898065202;-2.35936605756036;-2.34510743496285;-2.31111608562307;-1.74550162377659;-2.23161392944077;-2.64564470224966;-2.39959818952064
700;-2.45937904112642;-2.50589089238121;-2.17322410551751;-2.15253166038134;-2.44713902898203;-1.76677366097;-2.30381777823484;-2.5990191330307;-1.76662896041479;-3.00222699810522;-1.83137859460871;-2.47784976895656;-2.39668327404972;-1.7239826731477;-2.35975777473737;-2.92678604672044;-1.58605098958425;-1.76157910837512;-2.27502635826051;-1.83287072896493;-2.02219800369496;-2.21063819837671;-2.35806634708775;-2.39542352889095;-2.36278531750691;-2.3181653465424;-1.74451450795845;-2.25947900600383;-2.72118034172039;-2.43734066163823
725;-2.51423972991409;-2.5204966458022;-2.19684204354119;-2.17632458547675;-2.48520745147716;-1.78065899869579;-2.35317782583018;-2.62014962190912;-1.79039301405753;-3.01663887498212;-1.84087044070769;-2.51573263069458;-2.42897322391523;-1.72539217490313;-2.37043736419827;-2.92724329451334;-1.59161844441277;-1.77525782038685;-2.30212125335542;-1.85882894860348;-2.03688164519325;-2.23492283847753;-2.38934545582899;-2.43242327040729;-2.37882682638484;-2.34115766108118;-1.77426171700394;-2.28899609127939;-2.75627020185719;-2.46229792527447
750;-2.54640839028993;-2.55182960632224;-2.18832968886893;-2.20248993627161;-2.50864367276157;-1.79595057602781;-2.39478119234836;-2.64633888657503;-1.80901580925451;-3.03623246253842;-1.8759418245257;-2.50778020983539;-2.46483372501649;-1.75350144580697;-2.4124527142567;-2.99814731080565;-1.64946141416477;-1.79999163806409;-2.32491256600963;-1.89715607653811;-2.03842367969564;-2.27182451785019;-2.38075966940946;-2.46467149714056;-2.41181149806477;-2.34009780332036;-1.81012042947229;-2.31263915390911;-2.79693410536195;-2.49689071798342
775;-2.56744034700517;-2.56937276378004;-2.20157393635701;-2.2406518324605;-2.5405082026022;-1.80608724432457;-2.42287329331949;-2.66968303977616;-1.82651054409636;-3.06623093514586;-1.88179214433391;-2.54998076258129;-2.45444361190323;-1.7773808215866;-2.44119629375849;-3.01743756886414;-1.65481596386891;-1.80323395379027;-2.34337370499514;-1.91025204179471;-2.08642442065238;-2.3118749117666;-2.38861500836046;-2.47482620670061;-2.4059351132755;-2.36109127649055;-1.79554193880523;-2.32323149138497;-2.83171467620453;-2.50578569734088
800;-2.61487188938363;-2.60621749006253;-2.21467207831152;-2.22883137619098;-2.55337427100311;-1.83252912606568;-2.44893788604236;-2.70936146954493;-1.84188250230358;-3.080632570512;-1.8874406590015;-2.59452572789486;-2.46365089708385;-1.80332244814066;-2.45002581932563;-3.00235050069348;-1.66337993707686;-1.77197453701673;-2.32929808891232;-1.91179809765174;-2.1141901576981;-2.31274517550661;-2.41770873015527;-2.45866265309585;-2.42148901718351;-2.37540742527634;-1.79433179352626;-2.35597059170005;-2.85137575877097;-2.5232279273442
825;-2.65704189456909;-2.63658550719454;-2.24620444978386;-2.25425951292809;-2.5601483005075;-1.85119679967899;-2.46946830534567;-2.72729163549105;-1.82823209796863;-3.10848242278038;-1.86976753082652;-2.61641411235703;-2.48843956596657;-1.78884579486371;-2.47332348831709;-3.01225490939215;-1.62978792975171;-1.77375821077913;-2.34426863384714;-1.93181331583676;-2.11880640780109;-2.29485027724373;-2.42523275821619;-2.46804402360861;-2.41615397995265;-2.40480866345005;-1.81082344478581;-2.35657762873454;-2.86410388750018;-2.54604728877657
850;-2.68297648460199;-2.631611957599;-2.26213569831617;-2.27642197939242;-2.59654099972113;-1.84649377732451;-2.50528589038689;-2.74142550891071;-1.84240821536253;-3.13955703601017;-1.90024710327215;-2.62208269681112;-2.51696616187312;-1.78002090322611;-2.4878551897686;-2.98662800458159;-1.66251552725583;-1.77900075921032;-2.33841011777788;-1.91487154070837;-2.11813591398791;-2.31840229240048;-2.44461161938127;-2.49164431575787;-2.43690544193028;-2.40049567475585;-1.81744689608173;-2.35673578787907;-2.86973527772228;-2.54727191250694
875;-2.69585830713165;-2.67587704748164;-2.25985379418665;-2.27698908265549;-2.59597396560339;-1.84415232692696;-2.53229554873855;-2.74785541498662;-1.87053668469745;-3.14417364469976;-1.92073605057278;-2.64510440965068;-2.51235054282837;-1.81037002857568;-2.49763643805151;-3.01089393857944;-1.70581047576038;-1.78973882081416;-2.31745003129754;-1.93785658073298;-2.14111426085717;-2.33483534563726;-2.45893330354357;-2.48755802944363;-2.46959833445981;-2.40321666912876;-1.81021691755872;-2.3971765696562;-2.88304408210969;-2.56593927249803
900;-2.7344684103824;-2.68832778097591;-2.26883582209585;-2.31873283669963;-2.60918379228866;-1.86695123586707;-2.56277171441867;-2.74991057387115;-1.86514216416324;-3.17786483429875;-1.89722109857828;-2.65597359825908;-2.55011154931675;-1.81067195397908;-2.49512629472776;-3.03813488674236;-1.62872145260166;-1.77626187078162;-2.32821067075676;-1.97133824301834;-2.16259707518126;-2.35483292744206;-2.49593485139676;-2.49220969124382;-2.49603883506364;-2.42958702060218;-1.82152840307905;-2.40075561029672;-2.92801942400065;-2.61451064657299
925;-2.74731868752949;-2.70532065860549;-2.28392756652892;-2.33640401591653;-2.65022917372404;-1.86451812522042;-2.57948116614364;-2.73178287143549;-1.85766167818562;-3.18266973982025;-1.88657689942159;-2.66099575886276;-2.56171606287756;-1.79175312780648;-2.50088449452442;-3.05423380463828;-1.59215145394892;-1.77158221658855;-2.30873076687059;-1.95556704339797;-2.17971140405748;-2.38027205844292;-2.53021573980984;-2.51581758938778;-2.49378019690776;-2.45131145815564;-1.84406209719827;-2.4032316740047;-2.93391222060308;-2.63818072109451
950;-2.77725030111709;-2.72594639802035;-2.29789491018308;-2.33667113103504;-2.64436342001761;-1.86800594005874;-2.61303096638623;-2.77054232304603;-1.87377613259885;-3.20607148724216;-1.89097531182833;-2.69542527777241;-2.53342802287391;-1.8000587402467;-2.52863218266759;-3.07266347806843;-1.61661263663279;-1.81717184918382;-2.29333939031168;-1.96018246560071;-2.20416520910649;-2.38611191592439;-2.50428929446876;-2.51058409216327;-2.51015047885695;-2.42234646076094;-1.84246440451242;-2.41601937053028;-2.92611779474081;-2.63242174450577
975;-2.8094343215197;-2.71529785368034;-2.30206037265022;-2.35864134930063;-2.64594634494532;-1.87279891277562;-2.66163966047587;-2.79591720893093;-1.87725581076614;-3.23393616526834;-1.8931197531141;-2.74225786855887;-2.53780573604418;-1.8094285587774;-2.54418995129695;-3.04272161747995;-1.59438500798312;-1.83611459040185;-2.30294752581628;-1.97739373458262;-2.19124456548835;-2.39086808502134;-2.50465521703532;-2.51096934633591;-2.4701159644037;-2.44250658503161;-1.85010472937943;-2.42037580179612;-2.96980326300892;-2.65005649922411
1000;-2.8386369625507;-2.70733098497751;-2.29477093165455;-2.37867914032147;-2.63453934870031;-1.8695555114508;-2.66491870196718;-2.77542603498758;-1.87424854031805;-3.2236798816413;-1.87801184772772;-2.73284387831057;-2.51461801337347;-1.78877364591762;-2.55163654419334;-3.0682815025723;-1.61530275060597;-1.81455194924833;-2.30110681433664;-1.98061225197238;-2.19363499716632;-2.38803311568995;-2.50638109837044;-2.50136182007471;-2.47839491208002;-2.46353781978308;-1.86679588372973;-2.41827587298449;-3.00188173802377;-2.65101363672879
1025;-2.84441059159637;-2.71006605621634;-2.29531864187494;-2.38999003534962;-2.65451819664466;-1.87750937830966;-2.68655182046071;-2.77318515503082;-1.88456320324359;-3.22700939215572;-1.87303607430963;-2.714475911387;-2.52179362444737;-1.80062917159538;-2.54626522498562;-3.082215990727;-1.59286332604046;-1.80830348463256;-2.28769738603626;-1.97855208503967;-2.20300750110895;-2.41838259037413;-2.52026939773448;-2.50738199099187;-2.48370477884983;-2.45528758585883;-1.84365843811741;-2.44143996441136;-3.00818270946922;-2.68445484362618
1050;-2.8417490327632;-2.74516275943119;-2.31938408098256;-2.40162059498544;-2.62905819800087;-1.88004205105444;-2.70625229923824;-2.79175037000063;-1.89186653437727;-3.23109631738913;-1.88708226046862;-2.73934860233119;-2.5656459722372;-1.83055416304877;-2.58040888048324;-3.05204515383226;-1.5838903097679;-1.82017836259293;-2.25219769123514;-1.96835180220466;-2.23139286398894;-2.42374361801911;-2.54074204761888;-2.5141219458356;-2.50939228135622;-2.41345688889618;-1.85450747364878;-2.44999925747948;-3.02662055054249;-2.65771273306486
1075;-2.8660716044437;-2.76719355544344;-2.33457986062737;-2.39346896652419;-2.64591164363553;-1.8938348976638;-2.7182058639246;-2.79394742713962;-1.88808338960446;-3.2518171889571;-1.89686278845272;-2.74671882083212;-2.56446001066897;-1.79091502515126;-2.57682743608389;-3.05937651327949;-1.61312924691714;-1.80801681892953;-2.25159762570041;-1.95275163103721;-2.25821391294756;-2.40215258669543;-2.55443280648248;-2.51827625996527;-2.4975659290657;-2.36828082058222;-1.86924465572977;-2.45734717705951;-3.04814684683426;-2.6782683853068
1100;-2.90069304217344;-2.76184166030948;-2.30300144073374;-2.38747989962782;-2.649201848694;-1.88105617332765;-2.72038516553545;-2.7862044403254;-1.89672700630267;-3.26504849807742;-1.89461652510604;-2.76861144104232;-2.53746654586852;-1.80579343876335;-2.58439535457776;-3.09136021400015;-1.5671802073995;-1.76445683745532;-2.25798643089232;-1.98036623921855;-2.2520326925483;-2.40405423089747;-2.58444532181502;-2.5308359795621;-2.48429122515395;-2.41536634262111;-1.84034061100838;-2.4462192046875;-3.03971439860143;-2.71999319490043
1125;-2.9131122161839;-2.75790688389574;-2.30460898303133;-2.41246177042816;-2.66164879224324;-1.86638671434021;-2.70868620997874;-2.77556654377709;-1.89585478053734;-3.26929317812997;-1.86690812954527;-2.75895498197616;-2.54446924924344;-1.836461711063;-2.6004260498418;-3.08012293539051;-1.54571022649345;-1.80150023987315;-2.20710620878715;-2.00219281173508;-2.25975584361022;-2.42122578157897;-2.57462110497714;-2.50151496154074;-2.50115030039475;-2.42001705928003;-1.82564082532347;-2.43908152642986;-3.06125256998291;-2.71654941370756
1150;-2.94622613998854;-2.74281942903066;-2.3213352544546;-2.43192934226498;-2.68683091245091;-1.88729197422194;-2.7142361531703;-2.79925020906954;-1.90624666099374;-3.28558003818671;-1.88727850700273;-2.7627297570504;-2.59572157457526;-1.85027718621767;-2.60594476390989;-3.02557370410025;-1.51812704129844;-1.81355823778571;-2.22464255164086;-1.97490562427281;-2.26593037592415;-2.41463357340746;-2.56415228206028;-2.5091510901046;-2.49151711277328;-2.41914490058991;-1.81992457205498;-2.45489490443508;-3.08902152310683;-2.73920491321856
1175;-2.94981400272726;-2.74529654528339;-2.34062089170562;-2.43254252945975;-2.68043380384689;-1.8891576818573;-2.72406054709877;-2.80349291535878;-1.90537131918703;-3.32066871481032;-1.88839857873087;-2.75003920462913;-2.61878915876827;-1.82043956134494;-2.61474987018839;-3.02112346097752;-1.54457904126409;-1.78688403974088;-2.20614133009945;-1.99231645366655;-2.3046577842648;-2.37516385301554;-2.58994756494228;-2.53052669702453;-2.49504757449245;-2.43126538797218;-1.84257379855476;-2.4822002366466;-3.10837769807374;-2.74962554416931
1200;-2.94401954595952;-2.75824632566693;-2.34714880043159;-2.43858323326189;-2.67307676554932;-1.88763354200595;-2.74008206718492;-2.7968907691554;-1.90573612999461;-3.30868551302028;-1.88768560379139;-2.7481752776495;-2.58798738103631;-1.81648666883099;-2.61385266508705;-3.06599918030313;-1.54971650791764;-1.80139380000889;-2.21291520398186;-1.99708606101941;-2.32516610075107;-2.40749380107624;-2.60994487337313;-2.5391477519552;-2.49840194704973;-2.45129967163759;-1.87793697067779;-2.46857998162721;-3.13221586989498;-2.74208349248917
1225;-2.96409100982079;-2.74111235045597;-2.34116613718345;-2.45746668840141;-2.6816291816148;-1.89881466721418;-2.74476479204172;-2.79329025077298;-1.91225092031477;-3.34396780559089;-1.87715406427526;-2.75697386982224;-2.566600279329;-1.82649859857914;-2.62090275677412;-3.07206595277498;-1.54529120756539;-1.8013331730878;-2.19060520946214;-1.99911498470094;-2.34293209431268;-2.42137776086785;-2.6094334468709;-2.5528746318622;-2.54030547107018;-2.46133615877465;-1.88858610692172;-2.45187222510503;-3.13220774297815;-2.73423167223136
1250;-2.97243824239396;-2.74447170269022;-2.34462083687011;-2.46774252213905;-2.65806882254307;-1.90159040605799;-2.77040842914182;-2.79076338008435;-1.91890913605407;-3.36812112674258;-1.88795225639276;-2.77226393273266;-2.59796436625479;-1.84034287985857;-2.62439205305168;-3.03821087075854;-1.52042607885635;-1.75633208077606;-2.15590469236535;-1.9762091792042;-2.36139168797976;-2.3870428948169;-2.63949568719662;-2.54853531884954;-2.54528549161215;-2.45294721025315;-1.83429145879885;-2.48597414530696;-3.12491933485806;-2.70570732208401
1275;-2.96207748552979;-2.75953682312036;-2.34650648510596;-2.46489998802925;-2.64928637376667;-1.91559420801257;-2.77561011344467;-2.78754283425438;-1.93091696279881;-3.37356107373065;-1.88075815462386;-2.73110093682753;-2.6141187671925;-1.86577383414904;-2.62412347949361;-3.0273503266728;-1.4706793878319;-1.71994372417123;-2.14066492275033;-1.9794842270493;-2.36918175554274;-2.3726289840566;-2.66781707059784;-2.55027778550782;-2.51617676197909;-2.42052135883719;-1.83540611542919;-2.49456576305494;-3.13439667188035;-2.67502893317356
1300;-2.97940647625008;-2.75284715692105;-2.32210039699995;-2.45977460210898;-2.65125815675362;-1.9199746166304;-2.79764891372668;-2.79641557012461;-1.91614236114215;-3.39983708598819;-1.87372319521805;-2.74086483391903;-2.62477732856536;-1.86272108987561;-2.64545122023604;-3.04540845505741;-1.43628549215455;-1.69193400738881;-2.14044607999639;-2.01907552930543;-2.38478531340596;-2.36546549733828;-2.69171203383548;-2.55977768628698;-2.52085404880507;-2.40612447304;-1.84526963954316;-2.47697604308553;-3.16355174160571;-2.73207204527834
1325;-2.98920437767497;-2.77020038418658;-2.30953814690798;-2.46750764105142;-2.64600299435007;-1.93496270223481;-2.82888006825934;-2.80462173773587;-1.91218697664672;-3.41136205811397;-1.84227752634603;-2.74448122288471;-2.61483295399116;-1.829727109788;-2.65066079365546;-3.00824279633463;-1.4358672373254;-1.70316499201554;-2.12415103815674;-2.00323320610682;-2.41205130598139;-2.35666121798484;-2.67909284272007;-2.55854885051373;-2.52941827554311;-2.43773717771163;-1.86027862273948;-2.46852381685811;-3.17483715602635;-2.72281413311076
1350;-3.01900449970744;-2.78527260953047;-2.32840889901863;-2.48244120950223;-2.62966198150397;-1.9445671516742;-2.8261371451258;-2.81652738160139;-1.91578078087707;-3.4368196276887;-1.83526318816754;-2.72689192489927;-2.61999593168922;-1.82451913121975;-2.61599156867068;-3.00365370023752;-1.43483336648585;-1.71323463134906;-2.10500071152799;-1.98597886667604;-2.42436027667965;-2.3271133022893;-2.67227171150611;-2.5445679947961;-2.54677133571828;-2.45697719006952;-1.85395904970052;-2.47621620379941;-3.14814540581479;-2.72074367597441
1375;-3.0104043811225;-2.80158624855368;-2.31221226182313;-2.48862751697191;-2.62927176989212;-1.94448549549587;-2.81108720024595;-2.82150027368658;-1.93838652879477;-3.46158081083565;-1.86141320796651;-2.7243702161797;-2.63321561641309;-1.86409405999271;-2.63352520160332;-3.00052068388234;-1.41036166881724;-1.66651351320791;-2.12189920429299;-2.01693909931489;-2.42945671028544;-2.31907170926998;-2.68758350144987;-2.54882577483501;-2.54087434395699;-2.43797933476156;-1.82024661397758;-2.46143990032605;-3.14902939598033;-2.74263661948638
1400;-2.98435514819113;-2.80253951221286;-2.34598417046897;-2.50324887421003;-2.63564187619107;-1.95932119498075;-2.80286152034859;-2.80303372992368;-1.93005028156728;-3.46220146833903;-1.86111013632223;-2.715684828171;-2.64816224465965;-1.85987553997324;-2.64802808625838;-2.95695436548758;-1.37981823544833;-1.66822840292503;-2.12466705928171;-2.01015885231668;-2.44356035260688;-2.31348556693436;-2.70675553353376;-2.55031533030386;-2.5275860442266;-2.42786015709929;-1.81216792680336;-2.46463280952659;-3.16568643370511;-2.72398173228008
1425;-2.97911997445259;-2.7985748406671;-2.35831997029479;-2.50758401026257;-2.61783456319177;-1.95187422843726;-2.79617341904694;-2.81296450306641;-1.91035868834604;-3.45011911719214;-1.86419488821943;-2.67961913048462;-2.61224414757393;-1.81110075926832;-2.62219508742706;-2.96216182781593;-1.36796122961682;-1.63705316873002;-2.13494832198341;-1.99444829820826;-2.44828322852396;-2.30976066171617;-2.69231219346512;-2.52719072935393;-2.54626022065877;-2.43534417305827;-1.81211525286018;-2.46526774221073;-3.14051042009278;-2.72504676226333
1450;-2.97640246128138;-2.79724011748114;-2.33724578005801;-2.49023261669818;-2.58637252190876;-1.94787073516732;-2.80331241779833;-2.80675689059644;-1.92996648522591;-3.47021818272119;-1.86129763880509;-2.65995724591223;-2.59484948156012;-1.80708241476374;-2.63273235909198;-2.9856159801437;-1.30197474889061;-1.60728704481131;-2.11488731655681;-2.01178787444722;-2.45059359862772;-2.27648271217508;-2.69764193435492;-2.51589683998192;-2.56394590031297;-2.43352441248221;-1.81252461047264;-2.44656760947623;-3.13637290826691;-2.71838074775295
1475;-2.97060857066223;-2.81294911879599;-2.34743420898361;-2.49371671160918;-2.56513384877259;-1.95115312365112;-2.82375977218656;-2.80541390430819;-1.94031963929337;-3.48854297183145;-1.8619520776563;-2.65142275476405;-2.63217352567432;-1.80384376535649;-2.66851744091928;-2.97678600691935;-1.26414863192608;-1.58855101550533;-2.10366447866171;-2.0370067336385;-2.4620401061058;-2.24506766294002;-2.69678968216543;-2.5248067150862;-2.56364605049656;-2.4504963404567;-1.80817337637788;-2.46766909025903;-3.16799239287263;-2.70972143718843
1500;-2.99931183260049;-2.83012781883201;-2.3436513168681;-2.50133191802135;-2.54929860330151;-1.95146231938989;-2.81895488667198;-2.79527494611502;-1.95562274249543;-3.51291357331029;-1.86431769105705;-2.6418364799857;-2.65006867315329;-1.85105065700404;-2.65240091158141;-2.96381935185749;-1.31420192350869;-1.53943606891254;-2.09508511137812;-2.04558839279236;-2.49216829952296;-2.22606815247129;-2.68241594905002;-2.54059154240184;-2.58194162066748;-2.45878578648496;-1.84487239204259;-2.45116488198395;-3.18902444054881;-2.68931906960244
1525;-2.98420164237931;-2.85245392686944;-2.35199245129287;-2.50799622899352;-2.53622495608445;-1.94894279457169;-2.83242994729387;-2.80317329888218;-1.95794448699323;-3.52835714748741;-1.84780399769389;-2.60394780600101;-2.6343259627232;-1.84712289670242;-2.63859471961725;-2.96217712356548;-1.31223718836061;-1.56418327272316;-2.08995960881937;-2.00558087911089;-2.50449766637916;-2.23050825714398;-2.64329408976591;-2.52976464917416;-2.59691107564399;-2.45314028326034;-1.84473172106264;-2.44425004510847;-3.19043977487784;-2.67453573584434
1550;-2.97954913768979;-2.84186131463576;-2.35095627548707;-2.4973992761669;-2.51826258716361;-1.94012163818725;-2.85409268944683;-2.80523755803513;-1.93957526173077;-3.49764481194734;-1.86230434924545;-2.59820972198694;-2.58831101224141;-1.80834885078921;-2.64962022724659;-2.90473999205043;-1.25777513479029;-1.56624178511575;-2.07784968290544;-1.9933828451801;-2.50005918968197;-2.21980161717943;-2.6495134763461;-2.53328532260372;-2.58591972784748;-2.45344502261252;-1.81434929697854;-2.46057351187981;-3.18904452878848;-2.69381183732788
1575;-2.97334710085962;-2.85542046683385;-2.33228648554282;-2.50062892582536;-2.51505043444609;-1.9437252972666;-2.83935596350564;-2.80613763835077;-1.92451718911057;-3.49734688478916;-1.84522209175125;-2.62249868299859;-2.57944022595393;-1.78696371467798;-2.6618591682871;-2.89139998587354;-1.23534919320172;-1.50342842659932;-2.06574969948823;-2.02661697037577;-2.49222889679783;-2.18757027210054;-2.64702752430806;-2.54707551326857;-2.59102695474209;-2.44323403704928;-1.83114512166067;-2.43957680215876;-3.22515398729868;-2.66861863529114
1600;-2.95316952023312;-2.86304165064553;-2.32300574362197;-2.49515075122076;-2.52103590323293;-1.94702022063128;-2.83938560036438;-2.7823163502531;-1.92317416586479;-3.5254372374521;-1.84159816994313;-2.60162223176772;-2.58165818934796;-1.78402015315291;-2.67429023333365;-2.93316850432544;-1.19688540033694;-1.51535425592217;-2.05983280684181;-2.05093394807032;-2.48830592052006;-2.19266367800713;-2.61309872878002;-2.52711650527536;-2.60276982086668;-2.4467200017101;-1.82938166792106;-2.4285311334429;-3.19952142652063;-2.65812552247003
1625;-2.94547063071749;-2.88685808030398;-2.35408296049593;-2.47830537503241;-2.52445055154906;-1.94297362350694;-2.85225062022527;-2.78889944616323;-1.93979091232382;-3.49818031248475;-1.84397627866272;-2.58950224775932;-2.61096445531662;-1.78630372147956;-2.65173353578936;-2.92576841544227;-1.20670189163897;-1.51374092951043;-2.08184932057336;-2.04360446978513;-2.49163121720409;-2.19750962659457;-2.60441820304105;-2.50761665476655;-2.61687813146002;-2.45146784356043;-1.80786909046516;-2.4749058528639;-3.16939216376431;-2.66443092813176
1650;-2.96669396754251;-2.91514111580236;-2.36590707211848;-2.47796112308277;-2.52278678772832;-1.92765759567374;-2.86090015159219;-2.80450789947604;-1.94046717043446;-3.48199415122211;-1.83483812257483;-2.58893859387571;-2.61877397660902;-1.7407021722303;-2.64985113009007;-2.92819990881654;-1.17482952471265;-1.48336035469329;-2.0837736434157;-2.04145203398368;-2.50207279796779;-2.18718355923938;-2.60845886188746;-2.51514500234628;-2.59954178003003;-2.42758979117334;-1.81972069944511;-2.46746546880474;-3.14829532771624;-2.67760731441247
1675;-2.97381198388316;-2.91704225405484;-2.33462716209737;-2.4815462903588;-2.51355226250383;-1.9262463152255;-2.86126543957258;-2.78973109128601;-1.92108864555064;-3.44649810334925;-1.85131634757815;-2.6135190687424;-2.58767974804725;-1.74444051572696;-2.6429615519227;-2.93443121114853;-1.19478771707314;-1.48314913636324;-2.05666046591187;-2.0640663684772;-2.51213618459241;-2.16085338878549;-2.59061308447563;-2.5191529036786;-2.59744935664394;-2.44671338450531;-1.83421405809633;-2.45390502905676;-3.18524194660357;-2.69976048187958
1700;-2.96190535411201;-2.91994934951645;-2.36539402904123;-2.48864493283636;-2.50093694665102;-1.92995358042009;-2.85022000566054;-2.78257942583727;-1.90563532275219;-3.45952247155154;-1.85343698146069;-2.62712874549801;-2.54599394538422;-1.71452634809514;-2.64945446837429;-2.93778028589238;-1.19286473916744;-1.47617494017279;-2.03735596005097;-2.065604602122;-2.50528486331069;-2.15574780323505;-2.54108390265996;-2.5149083858559;-2.61250071043886;-2.46246974978948;-1.81758120143724;-2.45535799101593;-3.21946383511992;-2.7084349892182
1725;-2.94220756168146;-2.9284753158947;-2.34693598329006;-2.51161758752999;-2.50390786070788;-1.93423774184684;-2.84423497202647;-2.76815487443877;-1.90019165795533;-3.48591094023835;-1.82513155029974;-2.6217258985399;-2.49407622543082;-1.72186652243993;-2.64000413860745;-2.95683477126176;-1.14675203082719;-1.43138757808576;-2.04863861152393;-2.08063014229308;-2.49684003077993;-2.16902437903135;-2.52961349112991;-2.52055474410542;-2.58400571005731;-2.43533844059498;-1.81792692075298;-2.46859756769443;-3.19087054701519;-2.71256836878238
1750;-2.93307086592567;-2.92134574266605;-2.3343321941962;-2.48804649413885;-2.48289621073868;-1.94856615426572;-2.86863810491293;-2.77025821216;-1.90244192884503;-3.47184174877672;-1.81495398944182;-2.62742658392403;-2.49037074829829;-1.70768610168788;-2.62737532338999;-2.96442992405305;-1.12362781238675;-1.41230687606641;-2.04432421083576;-2.06744580933707;-2.47391759550811;-2.16448294773252;-2.52478837590767;-2.51376289046345;-2.5770750146614;-2.43836256050395;-1.82708796103252;-2.45584707703587;-3.19188121120253;-2.72566007437026
1775;-2.96073443920699;-2.91942894730599;-2.34391184585298;-2.47300809805681;-2.46001714636787;-1.93798486801476;-2.86005902275196;-2.7706151892477;-1.89132722574479;-3.46652505696855;-1.84856734144576;-2.62936683944327;-2.51062788748269;-1.70776122672127;-2.63434745314225;-2.92635084053062;-1.11622027994366;-1.41137912547364;-2.00892908625308;-2.03880267849101;-2.47222722004636;-2.12838512836767;-2.50679896575254;-2.52972412541328;-2.58508728156938;-2.44741424539635;-1.83092450232774;-2.46369874750306;-3.17350454164127;-2.73641747637893
1800;-2.96652268358883;-2.96280795744297;-2.33513426857184;-2.4707097807916;-2.48272698469199;-1.92761494841743;-2.86015931258208;-2.77476760048323;-1.87784275638719;-3.46553449928724;-1.84490821475601;-2.63773203362086;-2.51050742618837;-1.67669480674766;-2.62218100388359;-2.92784425117229;-1.12850187426061;-1.36919040017377;-2.0046711392413;-2.05630271388869;-2.48145661969822;-2.15280131468646;-2.48549857351926;-2.51045305482442;-2.57113467037983;-2.45864200052837;-1.86692534438259;-2.48215707865658;-3.14428601724647;-2.75204606185432
1825;-2.96138227649812;-2.98046648453266;-2.31874075026626;-2.47208906437798;-2.48174884083062;-1.8970571562793;-2.87446307938396;-2.76940230910471;-1.87819664427477;-3.43148270101895;-1.83540061853032;-2.63317677528145;-2.47923967940722;-1.6406164386603;-2.63108875515039;-2.93159005775771;-1.13160092712412;-1.36813063823575;-1.99534216408695;-2.07633665041024;-2.48378667387184;-2.15667831757774;-2.46058577305772;-2.5176517461341;-2.55226639204679;-2.4899117414678;-1.87056280768913;-2.49111583818397;-3.16626305574812;-2.7651865618466
1850;-2.96515994496444;-2.96214931934986;-2.30543820030436;-2.47002494777265;-2.44862529861167;-1.88680011801595;-2.86990140592329;-2.75002590156694;-1.87896859974484;-3.43388037708033;-1.84634908209405;-2.61025511604589;-2.46335460480055;-1.65160904600613;-2.60828852675407;-2.92158843150363;-1.11696634915903;-1.36350929209623;-1.9941761313021;-2.06311888205238;-2.43127252904492;-2.14798929359884;-2.48050272762157;-2.52203147481851;-2.5391784834142;-2.45862141298208;-1.85458330534546;-2.46348103783291;-3.20041803039781;-2.80690599477245
1875;-2.95562906453353;-2.94996343808264;-2.31922559885119;-2.4701013258021;-2.43366743211448;-1.9112109584457;-2.86879363052074;-2.76799614678188;-1.88408471299674;-3.41376594391254;-1.84436537132354;-2.63888536105839;-2.47347424969757;-1.64745520381989;-2.61013170662535;-2.90542057089991;-1.09207100580392;-1.35603510727487;-1.94338642921316;-2.06529848148353;-2.41984299498699;-2.17795802652067;-2.4911796265594;-2.52324498659946;-2.53868343347945;-2.41206587679888;-1.84371949799063;-2.46744353473812;-3.18376269136572;-2.79691854114224
1900;-2.9703929896956;-2.9588706430577;-2.31307190102661;-2.45479465422159;-2.42036960665199;-1.9040600313927;-2.85844715898511;-2.75880870949738;-1.88747499352455;-3.37286045961847;-1.80782878732953;-2.63090584817428;-2.46664962818227;-1.63900189104941;-2.63159017241314;-2.93967481788809;-1.1111673246445;-1.34368816012872;-1.93490859574396;-2.06101249884963;-2.41723271859225;-2.20213643234842;-2.49014271439965;-2.53978668932626;-2.52691543698985;-2.39694500210783;-1.87611048116201;-2.45179990311588;-3.19302496974997;-2.79366086291565
1925;-3.00127257141851;-2.97120152766668;-2.32159031606483;-2.46298364364819;-2.42399158559031;-1.88449899336847;-2.85823813270513;-2.76878574629334;-1.86382655325272;-3.3494581400037;-1.84071534638746;-2.61669450193155;-2.45737451402813;-1.6169426880014;-2.62093158796414;-2.96181751015771;-1.08624529142555;-1.32668545537077;-1.93631834542655;-2.07479679753479;-2.40805522446078;-2.21263047788439;-2.50169827874917;-2.55849666132751;-2.53398734675738;-2.43089764480952;-1.8802389042461;-2.459795459885;-3.21091421045064;-2.81756200618997
1950;-2.98215635738293;-2.96498222159416;-2.29972293874363;-2.46243512301904;-2.42604600320987;-1.89272485029377;-2.87008970404962;-2.74884817602492;-1.85095948869847;-3.34436844630777;-1.84019642708542;-2.60967520917606;-2.4253982596219;-1.61157497961505;-2.60490296205738;-2.933824632616;-1.05815629056853;-1.31787439815172;-1.91740908675975;-2.06197577928568;-2.39837372426668;-2.21089505377946;-2.51923624137354;-2.56102360840395;-2.51724710695068;-2.4188134299553;-1.88293576240219;-2.4816597644335;-3.23201760608316;-2.80437332372232
1975;-2.97759576349311;-2.97569845533738;-2.29529304853887;-2.45027675674202;-2.43045673710261;-1.8867241809459;-2.88860198488716;-2.74292418259326;-1.86641708672693;-3.36053761286176;-1.82905892830853;-2.64138043879214;-2.415562210915;-1.60267134917966;-2.59532615848322;-2.94446830693024;-1.0898122761101;-1.28965933620764;-1.90509937230052;-2.04513265132476;-2.34285701791873;-2.22608966186602;-2.52422071107489;-2.55814172062974;-2.5116205160185;-2.39008782278769;-1.85698388386561;-2.45819182047634;-3.21197117760883;-2.80832649357005
2000;-3.00093184826265;-2.97470195482159;-2.29180095313151;-2.47797406515331;-2.43882324672224;-1.90441855969458;-2.87588399999846;-2.73962375941717;-1.85795150123142;-3.35049607472839;-1.83873474846692;-2.64966611414256;-2.44812625483133;-1.59480760356054;-2.59228926749758;-2.95483394227742;-1.08879530205383;-1.28014553720286;-1.8700853940287;-2.05948696906133;-2.3241732338446;-2.2556093882334;-2.51816817896339;-2.5857332435227;-2.50516125745053;-2.39993507818327;-1.87241586839062;-2.45312647665542;-3.22041372773881;-2.82743790949797
2025;-2.98982383314774;-2.99321145013899;-2.28967052931308;-2.46369460841507;-2.39906552691576;-1.91397769352063;-2.89525166809068;-2.75067581528624;-1.86707938266913;-3.33253798302079;-1.8357239134323;-2.62033545969476;-2.42044400847932;-1.62537668890616;-2.610972784166;-2.95122158655596;-1.0557773837835;-1.28418210712041;-1.84911003856791;-2.05787918173142;-2.32997640647193;-2.26425937953829;-2.53381799117616;-2.58988134867383;-2.48227620966778;-2.37962747428997;-1.87795635059727;-2.4780719649269;-3.26112614305755;-2.83536620814685
2050;-2.98692731838917;-3.01206841890357;-2.26421687929203;-2.43601120536253;-2.38162492894342;-1.88170072669958;-2.89531635285692;-2.76471440767773;-1.88586604035598;-3.34949050687967;-1.81050471139693;-2.64493438834434;-2.43353780282999;-1.57790567421546;-2.60044955091871;-2.89181551640556;-1.05322810771958;-1.26012697335097;-1.82965024260514;-2.03655219806699;-2.30449630825366;-2.27783649924858;-2.55569707158291;-2.61117041650302;-2.46155991729362;-2.39538616081586;-1.87126061747999;-2.48106721356322;-3.24512543981983;-2.85201208347113
2075;-2.99725039451637;-3.00597965129256;-2.25964993751011;-2.42418051614848;-2.37731171797835;-1.87612570489589;-2.90154467349616;-2.7487869013195;-1.87883193712543;-3.35188741041865;-1.83280937379269;-2.65276594256154;-2.44393461992176;-1.55076160425387;-2.57542194983393;-2.83826864284152;-1.06241603250865;-1.25179113434184;-1.81435639722869;-2.02299883759268;-2.29894215827268;-2.29474774695372;-2.55800579765024;-2.60902817079662;-2.4720010213956;-2.42976991575956;-1.85260910463483;-2.4860777147508;-3.27120548866065;-2.83400541608024
2100;-2.99702268008866;-3.0057545722885;-2.27940672110293;-2.42742271338232;-2.36034323315569;-1.87351046220916;-2.89800349550732;-2.74129653512014;-1.87203798246701;-3.35058002261562;-1.84368925683747;-2.62366705363204;-2.40950718762099;-1.56711940536286;-2.58114628468575;-2.85359679024203;-1.02014941217936;-1.26496959395373;-1.79682117447211;-2.02476648099205;-2.28960888481402;-2.2689233717266;-2.55628263164726;-2.59899880241149;-2.43563867680061;-2.41512748303547;-1.83764327602389;-2.46640168727436;-3.28319084233673;-2.82877648917349
2125;-3.00782403156372;-2.989621334507;-2.24803199370296;-2.43668468251153;-2.34416109591065;-1.87838167876851;-2.89134761626644;-2.74804316397288;-1.86632434167458;-3.33859882860993;-1.80629274290738;-2.62251544710779;-2.41062675265772;-1.57276900319175;-2.59830374532397;-2.89712881637132;-1.02604320443798;-1.22692947811955;-1.7751050434286;-2.02620678755583;-2.25418697575722;-2.25955635903705;-2.5877040454764;-2.6358506356769;-2.42760149008669;-2.3898957768454;-1.82969165499819;-2.48702462842476;-3.26333256443856;-2.81479682476291
2150;-3.00743366250523;-2.99455913558277;-2.22320603237119;-2.41191590942489;-2.35331827071996;-1.86617517179572;-2.87872352994519;-2.73854061615553;-1.88754348726866;-3.28196391089112;-1.79615843297818;-2.62470934485804;-2.40272635759615;-1.56139129942267;-2.610644758065;-2.87833566750097;-1.02091270326295;-1.20229516829688;-1.73517980475078;-2.03062270221425;-2.25511002357581;-2.2640612882095;-2.58130264294855;-2.65372847744854;-2.42631630706321;-2.41892912916944;-1.84595497800431;-2.46712947944971;-3.24420472282561;-2.80594608302352
2175;-3.01001628813177;-3.01269582009193;-2.21738806718623;-2.41596872504505;-2.34433732959037;-1.8604879004069;-2.88113296256518;-2.74870608774938;-1.8886552209061;-3.29142031315441;-1.80477416237371;-2.62292210069499;-2.39462586682072;-1.51736214592225;-2.61632265864802;-2.82743122731976;-1.01289517757771;-1.22789560698835;-1.72445225025773;-2.02864700638866;-2.24535977317229;-2.24282459479219;-2.59176971956132;-2.63906051752497;-2.4487185385511;-2.42461282621733;-1.84652261573919;-2.45804369921449;-3.27878369894961;-2.85955849366726
2200;-3.01310484488151;-2.99464865332372;-2.20769715116679;-2.39803363867135;-2.32312617783582;-1.8509956140153;-2.8698629261741;-2.78104694995541;-1.87556479086441;-3.30083301447275;-1.80290318941404;-2.63437263347447;-2.3999085385855;-1.50453510411582;-2.62673330301402;-2.81904910911837;-0.987563322285568;-1.22726353080994;-1.71708173898385;-1.99849847081205;-2.22541331003431;-2.23887656854698;-2.57710002773554;-2.63190902267739;-2.42601211593055;-2.4056175884703;-1.83542732806019;-2.47540404234415;-3.27866371421675;-2.86687518519851
2225;-3.01544107359485;-3.0108765157863;-2.21309234445182;-2.38512933448159;-2.32107265985685;-1.84359824065594;-2.86957076431457;-2.76682168634435;-1.85926306705557;-3.28547688525915;-1.79046613356821;-2.61096402800323;-2.37988860800606;-1.51073594615913;-2.63475329471168;-2.83082060524171;-0.965351196946784;-1.22126123395596;-1.71385301646988;-2.01774617867536;-2.21680443907486;-2.2249419214808;-2.59781977527863;-2.63488604543795;-2.37946242583283;-2.41218630098158;-1.82601226542077;-2.48096067124148;-3.28307482412066;-2.82352929422626
2250;-2.99439862652838;-3.04303135484211;-2.19512224135529;-2.39436649298169;-2.30438261172748;-1.84855378378753;-2.87217071584109;-2.76701641303778;-1.85555014355655;-3.28529529558281;-1.78716741692741;-2.62979974333663;-2.3857155412863;-1.50357456772735;-2.62461100095643;-2.86041246616213;-0.966145836776209;-1.22275604540649;-1.69819610742912;-2.01436135974131;-2.20236892644552;-2.1983415676756;-2.59577230996245;-2.63498473809955;-2.38293671354184;-2.43078015316896;-1.84026448673349;-2.45579745314126;-3.2516149241738;-2.79041934013779
2275;-2.98975620932702;-3.01486551094562;-2.18561434347083;-2.40959325634199;-2.2744312939465;-1.84888486282286;-2.87245248255633;-2.74263649505843;-1.85559638640867;-3.27914649508169;-1.81179784598495;-2.62073311020497;-2.36915806016391;-1.48153535817105;-2.63078254261779;-2.86983804687384;-0.957217631295119;-1.2512889673028;-1.66124695463339;-2.00567877464154;-2.1832547820162;-2.19708496999646;-2.59227974179433;-2.65840170226896;-2.37718748990575;-2.41871956167405;-1.84445416018103;-2.45659640727725;-3.32478888872972;-2.80057364466817
2300;-3.01046883591679;-3.00782788850495;-2.21615145447048;-2.42311900103007;-2.24497004731574;-1.83312742918876;-2.87146783234344;-2.73143074468113;-1.84982666256278;-3.26388358600987;-1.81226418205659;-2.58739318799592;-2.3492319721015;-1.48306494496449;-2.62994308106592;-2.86938728136785;-0.979477102215125;-1.2713101607778;-1.68562536897937;-2.00517146258181;-2.17159205407365;-2.17098131725091;-2.60122365857857;-2.66607397197257;-2.37010226439676;-2.42047788597064;-1.81525654759673;-2.47286262427836;-3.3223766186284;-2.78958779598128
2325;-2.99261794826906;-3.02556064115748;-2.20770727712148;-2.41220755856014;-2.24038010366116;-1.8290173776501;-2.86619005620809;-2.74710740489267;-1.84953228939104;-3.22597771351859;-1.83789541537152;-2.5939790602412;-2.35696762731608;-1.44966220465528;-2.6042607648444;-2.86136476830475;-0.971999906105069;-1.24615585079959;-1.68641541188005;-1.97993422008127;-2.15727906717409;-2.14263609140274;-2.58468694098046;-2.67265241669796;-2.39216915821983;-2.41506588475997;-1.79625225434623;-2.47391408861424;-3.30910243107324;-2.78246707508508
2350;-2.97949925581666;-3.02340019095519;-2.20420890240629;-2.42677614121032;-2.22205364318577;-1.82880525264808;-2.84405195169733;-2.73625893849685;-1.82878907951718;-3.21517414588646;-1.8339328959992;-2.57207198713534;-2.34945191640759;-1.43647581484582;-2.60733149619664;-2.87530134767701;-0.960611674053269;-1.24823335740462;-1.67654682241735;-1.97133124197606;-2.15697942698989;-2.12353901164754;-2.5826770146951;-2.6730275708814;-2.35044822228029;-2.40063645768449;-1.81904557670654;-2.46265532220936;-3.32104817902897;-2.74633306607143
2375;-3.01343485020866;-3.02564183124565;-2.2153209390299;-2.42483469736407;-2.19976012309991;-1.81775326954853;-2.8392318805489;-2.69871150820011;-1.81700545703838;-3.24716013990255;-1.85873077192495;-2.54846603422522;-2.34453349916693;-1.44711504679989;-2.62336044533456;-2.87536074113505;-0.981498540402529;-1.26777487836164;-1.69001240959102;-1.9850088867739;-2.16223050470353;-2.11729103345103;-2.58873129810598;-2.6828059173702;-2.33640267968433;-2.42149968021869;-1.80867671099089;-2.47238215584832;-3.33487601984906;-2.74256601293268
2400;-3.00533438544408;-3.02364094628757;-2.23624005960958;-2.39903779388226;-2.18816537814103;-1.79641837575661;-2.84309282935944;-2.6935420984795;-1.80413135766408;-3.1928493575265;-1.85295761047544;-2.5713778524313;-2.365760475603;-1.42365439507149;-2.60685582601679;-2.88617271331435;-0.965388459313761;-1.25884396667026;-1.69385305437422;-2.00271919430812;-2.16262979788598;-2.09996398886967;-2.56892779110942;-2.65969012704798;-2.32097827291384;-2.41950492328938;-1.77867303335285;-2.46505769528823;-3.2985836162625;-2.73824108359583
2425;-2.99259093978903;-3.00048512750055;-2.23495512326289;-2.40744259520488;-2.17988546723183;-1.80037027418137;-2.81847382174241;-2.69035953337479;-1.7937494773844;-3.18272934433968;-1.83535683110913;-2.55520428719852;-2.37343310289834;-1.42989075991749;-2.61073691417218;-2.85034202446311;-0.983106387389167;-1.26868596280908;-1.72853430812179;-1.9960129960327;-2.16250013775602;-2.06096027429337;-2.57800973774556;-2.65216966056501;-2.30339695384473;-2.36803012766121;-1.76059268930156;-2.45019334722868;-3.29620603163112;-2.70803036213593
2450;-2.98846897634819;-2.99267770999124;-2.24318515805393;-2.43063040459866;-2.14653822308293;-1.78962150461033;-2.80048010630698;-2.68704224276013;-1.78932552861808;-3.19698492816409;-1.84110216068932;-2.55971298380958;-2.3456344456525;-1.42553931664737;-2.60390222469345;-2.84265797528889;-0.993381791810832;-1.24451791571787;-1.72615680010312;-1.96347238602509;-2.15701448139483;-2.06134672447675;-2.56196388691766;-2.67982389706699;-2.33023730373318;-2.416064274933;-1.78455844869533;-2.45001971164778;-3.31473273638246;-2.71621608533121
2475;-2.99362069420448;-2.99125076118648;-2.24434147673296;-2.42708634060133;-2.15144351181031;-1.78259541996027;-2.7939860533793;-2.67388410187423;-1.78252073185754;-3.16511614852961;-1.85318694179431;-2.56632013935106;-2.32186538693747;-1.40092921661579;-2.57526380158677;-2.8546767954844;-0.973857024024948;-1.22190664748791;-1.7084662530143;-1.95564256646728;-2.15895199412528;-2.05957308748772;-2.54249525940323;-2.67233264350242;-2.31941947746682;-2.4376873979932;-1.75683005549871;-2.44444480380173;-3.27330653371779;-2.71478778523496
2500;-2.99417317864297;-2.98908066034441;-2.27573565063349;-2.42825539709455;-2.15096685432614;-1.77308824918392;-2.78494270287041;-2.6847117729065;-1.77421461190201;-3.14873750812386;-1.84916781367709;-2.54186322589955;-2.33025316604853;-1.39820217348914;-2.59479872656965;-2.87607874261662;-0.96636529080405;-1.24162502222854;-1.73043996359897;-1.93485851065652;-2.17752662217512;-2.02078401825044;-2.53069992686763;-2.6396818012891;-2.2731895734178;-2.41010353562111;-1.73958601400194;-2.45435532095414;-3.24946839475593;-2.66433858542642
2525;-2.9996864375103;-2.97803379843879;-2.28661420625807;-2.44287925512051;-2.13670752194508;-1.75955853560376;-2.7950239123752;-2.68493853118656;-1.74236456304984;-3.12871568386304;-1.82829752101809;-2.53459671926357;-2.36153825166391;-1.38771896988122;-2.59278434271263;-2.86139938369417;-0.947715411188093;-1.24860991492087;-1.74979745130013;-1.90390840378099;-2.19149717316751;-2.01533192728581;-2.53461959223466;-2.65043651119595;-2.27203822267783;-2.38872931212043;-1.75868325945488;-2.44580453359151;-3.24521447957098;-2.6503081480824
2550;-3.00030023127889;-2.96166746014817;-2.29476551150262;-2.44565321189018;-2.12175818873229;-1.74966393906176;-2.79091089337721;-2.65776097632989;-1.72220809559911;-3.12831649041994;-1.82796360225627;-2.54215152013908;-2.37956534989411;-1.38729974666636;-2.57196088687324;-2.88493812911419;-0.978458178599765;-1.20772721897777;-1.74066913549127;-1.88480959977234;-2.18529607792129;-2.01295037307031;-2.53645926061398;-2.65336956458503;-2.27229435823706;-2.39069590179861;-1.75108812258392;-2.43498509480907;-3.22889735003434;-2.6132711489909
2575;-3.00439531061785;-2.96173790229021;-2.31255740351141;-2.43463163372344;-2.122237604429;-1.73970471929494;-2.79542771517684;-2.65103295372817;-1.71500445260862;-3.11232256657906;-1.84968533545026;-2.53152384059333;-2.36469317880309;-1.4257316561916;-2.54930545149605;-2.90146432976324;-0.973705174416556;-1.20651538823061;-1.75850836532396;-1.86773733743427;-2.20701698348183;-2.02048542783608;-2.52292080506118;-2.64361901737501;-2.29695598940997;-2.41270090100821;-1.74711911025125;-2.4366028537251;-3.25880014554621;-2.62862154895075
2600;-3.02167900807622;-2.9546720690487;-2.29212625839666;-2.46614052754173;-2.11983892876342;-1.74467333133118;-2.78449258461027;-2.65006178291359;-1.70272032192346;-3.10848524944891;-1.84870984890926;-2.53544571212287;-2.34395383887154;-1.44425782923409;-2.53619041072352;-2.87300007608326;-0.923506049420268;-1.19036458109084;-1.79725140252844;-1.86339756323297;-2.22215113240229;-2.0171115662811;-2.49898516658764;-2.67056936903609;-2.29061957697091;-2.40515716922756;-1.73562160292876;-2.41718617960798;-3.255788132864;-2.62668530892547
2625;-3.00941729221522;-2.94912384492419;-2.27128635103922;-2.46247148361054;-2.12120175280397;-1.74540952820916;-2.75167331265488;-2.64743150962497;-1.69285895082861;-3.09874800403644;-1.82598758014788;-2.54052721377812;-2.31098583579412;-1.43216177522225;-2.53777194794034;-2.87173396304448;-0.912482840559455;-1.16355759403803;-1.79748396535549;-1.8412406648015;-2.22844441930631;-1.99222284251037;-2.49748968700347;-2.672856796538;-2.32846997758729;-2.41485407109264;-1.72621004406163;-2.41676771953647;-3.21564195144404;-2.60766866273587
2650;-3.00768000530715;-2.97040812468525;-2.26663344723969;-2.44631662645159;-2.11432749453363;-1.74514396676198;-2.738075584799;-2.65593341446781;-1.656749316925;-3.05927318081756;-1.82287047565791;-2.52990913215754;-2.32698560579166;-1.42203310845264;-2.52592843562855;-2.85620354354829;-0.929027989688781;-1.16467457516161;-1.78407507624207;-1.82909898877356;-2.25093827622554;-1.95428766474887;-2.49578396889594;-2.63667520284253;-2.33774988682232;-2.3990023084231;-1.71391961410857;-2.42453237443916;-3.21376340877644;-2.61902721789647
2675;-3.02602759148483;-2.9804062409131;-2.26453936657144;-2.45786162581909;-2.12806420685552;-1.7440841264835;-2.74678340015856;-2.61604296967623;-1.65125544577494;-3.07235177923468;-1.81536927290817;-2.53961276916221;-2.32818035074489;-1.42154027372862;-2.51016165953618;-2.84559114937238;-0.888245695410037;-1.17325949892866;-1.82073166903636;-1.83836929299772;-2.24899071954262;-1.94994496097651;-2.47583075787657;-2.61806238551212;-2.31483489373599;-2.40072089699426;-1.7001929395728;-2.41947657165572;-3.22854259837127;-2.60889092639814
2700;-3.04000111700889;-2.94968625517259;-2.26766600706562;-2.45216333241569;-2.13595985994759;-1.74301200810557;-2.74478611438284;-2.62404773856073;-1.66476475840228;-3.09816413048181;-1.80506096582447;-2.58163374112103;-2.3024962225816;-1.41317950173723;-2.51678587899489;-2.84034362181704;-0.887196119162423;-1.17434331792734;-1.81261695089236;-1.82159920021889;-2.29598727823192;-1.93254835023779;-2.45229396901328;-2.61429919404192;-2.32330931487683;-2.40393772516809;-1.71472567403999;-2.41856216182531;-3.19031438879207;-2.58910668718306
2725;-3.03523650472939;-2.92788090983148;-2.25787917620896;-2.44707406600629;-2.12122552593601;-1.75690345217983;-2.7414363290753;-2.62220692222175;-1.66928535370489;-3.04131872673158;-1.80675935762849;-2.56352725782688;-2.25178733157147;-1.41959457758117;-2.48823141446864;-2.81512780326729;-0.880712838640337;-1.13777688161111;-1.79121946523161;-1.8034023936384;-2.31354837461121;-1.90962241032495;-2.45491505456516;-2.59012146968103;-2.32166609292045;-2.381274834105;-1.6887995064826;-2.42197835770371;-3.16402511921898;-2.59202627475594
2750;-3.036835402653;-2.92098047821314;-2.23900307099888;-2.44595833477015;-2.09981087486489;-1.76672716586798;-2.74118396751084;-2.60324949566786;-1.64859529342232;-3.00828298371348;-1.82176892368142;-2.53686938811923;-2.23434679435066;-1.40583980487366;-2.48581868162849;-2.76753478895352;-0.912315052654846;-1.09082285376588;-1.80607354886299;-1.82137266400764;-2.28821693253784;-1.91131097838687;-2.4396118007467;-2.57872594335962;-2.32402553630275;-2.35615563280672;-1.65740780097488;-2.41653573032067;-3.13438818832167;-2.58214075878268
2775;-3.0539435838033;-2.91024594906472;-2.24535614747309;-2.45750355498593;-2.11075800113622;-1.7716695949301;-2.74038093246219;-2.59012590396659;-1.61283601800115;-3.04273564075955;-1.81785202928809;-2.53956235109765;-2.25855439034973;-1.39032527412225;-2.4795716509379;-2.80929251814295;-0.909929097604598;-1.09870240754629;-1.86724685331955;-1.80312809977653;-2.30775527908424;-1.89244798338381;-2.42164722285788;-2.5859612268594;-2.31219850393361;-2.37805986938093;-1.66673370332437;-2.41586792948021;-3.15162307812557;-2.59559657197877
2800;-3.0708810646394;-2.89336567912262;-2.24267513092699;-2.46669736350848;-2.12974192562922;-1.77796015349255;-2.73904796439897;-2.57181932816835;-1.60732004461212;-3.02206674217145;-1.79896327947589;-2.55179754280037;-2.24588590334636;-1.40592149150503;-2.45206150121268;-2.80549259266481;-0.892416106350859;-1.10428423503785;-1.85150931996273;-1.79312594597492;-2.3426904913041;-1.89711321570094;-2.41621137108569;-2.56477337931547;-2.30667882076138;-2.33276662590677;-1.66526227539333;-2.41586803927729;-3.14812664627873;-2.57666517810132
2825;-3.07661706529017;-2.89017569125156;-2.2513831654428;-2.44895005993834;-2.11372690228463;-1.78113664465566;-2.71279989256493;-2.57231779014049;-1.60951363482367;-3.00469301790981;-1.81425279631917;-2.56871486835224;-2.23047303069881;-1.40868739160844;-2.44931342651455;-2.76508894826209;-0.84385176914184;-1.06971333736414;-1.83078810161635;-1.80162482202928;-2.34256586864138;-1.91227134231977;-2.37490416192894;-2.550735641792;-2.30302671923926;-2.34435355847101;-1.67942117236834;-2.40801591179571;-3.13346601489438;-2.59549468068707
2850;-3.0694151763966;-2.88725514686961;-2.24438227821227;-2.44598930732139;-2.11893473569968;-1.77498785455273;-2.71091642293;-2.55797781216356;-1.60667554620684;-3.02157663694577;-1.81897108203489;-2.55975589352127;-2.209377382993;-1.40901618768659;-2.45118723639947;-2.79706983028915;-0.836608641264746;-1.10896482332644;-1.86249339152222;-1.78002492503162;-2.3456911927802;-1.9277390259176;-2.36086213806921;-2.54498535830695;-2.29364636466001;-2.29786801180388;-1.71213722570795;-2.38414026382949;-3.13075844852938;-2.56040281597198
2875;-3.09547452715471;-2.89736330436336;-2.23208263423426;-2.45620935999406;-2.13067785881737;-1.77878224898434;-2.7190685214297;-2.540725607896;-1.6022464766062;-3.03443783986889;-1.8157164514773;-2.58181552099628;-2.17703254332163;-1.41897211631659;-2.44872309752067;-2.80135059591353;-0.808390240865477;-1.07200469790988;-1.87539626361363;-1.77569347273896;-2.35372717805204;-1.93602444522073;-2.3697059100693;-2.56058613981833;-2.34002008954955;-2.28061958715994;-1.69906507782902;-2.36255225662016;-3.10460300761529;-2.5265529492376
2900;-3.10924912271899;-2.90734165815059;-2.25114677153425;-2.44844484834491;-2.11550920883095;-1.7732395207921;-2.7345658714087;-2.54097550024297;-1.59757671129662;-3.04120215955651;-1.80835398526776;-2.60235011502288;-2.19641732011886;-1.38846808641014;-2.42824503895638;-2.82638383207233;-0.81034239671204;-1.04060497737225;-1.83179309952021;-1.81894830953945;-2.35352805369821;-1.93564914712393;-2.36937052867547;-2.57130941809982;-2.34474017655536;-2.29466856699938;-1.70330044381799;-2.37010933236384;-3.10675080461077;-2.50415869198908
2925;-3.09589280445348;-2.89205254303821;-2.23398744764105;-2.45939631051069;-2.12978946075825;-1.78725844715142;-2.7094052140499;-2.54198100670041;-1.62052750182064;-3.04952838558255;-1.83587080539091;-2.59573378347376;-2.14997752659144;-1.37652517665378;-2.4277886085975;-2.80381032856199;-0.785849462153144;-1.04222026357001;-1.81623177604565;-1.81899259243209;-2.36420503575668;-1.94799202619212;-2.36911975564942;-2.56249696378164;-2.33734853271882;-2.31251033888739;-1.73120401358768;-2.3569364317749;-3.13016607660631;-2.4966551549722
2950;-3.08845179182628;-2.89118241116717;-2.19509324445131;-2.44859150711595;-2.13163288198877;-1.79811981360998;-2.6960683984796;-2.56263878421218;-1.62273401740199;-3.08184994203084;-1.80676982460053;-2.57586452306719;-2.15746280633272;-1.3834031649381;-2.41326663169995;-2.79325818733402;-0.784270733168509;-1.05508828764795;-1.82519550899948;-1.80419475364859;-2.37802001326608;-1.95557041746016;-2.3753571130676;-2.57602717016397;-2.33549494538917;-2.30835496239297;-1.71747523631321;-2.36292204765221;-3.12985231013737;-2.52024862659087
2975;-3.09963389854131;-2.88899305844174;-2.19995139687513;-2.4374836934255;-2.1093608796518;-1.78745611460362;-2.71352257197161;-2.56617216643244;-1.60763415820399;-3.09409942171726;-1.81241492139837;-2.55560399197972;-2.13809426120415;-1.38775005285514;-2.37599206922594;-2.80442714357463;-0.789192119976007;-1.03523632614672;-1.83096710794814;-1.77776054612883;-2.38577095396669;-1.96733963301273;-2.36319872998642;-2.56744193610118;-2.32806329446695;-2.25780615047992;-1.70864162468259;-2.37560706891289;-3.10663037560387;-2.50756042148808
3000;-3.09262016668053;-2.89988745440258;-2.20867192181058;-2.4508990276569;-2.09647616017071;-1.8081915881945;-2.69687709550742;-2.58107381616956;-1.61491915620111;-3.09987948691352;-1.83205774551941;-2.57247140412543;-2.08536678623422;-1.36324106464945;-2.37419470921031;-2.8172218099291;-0.779933131836081;-1.04958986484404;-1.82043437386796;-1.7994741618552;-2.3900658488322;-1.98656792915856;-2.35501445295154;-2.56365254241884;-2.33000595792247;-2.28237272646632;-1.71104336856013;-2.3646559105759;-3.0761911037911;-2.50233179716242
3025;-3.11144055590652;-2.90805338735421;-2.17735302674128;-2.41930016188357;-2.08253892183867;-1.81658508284926;-2.67807141298955;-2.58111535124626;-1.60768244970699;-3.0997723895422;-1.81927639331873;-2.5794139799731;-2.09883096173208;-1.35376251245221;-2.36147164684071;-2.78114663390548;-0.73190246224346;-1.06146484705678;-1.790367332916;-1.80180476460233;-2.37566612256629;-1.97402433339047;-2.35564660541415;-2.54870202283442;-2.34076376527415;-2.28233637582934;-1.69321351203104;-2.38045559028064;-3.08460839637428;-2.51938381932635
3050;-3.09608205022841;-2.91160878749271;-2.17792957981378;-2.40097992632171;-2.09099539250537;-1.80706190965645;-2.6704940234743;-2.59541359189216;-1.60915649469899;-3.10256125868526;-1.81478917741382;-2.58410897085879;-2.11916849629459;-1.33928305757398;-2.37625675296708;-2.77130632688096;-0.7373109701771;-1.06492240708085;-1.7758770972613;-1.77487648860033;-2.36736298387746;-1.97578986290446;-2.36294513025959;-2.53361711981473;-2.3355339675636;-2.26161321652541;-1.69459305843288;-2.40902402149321;-3.11227855779852;-2.51364154421148
3075;-3.09740905496086;-2.91880394449477;-2.17552137748003;-2.41773186201987;-2.07901021214253;-1.8047823992712;-2.66993963864548;-2.63148179102811;-1.59503859617375;-3.12072164641664;-1.834455911023;-2.59870558561094;-2.11719009992773;-1.33923630607696;-2.35104524445903;-2.77495659342454;-0.717219541432363;-1.05133974293621;-1.75837512418633;-1.77726573544723;-2.35175432857283;-1.98386757736302;-2.3778234489042;-2.55606339550855;-2.34204031602358;-2.26221081395061;-1.66911831054049;-2.40955193103546;-3.11253747028239;-2.50803949590657
3100;-3.11941331599221;-2.95002567246878;-2.13745172486976;-2.41858917755888;-2.06710259725659;-1.81412632613531;-2.67642178871283;-2.64399051726722;-1.59896684387986;-3.13164811034521;-1.81090725784522;-2.57609543303138;-2.08756411568183;-1.36645893021108;-2.34527077821076;-2.80858033741887;-0.707443316093417;-1.04111531005881;-1.72540695333721;-1.78064129532752;-2.36377793432303;-1.97797999147455;-2.3571875962138;-2.53726142907874;-2.32020718326026;-2.28185855549306;-1.65388032122939;-2.39439005451781;-3.09774184926706;-2.50668010276463
3125;-3.12333712876274;-2.946027505797;-2.13859041337507;-2.40456222321091;-2.06673469342059;-1.80629156216017;-2.67925444307623;-2.63755854158638;-1.58847944049581;-3.15478895500847;-1.78437850379869;-2.58942113124155;-2.06628268983882;-1.36384377371388;-2.35208863276135;-2.79800070785172;-0.71413748953936;-1.06696948170815;-1.6844972550413;-1.7805952414159;-2.38656436122291;-1.95767400708523;-2.36403299487288;-2.52092206994596;-2.30312430126533;-2.28067355471853;-1.68253639905594;-2.38434489237701;-3.11547806226291;-2.47883223147875
3150;-3.100391875113;-2.93544792034717;-2.13853395225769;-2.40673104848856;-2.06974008731849;-1.79512422053384;-2.68196703397313;-2.64112469819367;-1.60393614902583;-3.17620718135755;-1.79857444387255;-2.58664843117649;-2.05068856369485;-1.32911093832446;-2.33260822011764;-2.7556207859635;-0.708600920022125;-1.06678638200387;-1.67064435886822;-1.78766358808051;-2.38791897337522;-1.94791728078531;-2.37230901239886;-2.52107605428764;-2.30673607834246;-2.26027940780768;-1.68324983731785;-2.38348779902411;-3.11361146550064;-2.47476749542599
3175;-3.09686718554433;-2.9685739686287;-2.11820795040057;-2.4107304600167;-2.03934172987019;-1.78559160239764;-2.6958719685162;-2.65599809179671;-1.62398971763938;-3.21816019782599;-1.79217518434267;-2.57112447123154;-2.04267741151725;-1.32437452415561;-2.32474579438455;-2.78801597605658;-0.766374957796036;-1.03354922791613;-1.68350628853991;-1.77426891071625;-2.38490196677079;-1.94509382067403;-2.36227969802832;-2.52815540883556;-2.30030728435986;-2.25516789816376;-1.66805180652716;-2.39026548875492;-3.10230617042097;-2.51035879373094
3200;-3.09858850530641;-2.96040868844934;-2.11367233418201;-2.41593726903078;-2.04318837100988;-1.78143711915828;-2.67876822729131;-2.68638654553537;-1.60891003594796;-3.21351986023446;-1.76311899603113;-2.5925415440289;-2.04514240118929;-1.34270730733454;-2.31991171847076;-2.77736805686615;-0.763863931684974;-1.02312475911484;-1.67692166560501;-1.75153808187137;-2.36385606953145;-1.94348061272486;-2.35054280744877;-2.53650195553201;-2.27629913445064;-2.24845051290534;-1.66841632446187;-2.39726567685849;-3.09746351741715;-2.48609934602519
3225;-3.09536347805811;-2.96089350184086;-2.11028530538403;-2.40155387536252;-2.05990789365782;-1.77372455078947;-2.66894985278301;-2.70354208984161;-1.59601230959313;-3.21800641071706;-1.75197930071396;-2.5865967065486;-2.03989111212412;-1.3288151697288;-2.34766565581552;-2.75960233050335;-0.742443777996639;-1.05785191785708;-1.64448514419369;-1.74369084311315;-2.38077031834414;-1.92469980336777;-2.35570647493406;-2.55765539886053;-2.266536837033;-2.24869754794158;-1.64786263451534;-2.374911479985;-3.0871287762569;-2.4893683263201
3250;-3.09058353146155;-2.96746228668366;-2.11608060132833;-2.4070908250961;-2.06894204504679;-1.76307903824732;-2.68045352053147;-2.67517300971745;-1.57121199885098;-3.25720918700251;-1.75633881757368;-2.568211548899;-2.03897651115961;-1.3171868764913;-2.36408223696705;-2.78902448000118;-0.725606228803535;-1.06861517997523;-1.6483856203184;-1.74123049957057;-2.37914508707979;-1.91147121779413;-2.33904499574398;-2.53877929820669;-2.26551912856451;-2.23676450798244;-1.64085493200045;-2.36922916422352;-3.08439346815029;-2.49702644905272
3275;-3.07963520435924;-2.9611993136322;-2.1341657765862;-2.40500239573232;-2.08185116571525;-1.74408733011977;-2.68027909149469;-2.66137847359024;-1.57049150795513;-3.27801602648989;-1.75635564262366;-2.56853935285559;-2.04190841357474;-1.32332702111761;-2.36164670222134;-2.77033658273872;-0.704460079335482;-1.06091800128069;-1.62917189511858;-1.728173844109;-2.34341854841269;-1.88522659374367;-2.34141310152751;-2.50147419662526;-2.25520632750216;-2.22595792211006;-1.65678489137597;-2.37955685296501;-3.08134909680181;-2.49401203229032
3300;-3.08504713469689;-2.96002888472408;-2.12363776413018;-2.39201163394832;-2.08075326303006;-1.71898394428423;-2.66548915121125;-2.67405219059798;-1.59823700431752;-3.29611256996466;-1.7331735052071;-2.56681509363823;-2.03554437955283;-1.34531245275675;-2.35348165438386;-2.72672666166338;-0.697753872382368;-1.0749284547821;-1.60656625450478;-1.72845412344878;-2.33934127988437;-1.86174142068885;-2.32166186070291;-2.50887258617953;-2.24573236073965;-2.22639165432834;-1.65584834659811;-2.36803722643963;-3.08128283897549;-2.52342174790449
3325;-3.06262957319101;-2.96104789524992;-2.11480590495049;-2.4161911362228;-2.07317633880355;-1.7133027737741;-2.66444287322176;-2.66397309825793;-1.59964759316423;-3.33029354631062;-1.73046990847062;-2.55915089055833;-2.01830223903142;-1.32062306704035;-2.35472827523628;-2.71173289271448;-0.713746556698167;-1.0786932416553;-1.58964397756263;-1.71262251002467;-2.34011687632278;-1.86957251090096;-2.31717990382268;-2.52427860122825;-2.24206762674509;-2.24213303630247;-1.65121089720717;-2.38453309926965;-3.04859863082092;-2.51911256741761
3350;-3.04351471321305;-2.96746505713552;-2.12020097234673;-2.4099790326402;-2.07567651397077;-1.70351883093922;-2.65674004244439;-2.6604083808721;-1.59136895792017;-3.36576259996854;-1.70981122629714;-2.55251124618026;-2.02524561315482;-1.30419755788139;-2.36606187037477;-2.74156207480133;-0.754593887511897;-1.08042034506674;-1.57327940398653;-1.70618714132333;-2.30614013273056;-1.89298170072398;-2.32778852033004;-2.52033356527985;-2.23593768684488;-2.2351050864856;-1.66001699585204;-2.36602837452237;-3.00820659340661;-2.50550835466846
3375;-3.05238087084178;-2.96006697309652;-2.11636683908116;-2.36897168158937;-2.07304543509508;-1.68128352446611;-2.65053808602428;-2.67332884005869;-1.58925527217455;-3.38327482560979;-1.75622867391838;-2.59391533034032;-2.02330388037389;-1.31219315373474;-2.38095112881107;-2.75709903359111;-0.735382080689668;-1.10415791207953;-1.57562546363178;-1.71611262932072;-2.30746214497813;-1.88837298504719;-2.32742929176773;-2.52831081062337;-2.18920961755223;-2.22849563813662;-1.65669670165914;-2.37347149180302;-2.99691188602972;-2.52894295896634
3400;-3.06092044017732;-2.94694165969883;-2.13728882278855;-2.36976506004365;-2.08661732008118;-1.67333659921455;-2.65756960998029;-2.65946076625;-1.60645933870611;-3.39702083456035;-1.74439932853992;-2.59109847843655;-2.02709828267438;-1.27485022140459;-2.35256760174527;-2.76754362195921;-0.727413012777417;-1.07459206223774;-1.57373000293323;-1.71055198971811;-2.29819018360118;-1.86927809450507;-2.34511824999622;-2.5311020888245;-2.17993639734334;-2.20456387082762;-1.66742301397341;-2.39787270781399;-3.00328380163292;-2.53435283994973
3425;-3.04184044326609;-2.9337077123613;-2.13028644862952;-2.36909022002736;-2.09784294837313;-1.6587097354873;-2.6451015323454;-2.67048140930884;-1.6072116238673;-3.40932981052736;-1.72201632982067;-2.5755367064115;-2.0228869490995;-1.25696024415121;-2.34508929946807;-2.78503798861273;-0.739591161100871;-1.07376084844899;-1.56572344069412;-1.70520480343891;-2.26743790632206;-1.85917314720131;-2.36283450662464;-2.5549051552302;-2.1755984627764;-2.21192495968959;-1.65373293829166;-2.38280025507907;-2.98180763066218;-2.54665437330878
3450;-3.02977427903361;-2.91719530965439;-2.12919239731246;-2.37081478172169;-2.07838930316167;-1.65127668662382;-2.63611852968329;-2.67350165752415;-1.61079510446838;-3.41648707024329;-1.74031119954783;-2.58145899743648;-2.00282352192888;-1.26444389948679;-2.35713232963952;-2.73450055420748;-0.705570923130086;-1.06709229255071;-1.54675304537701;-1.6970791540924;-2.25738894943108;-1.87539390489748;-2.3563148658349;-2.56218925064172;-2.15968946562768;-2.19532558400404;-1.64474338312973;-2.38492483380383;-2.94365094111369;-2.57683649430951
3475;-3.04573604541654;-2.89587185289325;-2.14950577963792;-2.37555832792275;-2.08156397104696;-1.63454977882486;-2.64011752330353;-2.64994905988816;-1.63084575788747;-3.4536894385319;-1.74472239296511;-2.55353183864661;-2.00546506643238;-1.2483244286796;-2.37687025301433;-2.73509996210854;-0.70322557782137;-1.0589787760651;-1.53925562674311;-1.69140540237093;-2.25269858942201;-1.90718580568886;-2.35685281904126;-2.55362678524089;-2.1590783739563;-2.18688356734979;-1.63332596521912;-2.3903301276101;-2.98494902185392;-2.57281630014119
3500;-3.03044766382354;-2.88292058093829;-2.14958972171059;-2.37651490299931;-2.08140982477282;-1.62173036686407;-2.63372506186497;-2.64109399256075;-1.6330876789927;-3.45823047007772;-1.75231257022539;-2.53980655688201;-2.02475749238709;-1.23050346034186;-2.38989964132014;-2.76945993915361;-0.702062621535618;-1.07046643032758;-1.54997156389764;-1.68264186672979;-2.26006956802113;-1.9080078791777;-2.39392363863796;-2.56384611848825;-2.16664655716403;-2.20234673737712;-1.62277371404613;-2.39631824618337;-2.96440178176527;-2.5917932590381
3525;-3.03519442373069;-2.88176505698707;-2.15909921008171;-2.36884772163678;-2.08765538262788;-1.63965156263849;-2.62388258331007;-2.62444405329206;-1.60762571856974;-3.47330025555088;-1.71872071893058;-2.56130413068869;-2.02058492054998;-1.23638626548958;-2.36234550801917;-2.76929213138461;-0.685810996209096;-1.0856733057702;-1.55894239119741;-1.67444633194703;-2.23706205108429;-1.92847394554927;-2.41556550493067;-2.56295465323721;-2.14279863855082;-2.22009614567686;-1.6281692137587;-2.41357314410033;-2.94910060576357;-2.60862988689402
3550;-3.02104841794206;-2.87185841786773;-2.1457869254484;-2.36944679415142;-2.08957441161557;-1.61711358954211;-2.63033696142087;-2.62240241350837;-1.63384133469885;-3.48963590653559;-1.72739775475319;-2.57990246527425;-2.00987012625122;-1.20166451195552;-2.35694830463305;-2.79371484846729;-0.672351774271358;-1.04577942965253;-1.53044276296666;-1.68951841915254;-2.20714880329542;-1.91801883199783;-2.41495390282202;-2.5572608190602;-2.12402013216109;-2.22439212178194;-1.64160141930647;-2.40456916399807;-2.96028436297695;-2.61454592317555
3575;-3.01351439511714;-2.87327014116301;-2.13838767308477;-2.38092010781735;-2.08217765244994;-1.60680752616236;-2.63208517731296;-2.62263686416227;-1.63815661784046;-3.48169735214926;-1.73385938755751;-2.58984363027368;-2.00854334093364;-1.20808954980586;-2.37257656091037;-2.79665936619042;-0.67896962029633;-1.06113356139181;-1.5360522117834;-1.69694577771613;-2.20950102001588;-1.91775625898958;-2.45287105865024;-2.56437912828783;-2.14139551302735;-2.19203220424565;-1.62680985265617;-2.40911954004865;-2.91954021436597;-2.63319488385765
3600;-3.00539989978896;-2.87111836792091;-2.13895371389893;-2.35868698985614;-2.08203260500362;-1.59482414292726;-2.61615984595487;-2.60953886831874;-1.64825039556207;-3.48447874794289;-1.73909124408685;-2.5753224043484;-1.96747599820383;-1.20544539640757;-2.34623311927503;-2.80484983892769;-0.634830499312768;-1.05583083427728;-1.56313686963926;-1.70235324148345;-2.20896396128222;-1.94381014851534;-2.46910891495572;-2.56712481902456;-2.15307207489208;-2.17243346993312;-1.62652554743816;-2.42864439479807;-2.92673714869047;-2.64493579686505
3625;-3.01571865412892;-2.86971495534528;-2.14022542073117;-2.36737990659447;-2.08696740809453;-1.61132956857689;-2.61103971569945;-2.61679650137763;-1.66406978527025;-3.52798036571568;-1.69524538440458;-2.53494109178241;-1.97945426053387;-1.16130434068014;-2.36177701325881;-2.81182384354009;-0.629986821303923;-1.06173473678071;-1.55419237665568;-1.725333428089;-2.1727614203604;-1.96842866306005;-2.49506767671042;-2.53949924209413;-2.13049352603492;-2.17104287691564;-1.62316684945291;-2.40927598134752;-2.93382828403354;-2.65057951334355
3650;-3.01521765229223;-2.86455727655683;-2.12075428550024;-2.38309240917246;-2.09572352038786;-1.61942107179418;-2.59643991362785;-2.60033746493997;-1.66568359904303;-3.54687388296052;-1.68302203559005;-2.53265357491767;-1.96965369333295;-1.16558731760045;-2.36828580310886;-2.82734496374845;-0.639146668906549;-1.06871089838635;-1.55082219826139;-1.71608452665385;-2.18716793494527;-1.96861423789388;-2.52912589555761;-2.5680612648824;-2.1356560553525;-2.16583670442339;-1.61350692348964;-2.40962448123979;-2.92542639395509;-2.64173701462922
3675;-3.02531977256863;-2.83598543880744;-2.12180700382112;-2.38251780632615;-2.09110747360306;-1.61632931849997;-2.59248210620445;-2.58112911120602;-1.67671947373879;-3.53272615815051;-1.68484501399786;-2.5275451464893;-1.9684916760966;-1.18829719471689;-2.3511814271125;-2.78646471613026;-0.628841521234867;-1.01409726211119;-1.58239774879679;-1.6973906457715;-2.16090403989774;-1.92476534141279;-2.53400293721031;-2.56906635059125;-2.16758812283569;-2.16743639601807;-1.60264349484235;-2.42380983275672;-2.93898127227963;-2.63879742549711
3700;-3.00436363791519;-2.83547784488713;-2.12680316321945;-2.39917190875692;-2.10953318073408;-1.63443584716402;-2.57471494480951;-2.58105414530839;-1.70895856648874;-3.52262651514719;-1.69910003824798;-2.52371826488478;-1.98590158190349;-1.16464011844856;-2.34267284898056;-2.77663956101607;-0.636847468949317;-1.04808563002893;-1.60361134712893;-1.69985532948884;-2.14643280723564;-1.93538939291279;-2.5532562976091;-2.58406369920452;-2.17640694694436;-2.19559688288612;-1.59874206464733;-2.41459160177977;-2.94286876549735;-2.67086637968408
3725;-3.00785466369683;-2.82299022088662;-2.08292083497002;-2.39085682785693;-2.11240958103042;-1.6471661760858;-2.5831923841107;-2.58757624534307;-1.7019630450906;-3.55379673971256;-1.6806191267825;-2.51817304792285;-2.00808368986871;-1.13636806377638;-2.35275135900216;-2.80856108117709;-0.633444354988485;-1.05654574104965;-1.59463533854479;-1.69602023164833;-2.15233594789738;-1.96461069682221;-2.5720755096796;-2.53646568801005;-2.16641790155936;-2.18863492805673;-1.62186338245295;-2.42521869541065;-2.91442792394682;-2.66935305851417
3750;-3.02562497306505;-2.82324869677425;-2.0829924690359;-2.37367738667302;-2.06515033715225;-1.65766604010792;-2.56960285616205;-2.61384777213826;-1.72482764521736;-3.55866112795172;-1.67832338017326;-2.53745743766642;-2.02179909178534;-1.12085158616918;-2.34459543796771;-2.77664665415819;-0.625464874201248;-1.03119054605815;-1.57322856991309;-1.68878934494847;-2.1524001472276;-1.94941067227669;-2.56284987144176;-2.51122830383675;-2.14487013146137;-2.14521072320119;-1.5932508134998;-2.44289825466174;-2.92050823429848;-2.65406881985662
3775;-3.02972481862454;-2.82141748076989;-2.09098507854275;-2.3749405555396;-2.07502616108607;-1.6826732290679;-2.55414921201537;-2.62402661373358;-1.75505584846232;-3.56201613717758;-1.69521893672341;-2.53953261303087;-2.02596046503529;-1.1240222488134;-2.34712267760449;-2.78292552718906;-0.649634596404788;-1.02140201911673;-1.56000969366343;-1.70481678011031;-2.1460130909841;-1.96001980880615;-2.58511309184753;-2.53278439311413;-2.16122913731099;-2.17434213123386;-1.59080722688319;-2.43678413655078;-2.93881036193954;-2.61375386447293
3800;-3.04324079914054;-2.80505459150412;-2.06156412783576;-2.40118359414606;-2.10213422188807;-1.69858069079441;-2.54325332593125;-2.63628965449223;-1.75782267513011;-3.57348112751623;-1.68048347426759;-2.53035457749534;-2.04977507979882;-1.16305530911268;-2.35943613801521;-2.77373873142222;-0.640367963590571;-1.02343618252063;-1.56612126688489;-1.69424325726439;-2.1215891950491;-1.9462251354978;-2.61417537089635;-2.54571133472382;-2.18517051306763;-2.18384181050475;-1.59141275601051;-2.43411793217857;-2.95025121145453;-2.60461861242728
3825;-3.03493460189184;-2.79798913820024;-2.04207280663343;-2.40181452786711;-2.10730566657617;-1.70968465591588;-2.53700023960247;-2.6277740755569;-1.77336543398572;-3.55327002999683;-1.66846231282528;-2.47202813604954;-2.05060484842119;-1.12617022950159;-2.34620739931429;-2.77346169704666;-0.635859928723226;-0.967784619968012;-1.5750255390283;-1.69149993367551;-2.11960013849615;-1.94851822496223;-2.60396734353601;-2.53712771217628;-2.17649943963469;-2.20028913018058;-1.58586246792047;-2.44508533034231;-2.94827435667365;-2.60685684428822
3850;-3.03140428654879;-2.79303590567943;-2.04376834459542;-2.39219362826917;-2.13813795847741;-1.74287575974901;-2.5387304016473;-2.62828147035317;-1.8070239215952;-3.55805608345521;-1.64259260282773;-2.48108327519606;-2.03724218251611;-1.12623319815525;-2.31079239082647;-2.80801044296816;-0.620043486196211;-0.95109621746276;-1.58725967236599;-1.70609804699465;-2.12370476729819;-1.96169389238592;-2.59071792279098;-2.49739348415689;-2.19769301575285;-2.19854110483585;-1.59533779491715;-2.44050083144167;-2.95402482701799;-2.56611970690623
3875;-3.05113434066976;-2.78456290648834;-2.05682558054625;-2.39332761191189;-2.1716179551416;-1.77224018078711;-2.54228737022216;-2.62779310212354;-1.81446677284497;-3.56893504830176;-1.64659844363782;-2.5201721786493;-2.06792423301227;-1.13798177217889;-2.31123116927904;-2.81173784524779;-0.639847292098471;-0.97568185488787;-1.58810061285444;-1.70841739050821;-2.12779116921191;-1.94761336876507;-2.60398739336984;-2.4783616120482;-2.1903134624316;-2.21227549288476;-1.6040921697526;-2.45219228224321;-2.9494158946236;-2.57473373520438
3900;-3.05010750847619;-2.78235131246595;-2.03504965287689;-2.39410138550791;-2.19174114458418;-1.78943898042559;-2.54581286330066;-2.64200332982999;-1.79162660232426;-3.55025795695985;-1.65372369723252;-2.50273916835483;-2.11533972448907;-1.16146859923146;-2.32042761877377;-2.78751717569536;-0.681216187341303;-0.920178286403501;-1.57739597074459;-1.69494259577025;-2.14555211663424;-1.96969351096058;-2.60588017951038;-2.47450841211588;-2.20615459049801;-2.24355202841949;-1.59409326411886;-2.46464646969669;-2.96558317171303;-2.58887172595478
3925;-3.05333799355107;-2.76450567456626;-2.03316332332685;-2.38323611360181;-2.21572401316624;-1.7916335122638;-2.55307865848665;-2.64481807811388;-1.81426853215635;-3.54712396177515;-1.61602407672709;-2.48274442501317;-2.13913980922473;-1.18257414515567;-2.31897629896947;-2.73904974133727;-0.669230973003957;-0.930071803549375;-1.58700583093331;-1.67747772507484;-2.1229905278871;-1.99942909005955;-2.63355520783637;-2.44748572697727;-2.19500168823729;-2.23322305357502;-1.59429422717918;-2.45504717228616;-2.97062879776622;-2.57051790343439
3950;-3.06424209591023;-2.75444381612253;-2.00700167521798;-2.36674525765524;-2.25452234890477;-1.81536658138191;-2.57087640806546;-2.64623256463568;-1.86065430137089;-3.58200446379368;-1.62382609541983;-2.46054675881731;-2.11088086420977;-1.19748725433895;-2.30695378766572;-2.76096991925398;-0.653311563031311;-0.910458712728579;-1.61500657281329;-1.65859849232129;-2.1218655691941;-2.01111687070087;-2.63496549861987;-2.45078775578821;-2.19846870712971;-2.25279619847724;-1.60225590150836;-2.47176293958536;-2.96275118677669;-2.58488779493906
3975;-3.08058016679014;-2.74822772116564;-2.00509911730823;-2.36348593788796;-2.27678110223994;-1.82958285157801;-2.56937823737205;-2.64921262313878;-1.85173092026305;-3.57550561502332;-1.64495965127807;-2.4531465406276;-2.07803758211362;-1.21645025495281;-2.31700594782188;-2.75315193074987;-0.618098620870395;-0.889875795894682;-1.60218477152169;-1.63958559763492;-2.1232936982268;-2.00531746784559;-2.56643281439211;-2.41509396106699;-2.20474816151017;-2.31050127764049;-1.6268561081862;-2.48956185681861;-2.95731019604985;-2.55076621132912
4000;-3.08036051688004;-2.73252088108538;-2.00015356785693;-2.36763274800749;-2.30292956795559;-1.83408599132821;-2.55959760847385;-2.66564402849796;-1.82662800126187;-3.57940587399224;-1.63372842950494;-2.45661644452948;-2.08378607705935;-1.24195182385015;-2.32478930809722;-2.73917470831743;-0.648346840570308;-0.917586973614428;-1.56336088865671;-1.64276597646374;-2.13252523326647;-2.03283638591462;-2.57063008862061;-2.38392581911146;-2.19402977026574;-2.31012107673063;-1.62982265447948;-2.49706326332744;-2.97492022783895;-2.54818101619903
4025;-3.07499048358779;-2.74217569935553;-1.99892972700216;-2.37466201608546;-2.32353450705133;-1.84845266051168;-2.57198039495463;-2.66462799400513;-1.84949643054274;-3.58347225877576;-1.6236929382812;-2.42886699680866;-2.10505537896129;-1.26130311144478;-2.31261190375297;-2.75464941701967;-0.653850314090666;-0.907096018002144;-1.55840468150497;-1.64426774336828;-2.12813483270766;-2.08595121080948;-2.60907056765919;-2.38750925228348;-2.18220463632214;-2.28989528754161;-1.63811155091789;-2.47658825719396;-3.00421725278749;-2.55908418927419
4050;-3.08943790232805;-2.71824025682045;-1.99430607069634;-2.38482827356369;-2.34698644176799;-1.85023561189536;-2.59424553089568;-2.655456129104;-1.86402530839617;-3.5685808465397;-1.6223983851578;-2.41354893650435;-2.11860406173391;-1.29967929963193;-2.32985394039271;-2.77027387649836;-0.634936396572623;-0.907327661958871;-1.58021046492645;-1.61703826039072;-2.12934766010744;-2.07589148642569;-2.58720494104488;-2.34615202918959;-2.19104479240279;-2.28956689437504;-1.63349636847133;-2.47873106448903;-3.01073489500663;-2.58705830229418
4075;-3.09954132950634;-2.69867880947604;-1.96955431778557;-2.38536799436253;-2.38062419861529;-1.84741724975333;-2.60725344131776;-2.67802380849539;-1.85518348223745;-3.58974402631666;-1.59863200485285;-2.44814458712959;-2.11648314691753;-1.28527138422783;-2.35828738177899;-2.76474194203693;-0.609326687336009;-0.917709126483129;-1.58549742330485;-1.60622983125597;-2.13421349635382;-2.07704839632946;-2.57273087210865;-2.3319640729864;-2.2236161211724;-2.31771765713527;-1.63503250331196;-2.4826275030043;-3.00605600695903;-2.57342028335903
4100;-3.09949144835142;-2.69857260255966;-1.98969677715096;-2.37688378856682;-2.38741104585871;-1.8344883486385;-2.62282838100367;-2.69890646089378;-1.86176549205839;-3.60011362618724;-1.60484864727635;-2.47056527036676;-2.13889004428365;-1.33493908555515;-2.3358913400408;-2.77685762244018;-0.62122554685482;-0.919639286115732;-1.57694252605508;-1.60407246988142;-2.14699442666535;-2.10772286135729;-2.58640447212021;-2.33758478557473;-2.20178745097676;-2.33901157767033;-1.63710236808178;-2.46546571458261;-3.01236292036125;-2.53117322629923
4125;-3.08898374876586;-2.70528651829637;-1.9858378894476;-2.38534240820791;-2.39565925364282;-1.83253376411286;-2.65030479613937;-2.70327123254883;-1.85381168092977;-3.60440793511451;-1.60647139079964;-2.45805806174761;-2.16309718250557;-1.35133796190555;-2.35461545521059;-2.79265767069115;-0.621819321387046;-0.918989507550614;-1.58861613835171;-1.59958086643411;-2.13307428127933;-2.11721671946241;-2.57243565442396;-2.34443093983921;-2.19202759925787;-2.34357328713063;-1.66740475657572;-2.46801363992364;-3.02865461696379;-2.53146750968916
4150;-3.09666950788587;-2.70085172185901;-1.96779379224937;-2.3858801870332;-2.43377802337035;-1.84306062625901;-2.65728115016104;-2.69296255601594;-1.83336082609414;-3.58027767825804;-1.61215896996327;-2.44103747843653;-2.15376304552558;-1.36198743096241;-2.38059372772327;-2.78720621322111;-0.62130057316905;-0.91869427501887;-1.60365849094146;-1.58076874893672;-2.14817124399844;-2.15773054748146;-2.56249242806292;-2.32286430948725;-2.19908921649073;-2.30557364374757;-1.6743420410838;-2.4996780550577;-3.03156500975992;-2.52226965926231
4175;-3.09315751817382;-2.70001723237032;-1.98236919333103;-2.40376699170474;-2.44890687411284;-1.8367565471163;-2.67108066139929;-2.68676484939064;-1.82126677861473;-3.55391424480759;-1.61823131160604;-2.43843838757479;-2.14590238489736;-1.35217277780387;-2.36751086438798;-2.78777449521379;-0.620101803640555;-0.950850261106057;-1.6091001884089;-1.56611879816934;-2.1607428800753;-2.15367443263607;-2.56317588469441;-2.27692833037352;-2.20810884978611;-2.31249748262323;-1.66176750724105;-2.4964266137633;-3.0334178908731;-2.51167057958968
4200;-3.112833995859;-2.71620727654294;-1.98043903719114;-2.4025740662442;-2.47839422955965;-1.83345869557772;-2.68545194505458;-2.71126114079676;-1.83322340367905;-3.57004425294152;-1.61367924298651;-2.44023496031304;-2.13886072834297;-1.39823575771652;-2.37192482981166;-2.78738609187009;-0.597360699483151;-0.970139299328135;-1.60169645070014;-1.59342323600276;-2.14631655901244;-2.13998837754762;-2.54511742341043;-2.28915748964962;-2.22641886936503;-2.34429129828326;-1.688237529065;-2.49304256750344;-3.03072674749652;-2.50475188589027
4225;-3.12112590294021;-2.70769021201914;-1.97727971425355;-2.39951784358721;-2.47854999943981;-1.83562344080269;-2.6940723457558;-2.71162160103789;-1.82921058431736;-3.58117373872441;-1.61878846604378;-2.46362956756016;-2.12336051053438;-1.43276891997385;-2.38940497402524;-2.79509202376482;-0.575110127839352;-0.953511663252855;-1.58060840268233;-1.60556902145124;-2.15939542015996;-2.19212702684001;-2.53953860874822;-2.29104337231205;-2.22581902094181;-2.343399585972;-1.68456485766993;-2.50092795255606;-3.04582933301412;-2.50046247288433
4250;-3.10899970211433;-2.71612319093961;-1.95822778546271;-2.41378506518253;-2.46349492901139;-1.83133926247272;-2.70926300180217;-2.70940422753607;-1.8192517877313;-3.57953719672796;-1.58855444065203;-2.46986374261258;-2.09923687486345;-1.44760489676999;-2.3936335333697;-2.80501646093489;-0.570924298648203;-0.977539198891756;-1.56591260840618;-1.57088766779005;-2.14028710973171;-2.17591370549008;-2.53020011714181;-2.25552875060612;-2.22381573886574;-2.34025388719556;-1.67573306973007;-2.50433008304348;-3.04091761001498;-2.48756355793981
4275;-3.11532563034883;-2.71844751063841;-1.96863308045445;-2.41110382528697;-2.44548360624443;-1.81693992652209;-2.71050820690128;-2.70624156203319;-1.82934053285682;-3.54785270489668;-1.57164019667792;-2.46449732761759;-2.10980620962837;-1.44606461406794;-2.38577950187252;-2.79053377281437;-0.580662040934418;-1.02285124119364;-1.54989603479655;-1.56152798640141;-2.13611795089831;-2.14458123239404;-2.50299017276845;-2.24730046600741;-2.22918156667895;-2.34082131826533;-1.68204590072253;-2.50125049161021;-3.02544421718184;-2.48048275574011
4300;-3.09721755034042;-2.70143446937813;-1.95808192632001;-2.36887359342519;-2.42445632635583;-1.81209694674325;-2.69054656210305;-2.67982376188941;-1.81390711672344;-3.51053279790084;-1.56108805586697;-2.43515993529324;-2.10995264829644;-1.4472757342603;-2.3787002021416;-2.79617200788842;-0.583316131848927;-1.02339078356448;-1.54796096964536;-1.57505513491959;-2.11598929751405;-2.16414883840192;-2.49245400759981;-2.25656426814195;-2.23230404939796;-2.31815802827648;-1.6741933133361;-2.49886933858754;-3.02375209315245;-2.4647393310271
4325;-3.06971088171601;-2.69493812950756;-1.9227393289196;-2.35975929902714;-2.41343852636164;-1.79094136614832;-2.67311237309199;-2.65753688441101;-1.78491295379051;-3.51088319639819;-1.54636016294583;-2.43297030556246;-2.06180202845721;-1.43137917775347;-2.38250949625064;-2.77508523403344;-0.576935694172519;-1.03762285841422;-1.54295169698382;-1.57689247295778;-2.10504745853731;-2.14764565710353;-2.46511371011384;-2.23474247689366;-2.21040490149138;-2.29609772335402;-1.68003892536289;-2.47994924879011;-3.00826310189444;-2.41900701597139
4350;-3.0736648892873;-2.67723299253813;-1.89952376017098;-2.34971383190701;-2.39774309851784;-1.75769063914278;-2.65388690676983;-2.64806346264122;-1.76226663213022;-3.47557671987599;-1.53787493945947;-2.41085690617616;-2.05567937573574;-1.42826793478181;-2.38078528232565;-2.77082847699271;-0.551968804972901;-1.01416957396336;-1.50857580754265;-1.53371792397157;-2.08962524809717;-2.13925458847996;-2.45860038670474;-2.19718466414401;-2.19349061767232;-2.30036940972442;-1.66275299614238;-2.44240410978306;-2.9818887425102;-2.40031094786093
4375;-3.05651208609827;-2.63306977504688;-1.87552097800493;-2.33902348874742;-2.3377345225851;-1.74110405139657;-2.64097420329911;-2.64117074186617;-1.74334002734594;-3.43284097008516;-1.50510549137791;-2.35912401625673;-2.0341856734691;-1.41109462616702;-2.33342661444192;-2.76338276611331;-0.542487861718855;-1.00482486039695;-1.48569035276425;-1.50849972417228;-2.06667944601932;-2.13174818196869;-2.44773854435893;-2.16424007954067;-2.1711740971757;-2.26991265451591;-1.66082806406961;-2.43567387159292;-2.96527588180806;-2.35393004635292
4400;-3.02946961631671;-2.59011593611565;-1.8350736731175;-2.29867917167451;-2.29150894840091;-1.72840066587672;-2.61806270803415;-2.61593509971851;-1.71657249236027;-3.38303564590256;-1.47506085491048;-2.35393775162884;-1.98171190934772;-1.35673711707154;-2.28977818242179;-2.71063017699066;-0.511707490586329;-0.996438248960837;-1.45405694631753;-1.50586025898697;-2.02616073998732;-2.11190241937058;-2.40369312041833;-2.15338861164943;-2.1388578639943;-2.25696818781368;-1.63988318320021;-2.4292354791023;-2.97453687361141;-2.31028942977068
4425;-2.98327245330675;-2.57499657270784;-1.81796257097116;-2.24896760135213;-2.23890718141785;-1.6923674864351;-2.57329197315661;-2.56748616563804;-1.66748388403693;-3.32032038604541;-1.42911132764977;-2.28728483003049;-1.92414068581973;-1.32831870450486;-2.27217957643249;-2.66571580521685;-0.464520962031507;-0.966285566732406;-1.39069895961243;-1.46279613690015;-1.98114438350645;-2.10047028934544;-2.3619096819992;-2.09974540690116;-2.0858639544317;-2.22887636930312;-1.59986221803579;-2.3736445786832;-2.94894757170458;-2.27586276248899
4450;-2.94986847090978;-2.52907236408801;-1.77069055988077;-2.21318171907946;-2.19471587175883;-1.64634274371019;-2.53348701514048;-2.51306001366907;-1.59976643941066;-3.28216181930149;-1.36060017728271;-2.24302035048075;-1.84855798302165;-1.29662014576904;-2.24663775527197;-2.60204633684679;-0.455543406660218;-0.93582056427244;-1.35910324596247;-1.41490508658113;-1.93190206553399;-2.03716450664899;-2.29159036350901;-2.05383934953305;-2.05699939013439;-2.15629774285949;-1.56737072802098;-2.33975434215963;-2.90095460260403;-2.24192820461977
4475;-2.89652343950572;-2.48078060019796;-1.72357219312215;-2.15935074065289;-2.14548080254217;-1.60576888622389;-2.49257240950826;-2.48422041297084;-1.55987201748021;-3.20292796674872;-1.30130725566851;-2.21368527121275;-1.7922763095042;-1.24435384114892;-2.18961835162508;-2.58738392015023;-0.420821194190045;-0.90063599271011;-1.2927489721831;-1.37159448000522;-1.88032484220344;-1.96219516299801;-2.25069453286084;-2.02701259914338;-2.01886567065798;-2.14488120573471;-1.55269949163624;-2.3282533485828;-2.84134942870597;-2.19639638267423
4500;-2.86214233774485;-2.44494530840298;-1.66336832281179;-2.10093139243604;-2.07282187336308;-1.56914242987116;-2.43772771153555;-2.42987801083781;-1.52421378591138;-3.10617369581422;-1.26501073803627;-2.16787430132718;-1.76286561884958;-1.19090435285849;-2.11278511695219;-2.52558563234347;-0.351509457491621;-0.875331843044845;-1.22889434447827;-1.3135171940413;-1.83267620553453;-1.9135835123672;-2.20508993720057;-1.98969798900752;-1.94064730313637;-2.07606379313165;-1.52674468925783;-2.2526766302269;-2.77919837367616;-2.13463674004016
4525;-2.83193863596936;-2.40958611071404;-1.6017777920534;-2.06234285050622;-2.0214275045613;-1.50897769721197;-2.39868207064629;-2.34557515869031;-1.48044222689819;-3.04754955702299;-1.20207930275583;-2.11114089613086;-1.6961434443542;-1.12686359697631;-2.063186248105;-2.42159758031787;-0.311062703209262;-0.809384115601167;-1.17121628728546;-1.295863444761;-1.79596635781869;-1.84407842781214;-2.16429794240756;-1.92166838156473;-1.88113980354064;-1.99091515477548;-1.4669603176197;-2.21134629970083;-2.73745978324804;-2.08876354684455
4550;-2.75312041834131;-2.37627711794706;-1.5624699312983;-2.02185379579815;-1.960629428313;-1.46057026916273;-2.35475629602299;-2.29216570068973;-1.45444938828426;-2.98737166412258;-1.13840385612454;-2.04725296866094;-1.6446917128889;-1.07189419313312;-2.00000254691154;-2.36678265603444;-0.263198907690835;-0.754594667750007;-1.11298248308407;-1.26445355182857;-1.7550574610566;-1.79569430735779;-2.12166181880644;-1.86841665177349;-1.81611464924427;-1.92384636494723;-1.42991446565344;-2.17220682906547;-2.70762821826864;-2.0113216445241
4575;-2.70444899383583;-2.344788287145;-1.50614719588851;-1.96758936997645;-1.88037349109196;-1.4166768612602;-2.29947218920277;-2.2536182404406;-1.41121013893154;-2.88565786463722;-1.09243624559556;-1.96573377085711;-1.58314684239042;-1.0201066400378;-1.93574921765097;-2.29968650497409;-0.199664868737715;-0.708448397207469;-1.06076677308077;-1.18770932643425;-1.68770224811151;-1.73191843770894;-2.06768136233421;-1.80928141707184;-1.73543337995742;-1.89086079928163;-1.40329186097121;-2.11978992259758;-2.64777183342616;-1.93018795397391
4600;-2.64224013074327;-2.31510589085843;-1.43577051556439;-1.94679185118575;-1.85468135647797;-1.3739271034644;-2.24733261774885;-2.21178480154654;-1.37146379062127;-2.80803899943894;-1.04629955603003;-1.89962974469265;-1.52516970049265;-0.949822961895151;-1.87247696740632;-2.19921336026928;-0.0990527309424538;-0.656754146933401;-0.992634044240116;-1.12915914419194;-1.61761339686424;-1.64191423308939;-2.01360427515613;-1.76152549056294;-1.70673434722356;-1.85156941819834;-1.37734029361057;-2.07301558788252;-2.57737567355307;-1.87876927030982
4625;-2.59300518220512;-2.28721268062678;-1.41871502970713;-1.93649047307568;-1.83897884156131;-1.31772605338663;-2.19023718713821;-2.15076330192719;-1.33453697996431;-2.73881529938896;-0.989691194360427;-1.85610985754688;-1.4646187025575;-0.910229574388582;-1.82233233838714;-2.12492198395747;-0.0421116442894586;-0.58058271479622;-0.938161205336345;-1.0688441681669;-1.5685075667708;-1.58176210367524;-1.9840802915682;-1.66637558819882;-1.67135786587712;-1.74399084231698;-1.35318613212605;-2.03220905261216;-2.48651658630552;-1.82401305651692
4650;-2.63625028077293;-2.26109478361994;-1.35354689845943;-1.92589681967706;-1.82430833546274;-1.27535071557438;-2.14548829550794;-2.08051987994411;-1.29845686496321;-2.66024992253525;-0.93520842537072;-1.79711405489765;-1.40175739208587;-0.86428832454095;-1.78247268104645;-2.05179019186029;-0.000827761547421879;-0.505336794933587;-0.890481272800357;-1.01737345101362;-1.52911292861296;-1.53649599097223;-1.91867127539192;-1.57317537470151;-1.61174624489662;-1.70252970327319;-1.33055667168531;-1.98669834609782;-2.4276061833718;-1.78460047360236
4675;-2.65236042322759;-2.23673485136178;-1.30686760760985;-1.91678136136317;-1.81204161965336;-1.23171879774536;-2.26965733657802;-2.03927063216688;-1.26147467389147;-2.59024623953964;-0.875379179119493;-1.74683626766683;-1.33226501199204;-0.801251561102433;-1.70746346280462;-1.97201240197208;0.0368424377688832;-0.453717200350453;-0.807834006829059;-1.03999974389799;-1.45930820728455;-1.50352505663949;-1.85695324654477;-1.55578428981696;-1.5036925765346;-1.7080867145268;-1.30938158455771;-1.95364691202703;-2.36552176656286;-1.75151968940446
4700;-2.64436957180093;-2.21411912265479;-1.26579496823807;-1.90888800306028;-1.801870407545;-1.22042015608537;-2.34769791320922;-1.96704284807576;-1.22188795358864;-2.52146696723313;-0.839554909022389;-1.66389845587545;-1.29444183075981;-0.736273596114118;-1.65964800074555;-1.9207873995435;0.0921017296175151;-0.413704677364256;-0.760567409704411;-1.06957528050215;-1.42781502441069;-1.41745004076642;-1.83996693918963;-1.54355996306672;-1.43418609086297;-1.71335896169919;-1.28958440401568;-1.92333710767388;-2.31843848072741;-1.66970384357524
4725;-2.63307752798409;-2.19323012334219;-1.22657303361617;-1.90216601006435;-1.79352670135074;-1.18243111644388;-2.31912247924333;-1.91679905055472;-1.17783217683022;-2.45626004637184;-0.799713925267983;-1.60409850978011;-1.2329364944533;-0.674444949249761;-1.61860791428268;-1.89535635241071;0.139884081107829;-0.34433756293743;-0.746377239803119;-1.07180052041499;-1.37200492412572;-1.32760672025732;-1.84124084431518;-1.53767567355027;-1.38137873110617;-1.72230652172488;-1.27109267033122;-1.87563699638067;-2.28402604813279;-1.61961856855827
4750;-2.61644998948421;-2.17405423370276;-1.202051228964;-1.89657552180994;-1.78675629471978;-1.13111501503294;-2.29969410758281;-1.84067296823723;-1.12990469179621;-2.39536835795038;-0.744224739076174;-1.56545351193496;-1.1609230486739;-0.63322070919155;-1.57208930458781;-1.82369207441303;0.220939362933499;-0.296839551969701;-0.683389174063699;-1.07612538956235;-1.33710090025195;-1.32792026878542;-1.8409714107369;-1.53444786123783;-1.33224874561671;-1.73312283387837;-1.25383027280004;-1.83828261286722;-2.25351564382906;-1.6058929071749
4775;-2.593579935449;-2.15657381837121;-1.16406714854955;-1.89206377688709;-1.78129333995492;-1.09966715734954;-2.26806393099243;-1.69162594065481;-1.06218823692494;-2.33969745835065;-0.71533630649191;-1.51453430043965;-1.08895581732639;-0.608305079032173;-1.52527905079464;-1.74479338056383;0.274334232599689;-0.246183160993059;-0.637717531588232;-1.07921045093158;-1.29751376376006;-1.33315685174713;-1.84116507175831;-1.53052364214888;-1.28916563267809;-1.74534528074427;-1.2377243696494;-1.80253114186234;-2.18035722722884;-1.56937751080792
4800;-2.56387513843054;-2.14077544056153;-1.12437844124384;-1.88859327693711;-1.77688089787135;-1.08494254996561;-2.22554161360241;-1.50500640490825;-1.00995839757317;-2.29015286524489;-0.681098538521037;-1.45001807579772;-1.04042296506719;-0.571252110308183;-1.47840267955244;-1.69510411237936;0.294396958984829;-0.196158419126184;-0.618587805056098;-1.08172445906032;-1.25551657964184;-1.33938575332091;-1.84137760966914;-1.52270116952235;-1.25203919224553;-1.7584412392542;-1.22269925939598;-1.7785909570635;-2.15045651050824;-1.52368314408161
4825;-2.52185087859582;-2.12664125343328;-1.08636432950815;-1.88605285220276;-1.77325648058167;-1.05236496150452;-2.17138371650238;-1.30508348625898;-0.988159761415874;-2.24763686714782;-0.609794507846148;-1.41791916983087;-1.03686200984237;-0.533892637714419;-1.42188938469789;-1.67453025945826;0.310152675114043;-0.157679693544171;-0.560868450686232;-1.08370953778074;-1.21543898636336;-1.3474692348189;-1.84160325123026;-1.51695309339121;-1.22086946435334;-1.77186607901218;-1.20868166291106;-1.74665442399013;-2.0863570202128;-1.4938726699449
4850;-2.49724545992794;-2.11415806072947;-1.04409970390068;-1.88496410745793;-1.77015904780411;-1.01688672206944;-2.10365724473452;-1.11903433092169;-0.965674017455789;-2.21305360135876;-0.552464248369513;-1.38358838168789;-1.21683508424264;-0.485776205420359;-1.38131031001309;-1.63638303789521;0.384678853432683;-0.0876554084832136;-0.53582032425436;-1.08523006469877;-1.17913695723124;-1.35683852536516;-1.84182759074927;-1.41187047293128;-1.19578156523045;-1.78508803297581;-1.1955963443548;-1.73007874109922;-2.01892093266766;-1.44810032282192
4875;-2.2988816677953;-2.10330773313623;-1.03707068988252;-1.88350531962231;-1.76733060297738;-0.987622138750606;-2.02750807142051;-0.987313853084352;-0.957346997281144;-2.18694156807951;-0.534542881409988;-1.34868952352813;-1.25875207849712;-0.465617246877336;-1.34214184128452;-1.60831234882291;0.424570724556568;-0.0508231263089603;-0.529257303557615;-1.08634250561338;-1.13416794432826;-1.36713510463668;-1.84203545333456;-1.18009965685969;-1.17667878727002;-1.79756006378146;-1.18336953099596;-1.70483328572225;-2.00366908256364;-1.41692260206637
4900;-2.07604875753499;-2.09407738592943;-1.01108175758194;-1.90832994284908;-1.76450608049796;-0.976092174910724;-1.87137722263151;-0.880575044044566;-0.941819946018283;-2.1719749568821;-0.518320492382475;-1.30793448108316;-1.22777874777894;-0.419212782151049;-1.31579062007938;-1.59557850835569;0.446538293711818;-0.00832819487988994;-0.519325109483442;-1.08711141112891;-1.10167864940816;-1.37795989796085;-1.84221616709527;-1.22758483091395;-1.16381573873991;-1.8087550446647;-1.17192650670721;-1.68501343443146;-1.99223174454919;-1.40138859480212
4925;-2.16269933083006;-2.08644852134848;-0.997145065918793;-1.98310123262117;-1.76143022510456;-0.942495476140345;-1.77361285428701;-1.37358191863895;-0.92937995768437;-2.16514404174451;-0.507308152985239;-1.27755036653235;-1.1924167263925;-0.386801292291954;-1.27468457706052;-1.55735118782025;0.486297134307461;0.0254865072476053;-0.506301510478465;-1.08744497951726;-1.07818730250021;-1.38894661229261;-1.84231260426017;-1.21318696410419;-1.15813460236582;-1.81811788895796;-1.1611929557398;-1.67699090727461;-1.96078130418261;-1.38301719664432
4950;-2.05709630726704;-2.08040854853125;-0.983046227575276;-1.8928191259715;-1.75783765492514;-0.90924003225678;-1.78779469076539;-1.66478212236126;-0.916492846046098;-2.12162708375833;-0.499105104554745;-1.22624191409747;-1.14715675159598;-0.359128031658594;-1.23007063148967;-1.52822212564287;0.508510148083086;0.0538609840427157;-0.478680568931016;-1.08745694342838;-1.03516217959054;-1.39969952646688;-1.84252347117355;-1.20253124297025;-1.19858888339257;-1.82540536869253;-1.15109472308025;-1.65191608386074;-1.92668652799355;-1.33791163114569
4975;-1.8667584777586;-2.07593373430655;-0.92410914612149;-1.7900159033657;-1.75347089698871;-0.897273831556249;-1.89374801936802;-1.6364837977428;-0.900928586166232;-2.05415751828894;-0.491646545475471;-1.2097177098074;-1.0967037959643;-0.354781944674888;-1.2103869852246;-1.51951911011274;0.537297014931702;0.0943652718654284;-0.470890138910438;-1.10184675785713;-1.01419276026231;-1.4098523187358;-1.84033339712102;-1.15824461458237;-1.24451222230042;-1.82307842878781;-1.14155692058484;-1.61787399841307;-1.88418396657652;-1.29018053672265
5000;-1.86494641057618;-2.07095959320519;-0.903154053169546;-1.90752959069714;-1.7480682599703;-0.874916578853781;-1.93719228246391;-1.62554863404479;-0.879535478292855;-2.04645841437155;-0.482778043382583;-1.18513313726852;-1.0444603285243;-0.327502597427972;-1.19571462869759;-1.47356181235303;0.57729606204155;0.10607658398764;-0.479884278517568;-0.757397964363808;-0.998890088059911;-1.41900602002784;-1.83042385113999;-1.14618701854235;-1.2483716665788;-1.81633610162691;-1.13250596700652;-1.60960164459951;-1.84305890820015;-1.24874999599985
5025;-1.84160827786373;-2.08430929454636;-0.901648247914109;-1.85480914352964;-1.74136803199973;-0.839870177714599;-1.87727878243646;-1.62268582206786;-0.856222627322632;-2.05168309475698;-0.470347940491873;-1.14718080013575;-0.993705546051875;-0.300017903650935;-1.15055701604496;-1.44344675966723;0.597039421678711;0.137079547298638;-0.469872074041921;-0.502789014488765;-0.95640767232419;-1.42680199522638;-1.81844421130104;-1.13648533019144;-1.18410661932217;-1.54069659565977;-1.12386641120152;-1.58888870897425;-1.79709293773616;-1.22478112020981
5050;-1.82748185786205;-2.02208072636459;-0.892958726190694;-1.75615060924779;-1.73311247418976;-0.82888425403729;-1.81144907505599;-1.61912901072533;-0.79516182588192;-2.05695020893108;-0.453243291601304;-1.13832147608027;-0.947817460649676;-0.281596683411563;-1.1160639103962;-1.43919556696359;0.642421241640945;0.148784467021817;-0.480718643600291;-0.510126573497412;-0.935155828433274;-1.43100927499128;-1.80694130703607;-1.10512669824554;-1.13501249570522;-1.45626071740193;-1.1155652092351;-1.57375546009149;-1.78830122422091;-1.17128886822099
5075;-1.81601187094174;-1.74449952440397;-0.885530072487797;-1.63537426221547;-1.72303660606664;-0.812701945500114;-1.73152633850408;-1.612830490522;-0.750286815923348;-2.06347100705537;-0.414845293029936;-1.12038237554903;-0.910035014052768;-0.263663820734252;-1.10370609079795;-1.41949382588954;0.671967927559388;0.189812999959094;-0.485722159764062;-0.497160413263459;-0.900858988017207;-1.46633858214378;-1.79464928591174;-1.07263903032628;-1.11052346096474;-1.43796380704427;-1.10752641553577;-1.5478480076741;-1.77267958765331;-1.19032242795863
5100;-1.80705352613345;-1.6763124584406;-0.86480629075335;-1.50673996085409;-1.71090860725791;-0.79745919405785;-1.65048472411149;-1.60291624289893;-0.730297140229619;-2.07020636023466;-0.423631466909712;-1.07919932358969;-0.883170717221127;-0.243987688265429;-1.08121826738292;-1.40795929741071;0.690170981368744;0.208222294885542;-0.491621199707531;-0.489081617499305;-0.856336891495059;-1.322255928943;-1.78144577651327;-1.06224478961821;-1.0868368115051;-1.41172244225993;-1.09967741989696;-1.55258459211615;-1.73315530851914;-1.15374152963527
5125;-1.80028903835779;-1.65147960713774;-0.847771851572232;-1.38577877297701;-1.6960227883973;-0.762363889650758;-1.56203902956379;-1.5887457551977;-0.711459790492933;-2.07686476712281;-0.437851652719284;-1.06314897942839;-0.870081364102753;-0.205335369903734;-1.06469995896727;-1.45117609336646;0.695977221666588;0.24023249041898;-0.504409493927276;-0.483205633054986;-0.84050409721352;-1.02272584028657;-1.76717299068014;-1.03172548895907;-1.06774180323861;-1.39033995460563;-1.09194192248488;-1.55373312567264;-1.69178603171438;-1.08368477502951
5150;-1.79544100192847;-1.65484508904634;-0.834631652847969;-1.29057255930818;-1.69020018316763;-0.731425039467999;-1.55149591172746;-1.56974126479835;-0.699621644356454;-2.07730224888439;-0.411104961864319;-1.03509596973635;-1.02809753691713;-0.176485799695959;-1.04490918245314;-1.42523199574091;0.707285132698532;0.258466680342109;-0.539959098613086;-0.478975271802345;-0.810269525054894;-1.02026405919592;-1.75167157379612;-1.00924513055303;-1.05270192819324;-1.37241335789661;-1.08424757237874;-1.54858781498387;-1.67941717890056;-1.09058813493473
5175;-1.79219025195196;-1.73354375919695;-0.816954525246141;-1.24047638070129;-1.56901358009137;-0.714693883949358;-1.57033964758985;-1.5435139952235;-0.619001184972152;-2.08718441379206;-0.397372449089877;-1.01683198080828;-1.42957147907601;-0.172247861752704;-1.02367773124351;-1.36877607239567;0.722553090946553;0.260181721229262;-0.56657027108172;-0.475772966518466;-0.772429764962648;-1.01481650928909;-1.73478201810893;-0.975968827407397;-1.04137868145586;-1.35621113235124;-1.07651791903537;-1.54797124841263;-1.64905941208034;-1.11208244247363
5200;-1.790490381659;-1.7283581567894;-0.80375151149151;-1.31507471358845;-1.22715019273408;-0.695149307598192;-1.54560410522929;-1.5149142547745;-0.498906667477763;-1.91274132193309;-0.410846370442603;-1.00358955550047;-1.57483677725651;-0.139981442790608;-1.02040474155353;-1.36557121900903;0.726636006874257;0.28718165781955;-0.582318378132556;-0.473016078796422;-0.731343393048313;-0.99198761539715;-1.71635087226794;-0.91102251417243;-1.03362338132601;-1.34002387715057;-1.06868064682342;-1.54000446129721;-1.61243541567808;-1.14465124130383
5225;-1.78286315612235;-1.67259627197043;-0.786533684636581;-1.37574909313606;-1.18375030485634;-0.681619010780257;-1.79937144906546;-1.42874567792121;-0.510508844676982;-1.79399820960685;-0.403316368536577;-0.997918597255645;-1.23833415472761;-0.130341644419001;-0.989116619638551;-1.3385653686871;0.712719368014989;0.295575214506972;-0.597621865919077;-0.469807682674632;-0.688268562758249;-0.9452446163104;-1.69533666371264;-0.882388607339105;-1.02761379961888;-1.32209754998772;-1.06065938729849;-1.54164283558626;-1.56174938968404;-1.18560220688283
5250;-1.8145643368369;-1.60799343793465;-0.767674868219881;-1.35992311836206;-1.1573004352807;-0.648231453734779;-1.87598077337426;-1.43112014632879;-0.515272437800115;-1.79242912444535;-0.409121460596552;-0.952970402071023;-1.17860443611186;-0.107241761654035;-0.962378512150711;-1.31686037929841;0.743462972546918;0.322090125589098;-0.59077403664404;-0.467720916616275;-0.665579092840695;-0.905338603045646;-1.70134907992126;-0.872450860374267;-1.03053414245502;-1.30070456718206;-1.05238157784725;-1.52744342136444;-1.55185721871961;-1.23301133873768
5275;-1.89803966213859;-1.53695601310153;-0.714838227427122;-1.32078904704645;-1.14923160083251;-0.628714587950581;-1.73058660970508;-1.41377345012292;-0.524259402221024;-1.75777031345261;-0.393370732455346;-0.950759818320243;-1.23495028780912;-0.0808033687359543;-0.946180812952416;-1.28071157688117;0.76566134481645;0.367599414687337;-0.590448983167422;-0.445246618791327;-0.629449414049776;-0.878769437130291;-1.52683008749643;-0.868063786259012;-1.03802151421114;-1.27411378339795;-1.0437964221757;-1.51874768301543;-1.52498329583348;-1.28460608388821
5300;-1.87145342902105;-1.46852219865428;-0.665388787514239;-1.24511562830648;-1.11183087599794;-0.612156537565178;-1.5810350495373;-1.39061156471629;-0.534009887755047;-1.72399251853705;-0.351281214839804;-0.942844974104014;-1.22147750740262;-0.0563892279973387;-0.939209417178552;-1.23295926540251;0.809462429152439;0.366541530578947;-0.608008484183155;-0.393888513408017;-0.59048241107822;-0.839584395124314;-1.16446335175506;-0.813356314717541;-1.01600289913731;-1.2406823140507;-1.03459610223075;-1.51240255016118;-1.4754464749572;-1.33831897687725
5325;-1.81801214995725;-1.41245851993577;-0.664843825343979;-1.19541529947683;-1.08591901579789;-0.581079165295681;-1.42747117827734;-1.38571659208751;-0.543337840946648;-1.65744845320621;-0.332010041204348;-0.915357577040969;-1.1821597447344;-0.048593593476035;-0.907322223177431;-1.22027843634465;0.824554704310625;0.36558232827238;-0.622367477350869;-0.361185392493328;-0.572346133437705;-0.811062754710701;-1.18334259582805;-0.780793371749591;-0.984335800545006;-1.19695284891339;-1.02628387636472;-1.48752747252395;-1.44805485449114;-1.3919150305004
5350;-1.82478422654154;-1.37568179207426;-0.657296086824335;-1.15301900031492;-1.06821548542178;-0.563111115068093;-1.30611552972497;-1.36122721572978;-0.549182826413956;-1.54849456208362;-0.287347613140103;-0.920840860705549;-1.1714827874612;-0.0296593979843102;-0.867356738527691;-1.20756402153698;0.838110545736439;0.36805314079487;-0.613211427567037;-0.427598539550904;-0.549859264025467;-0.789397483157763;-1.15961113942501;-0.751596871875902;-0.944612334095668;-1.14037180928685;-1.01586309967436;-1.47505620090729;-1.43282407585127;-1.44331266982462
5375;-1.8261976863157;-1.39927633382247;-0.652979023922517;-1.11764902801174;-1.04595377753215;-0.546812165128006;-1.27839821027865;-1.33618795214483;-0.563655075324814;-1.43694693130714;-0.268176682177894;-0.890529377740607;-1.14336074315705;-0.0456751927615439;-0.853017810076126;-1.18340125741165;0.862189577571518;0.379262796695006;-0.607720361576767;-0.44957284157002;-0.508387130417278;-0.758011561226641;-1.12823264916321;-0.73148736763081;-0.9000348972972;-1.02349573032328;-1.02493410424879;-1.47176402712356;-1.41025800923105;-1.49027124234525
5400;-1.83001027726759;-1.43264926891927;-0.649950009388087;-1.08994139875803;-1.02628337250759;-0.53088528920527;-1.33557414767468;-1.32654594512366;-0.497876364016825;-1.32080246492846;-0.254060044195953;-0.874189800577245;-1.05598942789474;-0.0250262445146127;-0.832203952052284;-1.15337891340561;0.894435521242317;0.405055860742332;-0.619901014598215;-0.393003234702763;-0.472293875446025;-0.723303258998493;-1.0806011553808;-0.706510800524816;-0.86375068868795;-1.00109445972288;-0.817014427119921;-1.45608450117288;-1.38509720837176;-1.53073750798625
5425;-1.8339801751323;-1.42029608214522;-0.648018000350405;-1.07197055810198;-0.995121752603859;-0.498153964088748;-1.33434265288474;-1.30749155553394;-0.44277063480756;-1.20937616754965;-0.215141522807163;-0.859893077164823;-1.02029652769504;-0.00949300990908255;-0.806742819969991;-1.12353487803674;0.920124368794609;0.412692903730507;-0.628617152855324;-0.330208829881242;-0.437126807292022;-0.688713296125603;-1.05589554425246;-0.67619420328011;-0.818752637590854;-0.992218786018211;-0.696500561612737;-1.42697963273591;-1.34228721522789;-1.55997279455262
5450;-1.83775692498978;-1.41984396537566;-0.64714469191615;-1.05131206002089;-0.981731881983552;-0.475721792946909;-1.30401772809297;-1.25279746167983;-0.427627435586065;-1.11014341004254;-0.178068646702462;-0.816770307761788;-0.990782163799845;0.00644871104063847;-0.789822791764347;-1.08977259390481;0.960610037632344;0.39678406542292;-0.639841807376242;-0.25732680791893;-0.401832677304309;-0.656568274760387;-1.04276325544496;-0.646059996783621;-0.77743861440613;-0.984805045324553;-0.682955330619973;-1.42436969599313;-1.35600041524197;-1.60945374400283
5475;-1.83877172154215;-1.44311244243653;-0.645642197019147;-1.10492281937952;-0.975950221481924;-0.453981781251881;-1.29072794568917;-1.22054796049722;-0.407799279483403;-1.03340084614668;-0.156844184987062;-0.802563087605809;-0.935184196768628;0.0195321230279822;-0.749563320111216;-1.09025039553068;1.00950087355575;0.387025179203094;-0.648296806946278;-0.184940593554688;-0.376667486543368;-0.611216439736672;-1.01281718642492;-0.629508193240161;-0.735937522549143;-0.959549965810408;-0.673877176945512;-1.42364131050534;-1.34467175525509;-1.49020561332808
5500;-1.85429764166091;-1.44308215460301;-0.665951225558909;-1.1681879348479;-0.955770472070343;-0.456990628453194;-1.26964364463881;-1.23582146633459;-0.406089445008911;-0.967548053170443;-0.126954805144203;-0.772003986018513;-0.904411627815445;0.0314484018169824;-0.712050979432833;-1.10589997782571;1.03891145457288;0.414386462766522;-0.65086840949029;-0.122165340949611;-0.353376328059979;-0.576986018544113;-0.990774340890699;-0.629950402424955;-0.697414708511258;-0.943023220250698;-0.698321424282225;-1.3975689007828;-1.30989157664861;-1.21112985472107
5525;-1.76608790781382;-1.41854292000992;-0.594527419945886;-1.16232002349028;-0.940722550578139;-0.471905497015514;-1.25020269208137;-1.2490279071708;-0.389294770870137;-1.03100347374521;-0.096085233556708;-0.75833289956065;-0.866705882938288;0.033335886361283;-0.69619712478472;-1.0717148640268;1.05738533654287;0.439128540465458;-0.64789706340652;-0.0776220070369398;-0.321878745788814;-0.563244198546075;-0.960161200783426;-0.616373460966826;-0.681838117111196;-0.893971020027489;-0.732299985627533;-1.37627608017121;-1.3069552112483;-1.24238212138357
5550;-1.70164580508452;-1.40933030405825;-0.546816056277637;-1.13505202093724;-0.934481872302126;-0.488544577778747;-1.24020957504061;-1.26446491274787;-0.381285653789592;-1.38228293715609;-0.0752427307571913;-0.746569629796591;-0.825144590717538;0.0445271404453756;-0.662911271707027;-1.04012973553044;1.10169375077204;0.456012138921637;-0.642230375988785;-0.0699540667779823;-0.289202951628673;-0.558929352948083;-0.919470066630295;-0.611152886384944;-0.662595723497168;-0.903717731455296;-0.77318970290668;-1.36543830333562;-1.30500902257436;-1.26865307354731
5575;-1.69521163031368;-1.40865401096069;-0.56020359306578;-1.08642618554463;-0.943511074240861;-0.506951277113827;-1.2353330476753;-1.2744386308919;-0.375733146904201;-1.50912687356331;-0.0500644171571135;-0.727867138097747;-0.798134950096249;0.0478044298454855;-0.636093194957002;-1.04184705212338;1.13062489323391;0.452569354451353;-0.670245772487566;-0.0789581203360159;-0.269475330025738;-0.523208127424837;-0.884777540435264;-0.614069843442577;-0.632992904840881;-0.891960990922625;-0.815333645182976;-1.3525147039537;-1.28539139786542;-1.25063046629363
5600;-1.69017311675376;-1.40792312624835;-0.524745089141043;-1.04513638614184;-0.970145089339136;-0.525815521019173;-1.23004532864471;-1.28608174784462;-0.368128755872809;-1.51172507221088;-0.0188604000369968;-0.691967715929823;-0.754444796010497;0.0588682879044792;-0.593442867434467;-1.05695560435528;1.16599697638915;0.470686488980715;-0.633308743890466;-0.0745432482383244;-0.240823915093044;-0.514057427401051;-0.875866115756278;-0.61322013757653;-0.599618070975348;-0.862795802292661;-0.853737323821271;-1.33787175463821;-1.28065916233387;-1.23634412595436
5625;-1.70084863997635;-1.41863074913611;-0.541121933493131;-1.00520896418478;-1.00435958497772;-0.543905871280791;-1.21143220095029;-1.12772118335552;-0.353810828410168;-1.53985854142468;0.000724090497219132;-0.672117475514499;-0.720077350174364;0.0801482354503643;-0.585384358668021;-1.04423937975221;1.18772308723024;0.49688805787812;-0.603877751242804;-0.0241538123290823;-0.196555717065025;-0.505903474135351;-0.861572841074047;-0.611371653434741;-0.580409647308517;-0.83144673061431;-0.886171753524828;-1.30246235492064;-1.28241546791855;-1.20565972453774
5650;-1.71399380813224;-1.40954738584615;-0.56082227861057;-0.968633749883421;-1.03587318829763;-0.560085387432261;-1.20294804641271;-1.08718758471582;-0.342870167253157;-1.58057398550645;0.0158623225510116;-0.652514068793551;-0.696329557346932;0.0972772523248907;-0.562944527071398;-1.01073884210275;1.21836222133357;0.502989131121056;-0.58973253570966;0.0145950653525393;-0.314557323233543;-0.507008705363597;-0.85772371982944;-0.611908200109252;-0.543219284353416;-0.813690156376815;-0.883434189769815;-1.29457229436997;-1.26219325392126;-1.17985665639752
5675;-1.72934944524627;-1.38994979359086;-0.587288906865728;-0.93640517280313;-1.06715611426417;-0.57179564176078;-1.19427166883381;-1.10075706883515;-0.329870903582955;-1.59769121986592;0.0200828528070517;-0.620073944538964;-0.658977479610037;0.0867897307731046;-0.524109712366538;-1.00166772494973;1.24869148572466;0.522005892073541;-0.583417567695891;-0.00598738929240472;-0.849881783886113;-0.498340915471852;-0.839970027068856;-0.638001386944946;-0.535598831212255;-0.79758769613366;-0.720635657914186;-1.28286212679544;-1.24068205465485;-1.15703136291308
5700;-1.7443828168245;-1.38396629315856;-0.617092334006822;-0.909764456165021;-1.09877264629034;-0.599946990049057;-1.1816829171473;-1.08861333451093;-0.325080791337667;-1.60262969691199;0.0331426616061196;-0.605752198160867;-0.631489252253453;0.0923212758588451;-0.500410005089716;-1.01210161918838;1.25676649726936;0.555183569720343;-0.568550008780027;-0.0308807611851289;-0.859980318077356;-0.499211576837633;-0.83099784594234;-0.642212720631634;-0.528246353392505;-0.796331932648002;-0.634120799781161;-1.27224997562201;-1.24852129180978;-1.13099210839772
5725;-1.75466127270391;-1.38900197693982;-0.647671763323199;-0.8928574349961;-1.13128032855429;-0.51745992581224;-1.18409812060474;-1.08310788717447;-0.3015512795346;-1.61843518598887;0.0563640041884789;-0.61159299693121;-0.610621042640042;0.119967080013746;-0.472423532754157;-0.985428444199025;1.26817680054958;0.587422781647989;-0.551601650601881;-0.0589380373624309;-0.863676933699274;-0.508530632272346;-0.836125415335013;-0.633082158607321;-0.505539777607359;-0.797084213872836;-0.66435585479541;-1.26285302539148;-1.24818252099674;-1.10817094149621
5750;-1.77359288664021;-1.40869083156741;-0.676649956321838;-0.863617229276309;-1.16526940976456;-0.269699126488691;-1.18182068857406;-1.08972143698985;-0.293553879624728;-1.63228645833462;0.055287832050532;-0.612547185905341;-0.602874601850013;0.134795594383812;-0.463939285113966;-0.97960206260623;1.30058310494324;0.61284802948294;-0.557334821809349;-0.0830486917045725;-0.850593857463941;-0.517934638986467;-0.82450759785537;-0.632109681794071;-0.502403323213552;-0.795588837208646;-0.691866726361415;-1.24712152194224;-1.23760405260866;-1.08947842385679
5775;-1.69707925889217;-1.40106029107542;-0.701364277427477;-0.963828877155092;-1.2013284154862;-0.259910125346594;-1.17342382846783;-1.09216156085769;-0.300696399722771;-1.63811209119679;0.0647855346504601;-0.620980870540754;-0.595427113367817;0.19510164828102;-0.430269334613672;-0.976322573506764;1.31759878900157;0.620975838875006;-0.540096193897306;-0.0941883503065526;-0.830281382122246;-0.528174616617601;-0.820596685063243;-0.643890553955984;-0.508531235506993;-0.818426647837197;-0.685088195755334;-1.2350769440972;-1.23545057732535;-1.06897386632549
5800;-1.66121728388127;-1.39605446802426;-0.718378432312489;-1.10244810844467;-1.24001132466117;-0.269395199410149;-1.16697368844871;-1.08619592682938;-0.313270111345931;-1.65574623401241;0.0874586050588425;-0.599106644645881;-0.619544631798028;0.236726622803567;-0.410591229067783;-0.940320543370303;1.31661996790612;0.656452080024004;-0.515509089637757;-0.102247319508884;-0.801147232409324;-0.544570959448649;-0.827823329908404;-0.653377023017299;-0.503267417220254;-0.829558174344723;-0.710300141402475;-1.22923660863314;-1.23513949287325;-1.01431271259509
5825;-1.66990671325595;-1.39339809115495;-0.730389678129921;-1.10801593099246;-1.29326779233288;-0.254729249318228;-1.17065254567559;-1.09390441161154;-0.298591028871069;-1.68319079134113;0.0899649078853543;-0.592630235759426;-0.615685745063434;0.215862941987981;-0.402400499199932;-0.922566158087029;1.31436762478381;0.680931177775311;-0.537980525409829;-0.105313312059001;-0.76176239241424;-0.552573806482696;-0.820838535115573;-0.661532759076441;-0.505313413308472;-0.862302727917759;-0.726633626550159;-1.2214482730553;-1.2413662671202;-0.990048109668278
5850;-1.63892152690138;-1.39353359197131;-0.625060330308379;-1.05530246255186;-1.37104093083698;-0.248301178238848;-1.17671848107676;-1.07539631877046;-0.287975341395295;-1.71895252376697;0.0834990339523613;-0.591355716313932;-0.596185281557657;0.19088173876212;-0.390308536631645;-0.932738322152438;1.35028883839599;0.695843578982859;-0.53065068876669;-0.0998805939837109;-0.710695422150464;-0.558416460480114;-0.832126360874074;-0.654795274640018;-0.578720253400235;-0.867646139635104;-0.718082352315534;-1.2063038350761;-1.25403734577778;-0.981142060209602
5875;-1.62721971165632;-1.3934752248793;-0.58869824047776;-1.00804427824775;-1.29517748305478;-0.248318859694355;-1.17216671448364;-1.08034118299929;-0.295270525991375;-1.76154184547931;0.0744320678687937;-0.59438407786329;-0.63529661048211;0.156830004815666;-0.38724973253741;-0.930851644681867;1.36206210778062;0.708382677755357;-0.519159539543932;-0.116941405019768;-0.666942285980668;-0.567626848320952;-0.843746957689062;-0.66294050396725;-0.591336984620357;-0.894888330559017;-0.717291085369718;-1.19565385343882;-1.23942637454024;-0.969895269868175
5900;-1.64059038491445;-1.38833765001048;-0.606922459754522;-0.96494036312304;-0.975775448120594;-0.239672980208378;-1.17736069357026;-1.07270550423382;-0.270528153812514;-1.80946616257664;0.0673146090259108;-0.579483855173396;-0.643259481513063;0.118337122843569;-0.39601994990934;-0.910772660946361;1.38148687012529;0.717667521739281;-0.522470437051851;-0.113038019233633;-0.455961558887195;-0.563567934294753;-0.865976137882772;-0.690267010245334;-0.583108293016514;-0.882575494360765;-0.72035006509344;-1.21354967287916;-1.1940993464373;-0.969882680495617
5925;-1.65877376202568;-1.39307286603938;-0.528389278609391;-0.926192337938382;-1.00720638394535;-0.238297709124155;-1.18710825691131;-1.06907071118345;-0.255854670451343;-1.86153861831889;0.0696462519978042;-0.574392390789615;-0.651935343906397;0.0787142052334352;-0.394487079881157;-0.893162768056939;1.3917250301188;0.73912709151659;-0.453483413782809;-0.271748158985519;-0.0751987291003617;-0.567292987083305;-0.882276283073973;-0.678915403989446;-0.624733840940925;-0.90319302014748;-0.724495671298398;-1.21283772893057;-1.2024528088836;-0.98026105290458
5950;-1.67332765310455;-1.40790043567531;-0.409949988902891;-0.893183212220516;-1.01043567144239;-0.229746734815004;-1.19811073150152;-1.08078692755962;-0.238579752330693;-1.91426755525999;0.0542520071245983;-0.548684470390862;-0.674716460320747;0.0410354563154324;-0.407296929573243;-0.850313013127259;1.38854952605638;0.744527667822947;-0.42325722633147;-0.490743259687985;-0.11080897160022;-0.573076115475564;-0.910609937181522;-0.680383937023544;-0.65535158202371;-0.938005427461322;-0.729580398900238;-1.21520423735292;-1.21529982956127;-0.968166734738673
5975;-1.68848793856032;-1.41071301744132;-0.39445694262138;-0.866803556504424;-1.00312792247894;-0.238450004065767;-1.19623872521664;-1.06984840590242;-0.230977926626422;-1.97840944345632;0.0415519376213581;-0.534663800889271;-0.655901661726545;0.00866293973720098;-0.395965590219482;-0.849561213340779;1.40011177325524;0.765777990700352;-0.46014670516325;-0.499843745398006;-0.106806798170348;-0.575620472613229;-0.937767321097581;-0.689878955460677;-0.68387038437616;-0.961342559612713;-0.734983810059901;-1.20390656261812;-1.23656838681662;-0.968099523742851
6000;-1.70619623961787;-1.40164864712378;-0.367754135872487;-0.849470278667275;-0.998358738529468;-0.239803081713782;-1.20031198306127;-1.05522321925848;-0.231754286865385;-2.07304335892264;0.0275205409278036;-0.521445675668184;-0.661679872401168;-0.0119042454927244;-0.393266802355908;-0.87269028942698;1.37667162472633;0.78046520301156;-0.511835841384992;-0.526086019477999;-0.156645049939744;-0.595395060457274;-0.931532505266768;-0.689167416045752;-0.707953226726701;-0.995482774501429;-0.740143209835825;-1.18507504111386;-1.26446091501399;-0.964731407815979
6025;-1.73128604819832;-1.40139213876589;-0.350682459474734;-0.833653985554003;-0.99837301969295;-0.238722105915663;-1.20061425494521;-1.06942671095194;-0.226413866735429;-2.16424987658864;0.0217896068902942;-0.51987090008781;-0.679980103846227;-0.0362147498531284;-0.400623800067962;-0.853097089353409;1.38462425341205;0.782047544743974;-0.580479602559676;-0.538660182875805;-0.176597277025067;-0.589075485940553;-0.958965553920085;-0.676782207893356;-0.747492473463491;-1.02916685185843;-0.743244396132243;-1.18285843860239;-1.29886993821103;-0.953543637178182
6050;-1.76735588786319;-1.38933569058426;-0.338930556980214;-0.923394065848117;-0.985465456987399;-0.236847242040123;-1.20935281249455;-1.0725066506935;-0.218198973171856;-1.92235265192845;0.017584159579085;-0.513760981445387;-0.676784841874716;0.153682146244231;-0.403597945083728;-0.8192262197583;1.38329581408642;0.789242619809039;-0.661076825171703;-0.548470319673656;-0.198888987098352;-0.601714372503902;-0.964796383000755;-0.675581570382553;-0.755066240610317;-1.04690716299037;-0.761869581589719;-1.17776511289449;-1.33960427013704;-0.941175185391023
6075;-1.87552864438775;-1.38436990119753;-0.332301395639028;-1.09184288561863;-0.979800465963193;-0.233819567784595;-1.21688083746781;-1.05146233499789;-0.20640471257498;-1.73403203096236;-0.0030394406063857;-0.508874927679993;-0.703520794993323;0.191136507950878;-0.405829802896618;-0.791822962087753;1.37836441633862;0.80292209678789;-0.749590626005433;-0.558318154517951;-0.22113199524585;-0.626871977905448;-0.949730614354586;-0.652307307924148;-0.76593172555731;-1.04212914456913;-0.688161891378491;-1.13501433398923;-1.38645363546193;-0.944170522708297
6100;-1.89520867175701;-1.40196348545369;-0.321875744861516;-1.08355829392718;-0.960222883800947;-0.229409458045199;-1.2159378502354;-1.04445399703957;-0.200810767066401;-1.78748414286221;-0.0134945675876569;-0.488239943616413;-0.704859777139079;0.12862546977814;-0.433215759550771;-0.756833638523133;1.34660060482412;0.811866965893983;-0.841593136751738;-0.607930365261306;-0.214058582171979;-0.645770248682876;-0.983829202109449;-0.660737720498282;-0.786231601271164;-1.04626892255607;-0.609544308326668;-1.12426868370543;-1.4392255392218;-0.949537944691466
6125;-1.59864962229699;-1.40085549789224;-0.369127261418647;-1.05955020733826;-0.949021059308382;-0.222908756382178;-1.21707908103069;-1.05055567958665;-0.191074323975377;-1.79991343295448;-0.0176379876894191;-0.506436449494581;-0.689076076913041;0.101009198473206;-0.414177523994681;-0.750870542005761;1.34012380820922;0.822902678796951;-0.932939655730149;-0.446430573182122;-0.206061817560674;-0.672307897787452;-0.997892756596221;-0.660647275272682;-0.815127701182109;-1.03970357711427;-0.63033819769961;-1.10947400543474;-1.49771399917702;-0.939472996610112
6150;-1.60982014851626;-1.4092318776237;-0.374007742983023;-1.05657787907343;-0.943507317258346;-0.219161543202159;-1.21937194459908;-1.06946151869362;-0.182637978151248;-1.80252179072014;-0.0307877181318886;-0.489529088882394;-0.681010466896083;0.0808667873529341;-0.405030388074922;-0.74986468819426;1.34043654643168;0.809450613541588;-1.01923250228623;-0.147534945616306;-0.196158189259557;-0.684954043799993;-0.98459177075117;-0.632727923073885;-0.817686632553244;-1.03810709366617;-0.621731176941414;-1.08393035620081;-1.56164377048223;-0.948894467551465
6175;-1.61040291086346;-1.41215408530215;-0.401820630061328;-1.04245727979854;-0.930444656496391;-0.189094157643593;-1.22210622240761;-1.06582320889988;-0.167855167882845;-1.81297994518058;-0.0260828674718277;-0.47690910849729;-0.660380777582976;0.0868857670973034;-0.408258083377379;-0.725783267544888;1.34858292936897;0.79005001681221;-1.09633588855285;-0.186819814641812;-0.187851238241683;-0.686582952951223;-0.974565209193434;-0.628988590849481;-0.827605907296109;-1.05538732068806;-0.622345640306392;-1.06321099677152;-1.62621800749728;-0.951659939023493
6200;-1.60188530427176;-1.40426267347773;-0.412250781884181;-1.02540962360288;-0.912087883006675;-0.143606657179723;-1.22480395039581;-1.04706310237964;-0.170864987061164;-1.80522090930096;-0.0310378952955176;-0.514415394594392;-0.664834431760173;0.104087969558633;-0.4036018075387;-0.71637959194878;1.33848414387594;0.781003946277863;-1.16058917702556;-0.187447472483809;-0.172354929530635;-0.720041113648426;-0.981248205517882;-0.595332755013016;-0.82665128915963;-1.05556661676809;-0.63777128081384;-1.04293737493961;-1.69588915130249;-0.948074754074254
6225;-1.61083605146149;-1.39507443402323;-0.393845661481743;-1.03462057262576;-0.920984040937365;-0.146099963804759;-1.22670571528357;-1.03060624910835;-0.167767586929183;-1.80967107905819;-0.0283555430297987;-0.559371578056179;-0.670346471074752;0.104317636702547;-0.389535401605173;-0.71018914024516;1.33561879511129;0.791286742843351;-1.19420809125589;-0.19452966059649;-0.143807558564391;-0.738505628929295;-0.982346708832193;-0.573609021681981;-0.824767027790728;-1.01434753202605;-0.607874352047086;-1.03133518076349;-1.51499702370103;-0.98499085075064
6250;-1.60376054295267;-1.37068809436823;-0.386349175070288;-1.04309464411307;-0.916017633213522;-0.12390322570092;-1.23061885453952;-1.02389871132101;-0.15719479283989;-1.8272566940351;-0.0276532413669551;-0.568466627905251;-0.646686967477786;0.105337341262509;-0.39653847914684;-0.67614108459725;1.3592531115747;0.815798732825;-1.24723533859109;-0.190064222198108;-0.120774654727974;-0.7351187429067;-0.952900259755414;-0.55954662651739;-0.821764528254793;-1.01455239982466;-0.57348332318323;-1.01896228250195;-1.52530076612538;-0.999568060851313
6275;-1.5951003838787;-1.37501948513578;-0.353969646858616;-1.03593667618141;-0.90162329054821;-0.0991151434995693;-1.19489836242583;-1.03590045263201;-0.14322523409863;-1.83224728023309;-0.0454341417676346;-0.561829969538198;-0.637411205815012;0.136198106313237;-0.379453774402424;-0.654758442291319;1.36218579064734;0.810933138574746;-0.859971756452842;-0.192233259495225;-0.11320059284826;-0.7513192050228;-0.959734279756156;-0.526840363263231;-0.7809300467876;-0.995801127206936;-0.561159337347845;-0.992612273910442;-1.59198957371324;-1.0128677809765
6300;-1.59610565442595;-1.37674629384285;-0.332353175612222;-1.01792291206734;-0.897808207920038;-0.115347131453074;-1.14956113643561;-1.01380447288318;-0.129695986048024;-1.79852117569602;-0.049180683163683;-0.575440409037107;-0.633284781313532;0.155665172708373;-0.362652708978039;-0.657206181192294;1.33152204638025;0.7981243033969;-0.66827422693606;-0.199518989611934;-0.118005363573085;-0.74633623025904;-0.932461975380153;-0.514739435428857;-0.802789084382;-0.984457145228579;-0.555943922377168;-0.968297611896492;-1.61710419358462;-1.01994407975938
6325;-1.59766483507308;-1.37020003417452;-0.317366636705591;-1.01053468397497;-0.897000368724208;-0.117300570810206;-1.13335771136084;-0.987023270795297;-0.116929394038505;-1.79842720311415;-0.0294772705748384;-0.606385172285755;-0.630463186130511;0.180679720917865;-0.355418462023571;-0.647938490580618;1.31116235168724;0.806377008949209;-0.650610608883164;-0.200093072506864;-0.111103199208396;-0.744876590113466;-0.924646354874502;-0.513651743252466;-0.790981830242169;-0.989860524902912;-0.545596226502407;-0.948180133370609;-1.67501265619271;-1.0271381201098
6350;-1.58694399859452;-1.36852231430184;-0.305342288794987;-1.00653887296868;-0.899403671805809;-0.0966111061073483;-1.11711289542715;-0.993079887762486;-0.0921619861608958;-1.82543591990542;-0.028016188865949;-0.597667205192152;-0.636971673302593;0.216946998985176;-0.346021142325927;-0.63994683163962;1.29328075119634;0.827013436687214;-0.63970150718009;-0.200754818815236;-0.0925053177201533;-0.728899783198634;-0.890182409996028;-0.501221634219569;-0.759085885759617;-1.00997341628373;-0.541486185809372;-0.924170280020792;-1.68123801146009;-1.05259620453507
6375;-1.57818091032581;-1.34061473556007;-0.296002498205159;-0.999444968421859;-0.893688779815525;-0.0914668635218895;-1.10109536401972;-0.977678250568148;-0.0706852634579247;-1.81531844958943;-0.0247397593864219;-0.606221888668512;-0.602976075681567;0.230105095324326;-0.354485007180474;-0.64201278421561;1.27792001290333;0.809768288235422;-0.629825245224046;-0.17913668903608;-0.0879151602263794;-0.724209943066099;-0.863793903379946;-0.471368172591615;-0.742269483294214;-1.01056516867568;-0.53698457936629;-0.907220058110929;-1.68590626280542;-1.06303605405684
6400;-1.58121279195702;-1.34214157904783;-0.289154742063261;-1.0041086594992;-0.906989416580337;-0.0960598946840821;-1.08445374991749;-0.960405109050324;-0.0673057900312102;-1.82682380187828;-0.0230641379880459;-0.622399319698793;-0.577372444689088;0.256617560427119;-0.345013747806102;-0.636927896971344;1.25528038162351;0.809444929376045;-0.624029299429095;-0.169500248096586;-0.0677645876547545;-0.695047775902206;-0.860704330387294;-0.455509726491269;-0.71655137872745;-0.983894674698612;-0.510004453387825;-0.895855613195269;-1.67690935092663;-1.09027766052453
6425;-1.57439820334113;-1.33311344485617;-0.285060506330014;-0.996667080734378;-0.906621101411144;-0.08900731147714;-1.07128142035033;-0.946117064235201;-0.0486279429956483;-1.837054801278;0.00911887737363561;-0.647263817696111;-0.565816630135147;0.292972591778911;-0.348649701151601;-0.60675765504961;1.22414495643593;0.82397525281998;-0.617269298641742;-0.149500067247484;-0.0777769854821501;-0.658865741898349;-0.829888932470177;-0.450650819463209;-0.736168610545811;-0.974151761295653;-0.505115369928795;-0.880874442118022;-1.65688368164896;-1.09867303905274
6450;-1.56914779983894;-1.30419787652318;-0.277493787947471;-0.979225331130112;-0.898943166279409;-0.083060319592119;-1.0497915308597;-0.932559813310913;-0.0160843314037605;-1.84234262183006;0.0257339430400109;-0.659849934438846;-0.544631431152463;0.340525507751196;-0.374668243289809;-0.619280225333444;1.21949592635555;0.821609130043475;-0.605862065211084;-0.141262682847373;-0.094159631151128;-0.650047733553124;-0.795134186608638;-0.426355029450329;-0.745729235681195;-0.963224303179207;-0.498455026208163;-0.865233385540733;-1.64355831978021;-1.11690636570268
6475;-1.59046047336131;-1.30265888340895;-0.322293504156663;-0.974081243971521;-0.886461383241077;-0.0816851983255832;-1.03665057626155;-0.911629656107367;0.000441083521739394;-1.8454785136196;0.0267781966909718;-0.651332825402918;-0.526432536425857;0.337466890660432;-0.390703719213533;-0.652693790380842;1.22880440586203;0.805678664720621;-0.580512580201139;-0.149997699439354;-0.0938910879591147;-0.627797507557243;-0.760903624173427;-0.417912150750329;-0.735674849367101;-0.984347908426997;-0.482148302011015;-0.859416700133372;-1.62358560783028;-1.12610131488843
6500;-1.58821462634948;-1.29947764662343;-0.32778699236478;-0.972955486083587;-0.863639341942688;-0.0791249717409948;-1.0346006098429;-0.894713640583025;0.0138600085353124;-1.85247441368348;0.0325944380435811;-0.655372581005871;-0.505203378210807;0.374476082215452;-0.400924122883166;-0.646326348198275;1.1948478216423;0.780891917346158;-0.509175184562594;-0.139776270009047;-0.110276482689284;-0.614013750384218;-0.750155434142587;-0.398508673393394;-0.695871596951486;-0.985321013544731;-0.460803767847391;-0.852263223245048;-1.59849909163484;-1.1362525788674
6525;-1.57871449817901;-1.27103255680113;-0.316729300550764;-0.959021049527103;-0.860906958273231;-0.0818606185793683;-1.02302007894582;-0.886710856706345;0.0476201762055155;-1.84940614676915;0.0506799282636582;-0.679341842015101;-0.459151886382287;0.398952542851415;-0.420610362750344;-0.652048835549866;1.16893524474166;0.777573093977118;-0.454197726358806;-0.132337283783441;-0.139707322762285;-0.5994878194197;-0.721889443495643;-0.396614576047165;-0.671404101415021;-0.956546563597427;-0.465147206489648;-0.832000044768066;-1.59440670558285;-1.14602963402835
6550;-1.57299693755273;-1.24645357821723;-0.329207924482004;-0.957140926298832;-0.844048297401298;-0.0902903346152296;-0.995302284624468;-0.872656481353189;0.0784425318937824;-1.84248070144825;0.0767155748172256;-0.689605839060687;-0.421857841299077;0.418660645056159;-0.447276063897763;-0.657076148413395;1.14331464539335;0.769830699314475;-0.404217130367678;-0.133890327905003;-0.164723274233001;-0.562143557443737;-0.687314966041105;-0.391369672884146;-0.671370860856408;-0.996299071307276;-0.469430040621507;-0.804080177248582;-1.56007349952064;-1.11808610777206
6575;-1.58309746086313;-1.24328543826622;-0.334540371330989;-0.96082759493237;-0.824516270676013;-0.0953037210122408;-0.968728323109176;-0.845139774767044;0.0993230183336602;-1.84054527031979;0.0727405351153513;-0.676140607527487;-0.3954792609834;0.436057444191498;-0.489864565926534;-0.644070415783562;1.13833918020214;0.781109432242405;-0.416965661208055;-0.147103971086565;-0.177207153899416;-0.544750253175921;-0.665777217118023;-0.40705813008681;-0.660965874201061;-0.961351116960773;-0.455469951041323;-0.770730197210859;-1.53185294359703;-1.13168850790495
6600;-1.58531603784689;-1.22525781928119;-0.327333735185642;-0.957415401219784;-0.812650120821544;-0.0908971615383777;-0.947186088972819;-0.809687724370479;0.114141984694173;-1.85311131559194;0.0998092070264246;-0.675301185155242;-0.374435055704726;0.432392669860962;-0.492861798830459;-0.647623844679164;1.1114902441977;0.798605474017946;-0.414945651803182;-0.160918845918421;-0.181460579025845;-0.525507235241735;-0.655289131618949;-0.423827243949358;-0.651491732794437;-0.949800926963457;-0.436882236554138;-0.734994569970003;-1.50656308503963;-1.14076557884795
6625;-1.58368090902006;-1.204152601731;-0.350527083042706;-0.965900073051301;-0.796782994903347;-0.100426916354675;-0.932623465208484;-0.794675784209058;0.143974656866949;-1.86910730809624;0.121086921632945;-0.686023664946429;-0.345306191665744;0.431415585618231;-0.523897062551244;-0.642032367058866;1.0921067171266;0.781185061125069;-0.335493776293331;-0.153260234313703;-0.193406019273865;-0.497978939632745;-0.629371576467577;-0.423928724932594;-0.616444290937296;-0.924537892711493;-0.40693111671461;-0.69965052750752;-1.49221824275522;-1.11870778348446
6650;-1.59463251418337;-1.20036720327349;-0.346372659749129;-0.954751818615414;-0.753403943104037;-0.106268307749331;-0.906170841556857;-0.768442272846795;0.170441812725153;-1.87173292630759;0.116998770290148;-0.704533349087568;-0.299140210195109;0.437405181230684;-0.561390371060059;-0.645587794176946;1.10071547241885;0.786246110657541;-0.233003977250978;-0.155542629517545;-0.199032293037589;-0.48987418608724;-0.591092302829962;-0.426602443425758;-0.605532650472622;-0.925248925976952;-0.415817928980788;-0.667704781021187;-1.47523060973668;-1.1221587471957
6675;-1.57444135378133;-1.16771384153057;-0.346408255537135;-0.946612355144354;-0.748313902022464;-0.102170740040673;-0.886148137948604;-0.734351097825785;0.184765292779643;-1.85603399941979;0.126274411428777;-0.7137176807414;-0.265395005540998;0.446946609641194;-0.62010740816211;-0.615342338876572;1.09616180329032;0.822195891059349;-0.114291795768255;-0.157122722739985;-0.224261237388886;-0.4860217037426;-0.554978750804172;-0.419062560808114;-0.611247241721856;-0.917571502588216;-0.410534026135594;-0.642418099509597;-1.46523652742683;-1.12013237631934
6700;-1.57338341256053;-1.1633923786071;-0.340287422601547;-0.951703673965967;-0.734457937089134;-0.119459489961739;-0.873328385119822;-0.712960903353719;0.194499662902318;-1.83354830429551;0.146087894714696;-0.703716398779672;-0.236337942255143;0.427742774708399;-0.656536182882363;-0.594762093140775;1.07521889041147;0.819176601161762;0.00479400352374975;-0.170547834021566;-0.216192301158139;-0.460470074977905;-0.542276028612657;-0.421162212483896;-0.601237216816776;-0.916757816112823;-0.355782427547382;-0.624646736622095;-1.4489664302772;-1.08736191122379
6725;-1.57483091815306;-1.17170343177878;-0.347370673073602;-0.948013170052788;-0.706326206582468;-0.121899713994239;-0.853325208882806;-0.671748377641955;0.219087411155106;-1.82463141972087;0.168717722367913;-0.716095656788224;-0.230478740104945;0.418970785143224;-0.675915837699688;-0.601738817259073;1.07930468732364;0.82458863105112;0.109645708526609;-0.17016610235244;-0.234113253568176;-0.444044406886691;-0.54232162208218;-0.423511266765639;-0.599654684488133;-0.88580151640508;-0.330742911749597;-0.635524257219298;-1.45904946468755;-1.06432808712306
6750;-1.56578380250936;-1.17240077773194;-0.360539938759433;-0.946017626771871;-0.695744846710577;-0.117917142793538;-0.829145778649205;-0.651890383790692;0.255953020711013;-1.82915344074104;0.180896747298185;-0.72207181121544;-0.218545974615985;0.430516896851901;-0.713930753868706;-0.57476793895302;1.0776207423468;0.80586967633683;0.193284550779432;-0.151801182496099;-0.252468919558036;-0.464354944320684;-0.515679574878984;-0.438392091308003;-0.569811477216487;-0.853592254293859;-0.302957320176934;-0.667341886562341;-1.45895019841026;-1.06331402679835
6775;-1.56141055070147;-1.1596744110624;-0.34189733686326;-0.940544653228213;-0.682522156211498;-0.11612814231791;-0.813769266282144;-0.629752597098155;0.270829090526597;-1.81269459576498;0.191673701509344;-0.712724772867051;-0.202299241679316;0.418332089298072;-0.729374938785025;-0.574611390390637;1.07427346833867;0.799820301653332;0.16734301328664;-0.153511081677675;-0.256713674823922;-0.467031292013735;-0.499232883059477;-0.444683128938065;-0.547136238598654;-0.817587738002895;-0.299730760270872;-0.670316219082204;-1.43191827252578;-1.03029519950539
6800;-1.55102326383618;-1.14904766321504;-0.350675082118358;-0.932898906697053;-0.645483700630296;-0.116172864419431;-0.793402633203449;-0.603976936114356;0.272530396396454;-1.79187511298313;0.207620233820053;-0.72995816019671;-0.187304320325309;0.391774980361034;-0.740694731363536;-0.586291230084009;1.07109828927556;0.843891803073109;0.0133337644411791;-0.159958317849841;-0.262028858697539;-0.467191662538174;-0.498917081401065;-0.450502772645769;-0.546101715461075;-0.821520673418929;-0.280302187316521;-0.671244693403264;-1.4233253614429;-0.980919844933097
6825;-1.54590714357139;-1.12885722457578;-0.347893941606895;-0.927388108053415;-0.625380164132962;-0.112886477467218;-0.764607567061331;-0.581828188953966;0.297239243186771;-1.79364356835003;0.210791356996584;-0.719185608133475;-0.180241026541273;0.396359721174413;-0.769428581739855;-0.609707546800456;1.05956454752916;0.848471280332937;0.0392843051094199;-0.163805094079633;-0.271879382605692;-0.466726598280002;-0.498164876027341;-0.459735341460739;-0.540317225749055;-0.817427098446145;-0.261997779146386;-0.684023780517668;-1.43005345312836;-0.969569061037576
6850;-1.53714901159741;-1.12104365667026;-0.343833709849672;-0.91248782988805;-0.612388600136305;-0.111915279295037;-0.759891818948817;-0.570846500282841;0.312256698711643;-1.79379401296844;0.224950047194829;-0.705876061547976;-0.176510231135753;0.380355254402447;-0.774816545100371;-0.628149480382425;1.05607284287278;0.834826809255334;0.0127542351337846;-0.166745599007464;-0.265885592984395;-0.462407462770007;-0.48720727929192;-0.480616777862153;-0.554091223743906;-0.805606840821095;-0.247171033190511;-0.688954814288836;-1.44491290782331;-0.953409404491924
6875;-1.52627011331712;-1.11759201887441;-0.356259831268191;-0.92275114748419;-0.59367612581775;-0.108231003996778;-0.772688636267996;-0.552011898631479;0.31488194283912;-1.77570956393263;0.245637291187871;-0.703703169156249;-0.154773187550853;0.379209451261591;-0.771610330322874;-0.657412882315249;1.06627041203983;0.8293346912338;0.0306052487779818;-0.164030194663427;-0.262124550556231;-0.468265513766572;-0.476729459993686;-0.504970143270542;-0.546175829620928;-0.790488793365002;-0.232118969525679;-0.68192523661669;-1.42181931892175;-0.932843358413306
6900;-1.5229105286169;-1.10542772581983;-0.35107405990969;-0.928552749553922;-0.584150068600175;-0.107309458413397;-0.770089082729023;-0.524650172297929;0.3371415318707;-1.77033851413074;0.242916247328629;-0.723386524058278;-0.144970725898941;0.366540333941993;-0.762256442021183;-0.686940207654676;1.08646942176538;0.846089033426706;0.0444897041003145;-0.174481338499887;-0.265400437980103;-0.456947104996661;-0.47202163041825;-0.518072374195074;-0.545290514053246;-0.778644799939427;-0.214027858981468;-0.680120668407983;-1.4116405407386;-0.901189254435492
6925;-1.52235737335215;-1.09934651958959;-0.367282561090785;-0.931695209768416;-0.561889134882087;-0.106811283713348;-0.763569235546151;-0.50819412184679;0.344976619570297;-1.77115375126881;0.255806416430876;-0.733871081282863;-0.141462502677767;0.361644237347153;-0.765772030857107;-0.721438468744387;1.09038745537593;0.883001477802799;0.0297492593142215;-0.184061343000667;-0.2543079896069;-0.434592344126312;-0.464307366016601;-0.548879240422413;-0.541124173952685;-0.760687805362603;-0.221933672824443;-0.65297516308996;-1.42316585408816;-0.887408842679195
6950;-1.51980208482633;-1.09751837934473;-0.379177515231962;-0.93377874747946;-0.549143177349087;-0.0950483106998566;-0.761811945761041;-0.484731282053417;0.338537241716435;-1.7475698147477;0.285199206440101;-0.71124695097456;-0.154747223077407;0.364918829125614;-0.778216642441227;-0.758486522354302;1.08383707295064;0.89783900884831;0.0398163433842882;-0.191721925024519;-0.261361863169045;-0.42346222814249;-0.475641122015792;-0.55373363274473;-0.531231546734558;-0.72880795263728;-0.220319082174429;-0.645155732263976;-1.44442998043823;-0.883272101469233
6975;-1.51107130722449;-1.10572967910216;-0.369162210755866;-0.918470928891818;-0.535303481470446;-0.0920362795259247;-0.765836195546378;-0.474757119352682;0.347799917668224;-1.75982828766668;0.286028044741988;-0.743060900252729;-0.156974770412931;0.35423423143424;-0.777481946461589;-0.762153572924247;1.09108977873373;0.902116394693722;0.058996228239626;-0.203109005876161;-0.250155011849368;-0.431242652156201;-0.484233874781743;-0.550577137297031;-0.499772373280501;-0.707728458742401;-0.221449403535166;-0.634878168091896;-1.46138764428061;-0.867372831755488
7000;-1.50157459641393;-1.06922410065833;-0.381879347266549;-0.905160116323409;-0.504287432751937;-0.0874759568853876;-0.768455294493165;-0.470300499272222;0.349181056883717;-1.76720375905995;0.286348883063835;-0.737292322266453;-0.142445060828661;0.362852434332725;-0.768683288687452;-0.782206664833671;1.09775962436639;0.893481122728574;0.0680975978312555;-0.198207462430245;-0.241315528182152;-0.432255396864534;-0.474488946830899;-0.550281903781269;-0.492156855905377;-0.689084584193767;-0.215115742605356;-0.611188410198535;-1.48032123165465;-0.859499852595577
7025;-1.50840103291793;-1.04796344077013;-0.401480469903541;-0.9129855882501;-0.479564952647481;-0.0767820727309297;-0.771159169864189;-0.434311897110567;0.349618122984327;-1.77133071815489;0.29384155286814;-0.738776476610141;-0.154344342181353;0.359681509011371;-0.767531610696585;-0.802315494378508;1.09258314960445;0.919422900857827;0.0830671597490938;-0.198898263646388;-0.241668706797846;-0.398318456707278;-0.465193503370862;-0.548160342863419;-0.493119041025009;-0.661833152442497;-0.210386638818527;-0.601425319699865;-1.49569888636728;-0.884635921199592
7050;-1.5031581386748;-1.05373122121098;-0.424511243126753;-0.903362438743719;-0.465752735776638;-0.0846710568331653;-0.779612514229246;-0.410667978817285;0.346962075484664;-1.78180573102331;0.291058959563955;-0.746020404885309;-0.157846091821925;0.376532774706343;-0.762589240372232;-0.813151314947559;1.106780967039;0.924289702381082;0.083306344707669;-0.214741137288574;-0.226847401925684;-0.397244270071709;-0.445391513941248;-0.546354225381312;-0.475070589311736;-0.637126181182833;-0.218184955136598;-0.591951195734321;-1.4976313595738;-0.891403756776527
7075;-1.48466188098429;-1.04055911279463;-0.453360988702782;-0.882111559969953;-0.444784942926531;-0.0816539460531892;-0.787415334510823;-0.398309694584836;0.35226548693376;-1.78441254835165;0.300881506743891;-0.735314154418169;-0.15290398909222;0.368315922470593;-0.735395254026101;-0.831421862803333;1.12605973431944;0.918433461103221;0.110531394519753;-0.20685615608112;-0.209779714942081;-0.411415325157548;-0.431638178268033;-0.554977946109344;-0.495746134355034;-0.628533951199489;-0.227962472476378;-0.582695467183432;-1.51622620516627;-0.877902040354236
7100;-1.46286306147503;-1.02280305096872;-0.490707959932997;-0.846906183674021;-0.427744025396959;-0.0658806940763762;-0.807383100414031;-0.369745476079429;0.364597350258917;-1.78981573961655;0.289464173955564;-0.716895320202863;-0.135642853985161;0.375179788709596;-0.710681697824196;-0.854443320118343;1.14690343412385;0.929175567889449;0.123362824297941;-0.181118556677327;-0.187552501444007;-0.394300026659972;-0.434634608871345;-0.562083713030729;-0.495365560003996;-0.613835249482899;-0.239536595303726;-0.575361861690622;-1.52543850635551;-0.88977079297545
7125;-1.4701630005706;-1.02849239164656;-0.510921763299759;-0.826303265968738;-0.428898531250796;-0.0525553105083046;-0.813633306169843;-0.346913700378323;0.37941594492328;-1.78151218799456;0.266798967216629;-0.717874705637928;-0.121280345437838;0.402640408521399;-0.685982429426096;-0.880428832937674;1.16341165945402;0.946194780276775;0.131523219819266;-0.174119786089284;-0.187110833429048;-0.407651682227389;-0.429975948747319;-0.554797087552833;-0.466142614597583;-0.622196362288979;-0.25132257977578;-0.57940548715578;-1.53486977515884;-0.896083315003233
7150;-1.45505672315027;-1.02129691811659;-0.529733094934858;-0.792255657496472;-0.432882950365651;-0.0391992027797222;-0.831519664499419;-0.332334351517236;0.371250406755775;-1.77846393338629;0.275229799159884;-0.716887424027256;-0.118827816329117;0.415774008340675;-0.669044551644037;-0.91113689341961;1.18560842015895;0.942156482842599;0.135198749138424;-0.169137265514773;-0.174461786008739;-0.416323574116176;-0.429712495263927;-0.532456451487552;-0.463367371193558;-0.615109045430262;-0.262001435069873;-0.580522313982542;-1.58571547753739;-0.896435375025054
7175;-1.44521566887996;-0.994470714920768;-0.553609082767002;-0.761709797934317;-0.415274194159002;-0.0160817041959941;-0.847592725344403;-0.304237239512536;0.374278969912392;-1.78375805117196;0.263464218111014;-0.71835787443669;-0.0950111308827147;0.401121546428079;-0.657868315758545;-0.919997054030881;1.18988453663504;0.955862953242484;0.169991930484027;-0.138983328784049;-0.147488001973399;-0.411842072881644;-0.432550597508078;-0.541073610362989;-0.451427033172922;-0.567000841337783;-0.274100771940037;-0.580542134405928;-1.59893168727305;-0.906901306926993
7200;-1.45053544198175;-0.984426095981273;-0.564974181455704;-0.72044969653416;-0.391712683320859;-0.00786073055819556;-0.846777543231276;-0.283836040172566;0.385202369997649;-1.77537221708158;0.257386593736063;-0.712423868127944;-0.0956968978817805;0.419599379996117;-0.645439947921779;-0.902644630420205;1.18355201118593;0.989333152150284;0.185129051663341;-0.108651879484081;-0.150809646274249;-0.42685652982951;-0.413384893997129;-0.527938002627095;-0.436141544619325;-0.580539412810654;-0.24783179829527;-0.574860518325049;-1.59457192114762;-0.906889766824664
7225;-1.44257181588455;-0.980347096862454;-0.565349430162657;-0.686067925131582;-0.365676150902559;-0.00224782713518343;-0.856862861426113;-0.276047890645213;0.400008703656772;-1.77265482182038;0.249776647855482;-0.705132052442824;-0.0947640067099032;0.442205946226216;-0.585840461330356;-0.901368660165853;1.20448793725174;0.991439701084563;0.187271157310755;-0.0794936719481667;-0.14922826319189;-0.437927746736633;-0.398366627971436;-0.535983008373226;-0.432044607549281;-0.569474007379466;-0.117846765101032;-0.574760764306843;-1.60926703749719;-0.912578639779188
7250;-1.4411379127948;-0.966452259836785;-0.577969129597889;-0.662031049567408;-0.349240289573678;0.0182956668401625;-0.865236167676282;-0.253675193589827;0.409000605289214;-1.76496041887192;0.230762617288574;-0.702959550988566;-0.071628715439444;0.454928124595639;-0.560422494816185;-0.929093298241906;1.2092971278386;0.993258906852385;0.194298218155369;-0.0671408023839755;-0.126376070941807;-0.430753502909216;-0.394389144875514;-0.55754991336046;-0.417299992347133;-0.52438591431329;-0.096681730978736;-0.581662610930536;-1.61921743535854;-0.916420823193535
7275;-1.42679148059619;-0.960362217170022;-0.574344036562625;-0.624777857874647;-0.34318536655653;0.0488350204857812;-0.855940434235206;-0.239710207656427;0.405907874887558;-1.75730380570482;0.223497221596669;-0.669885390155736;-0.0653412562201908;0.459999046561814;-0.53212810071211;-0.933345267583504;1.20643688801284;1.00156094773992;0.205735625099404;-0.0436877024921207;-0.128001206459048;-0.431283397342726;-0.384622036538562;-0.531521132716324;-0.411927942330399;-0.502636593592808;-0.0689078617099015;-0.583021117776511;-1.61891533365317;-0.929730232964487
7300;-1.40949541171582;-0.95706904036361;-0.576762591415253;-0.582074731625273;-0.327552139909789;0.0629969132664036;-0.84717616037798;-0.244314595542572;0.423661479079371;-1.72771033367764;0.238607413733412;-0.666012500526295;-0.0575814007121521;0.474761637974072;-0.486529591229199;-0.932850033074025;1.25717395053235;1.00329467277873;0.200135647323646;-0.0105407932239769;-0.114471412917337;-0.420355209967484;-0.382243289865004;-0.527973571054047;-0.387390225853578;-0.511538966494935;-0.0322419276261044;-0.582369835363901;-1.63495284312764;-0.937082644996438
7325;-1.38885354582609;-0.951735933655892;-0.572919417215163;-0.549358036986819;-0.317306547594498;0.0794349075642448;-0.834214911898805;-0.238055088971081;0.443473827961302;-1.70471918210772;0.236798329932966;-0.652190385693823;-0.0476485316510374;0.505489787904826;-0.461264431721336;-0.956699450657063;1.26698972248676;1.0109060978447;0.213037509152636;0.0334588749406981;-0.104829971183435;-0.397112276245147;-0.384690979658687;-0.524051615319521;-0.36172914651631;-0.496384742090143;-0.0182986550472451;-0.583649909983439;-1.65677201852997;-0.9149362188311
7350;-1.36855452609955;-0.938510642892891;-0.568980989792469;-0.507648735801321;-0.307838166741243;0.114639036176499;-0.807490179326806;-0.228282858269758;0.48151799437978;-1.67403919588628;0.227510857219465;-0.647780515017837;-0.0331357514337458;0.518198037569122;-0.426790969226026;-0.938121182738474;1.27626102783452;1.02126676608154;0.212289413169925;0.0585042872911652;-0.0966712779090412;-0.39648124709443;-0.36117430733623;-0.525763984807894;-0.353369064893764;-0.450582510905014;0.00213843638609164;-0.583645855367731;-1.63336466247323;-0.901409463107617
7375;-1.35262462107599;-0.928967521192568;-0.558782099145757;-0.455880516538479;-0.2969616932875;0.131582370566641;-0.798029852237912;-0.218892509795394;0.494407695540394;-1.64315249334322;0.238738785840597;-0.635203668665477;-0.0345310796750276;0.540823203206034;-0.398848615976685;-0.906593387138704;1.31865658430809;1.02544623791514;0.197417448439301;0.0934154999132701;-0.0742455813477844;-0.376477011670806;-0.358996045854124;-0.526926326678703;-0.334464665476141;-0.438832801905076;0.0152478985246031;-0.580288765153132;-1.63385306158509;-0.896476312524155
7400;-1.33431937505433;-0.923117387375355;-0.538207325144289;-0.431776166337886;-0.282763938402112;0.145102562794469;-0.783790086415495;-0.205663733682433;0.483553452078673;-1.59492501539472;0.233502494704535;-0.611147725491911;-0.0417260564467055;0.542995112493549;-0.37712367811519;-0.876479554422887;1.33503370691233;1.02231728657052;0.198862417441968;0.126962747903;-0.0770866280468851;-0.366706181323663;-0.350991039175199;-0.506779272087516;-0.30740279108978;-0.419126975099427;0.0394247042828106;-0.574483037444736;-1.6415415886604;-0.890289959213315
7425;-1.33223600875573;-0.928396621166305;-0.508499512621744;-0.387455968530919;-0.275087542454237;0.169330786814804;-0.75995964843444;-0.196607721493873;0.516459226816718;-1.58130972146754;0.248279095358444;-0.601360962492797;-0.00924113406328235;0.581441495250282;-0.327540317782962;-0.872581607574558;1.36799443847954;1.02350598506107;0.221825225633593;0.162590048088735;-0.060147121555829;-0.358981289238377;-0.353841824937985;-0.489415383222204;-0.282826165412192;-0.401339572559402;0.0720201726093123;-0.571633903258463;-1.62575927334967;-0.902060377744758
7450;-1.32283615570813;-0.920102126556434;-0.50337000211204;-0.336382524093616;-0.267434362895002;0.193364355438766;-0.774204326099062;-0.195786733040418;0.529226556368392;-1.54782482105891;0.257268608076826;-0.596599796475706;0.00634010329026697;0.63093298062928;-0.31532195335299;-0.847874239493266;1.38447050585073;1.03370770735276;0.224893749430534;0.20051812687491;-0.0497577779721138;-0.348560526288104;-0.353945128545496;-0.484060428149499;-0.259453861197968;-0.405830005362072;0.110606974729535;-0.5589461740311;-1.62652617194179;-0.898877588548239
7475;-1.28385900487442;-0.907489968125519;-0.484215670680217;-0.308038055007896;-0.262151643349967;0.210217095095322;-0.776863889983828;-0.193829702624132;0.537939147277134;-1.51717953121103;0.252322004630132;-0.591881596331268;0.00865006077810566;0.654267663366389;-0.297330452517414;-0.827798233053623;1.39135460521177;1.06441401386359;0.211858258603998;0.229093378189993;-0.0422047515786844;-0.35736095557237;-0.358196267814576;-0.501588546338561;-0.242603297997134;-0.377522063693571;0.140307482634708;-0.547239942300222;-1.60271495615246;-0.877330124815498
7500;-1.26342165811401;-0.880920828385262;-0.465615307456646;-0.275345449087288;-0.251236576187932;0.222333128698165;-0.763668920728695;-0.195197847242061;0.553485518921121;-1.50563153085901;0.233831551454271;-0.575222414600835;0.0238269134551842;0.703297894343043;-0.26858705147056;-0.791494770358232;1.38788586052261;1.06208190304564;0.198620138168788;0.256685491290031;-0.016963457241454;-0.367009463308032;-0.355789467427711;-0.511755717211104;-0.229583215831746;-0.355753499852281;0.186581734075565;-0.550680373850228;-1.59665228890501;-0.883236247559972
7525;-1.24986693143239;-0.883269075400357;-0.439521572591898;-0.249528124983752;-0.242316685368551;0.24873240015561;-0.761502955855766;-0.194376233247163;0.553940555040506;-1.48508371916311;0.236988823857699;-0.578354665675577;0.0455187468359616;0.725824046869751;-0.248371075222905;-0.770356571961385;1.38365549238289;1.07441445210926;0.204502170285088;0.270436932911363;-0.00931911667693166;-0.342610344794242;-0.362462273590462;-0.485535913976301;-0.212388559471922;-0.338795848653434;0.214513553605981;-0.54228831073987;-1.58856606899929;-0.903857828141962
7550;-1.23053391726541;-0.897001497578199;-0.427827050962991;-0.230682316884765;-0.218934535660243;0.265769178955683;-0.752483988013245;-0.193581750143771;0.546218411482104;-1.45871013158883;0.255969575224406;-0.570829799699383;0.0507102298257591;0.742470130150578;-0.223066176222579;-0.757995721144866;1.41396864157033;1.09690578162339;0.208456389647362;0.307550769763856;-0.022767220069066;-0.328019138374609;-0.352222286446241;-0.493155143044435;-0.187044745387382;-0.317151228043922;0.259343033508373;-0.524660425912483;-1.56157801994531;-0.829694025436195
7575;-1.20594340275106;-0.880898511913803;-0.403919473758674;-0.204553264067131;-0.178994047255967;0.289401140844369;-0.739957204662056;-0.207382123006219;0.528658491375358;-1.44659928303804;0.254805489229385;-0.576907708455987;0.0332480808971669;0.76632660146262;-0.219227310621925;-0.700772849177686;1.41659800763542;1.09138844969685;0.195921132089175;0.32977904060223;-0.0241527801890892;-0.325482435616655;-0.331238218774745;-0.52004607122515;-0.160519257266664;-0.317624289404383;0.286378861568837;-0.509855465104792;-1.56811447414177;-0.807505850265192
7600;-1.1949869736651;-0.867752719464408;-0.379910838970432;-0.19054501552292;-0.18953247279;0.303274117942835;-0.734246092968783;-0.216908967523413;0.517885892718243;-1.4543370799552;0.243600674893607;-0.581322971061065;0.00978715312817187;0.780271166971429;-0.221960543225958;-0.667271228875704;1.41449648503729;1.09714475275253;0.188117069468228;0.353629660388799;-0.0379927627522577;-0.304106016965205;-0.333237281628138;-0.526775443664811;-0.144265347080241;-0.300067780573854;0.316070002866666;-0.506951958897872;-1.57981039753029;-0.821259890919901
7625;-1.18697735603189;-0.862890444212956;-0.357854201668174;-0.178268547002797;-0.214724751281655;0.306954004581594;-0.741286108424797;-0.222922152093093;0.514048972256935;-1.45092304063785;0.243008147302636;-0.576183660162504;0.0102866776467591;0.79797248052832;-0.23967808046766;-0.641620525654689;1.40314767892361;1.1011700554538;0.162369015063697;0.387316262038883;-0.0487642499146074;-0.284419506923316;-0.343448132704699;-0.531077392107133;-0.161385276687798;-0.261383771014214;0.346467330142065;-0.502901977945793;-1.58958001366152;-0.809212587955493
7650;-1.16782102819724;-0.871013558654517;-0.348677131266534;-0.165015975626844;-0.212370695872362;0.308211682615135;-0.752192022671256;-0.242621741080377;0.508833121319394;-1.44691035473194;0.255977205752767;-0.566474433862276;-0.000391178407585002;0.828547459106723;-0.259119474456091;-0.63015302148728;1.39256939296602;1.121850091474;0.156451485256189;0.406361891534529;-0.0486546157851614;-0.266358173372993;-0.352938722263982;-0.537535979408079;-0.151111078922051;-0.263684348006575;0.384933271193649;-0.497275894727769;-1.58814360717555;-0.793732172355618
7675;-1.15150512093824;-0.856569097535079;-0.340409277200294;-0.135118843214616;-0.207189624934207;0.314001030106136;-0.752538806566238;-0.257689796700028;0.487913354526719;-1.46388093712132;0.248011026681173;-0.569374135324011;-0.0133943600953684;0.831448225713878;-0.254192928060988;-0.607881289868882;1.38446671509371;1.12901687278946;0.144184038336177;0.416628028199443;-0.0672163435875896;-0.235205505332728;-0.34564724233635;-0.525271050375232;-0.139441855302383;-0.258841936109271;0.407595117870925;-0.506509174611783;-1.60261805490927;-0.768068220855992
7700;-1.12613104940611;-0.849903959573326;-0.327714585852668;-0.120281887643359;-0.211397317851707;0.325010201350831;-0.753613626037183;-0.286088647672677;0.46529040431537;-1.46172000475098;0.253201149014339;-0.555153168705257;0.00383038841717749;0.836236519280317;-0.286488471565108;-0.606838271660719;1.39997312518511;1.11135811378591;0.13442807773207;0.443844949636556;-0.0888840628339088;-0.214405776398854;-0.338976070562757;-0.52642663199833;-0.130143067618665;-0.246267042225099;0.435827432746554;-0.51435633752211;-1.59569324147754;-0.770143680188792
7725;-1.12291267236626;-0.857908919818505;-0.324617151363683;-0.116848905081156;-0.232137173700361;0.330632365321348;-0.747938029574725;-0.317994762317936;0.466560428633498;-1.4430289470679;0.268336122828318;-0.555531354956298;-0.00647563956624513;0.839477398601585;-0.301089862760283;-0.593164783715961;1.39610684160141;1.09877166917895;0.111195542662108;0.472687763127115;-0.100101551439351;-0.188910650405518;-0.340475040761738;-0.510622244845363;-0.13278463193841;-0.241100751527401;0.457573907920537;-0.517265326045818;-1.58700663815149;-0.764473084928331
7750;-1.13567652046522;-0.850171282106211;-0.306676066867474;-0.113419480984591;-0.248053359629471;0.327765861753815;-0.738716963254579;-0.355447091213361;0.465206674172408;-1.45442364202806;0.274896064810852;-0.543425129323915;-0.0131453532677737;0.822977191656051;-0.302223766081521;-0.620198372001387;1.38301216589525;1.10210367911561;0.0879712950296528;0.494007076790262;-0.120097169439718;-0.159228995122105;-0.335782101567916;-0.515711040435074;-0.146407824808412;-0.223844565240912;0.496822072998171;-0.520965364615133;-1.60438418638245;-0.764728033547519
7775;-1.13405756632259;-0.848661515721839;-0.313155934307402;-0.0954732900307092;-0.265318528404078;0.336361386808917;-0.732093508878197;-0.391386875981484;0.439524683854843;-1.46324813998038;0.262327351333585;-0.539367542363602;-0.0185032457075065;0.820874797696822;-0.29881978004323;-0.656162485905409;1.37554200589435;1.09387564097436;0.0885963263070826;0.513593977456924;-0.131390545019404;-0.154042049823913;-0.34339684535865;-0.50875021209451;-0.129546218926827;-0.2033444557406;0.507434233001211;-0.532794889776226;-1.61502054542296;-0.758080029149711
7800;-1.13111301426157;-0.833229459985367;-0.3101620458823;-0.0964722694229388;-0.283291474354098;0.340654241173345;-0.74196396559424;-0.429664056958018;0.429136977001175;-1.47875843772038;0.266775116472828;-0.51199249794715;-0.00911016025541027;0.836906442833876;-0.312561698892263;-0.664926862219272;1.3751492693485;1.07356674025893;0.0706837386408053;0.523948047239461;-0.15264107284309;-0.145519095191967;-0.355869357107591;-0.514723176742344;-0.126194063749598;-0.189027443152786;0.540721582076242;-0.539571522617189;-1.6225171810343;-0.762299336410588
7825;-1.13515967893727;-0.836881457100593;-0.302597416820647;-0.104323739748652;-0.301388330393479;0.343071619002835;-0.732878515222197;-0.461960323191631;0.424199205114603;-1.50368144749015;0.28306119587815;-0.48064419981476;-0.0197961977550232;0.834178569332017;-0.308677148504361;-0.644472703642495;1.36661693765604;1.0871127228417;0.0762962479883909;0.538720063743694;-0.16285410532146;-0.123063176107089;-0.348748429359979;-0.483431814657461;-0.120034457492106;-0.164059949018568;0.554523424696043;-0.527345320304179;-1.61400466993846;-0.778794803164594
7850;-1.13975996096413;-0.842838915393623;-0.307230157874156;-0.10936196929983;-0.317063007263462;0.341733611266669;-0.707344871369884;-0.493093122471059;0.42540891502445;-1.51259686006705;0.278852866252301;-0.496353665896923;-0.0205037280680276;0.827706173736906;-0.316844314788359;-0.679226621569912;1.37451006390341;1.09525028110652;0.0908239626963772;0.562872387946576;-0.159156545768767;-0.091641644731779;-0.351986146574243;-0.455813996770221;-0.124379741254105;-0.148551959740738;0.57241850335714;-0.514428776948425;-1.59921018905829;-0.742540253142151
7875;-1.14317378044041;-0.834253684294033;-0.300265133238504;-0.127102886883671;-0.318930161942494;0.339795803767873;-0.706114608083613;-0.532678520705553;0.420202632018428;-1.5058816881722;0.280010717686385;-0.50350193026978;-0.0185169585587992;0.826127043318191;-0.316516029806648;-0.682088346712903;1.38978113291953;1.09787441208833;0.0854188706999333;0.578593224477129;-0.156567879931053;-0.0732898518029257;-0.364748298396879;-0.458755260315868;-0.136377177602229;-0.140926492213898;0.579982693242462;-0.513506938967682;-1.58731242023135;-0.736249023154308
7900;-1.14244197750969;-0.841526986350514;-0.300575365855071;-0.158922881414499;-0.330738345819789;0.36150045696242;-0.703568251732833;-0.552695135807287;0.400025315098669;-1.51551022758828;0.285190479634026;-0.500202259966603;-0.0204733798116619;0.821675419354962;-0.315332402218815;-0.699674767755932;1.37152007672259;1.10322659239293;0.0710290137416081;0.597959102863029;-0.146687978264426;-0.067613672041303;-0.361073299868109;-0.459981886717001;-0.137669425832944;-0.12115097175295;0.577715982629088;-0.506453186095796;-1.58266569405289;-0.769116224538098
7925;-1.14789479469713;-0.847556365483826;-0.30044041801954;-0.182180252677011;-0.350476499720879;0.368345593906383;-0.697366368036019;-0.59299424024856;0.404313031660559;-1.5389744993047;0.286621853560609;-0.495232911545451;-0.0576837813369433;0.828151525847123;-0.315168670092071;-0.732618819859147;1.35808474361128;1.1117683747674;0.08948815344346;0.605886454292746;-0.144537750028522;-0.0466864107736258;-0.353880050169079;-0.451983551017479;-0.130846501708843;-0.127322741489038;0.57713976886955;-0.486533103980694;-1.59484902641871;-0.779834371685548
7950;-1.15489910253665;-0.820663416536363;-0.288720159427006;-0.180796431577978;-0.358767721898299;0.36965598532357;-0.680180688340701;-0.634072252762467;0.412747517938735;-1.55895543542865;0.296802615469015;-0.4855799976081;-0.084358371569272;0.836976526538621;-0.312687593552196;-0.755758398505622;1.36080579797775;1.11885290434946;0.106068180256086;0.609612044787698;-0.173489495476839;-0.02695053140987;-0.353056263899109;-0.458607669314904;-0.111423205767453;-0.0893758305781095;0.569333322968124;-0.474991858290269;-1.60532179986686;-0.779356864990983
7975;-1.16396557473408;-0.814050299018759;-0.268652160974532;-0.191800417119804;-0.363509478709783;0.376931632325998;-0.674170655131147;-0.649470355413501;0.409791861359534;-1.55189182915723;0.316087571966921;-0.474255268174101;-0.0934048160143746;0.84676893588282;-0.292320798146921;-0.760794467526131;1.35498796207328;1.1194891220978;0.115277402074338;0.627213824798321;-0.168294479153854;-0.00782548865561488;-0.361562807002069;-0.431255935026183;-0.125916099516755;-0.084081618089043;0.551522209162029;-0.45128359158862;-1.58832319538657;-0.772443570828367
8000;-1.15892386597534;-0.822756606480434;-0.243701435110121;-0.203459314029068;-0.369075710824698;0.37543772075388;-0.664110220198067;-0.680949668829184;0.417410813688288;-1.56294091435281;0.343888284739154;-0.473331331553333;-0.108927488908945;0.858862365734862;-0.287664891172747;-0.756626625100346;1.35201012392422;1.13097266123837;0.163737525687238;0.632111206564168;-0.163026244085329;-0.000219184610710066;-0.360426485546164;-0.406366336823256;-0.118940559018418;-0.0773854461426785;0.548225121996935;-0.427945931266826;-1.56440788820752;-0.749871656781038
8025;-1.16349595826751;-0.813765255773177;-0.242502285535666;-0.207857159721775;-0.37054303333517;0.393349217244729;-0.647722943603625;-0.697067462973847;0.426437426086038;-1.57588597364589;0.363030420736509;-0.463892481680622;-0.114642840854787;0.873530201797306;-0.314183862694199;-0.775914086993535;1.33490326326343;1.13700884153577;0.206700148181347;0.628162297002478;-0.16875493262979;0.00281704418336233;-0.351986260275959;-0.424157468940685;-0.107541629961983;-0.0970931961888578;0.554942904979711;-0.397973111840965;-1.55525860316972;-0.75323248341089
8050;-1.17338219427608;-0.795484705053787;-0.2307511146923;-0.210382297112936;-0.359909061893143;0.4133521213876;-0.639980197677561;-0.702008954820548;0.433606121775325;-1.62359496033744;0.374421943155148;-0.439567547160675;-0.107417069740158;0.861214934091483;-0.322787964432832;-0.788148386321784;1.32053918007012;1.10800577605406;0.227038469928325;0.631612999002447;-0.154165997651326;0.0284845250571701;-0.357990740635656;-0.43440424014551;-0.107172301308514;-0.101381590985247;0.546406962435559;-0.376149977611364;-1.55086105374656;-0.778346481926175
8075;-1.16938133915506;-0.791953413021228;-0.217127631003981;-0.21010054057732;-0.345234210578557;0.413734753531617;-0.62765100640849;-0.71310540930014;0.444086249623155;-1.66506571261778;0.391140841861593;-0.436681691761295;-0.120899059666919;0.861229652421264;-0.314413853662841;-0.764932571834697;1.29454041857096;1.09134684997604;0.269363368010319;0.65746738610722;-0.146401648058833;0.0500133642372333;-0.358309478899866;-0.433418738884208;-0.0786197798012589;-0.0804947348571666;0.526159480018905;-0.36717043191346;-1.52900828029655;-0.765996935337873
8100;-1.16625600291569;-0.787678842372057;-0.202768936312126;-0.206927689571082;-0.340580853447858;0.410295274902028;-0.612449865988687;-0.709585023680298;0.432465312834118;-1.68428594537192;0.414327553724361;-0.402593728531508;-0.115317161879723;0.878981595945984;-0.322114852790952;-0.78677890943968;1.28113313016111;1.09871977533873;0.302247804801276;0.657483241342225;-0.141221245790215;0.0661942530638699;-0.35947772067333;-0.439653224932269;-0.0768949992766972;-0.0553369527340207;0.523445283271263;-0.343334056817043;-1.51022341100453;-0.740046642625196
8125;-1.16647322827159;-0.76557358070422;-0.176872998605612;-0.19360628895637;-0.337446234159549;0.42250009694126;-0.582821662410837;-0.689986616220082;0.429679788985175;-1.69012721117197;0.435043070393612;-0.38295941217502;-0.0992310151505798;0.885367945712739;-0.333023962549063;-0.784910356829234;1.27573466828163;1.09724426131108;0.352830225271216;0.654754285459924;-0.124867559085039;0.0798190884038654;-0.35093058981196;-0.425590895910129;-0.0734832160268848;-0.040321588834956;0.524745156689231;-0.303397282153002;-1.50699650635625;-0.716853900000501
8150;-1.17674203537982;-0.758637415423161;-0.161864711543772;-0.194228575464863;-0.311155931805565;0.445508057250919;-0.560520860485266;-0.687950930460179;0.428438126104311;-1.69914017665343;0.479999802380713;-0.382487007113912;-0.0967716078438928;0.893748926893576;-0.336938872085063;-0.783023373678723;1.24546372214395;1.08215638011036;0.424860598795362;0.652033580972743;-0.104723983758624;0.0919385029295798;-0.335633819789986;-0.424060887711754;-0.0556203481758351;-0.0431297421926239;0.521564227485004;-0.278425925243227;-1.50529086069706;-0.719245585841425
8175;-1.17135180463801;-0.741843723078421;-0.168546444483356;-0.18159767208631;-0.272816720168217;0.438349667158357;-0.554512144873285;-0.682876449311572;0.43578597607165;-1.72729802370519;0.408808466204629;-0.378691542383734;-0.0695469407233931;0.89314718115637;-0.35112730462547;-0.791325993898227;1.24455429195213;1.07311165130429;0.490573906591662;0.653571843861345;-0.0770420846411532;0.0966764080935755;-0.336385770707216;-0.427219180253374;-0.0249621045225191;-0.0270216808813869;0.529745681489149;-0.251444163573448;-1.48907267481635;-0.699951758882705
8200;-1.15185355938089;-0.724399154152414;-0.163028323582746;-0.180797386156934;-0.264054462433862;0.432221885738075;-0.550466543974071;-0.688081819766274;0.466987767043098;-1.75762818998545;0.266986831678711;-0.375877785756853;-0.0243247116159944;0.884172532061761;-0.335526872858124;-0.794041782044114;1.24790220342067;1.05682571340877;0.521214233884529;0.659758776897877;-0.0582940352358809;0.0854564900257905;-0.337189553926379;-0.419265522573448;-0.00252987159500599;-0.0174541110227034;0.547191295392036;-0.236955424004985;-1.49222037243051;-0.690815062764401
8225;-1.14986385898718;-0.707329051135807;-0.142927330652755;-0.179070570805364;-0.261168615369102;0.454861666538621;-0.526489282923935;-0.689841021898657;0.456641014839057;-1.78949404574514;0.273368452292274;-0.350302824994663;0.000145433712613396;0.867851732709474;-0.345750610126471;-0.798345506331423;1.23801878785867;1.04438744528808;0.563721339238695;0.666235158250763;-0.0619406567414317;0.10541356356867;-0.341165254354251;-0.408324674004013;0.00216880926307179;-0.0125097176249383;0.550333809041425;-0.200321054950041;-1.49130541827102;-0.683337211555841
8250;-1.15131073198149;-0.699147959256855;-0.127028273514751;-0.171387975894431;-0.230958115892207;0.465912331125253;-0.507311946653101;-0.683906365862167;0.474990999130693;-1.81631024306648;0.281182407393163;-0.355936763492919;0.0135915538352524;0.871435034891857;-0.360360966316707;-0.78138290253814;1.23124719130797;1.02329996625384;0.604315984959326;0.681587108911108;-0.0500252179301678;0.11175957037946;-0.324473361895229;-0.407070646881146;0.00610694354650572;-0.0165234902759034;0.573369233287036;-0.178202442907992;-1.48358240674531;-0.659816318268354
8275;-1.13962597578994;-0.688140632908949;-0.121243793121513;-0.159878152922764;-0.211693639829848;0.474218672177342;-0.503920260217751;-0.677339476072282;0.507436872664762;-1.81672368176819;0.29866814344346;-0.359411681031159;0.0396378826719525;0.879712992168267;-0.377932722905797;-0.769642684832775;1.20592352019228;1.03920271469595;0.693514276095264;0.677986459044241;-0.0206209199657418;0.113396194685268;-0.312677533863104;-0.42662206912249;0.0459652430489514;-0.0252789946191761;0.59155251054128;-0.160985085567932;-1.47897237544374;-0.638905074715869
8300;-1.12181501071343;-0.676258774994024;-0.11327315004704;-0.149206315393571;-0.201055986809003;0.480913783310327;-0.50306106102071;-0.665752642074818;0.51006124181835;-1.82159368756155;0.322518682444437;-0.349023644480808;0.0707798731132458;0.864172679635078;-0.379228944370837;-0.772872238434934;1.18923876687427;1.02892409438423;0.816347377086988;0.65563871466115;-0.0129637181752259;0.131232858032564;-0.331395411441729;-0.419582837082923;0.0471392683175881;-0.0164936470324891;0.607693592482937;-0.145814556231775;-1.48189921632707;-0.637509531691247
8325;-1.11602174637523;-0.681574943073661;-0.10902421287715;-0.132911777463855;-0.167866895114695;0.499217264451473;-0.498083747627066;-0.665134858382787;0.50788295796027;-1.84646373491575;0.353761892458132;-0.338058077263149;0.109208755221787;0.859664144425631;-0.368853748585746;-0.759883272980816;1.19033454017007;1.01553566072449;0.763191985140132;0.6584883151547;-0.00459839623787408;0.137862170906943;-0.323070240959127;-0.42176947232374;0.0454919400643829;-0.0100682647764177;0.627010823279174;-0.135924118437054;-1.50826648637195;-0.622524839183785
8350;-1.10618214502092;-0.657269169149872;-0.108263434128618;-0.129923316918658;-0.142935807146034;0.502712140356267;-0.489854542939156;-0.658238999508842;0.533482932318008;-1.86378998038835;0.393162180663454;-0.33472615814977;0.104459797776093;0.867223172854042;-0.36059950586142;-0.743770777147566;1.18529379711841;1.01556799815514;0.734053624500237;0.656759903642649;0.00624896085059055;0.142761326037647;-0.314504553843349;-0.439225746326419;0.0579248630837137;-0.0221393485838576;0.654436039150297;-0.112283024525283;-1.50914883040684;-0.604432781245011
8375;-1.09896766014567;-0.6384463866054;-0.0916382056389661;-0.126647954002739;-0.12335244644869;0.503410638299116;-0.478352298371317;-0.645632826882086;0.551116528702982;-1.88586152133392;0.435747788365664;-0.322278331288718;0.121407297875588;0.882762352281976;-0.353578351591329;-0.753457899821934;1.17218411375188;1.0169287364383;0.770037573848956;0.63496514804986;-0.00171706964122;0.148942810456418;-0.331967772164979;-0.433263751229505;0.0626553163213721;-0.0276086868519641;0.674682162585994;-0.0930561682619272;-1.4899828172356;-0.572625443301337
8400;-1.08041656253495;-0.643990662452581;-0.0775298031932012;-0.108334117977598;-0.0993219666243759;0.508863163057225;-0.462317715582756;-0.657503973410774;0.570942543220857;-1.88484847776429;0.577356245103475;-0.308693297018174;0.160081245130746;0.89388902044136;-0.350995829277565;-0.733131273418813;1.14132988045207;1.001449024123;0.784849598368765;0.630280887715133;-0.0150844605572996;0.161003574261903;-0.340145341359148;-0.410481445571287;0.0764706799838563;-0.0295172843346482;0.681275122212479;-0.0964342969329251;-1.48661803103985;-0.550660673277014
8425;-1.05810236911958;-0.640093875145598;-0.0706453594526312;-0.107779212538846;-0.0801440882293516;0.513824512033549;-0.460665369169968;-0.660138886498648;0.586894602507477;-1.87618599690025;0.684603402843533;-0.309443076193031;0.181028504684274;0.906232086135622;-0.340409093910949;-0.735067527224849;1.13583202157605;0.998664061563937;0.788495796603509;0.597316529395505;-0.00928699680570047;0.15381829805121;-0.343068388599303;-0.410361493605516;0.0823118579138544;-0.0106117538820097;0.691719283465919;-0.083102560186734;-1.49568008840382;-0.537411304575592
8450;-1.05941761226994;-0.638400924858022;-0.065146617760526;-0.102159210565256;-0.0577672130592459;0.511224092261749;-0.45426272388523;-0.650764258488885;0.60947100039136;-1.87238774570852;0.665837785662802;-0.304379174947082;0.169365415528623;0.928921555203296;-0.341520370204323;-0.742758006421161;1.13742722396108;1.00448290097762;0.790537192073427;0.575369218091963;-0.0257922813178685;0.168188560264153;-0.336178162223491;-0.411670830466672;0.0752516055281011;-0.022637998446133;0.70078398141793;-0.070683886710228;-1.50776604097826;-0.507983596228465
8475;-1.04576183681041;-0.626560941669554;-0.0576291362279664;-0.0998168410162921;-0.0465483636465187;0.523156423258515;-0.448001286040852;-0.646804206100766;0.615984929084088;-1.86224272334578;0.677980780179018;-0.289960016562198;0.172951350638912;0.921433495184576;-0.327610522428094;-0.745664542106066;1.12972600942756;0.982184063683395;0.808350966921916;0.554105527395778;-0.0521403732867904;0.175273521546886;-0.337428453770261;-0.384682951973443;0.0918034147795765;-0.0282222624584692;0.704323087947051;-0.0469385918051305;-1.48833593899887;-0.493812056780536
8500;-1.03987201827548;-0.6216302145897;-0.0584843612999581;-0.0984176277716656;-0.050916331535678;0.531475445855371;-0.439779925553331;-0.650449049304786;0.608572406719988;-1.85356526186358;0.694899297424728;-0.300259037142012;0.176370736293522;0.948169563059014;-0.325254033034625;-0.744242397914307;1.12666881544586;0.962387753660895;0.83300390255168;0.528919260534923;-0.0682068207795713;0.189974420324953;-0.362732825465296;-0.388906462996738;0.0948677875519194;-0.0245946116311982;0.725246112454703;-0.0352518426152061;-1.46556832868987;-0.498451038525545
8525;-1.03040381249841;-0.619577980096598;-0.052276920924273;-0.0840736870201922;-0.0169161278111147;0.535592004912606;-0.439779437209096;-0.655050899556491;0.620526630728817;-1.850552226385;0.696699529964123;-0.298198568094779;0.172899918920199;0.954377597585843;-0.310754266361438;-0.77266715135086;1.11540162124307;0.962279525746214;0.84541330927884;0.488956465659808;-0.0982769123338984;0.209361652210813;-0.367278324757861;-0.381646449143048;0.0779109090950314;-0.0336810524127836;0.747449911610404;-0.0333322918082513;-1.47442231889207;-0.486247531066334
8550;-1.01225340591388;-0.616558791873192;-0.0348703256833398;-0.0843057997589487;-0.00538026691944005;0.535490515379068;-0.442986471527353;-0.675706574303384;0.625263479642797;-1.83855764173281;0.718474632708556;-0.307087785535665;0.155793880297254;0.949274687617343;-0.303461219443699;-0.798803795341534;1.10359375207995;0.98212685164782;0.843503068550376;0.457920646144156;-0.107669437765396;0.230354547646745;-0.346751493308496;-0.354749325419298;0.0778840336346897;-0.0371745876908275;0.750450346162657;-0.0358511318992359;-1.46102566731267;-0.487170826118069
8575;-1.01466983038912;-0.600424770915856;-0.00878029570567413;-0.0907635457312302;0.00957938861956986;0.53150989101405;-0.430607434962487;-0.685783267351175;0.629547574976814;-1.81041666294238;0.746633033976054;-0.310231309978266;0.131046282916999;0.956185333309157;-0.315619918894231;-0.791430161460425;1.09511607831158;0.98237145150663;0.839148833707864;0.437277140821685;-0.0912143836100182;0.234077188224111;-0.35595227837418;-0.355162043855865;0.0809125840707798;-0.0333727666053663;0.73692539368722;-0.0319667305527907;-1.43807610833517;-0.472552564012013
8600;-1.00538432377397;-0.597191065968724;0.00591244060396061;-0.0864109674996716;0.0198642982720676;0.533001732172079;-0.434233406767515;-0.684941556166744;0.631620488227523;-1.78567708632589;0.756393553435725;-0.32240907135323;0.145602516997918;0.945866256691373;-0.334489483016744;-0.795583438893957;1.05526569619216;0.984274864599517;0.817479368677477;0.41661361556423;-0.105235559919644;0.234651584094788;-0.373928180822052;-0.329796909989373;0.0733692797209402;-0.00471798624201156;0.741284550969843;-0.0345751199901153;-1.44227389622934;-0.450914665498295
8625;-0.995027069846897;-0.59153266996175;0.0272546629646271;-0.0829797349718036;0.0142175607420008;0.539581256190922;-0.435402509292929;-0.684899342645529;0.621841390534994;-1.74407110946894;0.761723591631395;-0.325419705352413;0.149979096180166;0.96378345845422;-0.332267280326576;-0.839941993360157;1.05051779669473;0.997601342424357;0.815491907746177;0.385448701908484;-0.116398101685642;0.245999463268454;-0.37304731124969;-0.324485488100281;0.105797661902567;-0.00654968114009389;0.747818243746881;-0.0278460281896165;-1.43809720177235;-0.449951876929472
8650;-0.988392141634219;-0.595977748147692;0.0470764989830792;-0.0893984942697979;0.0204721584214553;0.548430900402495;-0.444538901953716;-0.673694195564975;0.630348607307358;-1.72324134766378;0.787934270534017;-0.295552543893313;0.138974485425876;0.985522750316448;-0.325852829832524;-0.870664665217927;1.05022464339729;0.996138171170474;0.820402896664204;0.378940236654845;-0.109060526712243;0.269266293690429;-0.400894598879648;-0.316786377374625;0.12481095537468;-0.00518293186544891;0.759384935484698;-0.03249070541916;-1.42185462311589;-0.424786873611899
8675;-0.950926652768133;-0.588774308096409;0.0695102045065868;-0.0876810724415685;0.0352310765578565;0.549369529691292;-0.446502606731569;-0.679891625632852;0.637439035958136;-1.72383601445328;0.807615314122947;-0.265766636398121;0.121174397667759;0.981626995377018;-0.322551556896479;-0.855883257383541;1.00894988667509;0.999151671468921;0.792235400992913;0.381872778142966;-0.122979182776021;0.264102710232565;-0.399006420438388;-0.312068142653668;0.116278438822095;0.00973916986068382;0.759123748899491;-0.0445969247232524;-1.43567603178222;-0.412735228945376
8700;-0.949136436666808;-0.584490489113567;0.0994129390379726;-0.083658459382286;0.0385862608693985;0.561353255988527;-0.440115380715454;-0.675260191526136;0.634005607847839;-1.7180724706186;0.816056795533846;-0.271790915932741;0.116186424830509;0.99046966856688;-0.329923815854672;-0.842594304551457;0.997377589274004;1.0126669594105;0.790606499651183;0.383606535679585;-0.127458898416741;0.263913825825211;-0.385498487597092;-0.289233389844017;0.109312075545096;0.026480453328673;0.761050163143829;-0.0504598669613777;-1.40745547609919;-0.404694520323726
8725;-0.949988622466897;-0.603354411274767;0.114229862447177;-0.102683819674816;0.0419183938205698;0.565589421449952;-0.437611328648178;-0.668256419453174;0.632871883858277;-1.67467048110012;0.826587417823798;-0.267561577460253;0.10734664907189;0.998845402376575;-0.331491405908869;-0.865259690140388;0.995221459845659;1.02331076791422;0.790707017130602;0.382804175428387;-0.133564890230005;0.274453808388395;-0.403875320161421;-0.302226278760475;0.125692647169787;0.0416642549527046;0.775907719422635;-0.0493680001808613;-1.39047073589162;-0.375529997156476
8750;-0.94421737854116;-0.594673481768643;0.134784947045341;-0.116629816824198;0.0618595227890602;0.566894730182228;-0.43016900017465;-0.677700948965048;0.625435563518337;-1.63656863313469;0.828229295427395;-0.277822138339889;0.0789919046790867;1.0014989056848;-0.311577489846;-0.883447723196684;0.982669781117348;1.04193275686997;0.796226462497473;0.389054172369304;-0.133212358357037;0.264362593193233;-0.422643812308913;-0.322331984498471;0.11701486088413;0.0824357769653904;0.780402048955586;-0.0568380078331761;-1.37264760631186;-0.351861594348631
8775;-0.949604585044883;-0.582686463488448;0.162523484882652;-0.114213270695839;0.0601979228371894;0.575206571029207;-0.452807703186693;-0.685855305385;0.615970614151997;-1.60959056942655;0.809987554639869;-0.277321326364433;0.062531719329469;1.03096660958318;-0.311603068755932;-0.899753603641802;0.97142223763774;1.0316386336773;0.781440813998876;0.395901886854266;-0.136811791081897;0.280643411067984;-0.416242285973883;-0.327038534765158;0.109038646979452;0.103958635238313;0.776308170235264;-0.0611138662158369;-1.34361668890962;-0.336136611617965
8800;-0.93539565320934;-0.569971140720699;0.17156750229301;-0.132982899525026;0.0471803603148562;0.584885047050933;-0.4531466723196;-0.681955034835286;0.619729232171945;-1.58223391551632;0.79716396797623;-0.268632394840229;0.0536295823224828;1.02585779787218;-0.319984042620209;-0.933166234018907;0.947386411646885;1.00719159645728;0.763444077264009;0.410137119887242;-0.143322676018479;0.294698213121619;-0.423470640858357;-0.330893133369814;0.104808100941777;0.0765103099384476;0.792683064698898;-0.0758443225318043;-1.30657472524057;-0.34918572940289
8825;-0.918992738270314;-0.574270708120918;0.194315548304995;-0.114257331370751;0.0549730525517793;0.593109744150303;-0.4606351038267;-0.672916227824988;0.609170462507112;-1.5754942887106;0.778091305126937;-0.290724164920308;0.0566550605975557;1.02788049926347;-0.314324842223922;-0.93977539532025;0.925537128934529;1.01777015954593;0.769996868097379;0.4370502388219;-0.146701350068729;0.288894376382897;-0.436088755590393;-0.311986726332766;0.0906519584935505;0.0694144573895516;0.797352902439137;-0.079671541932892;-1.2822038645039;-0.316453444921177
8850;-0.905442651880892;-0.584558479910737;0.19607369870985;-0.121683866134734;0.067348157215009;0.604551400578893;-0.46689690089695;-0.6864434808828;0.609998738329611;-1.53369216288791;0.752641977178551;-0.288787360270197;0.047521909841546;1.03477803188494;-0.300066414434471;-0.960697465931959;0.917217607827924;1.03749257623187;0.770050490002768;0.444687638484793;-0.153190060036624;0.303396317336578;-0.428359713845583;-0.318496489283039;0.093173133602745;0.0958139948521563;0.796582181532839;-0.0804052798127234;-1.25796019696106;-0.314768183002106
8875;-0.89655655618493;-0.5845325932714;0.201225981064944;-0.134541161340358;0.065775458234298;0.607701106927308;-0.436167493801185;-0.689263019036869;0.609318041279134;-1.47918700335122;0.725110756837682;-0.293477058280076;0.046421758875476;1.03974790378392;-0.282022357854234;-0.99997143037376;0.891560140877279;1.03812932256009;0.742581869914438;0.449340239057219;-0.143634354161738;0.316371007244774;-0.428916624828797;-0.314509298004135;0.0860407933951021;0.114035359161027;0.804854126265196;-0.0962464485190158;-1.2200781480993;-0.30059339271333
8900;-0.900348975806071;-0.586263545812341;0.221525433956065;-0.13869615637222;0.0552676479438494;0.620360920649161;-0.437349771403062;-0.682044254951442;0.60109235146442;-1.46553819586141;0.703118398149836;-0.326039992282646;0.0577242054416287;1.0604393632119;-0.28925828885003;-0.995501646477531;0.861766411111863;1.03597307184385;0.735261421171564;0.446632632234277;-0.140658475351837;0.320269288968193;-0.431201198330387;-0.307775991623695;0.0693118092828832;0.105492876038947;0.789254543652952;-0.0932930904874162;-1.19227891824525;-0.275692765580889
8925;-0.890275908819721;-0.581609962490932;0.225420617200919;-0.135662117005716;0.0506350545703027;0.628346252996363;-0.470029791510153;-0.679757236501458;0.594807610196751;-1.44271049180791;0.677510970484857;-0.342444255296681;0.0391486518131583;1.05681055677334;-0.269047949300227;-0.984205387694422;0.868664416298141;1.0225334730704;0.75249811919255;0.491769004767879;-0.138608372100267;0.306274779322118;-0.420209011943408;-0.307964374036715;0.051203073068347;0.119254257269951;0.814687368532736;-0.086980062305065;-1.1601784235282;-0.276349297790373
8950;-0.879774473915711;-0.577423758024137;0.23600314899806;-0.11486367170165;0.0438172395055805;0.622373054179505;-0.477114464464968;-0.678048465058742;0.583546403394491;-1.43124487264597;0.65810990693899;-0.34146447032597;0.0197539658633367;1.04818927353835;-0.263408089155381;-1.01477238518272;0.871497751907093;1.00728502776735;0.7519224221748;0.507507108592138;-0.124882478452708;0.325716986088033;-0.412979991598195;-0.314967494425842;0.0419345114014566;0.127615520725943;0.827999545126934;-0.0991325730913329;-1.12022621536916;-0.2549984106029
8975;-0.880182795825488;-0.583763641760509;0.259009045199499;-0.124223309125856;0.0522158121941914;0.622028788338716;-0.471711962040083;-0.666938459248297;0.589761432282061;-1.40642536525353;0.637694668249248;-0.348390456694604;0.00129836577980509;1.03805990339976;-0.262432412549244;-1.03946855715923;0.868950934956899;0.999330998969732;0.732099815337365;0.524125980733139;-0.121326193738429;0.327680309538372;-0.405353884657028;-0.326797915678489;0.016758131210345;0.12433599457603;0.823181911472524;-0.0949745402157619;-1.09263483740489;-0.236383880550886
9000;-0.873226128920928;-0.582335639781833;0.261821750761703;-0.117267410871611;0.0365842601417681;0.631174398555123;-0.475867882025084;-0.682712430764785;0.591230587161303;-1.38520852102209;0.613737732418681;-0.367280533934671;-0.00051833962580865;1.0371451402011;-0.282973946336542;-1.0399779187523;0.85952853375021;0.990304043996874;0.696643887287841;0.539840606066375;-0.120420825645787;0.33624907081062;-0.397316983633982;-0.318437381709943;0.00736000152528056;0.146300934725286;0.82296281604828;-0.0867842347290025;-1.05909574169207;-0.223211012676403
9025;-0.840837533829917;-0.588746037166265;0.267700541032542;-0.122865873601769;0.0353506036119988;0.629637685139313;-0.490128147610341;-0.692216863110841;0.595346168924875;-1.37272051658022;0.606104200064464;-0.379776971474533;-0.0117081295520459;1.00666093109779;-0.286644897994265;-1.06567191604476;0.840378574069172;0.975753131262689;0.696205593990361;0.562703454163413;-0.0983053641250401;0.350741851184412;-0.395098500638151;-0.309146030997042;-0.00558722716951192;0.147837062210949;0.817138219718099;-0.0650786129525608;-1.02513859059039;-0.189523606924178
9050;-0.823609132027155;-0.59239832241254;0.304911752742397;-0.122219748577171;0.0390649931503093;0.630819726370098;-0.493597305250558;-0.681201126830716;0.594999225124339;-1.35832730288321;0.587817199989567;-0.394414624966772;-0.0327236270574927;0.988850244895335;-0.300681025280217;-1.08762578823022;0.824001383111538;0.958769111874445;0.695102418490182;0.584886330612433;-0.0814026212797757;0.343049727584653;-0.39704784957611;-0.325141626035069;-0.020971519987544;0.146918794432766;0.82211891486452;-0.0793438746882277;-0.986716394697627;-0.182672541407188
9075;-0.817238534159167;-0.599277809913674;0.310710011224133;-0.12834820380749;0.0419419039727815;0.631205060992178;-0.496208434103696;-0.688099002767783;0.599932727713492;-1.35874997339705;0.56538020027733;-0.408002456394106;-0.0458577615531624;0.979180527397956;-0.305034170441787;-1.09774509897496;0.814355237116987;0.91724213324603;0.682119460731819;0.614637915977323;-0.0649006858431526;0.345477763101971;-0.389601099094655;-0.31711337967754;-0.0253259484925535;0.157002322994524;0.823763347587784;-0.0846269611725402;-0.979593871945672;-0.162469643336386
9100;-0.8105727933767;-0.604859163752785;0.306935082579529;-0.125679687449481;0.0541431623809245;0.638833834746984;-0.495372650811778;-0.682741410599023;0.602621590598526;-1.34293700245379;0.56615776196845;-0.418480675190027;-0.0743037477036619;0.961734350797786;-0.323917701231693;-1.1109274415217;0.803776152899786;0.899649120266134;0.704169841679926;0.627386172705732;-0.0373765530857105;0.342523771892006;-0.384283398536326;-0.293207623474248;-0.0357106741846041;0.154169212333057;0.835128144011997;-0.0844887742748742;-0.952428078338323;-0.147798435101451
9125;-0.79100805915197;-0.627024426149279;0.324231773839904;-0.104450300782721;0.0490697218125957;0.633743028194701;-0.50565932049925;-0.689775068670928;0.593900118751406;-1.32764144896594;0.566357653382292;-0.441907054539276;-0.0826370238499734;0.940007516873375;-0.342665192387306;-1.14778279425768;0.786818757544782;0.874544730416135;0.684498318316477;0.644508589408049;-0.0315560514362571;0.34954547656898;-0.376537589355569;-0.300195902872324;-0.0332728623551093;0.141083900753593;0.838144776352808;-0.0779736584410683;-0.931749737778601;-0.11851398053359
9150;-0.788500952190297;-0.625217905939239;0.34303751845847;-0.0949764610484743;0.034329062518359;0.640467767115747;-0.50859641182872;-0.69401905877055;0.607747260045669;-1.32401591039605;0.568515941022253;-0.470384548811515;-0.0738940148045193;0.908327706527747;-0.344750139108467;-1.1418839671404;0.781575170676993;0.855592625856046;0.667368870247875;0.647600614317986;-0.0126912524267152;0.365435659246458;-0.369435185059857;-0.31084853726412;-0.0393767812298203;0.13996244100682;0.855557298266489;-0.0659766878584203;-0.920943200551984;-0.115299029200018
9175;-0.767225345186187;-0.621123655110656;0.347825599420085;-0.101744128769287;0.0494644772275628;0.643478240846854;-0.51041771127643;-0.699615117065856;0.607491791973398;-1.31875155875775;0.556963297202275;-0.470932846863929;-0.0965226169343277;0.874784258467024;-0.370082686963427;-1.13660395067834;0.758902735724628;0.779995281960828;0.65441571657401;0.659951151168654;-0.0109049798008262;0.38115568198548;-0.369175409284526;-0.302467803993481;-0.0529467567853575;0.153334777954759;0.857404341359047;-0.0730428012434044;-0.915508207667832;-0.129750615682731
9200;-0.758672295480375;-0.656693046831769;0.370755519372887;-0.0970443043980194;0.0421818820995625;0.633199766078627;-0.508652489928544;-0.699639766855081;0.59409890047758;-1.30282459169076;0.562434291040954;-0.515139826077339;-0.11355875228071;0.867247520447321;-0.393211194011362;-1.18242465795037;0.720138072753967;0.756581332010012;0.650280385255257;0.677296138339954;-0.0103060120174713;0.380196338997264;-0.38396972883699;-0.292070135949977;-0.0559849843746534;0.135665571515388;0.854231653721935;-0.0609820418030015;-0.882594429336828;-0.104447676115859
9225;-0.757717409918063;-0.671909237744902;0.370792033638011;-0.091135395986987;0.0408286187996385;0.634282335262605;-0.503109011063604;-0.701930294075216;0.591274116886301;-1.29271695331271;0.575415262004676;-0.534262042731495;-0.120165922028764;0.848290824170014;-0.39078652806382;-1.18863091183681;0.70946857291264;0.726429067033667;0.652697683788538;0.690843302376217;0.00315410415467818;0.388751141580542;-0.37938009715358;-0.286186949378301;-0.0612668717813448;0.12969627453648;0.861071096497094;-0.0645065485847386;-0.873843296166313;-0.0893070326411614
9250;-0.73370692614276;-0.669952559576266;0.382617009112438;-0.0630049256800505;0.0550614967832903;0.632693555439441;-0.50488168754948;-0.705998178920851;0.592763759530416;-1.29779990830819;0.570126662044754;-0.545947760882471;-0.157788033986288;0.80147669188147;-0.401484422290295;-1.18145886218438;0.722660020481877;0.70341031617175;0.622729125348998;0.673429041463336;0.0210135567618234;0.393913499941746;-0.379993845686951;-0.28873395049023;-0.0843794608521336;0.129445152664144;0.870105205596565;-0.0676228080471371;-0.879387097650163;-0.0880893156215155
9275;-0.718641772215116;-0.679440102207324;0.390054346653299;-0.0476034256935292;0.0818563110819079;0.642974240460928;-0.497928910892531;-0.710399443012367;0.596780135653816;-1.29506394483455;0.567656416278766;-0.572043326801831;-0.175656998208835;0.76543932759574;-0.394859764963222;-1.22683241059963;0.707460734229014;0.67606973940483;0.613895258975683;0.650979609910308;0.0187915959641255;0.394868962017399;-0.380022346448492;-0.28429191851633;-0.0920321138234215;0.112632119124186;0.857520334501461;-0.0584290814064813;-0.871141054427147;-0.105642641654988
9300;-0.719076902226347;-0.691165399479036;0.378495428034664;-0.0346863618066274;0.0937582910404382;0.652521636513291;-0.510926044418804;-0.736157047803443;0.587466904007485;-1.29243485705569;0.59042757242827;-0.598540411581391;-0.175601521149;0.747295206994808;-0.40160879634598;-1.26854381823462;0.70205224045263;0.657312169855146;0.616030953090585;0.630813982218731;0.0149026244716702;0.420638924457339;-0.376336638266317;-0.282238604747847;-0.117776363221909;0.126875005904169;0.872514117245498;-0.071704884730979;-0.866472990895017;-0.123155499946215
9325;-0.717078970735576;-0.702217462451629;0.379044444537046;-0.0351996269822854;0.104823415872744;0.658870788646667;-0.505966773718084;-0.755459037441452;0.58235556770409;-1.28572952081056;0.598765315373184;-0.60003841493273;-0.193652218165482;0.720940625522234;-0.405959055523925;-1.29270805973508;0.7137969768963;0.632332305139196;0.61438452901667;0.625786821761255;0.0130756981087759;0.424212375854012;-0.355767108305717;-0.275805433330961;-0.147197425629758;0.124768016473713;0.879597806945598;-0.0851564012892204;-0.868276366581072;-0.140389521954065
9350;-0.715236198121183;-0.706490326276613;0.378428329580362;-0.0364136193802261;0.114798499481789;0.665191611049525;-0.500612961960966;-0.757231235808561;0.566836751955861;-1.27106232390673;0.591324117049078;-0.61948761954844;-0.209443259384649;0.684665719565363;-0.393208794889458;-1.31448590884191;0.666650067097443;0.610184613323972;0.598935877908151;0.610750032746426;0.0101007263418254;0.422056520644487;-0.357600233662847;-0.247387179793308;-0.147167405068299;0.0967937053635581;0.867454785563938;-0.103412377358297;-0.8624033092253;-0.1510845950006
9375;-0.708789293430602;-0.721709530947774;0.361528884294688;-0.0107007580596428;0.125324524379879;0.670527421763087;-0.508941152908636;-0.758384419758811;0.582560010450519;-1.24992766081187;0.596447433379015;-0.615167959835701;-0.199324465256218;0.683481972539893;-0.382465197956935;-1.33488131426915;0.660906496641661;0.598287015416465;0.578458744160296;0.586413454903586;0.0280651917639903;0.436453752252795;-0.345862065065632;-0.257444537141912;-0.164417123168944;0.0984872383315393;0.888198694415951;-0.101978504334922;-0.855335243938523;-0.15714414291934
9400;-0.716598630717883;-0.720374046400634;0.35134370312685;-0.0115441574764044;0.152305659058261;0.672802042890328;-0.493407833362974;-0.773600308664342;0.581215767052866;-1.25787951666836;0.606252782826703;-0.62064101752205;-0.199690794140331;0.674132799560792;-0.372986840651585;-1.33783773343185;0.688481456982829;0.607154366841958;0.577631887651608;0.558391987565696;0.0335351976259758;0.438010882780332;-0.340700560389201;-0.246994726242198;-0.189150824729341;0.0986588155421572;0.902593098891888;-0.102253861983664;-0.859721156690705;-0.171284079414646
9425;-0.738047176900346;-0.709352888608076;0.338118828022181;-0.0191182188646473;0.174205844576908;0.691119913813833;-0.479059935859678;-0.77707899511334;0.564646009455465;-1.26982727159703;0.615011856992741;-0.635715386953482;-0.234260239246663;0.674521876537056;-0.363308793761201;-1.33673346755656;0.696457151314449;0.61842369221424;0.566606964684786;0.526486547289214;0.0388373073589047;0.426736669456234;-0.332736246574466;-0.243311166919104;-0.221533373238179;0.096379678860408;0.900132386765943;-0.104998062464282;-0.8664342485133;-0.190259962782622
9450;-0.75094292861413;-0.715706178472027;0.325707190319392;-0.0255683589453233;0.17411295534427;0.69940799104619;-0.493439681993428;-0.772718415611487;0.561091949977622;-1.26500804317013;0.626234796856064;-0.621567795524988;-0.258220638422772;0.664220676696151;-0.37033194568925;-1.36587704071565;0.661965360637488;0.618993978213608;0.550004994603688;0.507109099070186;0.0447662642713872;0.415068943569591;-0.309225421893986;-0.23900815545294;-0.215552181889836;0.0962335918791947;0.903087493089297;-0.0935356454103319;-0.861542960030213;-0.181558933291419
9475;-0.771168006784045;-0.714866886100326;0.323900704487173;-0.0175412114894134;0.185374382500402;0.710351708537273;-0.493838057147589;-0.772954157607085;0.576187006047375;-1.27353372349031;0.6231649037893;-0.631445622697084;-0.286618743053345;0.630964438208167;-0.36687565223159;-1.36595611492492;0.639787630908237;0.61360359145659;0.526416852846345;0.503852243426683;0.0431210276008925;0.407765696480683;-0.295554224950075;-0.244513973223098;-0.246014513740173;0.0995000704281436;0.895199736475123;-0.0833941220158228;-0.846923100551828;-0.194924374484056
9500;-0.765490579656098;-0.715101959415127;0.323558346938736;-0.0144055225488276;0.186527097167495;0.715888018459575;-0.486861140739003;-0.774688263315902;0.572518378718717;-1.25898482101692;0.620655701768053;-0.628215479014928;-0.308273306238405;0.635956088333377;-0.350774092935723;-1.36947147874607;0.636364523942322;0.606386019685323;0.502380028105786;0.505527553448701;0.0645021018252755;0.394442851657624;-0.284072134020066;-0.266617051634712;-0.240992567352813;0.0971952366430372;0.910325681674328;-0.0727671743753116;-0.842424241072857;-0.19169288370905
9525;-0.773598663520759;-0.703279201706651;0.31373975508261;-0.0295077794444485;0.179191346401515;0.732986550907102;-0.482925407213099;-0.773674409784473;0.561474385093631;-1.25923341680899;0.636520263509293;-0.621792234901135;-0.311210539824041;0.652538889093387;-0.347378496197746;-1.3789085794035;0.628347238815292;0.601549496477523;0.48230344390861;0.503352255637756;0.0710491623629076;0.396011039860697;-0.288960893747466;-0.288518686489428;-0.278018879198424;0.101029488929038;0.914956321578155;-0.0645931024457237;-0.837788206663909;-0.186372685108149
9550;-0.783323458002813;-0.693612730089041;0.305261669790899;-0.0511502973067331;0.191761197560365;0.755931783182165;-0.480018975890275;-0.767729235190373;0.566665393456181;-1.26544159644962;0.63413736818951;-0.612818574756371;-0.343138605974408;0.655511511243099;-0.346255032446865;-1.38704910416639;0.611469433642328;0.595394983519522;0.457579445071834;0.48725231759925;0.0632998468859417;0.376594689114637;-0.292692995076087;-0.29151457916777;-0.26462936441282;0.0994099730975909;0.898438838112016;-0.0655116407070893;-0.82849084437998;-0.186139998692727
9575;-0.777287662117174;-0.695779763340125;0.302026913468228;-0.0400270156744791;0.180332418124848;0.76484457462721;-0.490928691676151;-0.769768112112485;0.561899817490722;-1.28230023434015;0.626757815411443;-0.5843069038051;-0.343800783015855;0.668289024683938;-0.348640423967985;-1.38375063897007;0.59397502438127;0.601182743333264;0.457624925240063;0.488414502449774;0.0806830421440595;0.374279565480145;-0.274132065395068;-0.292193614233271;-0.257380970260641;0.0742589935198325;0.905004956128373;-0.0504724854395609;-0.807531503103565;-0.180980653809766
9600;-0.769025154616477;-0.69896316846708;0.302653901192713;-0.0250819796066557;0.159612294481578;0.773289313324786;-0.501368073850906;-0.755413751082928;0.576285986806959;-1.29854424018871;0.651367630709455;-0.566967331332029;-0.366234330279921;0.678086398573522;-0.3639155227964;-1.3657293338692;0.593230262072602;0.602912324268981;0.459776927664048;0.49242822100909;0.102538382454101;0.387461419980603;-0.254722637672729;-0.311145318689243;-0.291280683862416;0.0935119057768107;0.893973318102707;-0.0218839935280946;-0.802247628893921;-0.17069645682417
9625;-0.771273786253989;-0.693198232036553;0.296827813860116;-0.0336230465599388;0.131919649171997;0.786349646207863;-0.507801704614415;-0.754270217568215;0.575812355447775;-1.32580829532155;0.674961839377309;-0.547992986982503;-0.395348179029727;0.683367399999698;-0.357946947594706;-1.38252408662241;0.576912713394703;0.599416448425644;0.412583308572479;0.484451870979137;0.103712002534373;0.363643726350527;-0.26428746192922;-0.324298144822164;-0.287764121160049;0.107926358212563;0.901958262753451;-0.012367558678734;-0.789179944663338;-0.154788854160453
9650;-0.759503600483714;-0.672132668078854;0.296541853239112;-0.0377500931966702;0.120999633326902;0.80174289279427;-0.505315109311549;-0.764419632120453;0.564740178242911;-1.31883537314034;0.673120920817851;-0.542424479214372;-0.399711507386009;0.690941977132177;-0.369074543633965;-1.40017636133271;0.555295264390061;0.578591676125427;0.393906402147676;0.471642959341793;0.107555570208625;0.372572550343216;-0.252864322982157;-0.351290607914763;-0.283310017077993;0.0836881531064883;0.89876318675346;0.00281021252008853;-0.758675157850933;-0.143724362928021
9675;-0.744344846172019;-0.660845148952414;0.299405076557598;-0.0404328343618377;0.0890861346555072;0.810027801190032;-0.501064825929097;-0.762355503312997;0.555813751018534;-1.32809638595713;0.674364909952033;-0.528285372758697;-0.416089832332322;0.692097489925818;-0.380243044473152;-1.40209837670139;0.567493739763912;0.555250681924629;0.38307786478028;0.481907039113644;0.115349503959706;0.390009656716697;-0.241751808819471;-0.347514522269479;-0.272354046742022;0.061855128184002;0.856535649897179;-0.0035512869700328;-0.753564536951728;-0.145582291622986
9700;-0.738658941100996;-0.676302761559891;0.302211208546049;-0.0342136208063367;0.0459813825797992;0.816189282176594;-0.508102003832075;-0.757348683127636;0.579261387120415;-1.33721536053388;0.680864922366779;-0.527014965159607;-0.41322967214852;0.710908080213015;-0.395590038747532;-1.41305676441015;0.553282022694921;0.559975662683992;0.363072934841685;0.48135578402994;0.113770833370202;0.397760685978129;-0.246015703180502;-0.352058758540164;-0.237535088248574;0.0357638202131477;0.848979358872083;0.0026288303237735;-0.744117186104495;-0.134667079199333
9725;-0.725030340124903;-0.674498859065341;0.310626351994168;-0.0238047512340825;0.0202882813388898;0.834719777599402;-0.525562078154662;-0.755858120329865;0.577801090610357;-1.36254391874271;0.682025304701095;-0.511273910867891;-0.401906544020262;0.720067783097264;-0.403798602545227;-1.44408098937516;0.543840544888155;0.562337048057047;0.354588068513724;0.472202917959618;0.124167007846365;0.393693086872945;-0.240313841220048;-0.37330412343287;-0.22439753371312;0.0326702513662504;0.844783286094922;0.0136920738963392;-0.746807348597379;-0.130146356506755
9750;-0.707504657264983;-0.670578029248305;0.315511927905207;-0.014317077164072;0.0167714697720935;0.835196026939866;-0.533495120039002;-0.760275147724478;0.58414039027615;-1.38398089732283;0.681882110669804;-0.508285700916136;-0.423357980176582;0.737795032714537;-0.389967079538141;-1.45063463881603;0.541309318151886;0.550919391317061;0.357002442817237;0.471125929269525;0.11108819180778;0.410953761335112;-0.264647908508812;-0.40346227214425;-0.191726766275862;0.0230607889016218;0.846166056603972;0.0275045279072647;-0.731790682169817;-0.127289436577172
9775;-0.685802274077808;-0.666422064879855;0.336533148286363;-0.00289932676079667;-0.000165820431818453;0.835198472272803;-0.527743900157088;-0.759051918992398;0.583082897299708;-1.38943231415493;0.69189044437133;-0.523053218770507;-0.440914910397683;0.766235841461086;-0.400848248590708;-1.45119729821345;0.513519322478042;0.546983976728276;0.339189373546484;0.473035577943708;0.0882344118534243;0.427163307619481;-0.26608266228761;-0.413338304197005;-0.17467979601554;0.0176179538015559;0.856725585697457;0.0400371006890105;-0.717055698337668;-0.126048917590128
9800;-0.661975027014792;-0.666363033961021;0.345378889724384;0.00368223234052474;-0.0371141405797824;0.850207864497505;-0.530362101711733;-0.757606515943658;0.555972901056338;-1.4081820202292;0.696954188595842;-0.519372371074177;-0.437601484236998;0.775975952637202;-0.412928858814027;-1.48235600761115;0.519404385091157;0.545777060894936;0.306885049202027;0.474085786354611;0.032280902298477;0.455848079160457;-0.262177153182614;-0.406624618154524;-0.158047033415222;-0.0145999328087699;0.819665571515597;0.0403459876439231;-0.722309374889158;-0.116579036395596
9825;-0.619909920988512;-0.664045761017069;0.356604281411827;-0.00707038192564218;-0.0627814467971302;0.842448158988284;-0.53843101353907;-0.765640294274099;0.560971644746259;-1.43518461912269;0.697392424710011;-0.510438364240861;-0.420136918555715;0.768401241762677;-0.412740544847262;-1.50265907253613;0.52189092215692;0.519081703486113;0.293530249713232;0.475076985189035;-0.0249202164237906;0.47661054988744;-0.262389740631516;-0.411340375983815;-0.161013425821767;-0.0239253702562833;0.795263587039635;0.0551920417635176;-0.723730885673786;-0.113204277677733
9850;-0.589581704736435;-0.662196189037063;0.36978257192277;-0.00564226902313996;-0.0814638827077916;0.834699536056999;-0.546735241324814;-0.766508849632155;0.557628618570388;-1.44208007609273;0.697013746399943;-0.543141521042758;-0.421259191144954;0.779040890796957;-0.418319199018703;-1.5165839009174;0.506370956003785;0.510860031540203;0.301458296615938;0.4767755585958;-0.10918392124664;0.482572949310986;-0.26682746672256;-0.424974107605994;-0.146617050270923;-0.0507680573557879;0.803865990240328;0.0573047453170223;-0.703252297721041;-0.0990213554356714
9875;-0.588950034645284;-0.659516138763587;0.388768143114732;0.00593790098688869;-0.0868853100693769;0.824827763590232;-0.55816708987544;-0.767883118729238;0.552965642962907;-1.46914738997579;0.689371427464805;-0.54632861379385;-0.442221981186519;0.788532148893722;-0.422246620344291;-1.51833117710404;0.517223860109026;0.523340057472045;0.319437027213269;0.479903375848969;-0.187799250925159;0.507521099099314;-0.277240322338859;-0.426173859072819;-0.122754870555828;-0.0354378703074159;0.807878042501613;0.0529261428950575;-0.711283758578149;-0.0981815041949179
9900;-0.574094210850685;-0.677305905430241;0.403234518832715;0.0234560216673827;-0.0776177213555709;0.822011305916235;-0.554409943843376;-0.766979752452001;0.554454273945738;-1.50268644070021;0.683513173195746;-0.544635313838311;-0.446501549346498;0.802430935716657;-0.415574803566828;-1.52062299422942;0.532604658590556;0.524742784785668;0.346411404030753;0.482906442047399;-0.263658308456983;0.511746147796942;-0.266657490655859;-0.411021395878261;-0.107540281475961;-0.0314070343663616;0.779777604094286;0.0728735800410029;-0.697522929807727;-0.103213684416064
9925;-0.557837231168303;-0.675929438690953;0.415243067080725;0.0250275523610026;-0.0774686071200978;0.810920183627363;-0.561906244513139;-0.764471510776825;0.55275821185609;-1.52082107424895;0.675963455317379;-0.565250801259594;-0.420124615801702;0.815667979660477;-0.407570415844632;-1.52880656261482;0.520601060837649;0.543382559173323;0.321943295794363;0.491643954674589;-0.318838984810314;0.515736818669054;-0.267943554536026;-0.426097022028113;-0.111328458822002;-0.0522476585457531;0.781821069917165;0.0719345867052012;-0.66956358692657;-0.0952206966975851
9950;-0.545121747220379;-0.667178633195238;0.418334163921063;0.0128887817560376;-0.070384558663668;0.803267863195524;-0.575437472390346;-0.780116951424901;0.54156241997176;-1.53449132420858;0.656980636960063;-0.565660799635742;-0.416230858193909;0.824592580392818;-0.411154712540694;-1.54231328626913;0.491710025501221;0.549097270123194;0.319397847942093;0.506072992933789;-0.358652726494632;0.52379306915431;-0.259711632685739;-0.452334177203176;-0.10736391575446;-0.0554059403605548;0.771613760599544;0.0822278391448871;-0.669453722760048;-0.0949564970992148
9975;-0.532744080227711;-0.676271058109145;0.425020630063868;0.0129123794648415;-0.0624538350699702;0.785636606546679;-0.578953790615489;-0.777535228333989;0.539705244397981;-1.54730616328;0.649023558546812;-0.564714489200028;-0.43334384101439;0.826064392304307;-0.403260525843045;-1.52985083771205;0.477235517024771;0.538130618160287;0.349902081659023;0.516733748443389;-0.404959431460333;0.523933994459827;-0.257725976673269;-0.443480012856512;-0.0998221554141514;-0.0632186755648224;0.782126951182557;0.0963264312331728;-0.678051365538355;-0.108304201334114
10000;-0.518529584997832;-0.6686705911355;0.439011442608954;0.0145509415173836;-0.0771158111549113;0.769818026220027;-0.588928381528519;-0.752946869108892;0.531696298591679;-1.56621060780494;0.648651197485686;-0.551970818286518;-0.436838037966997;0.827650014280913;-0.430780999576508;-1.53647756646707;0.49951446491472;0.557506263283949;0.370897201762862;0.534365850404887;-0.433616181212757;0.535181755370996;-0.250440629505881;-0.440033357270143;-0.0921711578440068;-0.0737401769795692;0.783968672032731;0.0943262848550918;-0.668141067529212;-0.118342209145662
10025;-0.493112355271293;-0.684961747385476;0.44788484721174;0.0229306166113836;-0.0756066163674038;0.763347001719985;-0.594236035296992;-0.742045287635373;0.528942444148991;-1.56177976323921;0.644612579258305;-0.563606289224595;-0.403297892592021;0.835825987739308;-0.441707872364814;-1.54016088694833;0.489352761971165;0.574375845912811;0.374136892367121;0.541964467149267;-0.449492222266347;0.548930570642077;-0.246451575823454;-0.472651416623055;-0.0937480734101204;-0.0814997194207377;0.76042056771644;0.0970860618839572;-0.660532816351187;-0.131630315186451
10050;-0.487569504894268;-0.701048648296932;0.46469917743716;0.0342016435182779;-0.0669205737045351;0.757698010742147;-0.595532342195727;-0.728513989695996;0.52653356137871;-1.57286194174707;0.630939202259515;-0.557642469056002;-0.432230743369059;0.866897292202179;-0.453062537260307;-1.52913635961492;0.484659853778138;0.574122929158078;0.396391192409604;0.545153909244627;-0.457423857707978;0.546159946166665;-0.260628866344303;-0.475438394584189;-0.0859165937859841;-0.0639251829185104;0.742977303464321;0.0894765118224227;-0.669719132126842;-0.147859308653154
10075;-0.475086378138517;-0.681201926754982;0.470676181907997;0.0396369343636562;-0.0603178721897102;0.760812303236636;-0.589597307252517;-0.723864583740481;0.522537667735063;-1.58560013821441;0.623974075133944;-0.541539527690384;-0.446596061414858;0.886302327048145;-0.468293870808514;-1.51942505430795;0.476420692095291;0.570260823598286;0.4452590998387;0.555784821032217;-0.47068390269538;0.55977801048936;-0.253362745331602;-0.477522068880061;-0.101845334357648;-0.0460803883329564;0.727613869405288;0.0921522799001246;-0.65732382719178;-0.179211500243513
10100;-0.467865168363352;-0.675323547252919;0.484308752146731;0.0343007703308291;-0.0524565980612399;0.753913187291754;-0.597430854462843;-0.720694011553685;0.516244828943953;-1.58356845962573;0.619055669366972;-0.545872729284916;-0.432354958985111;0.897530797795548;-0.478356308642962;-1.52884011680179;0.4819264043468;0.554667715138858;0.440185599089019;0.572059343166934;-0.465055284559766;0.561056697623113;-0.250270161064635;-0.503077048326986;-0.110104582020135;-0.0413870439290461;0.715284164605849;0.0815179985444085;-0.655170921191597;-0.207683415790074
10125;-0.475016412425541;-0.670146634011177;0.494403821379839;0.0332134250972415;-0.0364788509848148;0.745848853219946;-0.612606446965293;-0.700819781042646;0.508761904182838;-1.5879302575589;0.621211361054496;-0.540484081429327;-0.426572783375757;0.908559355801608;-0.499200203010494;-1.54329607271334;0.49531574855053;0.572524785381874;0.459636054058746;0.576102770373009;-0.464886017599122;0.56823236959225;-0.250767610760671;-0.508458400657254;-0.116529384058932;-0.0529469763589839;0.713430438307811;0.0958675870152984;-0.677407480406374;-0.235243636075129
10150;-0.468401210362849;-0.66629264136008;0.50303762385169;0.0518744786977867;-0.0322518097262234;0.735952573130284;-0.612440677473714;-0.698621000763876;0.496100934914548;-1.61387294896121;0.625191887938189;-0.536160140394962;-0.433378153246274;0.915325103184302;-0.519091990137444;-1.54734515772588;0.470735241277319;0.573851102306511;0.47266291976691;0.580053712720892;-0.449108079432042;0.580427928347025;-0.2472579990215;-0.515101312597775;-0.14293678930751;-0.0601817098168175;0.693446298078961;0.0984099001595859;-0.696624039361721;-0.274679112990081
10175;-0.455036738624836;-0.661089966953637;0.500459313001392;0.0672616764253539;-0.0272093158155888;0.73474299519675;-0.609115583177289;-0.677917680593695;0.495472540467533;-1.62893646519125;0.636939286116147;-0.530742976810101;-0.427856669098077;0.903303074399824;-0.516260404700769;-1.5337310702007;0.438845864012295;0.555704635674264;0.461448668123984;0.583679471119953;-0.449707569182958;0.574971139715825;-0.240364647241234;-0.542775566407906;-0.150563934443103;-0.0485870016380053;0.682034230763331;0.0950301740885073;-0.714193816242085;-0.325139971730249
10200;-0.460636536821512;-0.661243300711071;0.49620714652414;0.0801906351130312;-0.0108846139492913;0.74322986704976;-0.621286597460622;-0.675091321232893;0.487846947662074;-1.62830353891699;0.62825596341075;-0.533191668096419;-0.432529654320525;0.914749839392858;-0.521378480678028;-1.59416489540704;0.442280602112341;0.560757603753761;0.470003699839266;0.587700759898229;-0.465766034200514;0.586689911400704;-0.237259796670617;-0.567280156382986;-0.151273438811046;-0.0668745024194544;0.679991126988125;0.0951083998210912;-0.728891973482828;-0.344835000577762
10225;-0.463195751134448;-0.673052619446704;0.492452074615595;0.0834397019368677;0.0122743732013753;0.733783033931655;-0.610593409862675;-0.665299952412613;0.484199600917846;-1.62582516013047;0.626818101725533;-0.520820676984164;-0.439281391935732;0.910406599744371;-0.529228034487708;-1.5995022672653;0.458006523957518;0.532276656796656;0.48830965439578;0.607909560982109;-0.480229530277828;0.576154216763758;-0.230853208355562;-0.575106692097104;-0.186977586754717;-0.100717019703935;0.673143818728693;0.107337123995712;-0.733430827153062;-0.376888290110259
10250;-0.495286628039153;-0.663060832669104;0.487150782879949;0.0859383409121077;0.0216216581163753;0.73071913758651;-0.602543388526027;-0.66208723171614;0.489701861140398;-1.61778376359736;0.639325435098102;-0.519539059210956;-0.416139698813898;0.886867362038051;-0.538575670215581;-1.58793530383802;0.425098533783213;0.527520730900603;0.529264455332094;0.596636471014556;-0.522500842253541;0.594575369476737;-0.230868655183373;-0.567889443273426;-0.193122071494948;-0.111717584788193;0.653503300905085;0.0925270675279834;-0.749681967885812;-0.406024443232819
