;1;2;3;4;5;6;7;8;9;10;11;12;13;14;15;16;17;18;19;20;21;22;23;24;25;26;27;28;29;30
-500;-0.0559005056844972;-0.0437569892382594;-0.0782506803012882;0.17717613337704;-0.107542457694669;0.00153083322260286;-0.00846396621117935;-0.0782701108840377;-0.0560365752682606;-0.0503009698155186;-0.0441189656214166;-0.125745229537582;-0.170779853207069;0.0682897460672054;0.00552526429331688;-0.0719000846978857;0.0464008403779111;-0.0276253739533391;0.125740962338302;0.0728320559814538;0.0665431321772181;-0.0190243033820745;0.0145517773440093;0.280702668629378;0.0309226597401796;-0.0411939723874517;0.0263871003260205;0.205423260243268;-0.0898546159968658;0.0973219913207898
-475;-0.0470601136233562;-0.0462677047783053;-0.0805086982760004;0.175720977907975;-0.095884421893645;0.00972355357725543;-0.011743460364304;-0.0851558419892652;-0.0635276491145043;-0.0327596513771873;-0.053636471787123;-0.110054455881159;-0.152428065799919;0.0703880867483084;0.00446844399920141;-0.0789913471457695;0.0497772473076164;-0.0195995534306148;0.117081473737141;0.0699709578868296;0.048796387098107;-0.0146469352936935;-0.00605113695734203;0.226615447847748;0.00311529006828102;-0.0422673307084378;0.0331623831102576;0.170614133521037;-0.0918269625647187;0.0841005884587397
-450;-0.0427886906897008;-0.0444703777703612;-0.0749348041586322;0.162824746018077;-0.0847696988665765;-0.00117882782105103;-0.0117951101102287;-0.0793657083080336;-0.0800695139282789;-0.0221265289038915;-0.0303246018992399;-0.103209905201735;-0.126224873835729;0.0363129921747313;0.00440144335218071;-0.0700214735269074;0.0552640521673103;-0.00851563975614784;0.112243020394942;0.0592419034484891;0.034878841341315;-0.0112086885877276;-0.00442119205982592;0.154914895707103;-0.0243253095200068;-0.0365617699014718;0.0196531734594516;0.147729531657499;-0.0696614644737119;0.0766092803241206
-425;-0.0393489675031731;-0.030685354495235;-0.0617038967815622;0.14389628804905;-0.072267976107258;-0.0209233975371691;-0.0105529631585739;-0.0707194460004511;-0.0673067915653215;-0.0348073694830671;-0.0130631212743209;-0.0907977693303742;-0.0996329252336968;0.0206713946125489;0.0162275224991294;-0.0477561020399213;0.0575648613954339;-0.00186495067364074;0.0965491449922801;0.0515271664534739;0.0187560627247623;-0.000775794991608958;-0.00163814277079264;0.0962185417875101;-0.0249152223757016;-0.0118777273509925;0.0228242701678218;0.154462120890096;-0.0462009225311232;0.0698542226751709
-400;-0.0220365685082271;-0.0270721402551448;-0.0605167310013271;0.124752444240564;-0.0576965388420472;-0.0218200073527991;-0.019749501210045;-0.0743405873764695;-0.0762801383396686;-0.0355479445554332;-0.00898807583993819;-0.0878068283154251;-0.0916350456220878;0.00530420562676688;0.0115377684363705;-0.0353286079259496;0.0424131333557969;0.0103174193064424;0.100515573219053;0.0696440625097591;0.0172956252225973;-0.00649618632717486;0.00696374585530237;0.0301177815824614;-0.038260584247937;-0.0137813050119937;0.0283931918941493;0.171600189100398;-0.0380599414310785;0.0530897898569707
-375;-0.00666984478252974;-0.0235704823986502;-0.0536447032570349;0.0998654905020884;-0.0503876355362525;-0.0217008002618913;-0.0203159011987592;-0.0547270831100554;-0.0731678611022998;-0.00309444662518215;0.00427732889247348;-0.0778646860870524;-0.0752607727341322;-0.00610662847151304;0.0188817439346497;-0.0118204043720145;0.0307108614602263;0.0285255117579089;0.0885351948353252;0.0657547635018864;0.00432028999212286;0.00590854656302531;-0.00790032522657689;-0.00931710444802847;-0.0517902912969654;-0.012030007810051;0.0278478569489872;0.151604161194205;-0.0364730409423845;0.0376869266366347
-350;0.00165928002766247;-0.0210789119431034;-0.0384929449507057;0.0731010961821463;-0.0461057017348734;-0.0267234902834462;-0.0287499009510332;-0.0430267099894043;-0.06327634926506;-0.0146511296143191;-0.00114218673574471;-0.0508037841468377;-0.0571362722592677;0.00919014440786987;0.0259754362931262;-0.014672598396918;0.0341755190278011;0.0417687621406325;0.0673534633987202;0.0517852815722201;-0.021718608424943;0.0180970434896435;-0.0136875097166425;-0.0530649420524727;-0.0520900990717112;-0.000894555944206399;0.036816190938556;0.122015038492842;-0.0160022689650603;0.0349492057852555
-325;0.0069813626423656;-0.025754028843159;-0.0207307836951516;0.0413227170880355;-0.0266597669448457;-0.0402527673041967;-0.0244599823003843;-0.0433807112695001;-0.0678159744130629;-0.032213153438228;0.0219442856368951;-0.00688181159152759;-0.0310946699393464;0.00219026230591708;0.0213444660822878;-0.00407822308686367;0.0243606095370291;0.0471950389171923;0.0405240127884083;0.0509210810765707;-0.0125848863417806;0.0100863837866298;0.0122873399965503;-0.0795622610419786;-0.0451215169537222;0.0163942772054972;0.0495533360890614;0.083377732743668;0.00548916104694013;0.0256887121053689
-300;0.00972655192834981;-0.0196264216526822;-0.0150604824007561;0.0203222757516237;-0.0208105868533844;-0.0423459436523864;-0.0301394152005896;-0.0148037999843592;-0.0379636029034292;-0.00281849912416825;0.048781466732221;-0.00249901783196496;-0.0105160309720829;-0.0176340654831427;0.0234410435532574;0.00514082846787711;0.00972796769359756;0.0357942425649369;0.0218624817023507;0.044884179667046;-0.0261947403617595;-0.00315598481973334;0.0139058548920291;-0.0885681411679438;-0.0473029109228961;0.00272455736665966;0.0488347559028175;0.0400856722262253;0.0176078151785628;0.0186302611475487
-275;0.0131457779841853;-0.00861530762460023;-0.00123248080573137;-0.000571774362614574;0.00464083450309012;-0.0284535547516044;-0.045148393215463;-0.00818485087673961;-0.031129637004858;-0.00741899735488087;0.0433851152076318;-0.00406792262118252;0.0176282797234586;0.000634259759137512;0.0373214133550895;0.00246683056831176;-0.0123540660388648;0.0314775103351195;0.000282052863652638;0.0314258258083774;-0.029695083638466;0.0019393668665546;0.015356641040421;-0.110528661211073;-0.0411996010327892;0.00215937009499934;0.0455534465315099;-0.00371347604593892;0.0310995308961282;0.00301588996511257
-250;0.0210833655974181;-0.00264132876035812;0.0095763797555499;-0.016260564131455;0.0177709614917323;-0.0321191803245141;-0.0357476109015069;-0.00698238723565661;-0.0238099662613832;-0.00440470946583642;0.0499788597441545;0.0160219706206691;0.012445580522918;-0.0115849555802568;0.0216945136112872;0.00471532038670097;-0.0246874217071115;0.0309853297400815;-0.0236899427962747;0.0455028146877205;-0.0209700426037391;0.010892803856096;-0.00759578716033569;-0.113480462211539;-0.0487045704587855;0.0171453090710174;0.040287219187459;-0.0440140398766253;0.0313195361082271;-0.00288674920220191
-225;0.0162978283987192;-0.00114067793585977;0.021647351309537;-0.0266657119245479;0.0195456685056527;-0.0204072557373783;-0.0209321927735182;0.0279755525688668;-0.01082624723622;3.03287391298479e-05;0.0488193915096843;0.0343190849326694;0.0216424185944459;-0.00610111212647451;0.00930303066872127;0.0190967501961656;-0.0220629985124252;0.00598582005192299;-0.0326198921044057;0.0452240206158973;-0.00581764042645427;0.000958995329698009;-0.012810004083159;-0.102736565022054;-0.052531054590452;0.0119652607893843;0.0118656766539779;-0.0762004558407003;0.0416814430592103;0.00878330248694312
-200;0.0156540970526891;0.00331331194235767;0.0314395054239915;-0.0540914539084818;0.0428614897120047;-0.0125181612980397;-0.0146008945315516;0.0298795617645925;0.0101562618068135;0.000672735427684712;0.0468413970988336;0.0413666890156557;0.055447959801812;-0.0149844693417905;-0.00157114263588789;0.0138403905892781;-0.0280427415226438;0.00184017858431211;-0.0501217315472491;0.0120139205741629;-0.00836882582941878;-0.0030049918024555;0.00332858370275848;-0.0994019494879741;-0.0298879910992464;0.000313657593494998;-0.00452834083613189;-0.101440809559952;0.0525747125758729;0.00594567259918652
-175;0.0229650270527655;0.0222536077117744;0.0424607896134985;-0.0830114452971544;0.0526682526886885;-0.00600655491131783;0.000511946914543637;0.0250413156159351;0.0509312569927764;0.0225366104498574;0.0434037506456601;0.042925829666158;0.0603734900160997;-0.0265688750495406;-0.00844967295184564;0.030609745652838;-0.0305205327520421;-0.00456246030083314;-0.0584936334154243;0.0112434850902542;-0.0211715471814864;-0.00368212380006794;-0.00649331013632302;-0.0740326769118378;0.00126840037354223;0.00421381722454273;-0.0144171239104308;-0.0887722953665068;0.0450197340220431;-0.035617489661152
-150;0.0233859355068535;0.0271913376995814;0.0541523638190313;-0.103602158425585;0.0705627049664781;0.0120818836868592;0.00562993569030916;0.043420932602742;0.0851622042385986;0.0214682897588334;0.0171464170296113;0.0727025411883067;0.0712081899311047;-0.0512391571464228;-0.0094056435649549;0.0367624581764783;-0.0356324299195933;-0.0149038468925264;-0.0759856303711073;-0.010688496687352;-0.0233519325366804;-0.0179346753056708;-0.0170555558224498;-0.0622297617424714;0.0108911457018464;0.0138995479157473;-0.0289930085394175;-0.0936569682784034;0.034184573197746;-0.0606352666730131
-125;0.0166903965915148;0.0284541370721439;0.0607606848387403;-0.115740839172719;0.0677381104463459;0.019713006669802;0.0208346942639546;0.0589626548241667;0.0859058572922044;0.0308892828399569;-0.0174824127739973;0.0761086860967209;0.0871230511858296;-0.057452784634541;-0.00720276318006765;0.0339043979354556;-0.0447180052217306;-0.0235270900904736;-0.0879046197618337;-0.0590353033983944;-0.0103527143741029;-0.000642529964168137;-0.00533595350250002;-0.0457274280690225;0.0424452409871939;0.0131477826065294;-0.0321408324548381;-0.134941968629655;0.0400224614457719;-0.0653020570933133
-100;0.0217158755742366;0.0427798585533639;0.0612098460663166;-0.131858154111087;0.0740595499833045;0.0295968487696526;0.0510971964012726;0.071223752916958;0.0892493307364438;0.0409523580551685;-0.0188332341603628;0.0800111394250532;0.103366353830201;-0.0290020621494352;-0.0174445013149646;0.0441946860137701;-0.0417817939410736;-0.0287135652612671;-0.109253450245933;-0.0865013073815038;-0.00235355044169139;0.0132140997200376;0.0124349769288405;-0.0204186918988205;0.066440987823347;0.0157534570464946;-0.0424847700532101;-0.143048833244432;0.0261586655741413;-0.0729806961928949
-75;0.0175305697017292;0.0452223027468853;0.0710231767519744;-0.161508207240937;0.0701430221011218;0.0446919367971256;0.0615277649503776;0.0824849931039361;0.122938770205621;0.0466454189648137;-0.0258205487767416;0.0928712608681788;0.111238590314388;-0.0146937082654324;-0.0379981960563175;0.0436423046384451;-0.0382030009316047;-0.0205427119678962;-0.110476731914365;-0.1215230418366;-0.00819870404435163;0.00501983708376619;0.00923831471318128;-0.00967069511130103;0.0668191149630418;0.0210095261860634;-0.0726991602703602;-0.173627112089435;0.0297943989550192;-0.0743892279238648
-50;0.0120316044373618;0.0553138442337282;0.0683379648222597;-0.166614584775097;0.0734988633151385;0.0715522048785965;0.0723536487993127;0.0935470744420411;0.102486932039498;0.0311380721526415;-0.0472345635936085;0.100215046015358;0.115343286605905;0.000149370066411647;-0.0526435677964085;0.0478854047048827;-0.0374094215906244;-0.0304503820016013;-0.0989372510765952;-0.17109806614208;-0.00724424764037113;0.0049004389286833;-0.0131617497469815;0.0241988025191027;0.10565339830297;0.0207887320430014;-0.0938163197203079;-0.185893102892662;0.0219054361618892;-0.086950729454368
-25;0.0149370182956332;0.0701513257358837;0.0644681432272904;-0.15905727576692;0.0686353267599948;0.0855596736338999;0.0704441051073666;0.126421399184734;0.104379693090392;0.0458103033696266;-0.0639338300346715;0.103189162716071;0.158891309077169;0.0222373564796525;-0.0654066025781714;0.0523097238620263;-0.0349826801850086;-0.053584239070209;-0.123204497036989;-0.23312530342821;0.00743218528912259;0.00955469865024083;0.0080834327098366;0.0559712023032135;0.128572913609811;0.0190913739711731;-0.102099045425373;-0.201602778244928;0.0112217486833908;-0.116913627161034
0;0.0174920284491114;0.0942354267319657;0.0689150351836998;-0.170391528005506;0.0657016463702977;0.0938187564679673;0.0671444836413491;0.146239028592956;0.0919627716342296;0.0345803986347048;-0.0873413429027402;0.120211185127018;0.169341038528839;0.0452628395205065;-0.07662107611483;0.0535773004835238;-0.0238623293904143;-0.0359699655335064;-0.137003766832016;-0.27784067113056;0.0244343257970476;0.000233102593031109;-0.00118101390989565;0.0768947973622589;0.143734071803017;0.02713047177761;-0.109527343780578;-0.241531538979292;0.00750252262598399;-0.134396482836386
25;0.0142386620406993;0.0946523496430381;0.0689098350715109;-0.187633851180589;0.0899808289230492;0.101603468888688;0.0900600204563658;0.138112641085019;0.084966462988383;0.0335037056210563;-0.0845988597357897;0.134203119274204;0.163774318906855;0.0521438917553442;-0.0872488499224341;0.0637267376070587;-0.0276162080976791;-0.0512550334247266;-0.148873392508022;-0.280470005061712;0.00152869684370072;0.00442290463740891;-0.0240307130836686;0.111162883737664;0.155597249387956;0.0331498741309537;-0.102526130436532;-0.281520685765709;-0.00402126456501768;-0.129495342843293
50;0.00965381326136328;0.0905413736651584;0.0643173970199788;-0.19430970321236;0.102624777096719;0.114185161816419;0.107413235187233;0.137005573113735;0.0896711797581592;0.0353113424370041;-0.110257925019627;0.123471006588552;0.169757247246846;0.0628898585947475;-0.0981961502190206;0.0475555441056288;-0.0246467958678997;-0.0704708277242629;-0.140497711166224;-0.309278333780132;-0.0368315569769926;0.0191061591793305;0.000291167494293498;0.138816013819306;0.178406325513124;0.0247912730021604;-0.101555774778364;-0.327158396479178;-0.0160656958956817;-0.12871584797237
75;0.00960076130722598;0.0931110286295845;0.0607362716572635;-0.196439442236826;0.10881404294426;0.121234122378389;0.101452383831514;0.126961276358947;0.0934832823074615;0.031624745304124;-0.112078722094508;0.14566239860982;0.183289664760009;0.109020539047941;-0.110380126391857;0.0512960204976876;-0.034607483511555;-0.114785785465673;-0.132544341065917;-0.360451949783425;-0.0534988856173857;0.00526967980058801;-0.0184021400131756;0.162914613691731;0.196741547208635;0.0239858118753431;-0.114277021224611;-0.392123317337778;0.0010211559589584;-0.142893757164889
100;0.00747441109740965;0.0979214621690785;0.0730669215975765;-0.191664014407879;0.129228514214806;0.135245327249543;0.0955774913283927;0.0925125374084451;0.0995694252366534;0.0240994018974047;-0.135568307248691;0.125680435881688;0.161696320586466;0.146769733417701;-0.124714677240734;0.0539213374918599;-0.0418926345064574;-0.165493995946759;-0.146934199906367;-0.392559041089419;-0.0486151604101701;0.00292339621511895;-0.0122888529202377;0.188659166760462;0.21209262775609;0.0394437373655374;-0.109370876700221;-0.4151873757683;-0.0046760116966746;-0.165885270424489
125;0.0105162620770081;0.0952488296664705;0.073786364574705;-0.199813003113521;0.140163531623018;0.157506147023385;0.0947701004755688;0.0276806680298903;0.111582902230054;0.0232832856877065;-0.164800030638394;0.131468436573838;0.17308482833878;0.169047062989055;-0.142109678459547;0.0487296181123102;-0.0375852055375527;-0.221934271042251;-0.163781542422893;-0.391401340435982;-0.081354591852741;0.00593595784719581;-0.0199686015218224;0.196588546422455;0.207237247719388;0.0311643082680049;-0.102881578348782;-0.456087054987152;-0.00450693675391007;-0.159860492692475
150;0.0143732155526264;0.0940824751643792;0.0533353568705108;-0.208823226987569;0.157236537320343;0.154480308758377;0.101369416320606;-0.0676442926133677;0.14392875385125;0.026438334058521;-0.17240379701886;0.133478471672682;0.185088365854327;0.203240623649109;-0.163472993028452;0.0357633053848969;-0.0184644285143114;-0.27955533381301;-0.141630212267349;-0.395875343143735;-0.120677703333274;0.000394907746474882;-0.0121161516034801;0.225258050881695;0.222965646289076;0.030449322699067;-0.0846692398790157;-0.489421732559817;0.00832325415188522;-0.160760281435189
175;0.00768544560194329;0.0864828567629852;0.0377837804589871;-0.204660871404087;0.173402850041675;0.154466623924599;0.109583379350518;-0.190974196743212;0.14326256723366;0.00383272233133343;-0.175051161017834;0.119169772428508;0.180649448064096;0.222096073952209;-0.190330019524762;0.0229493149492261;-0.00365784380242613;-0.344415098085236;-0.13842283844239;-0.440052235929918;-0.144828529176418;-0.00589654705221809;-0.0127486084356606;0.238233160931532;0.221373381607776;0.0436685020047878;-0.0918279652572572;-0.498494799441937;0.0151638076976255;-0.168175371042977
200;-0.00839152793325404;0.0697282459298725;0.032214397235528;-0.221145819563863;0.159103704734661;0.130847909502997;0.0691345815719631;-0.356747756947111;0.128177514338444;-0.0287835080670665;-0.18557081237689;0.10030133195237;0.153783090423089;0.231272063452336;-0.222702336428707;-0.0214177403689588;-0.0342558322643102;-0.419612426766082;-0.191336498498555;-0.501337135244405;-0.157088761240085;-0.05105397827217;-0.0490134148222075;0.216076679610729;0.168944423968713;0.00479040745635961;-0.118131151190938;-0.530791430604218;-0.0193339298306911;-0.192813448881144
225;-0.0587828494768843;0.0230698257007305;-0.0230440707249795;-0.3278479605566;0.104138912116654;0.0423279301131398;-0.0143430600158689;-0.526131681317461;0.0574830780221746;-0.0929797072790138;-0.306723702325771;0.000399264475241168;0.0575585054389227;0.176911772739005;-0.298022298228263;-0.124145626957162;-0.121405450462956;-0.549545410973381;-0.300997588844161;-0.571469873235373;-0.296916466048788;-0.180153125352104;-0.152839129495052;0.08518533625989;0.0809688959372291;-0.102178463248223;-0.20625239031485;-0.595149993191961;-0.136102829146016;-0.314906080393331
250;-0.15193655410759;-0.116798942511;-0.106794179540625;-0.489470420646606;-0.0774222437320942;-0.115691926451002;-0.166236111318279;-0.749098583792571;-0.114092492034491;-0.315621859262785;-0.482271385888537;-0.203502708236342;-0.135466332506223;0.0434398038610712;-0.396149023877068;-0.297778754893056;-0.314714698533379;-0.707462156601716;-0.462906807191998;-0.707619159746956;-0.476878059407483;-0.358552339194633;-0.351575325293879;-0.0899895809779265;-0.0664562340111547;-0.243047756523633;-0.384497392968402;-0.739225442467911;-0.322668751290826;-0.48196652848075
275;-0.307472443166796;-0.303279929807839;-0.230678977919729;-0.702473954219919;-0.295722716016447;-0.311386550516275;-0.394658681207183;-0.937649687062246;-0.328836641483496;-0.547628561075994;-0.63665534251572;-0.427145231218234;-0.337949008058221;-0.127623612220604;-0.580276382525975;-0.503166151219457;-0.545818469070468;-0.906211473377154;-0.716039917780731;-0.880076946532096;-0.708701365553915;-0.598717325835332;-0.593907253995798;-0.339121836762374;-0.286907644944261;-0.427634670756562;-0.620960958253897;-0.904466923377113;-0.520863306220614;-0.67795823415563
300;-0.461287590825101;-0.509672506641597;-0.360887582696868;-0.931923433073114;-0.511543002312023;-0.537983140917956;-0.60812399503743;-1.17889453946224;-0.513070011718198;-0.763362479984476;-0.857778058102734;-0.690345132919406;-0.558532663964138;-0.318904167087963;-0.823553304303037;-0.706325317051819;-0.780278864407418;-1.1231457566578;-0.9703935476049;-1.06826222495133;-0.966792303083586;-0.813184799350979;-0.869233996002716;-0.604011711967734;-0.502344716420513;-0.627005357961802;-0.85419957124906;-1.06598920246029;-0.719284335162593;-0.870081220099792
325;-0.636688211217294;-0.69829462256502;-0.493039594170095;-1.15724542538035;-0.726263539103856;-0.740184447427998;-0.839596145181176;-1.41199992867513;-0.71989347410028;-0.968994228955077;-1.07079476655066;-0.895535491119281;-0.784382229115744;-0.499357618207327;-1.0464213558161;-0.897976483925652;-1.01707847311868;-1.34276020974548;-1.20361610800172;-1.24338445611733;-1.17246593682731;-1.0361100643236;-1.09939625953855;-0.84323098073165;-0.686367128867797;-0.833597128954031;-1.06100933788878;-1.24644209575872;-0.933117655259124;-1.05682565191743
350;-0.786085491774396;-0.89284824123195;-0.612521285002522;-1.37152400391084;-0.924909851759547;-0.952539342359774;-1.05644577606559;-1.68186612221406;-0.935976777793984;-1.20019679839039;-1.2343597904295;-1.14241029866729;-1.00756402242878;-0.694049581110644;-1.23051544008329;-1.08755707706468;-1.2239424187601;-1.51710743083203;-1.40578901782099;-1.3951719482111;-1.39795556844864;-1.26506852230291;-1.31588270329067;-1.08729221685429;-0.861023782879974;-0.992382359679271;-1.30032073018015;-1.42314951135482;-1.13117224687294;-1.26174449064321
375;-0.953082472907719;-1.07527844157017;-0.719008788305892;-1.56907045504934;-1.10544432765276;-1.14009567585869;-1.25496520914678;-1.8843863023117;-1.09072266549131;-1.38805251540252;-1.41480738919395;-1.35839604571666;-1.19414850534643;-0.853882121468683;-1.44137159039338;-1.24017576120381;-1.42364213518157;-1.70385008662002;-1.61634740951639;-1.52215428136552;-1.56878994092074;-1.4327395603677;-1.49145361958075;-1.28914672708982;-1.02901210146766;-1.16744192599011;-1.48400254683859;-1.59988496766316;-1.32812075786117;-1.45690314718232
400;-1.09219342774184;-1.2316917385554;-0.813678487514097;-1.78370285159635;-1.28584987421488;-1.30832285900496;-1.43377921186714;-2.03599265057774;-1.22847788553894;-1.60946785720646;-1.54384406942435;-1.52691404034684;-1.38737892462488;-1.02328822236335;-1.61934333954991;-1.37996255758424;-1.61154265633331;-1.83494684441234;-1.78093965002904;-1.69402682539299;-1.75447700214995;-1.59666284139429;-1.63883048749036;-1.45439247277945;-1.18493144028532;-1.30763779732711;-1.68045268572164;-1.74269043680366;-1.48605199809425;-1.61639395301182
425;-1.22985999380853;-1.39478688462302;-0.919356731794271;-1.98102339054469;-1.46976093967791;-1.45607076620291;-1.60668367849469;-2.22745338451473;-1.41342647730158;-1.75390119072709;-1.68320833367967;-1.7066703936646;-1.58565450067986;-1.14161201000417;-1.80928561701026;-1.55821807942734;-1.78047856149766;-1.96793327264304;-1.940283126351;-1.83202768014225;-1.92138948342665;-1.74119434578909;-1.81284110666246;-1.60548530306943;-1.30780318187989;-1.42509655270499;-1.84435337905219;-1.88576607142626;-1.64634167627284;-1.73264481327568
450;-1.34549642780405;-1.52718048933759;-1.00194692063203;-2.14889467503455;-1.59221305841348;-1.60092297101471;-1.73699125257265;-2.3529434593773;-1.54890902123666;-1.88525848831864;-1.79055803332407;-1.85301320115049;-1.73550744622034;-1.24605905406933;-1.96224456369727;-1.66662275381153;-1.94091376173832;-2.09305347460218;-2.09520618486308;-1.925378310745;-2.07721572831043;-1.839315412864;-1.9550952213617;-1.74820252539517;-1.41832988909894;-1.53597126250582;-2.00761033951302;-1.98528672514719;-1.77783522977243;-1.85619176140103
475;-1.47477935688976;-1.63712163396821;-1.06035101863769;-2.29637570078808;-1.69705772791956;-1.72427550942079;-1.86944302774603;-2.48001213444306;-1.6187619942743;-2.02991549956522;-1.90517540917765;-1.96831361510287;-1.87326605609874;-1.36021706479754;-2.11011601229889;-1.75617325691358;-2.06200296414555;-2.19322134442915;-2.2037603682821;-1.98540482127622;-2.2069251842627;-1.94906188310031;-2.06554471760019;-1.87292846815198;-1.52273031585887;-1.64626126518465;-2.17577216821371;-2.1260873983721;-1.87151198336618;-1.95137664041513
500;-1.57567328323538;-1.76405621579301;-1.13128868214743;-2.43744807017623;-1.80592819654043;-1.82876788813018;-1.95262210235177;-2.63906108470406;-1.7149420656891;-2.1814524203545;-1.97617750659786;-2.10780308856111;-1.98679607255433;-1.45289186798373;-2.20740489682794;-1.83796797512272;-2.17982214907513;-2.28554804031613;-2.29504817073977;-2.05720872898483;-2.29307460509445;-2.04811908312961;-2.18150823905381;-2.00797361178557;-1.59042050358724;-1.74508021984367;-2.30044472472653;-2.26915503897437;-1.99716048519434;-2.00918857822439
525;-1.65837661547468;-1.87457906887013;-1.19575673566992;-2.56197805545135;-1.90361465727625;-1.91207209972314;-2.05445759085929;-2.74292389450805;-1.81844502597576;-2.29169805182261;-2.02793429599425;-2.17678990103667;-2.09096783828037;-1.54414638777635;-2.3162841130646;-1.93465664305341;-2.30583414364245;-2.35413478230082;-2.42626193475592;-2.13283205974997;-2.39953710018772;-2.14713381582905;-2.3011744389257;-2.10997377208875;-1.68129431312411;-1.81979959718224;-2.37127820959019;-2.32703910652579;-2.08044912869362;-2.08453775748758
550;-1.7280515806903;-1.96126120859575;-1.24405840840381;-2.6961068320392;-1.9809790327203;-1.98585734962125;-2.14066415436111;-2.79608166824962;-1.84724975173333;-2.3228036247458;-2.09844935906876;-2.24372635986576;-2.20944889387409;-1.57616822751114;-2.39641800114906;-2.02023393347219;-2.41004701687276;-2.42510099566148;-2.54602417013417;-2.2010134328933;-2.48293342900718;-2.20517592948501;-2.36172866380955;-2.17767231421366;-1.76630830638079;-1.88443267278444;-2.47712756825368;-2.38239455595108;-2.13679998668093;-2.17973026881275
575;-1.8126462200734;-2.0329229487543;-1.29037955899555;-2.76140473208737;-2.06613983544968;-2.06445378727839;-2.20625312953583;-2.90259822364444;-1.87617643369057;-2.36340468862885;-2.17433151354906;-2.34870031557667;-2.28560393320924;-1.62573827842392;-2.46280069639351;-2.07373229283299;-2.48290495983727;-2.46572206298593;-2.59424343140643;-2.24241553228326;-2.49432613656013;-2.28136002945337;-2.40576460716614;-2.23757798103497;-1.78292231368996;-1.95043843624889;-2.59133664544952;-2.44814583309446;-2.20655616085947;-2.23636231245315
600;-1.87580730463996;-2.09958278469306;-1.32500854425923;-2.83096138297587;-2.14956783549042;-2.14299867679228;-2.25492195830045;-2.99483581668595;-1.95473581435342;-2.45761848328311;-2.22481678725055;-2.41434021017999;-2.35284144585621;-1.69388921990931;-2.53819660047558;-2.11163116570544;-2.51380886325805;-2.54809425039834;-2.61793756092828;-2.29872157269603;-2.57556469089634;-2.365708964634;-2.48225307103436;-2.28116204157834;-1.82409164739602;-2.00405448978088;-2.65696546616867;-2.50195655386388;-2.26723880536593;-2.26879157134445
625;-1.9304617336137;-2.18300752692261;-1.36008241253404;-2.90877921981359;-2.22054384792559;-2.17681802168152;-2.31663389193826;-3.01037512882711;-1.99465144784008;-2.49998321872982;-2.26699981762989;-2.45631993034177;-2.4206999404573;-1.74088364130747;-2.61909562729575;-2.14771283454505;-2.54543979193693;-2.59377696305184;-2.68115078612904;-2.31789432934191;-2.63822419220348;-2.38152631682748;-2.52663822123927;-2.32204760811827;-1.88561862663863;-2.04958903080084;-2.71565682037462;-2.55721624253353;-2.31572701463213;-2.30662028113707
650;-1.97615784556426;-2.21770313637211;-1.39293229585445;-2.99022864979357;-2.24860668121275;-2.23123973852663;-2.3892721680707;-3.0430767846219;-2.04707205283024;-2.52288872737132;-2.2926697030989;-2.49289302673314;-2.44920626636906;-1.74695370332598;-2.6682328528759;-2.1599772005665;-2.6024935462133;-2.59333526314618;-2.70963885563733;-2.32548012689355;-2.64474845429496;-2.41511706562101;-2.54630777886514;-2.38776644513452;-1.93442934886892;-2.08769099727076;-2.7860587942955;-2.57042405952905;-2.35420986093414;-2.33825044695442
675;-2.03835419298079;-2.27208756649683;-1.42086352313267;-3.02985265257448;-2.27673495859659;-2.28985318612338;-2.42852490840657;-3.09738974262729;-2.04536887464813;-2.56445901137878;-2.28466968514179;-2.52936149740435;-2.49315300468603;-1.76206668350653;-2.72956435993438;-2.18518485340183;-2.66362196573952;-2.62324967121037;-2.74104006743241;-2.35673715434291;-2.66117007167557;-2.42508090333167;-2.56898881755897;-2.42153356463529;-1.94302114021335;-2.1294681633584;-2.84175834309001;-2.62382796408156;-2.3939856072538;-2.36635107770729
700;-2.09368039520396;-2.33747288164197;-1.44589848482485;-3.07645726221861;-2.33858777589088;-2.29823022813873;-2.43890563195061;-3.162499534788;-2.08374807466681;-2.60383927334329;-2.33172320770395;-2.57588906467484;-2.52179741739323;-1.80197947915633;-2.7559090518291;-2.24210219194349;-2.70153728451727;-2.64558151859545;-2.79617538939113;-2.40613016968844;-2.71249251212069;-2.47306892417193;-2.56460528158255;-2.42465621036996;-1.94258750904463;-2.13970858744354;-2.85362704377737;-2.64015006914697;-2.39556764080259;-2.39992592616758
725;-2.12584424188456;-2.3888708608757;-1.45671256123874;-3.13365620639369;-2.34157332864305;-2.32826982582647;-2.48276219468284;-3.16412784863437;-2.10885183894066;-2.62818505108603;-2.33361434026338;-2.62221550125382;-2.56212053907867;-1.84095500138856;-2.80086790526425;-2.25162350485738;-2.72909032486468;-2.67089830780382;-2.81625508020013;-2.42044412732042;-2.73135171589049;-2.49744261567303;-2.58449413798828;-2.46389009235291;-1.95450332701435;-2.14947715932863;-2.87997943610064;-2.66085395914671;-2.39947405103166;-2.4304707476725
750;-2.15806239164537;-2.41401177940162;-1.4703078664962;-3.17685913066711;-2.38337969862572;-2.36940351041084;-2.52431517201035;-3.1837350026817;-2.11421616106392;-2.63748563578461;-2.36452865841276;-2.66120478312886;-2.62814047194279;-1.85952933089215;-2.83746752062368;-2.24114662924142;-2.75393437717797;-2.69234417949309;-2.83211588524624;-2.45145795242139;-2.72386534990128;-2.50098991017349;-2.62327870169184;-2.49321655198319;-1.97760184446955;-2.17821365759449;-2.89875586893744;-2.71045152896966;-2.37904046922812;-2.42402577798196
775;-2.20837690904824;-2.43924139058757;-1.48743126249651;-3.19709226008266;-2.43420467097561;-2.38093478763534;-2.5367817991351;-3.19627720219623;-2.15937454695453;-2.64846587625056;-2.36809209644132;-2.64103299376856;-2.66682314139458;-1.85007562478653;-2.82486385168541;-2.26070527874721;-2.79081624037793;-2.71766688852657;-2.83100325173277;-2.43987479223493;-2.72943390942077;-2.5483813477965;-2.6466449742136;-2.5398965113244;-1.96045406886741;-2.21246654668793;-2.91173179642227;-2.69607726252866;-2.41941563172749;-2.44088220712158
800;-2.25982415431514;-2.49483297622133;-1.50797849836652;-3.22715082136683;-2.45052789277755;-2.38621716639895;-2.54068032846264;-3.22525644854992;-2.17093753920998;-2.66942185649259;-2.39369051653034;-2.64635828133763;-2.67567865966712;-1.86465491137159;-2.86663029415917;-2.28456601831099;-2.77653944591091;-2.73505227220465;-2.85508488198632;-2.45083527401029;-2.77280463635112;-2.5638041687802;-2.64561413335933;-2.55659700999205;-1.98663226537312;-2.22059922603588;-2.95829203150978;-2.70194489970671;-2.48845513660375;-2.44327011144785
825;-2.27643059227615;-2.48603965553389;-1.51976520623953;-3.24819132525609;-2.41867927335234;-2.41520810305123;-2.56200158431442;-3.2464033462489;-2.14525279212288;-2.69362217449218;-2.37931095104875;-2.68480882941938;-2.69907574721691;-1.88230529696222;-2.88688192475682;-2.3003581203032;-2.78952536318914;-2.73583505171255;-2.84649693035603;-2.47005326661805;-2.75231097578779;-2.55236083809999;-2.64215621307436;-2.54591247188898;-1.98976958087276;-2.23095982467836;-2.96699327538644;-2.73842924238645;-2.48511792935405;-2.43445581362218
850;-2.28936880329135;-2.50816177964305;-1.52444122197498;-3.27180638007331;-2.44421799227574;-2.45697652492056;-2.61418310101536;-3.27950580375821;-2.14461032934668;-2.68630424255331;-2.40219247684446;-2.68425653069379;-2.71022833735909;-1.88779920280721;-2.8993522152936;-2.3079890597882;-2.77818083648023;-2.72401202045337;-2.84157891828273;-2.48117378159038;-2.74643755122134;-2.58839658505639;-2.65487977036682;-2.51990771186685;-1.9761193695604;-2.23078760673476;-2.96950226328795;-2.74505729626089;-2.46518057273569;-2.42527153407281
875;-2.32584368208577;-2.56707026399636;-1.5221093418926;-3.26843555044513;-2.44355309291057;-2.49131331775641;-2.59914887958096;-3.27447715015863;-2.19998223445645;-2.69288169784943;-2.41188562586098;-2.68768629224945;-2.71639686264024;-1.89305849370088;-2.90290101753705;-2.31918876470202;-2.78905768375005;-2.73858945271178;-2.8143381478657;-2.50095472654601;-2.76579639114643;-2.60430642772337;-2.65224665064747;-2.51751611199769;-1.98085803368834;-2.23319959592811;-2.94545585227301;-2.72868416777993;-2.47495431258788;-2.41932031067548
900;-2.3362167117837;-2.55756668138945;-1.54161396520002;-3.27878688508887;-2.43838356853462;-2.50318631648962;-2.58532404123817;-3.29774500001214;-2.23489029657486;-2.71799020408845;-2.41551013280073;-2.68524711609692;-2.72204756986147;-1.8863190672213;-2.90442965394598;-2.29873696510457;-2.79607912800624;-2.72659562448224;-2.82953504977034;-2.47423423653704;-2.74175017307902;-2.59106701936598;-2.65156485425402;-2.5098709104717;-1.95620929392385;-2.22743565984312;-2.94037407955733;-2.75830677117828;-2.48070861362035;-2.41278736431519
925;-2.3527069760359;-2.56509268592114;-1.545253623075;-3.30174274589754;-2.47217082490778;-2.49155764636172;-2.58858971277639;-3.27563930885119;-2.20086725075181;-2.74673946294797;-2.39247054655995;-2.6904218013938;-2.72078686715241;-1.8962283679848;-2.90803107610299;-2.2999158483908;-2.79471689148938;-2.71057096092845;-2.80035241623769;-2.45985008263281;-2.76547936027714;-2.599112126604;-2.646357630859;-2.50834438928071;-1.93055549016337;-2.24581645319406;-2.93145999815646;-2.7664299026948;-2.49071751368443;-2.42668600354291
950;-2.39752114608333;-2.6053306565273;-1.55425168031831;-3.3221965782733;-2.52410458125992;-2.49658488923769;-2.57465226868375;-3.26506979688323;-2.19425939305103;-2.74117808971533;-2.3838627220007;-2.7153536376214;-2.73557387044646;-1.88106615797142;-2.92407326671667;-2.28224677913653;-2.77026802095467;-2.68586043339555;-2.77200687499262;-2.48054694203855;-2.77533146405924;-2.61455415046065;-2.6629965679954;-2.54188828377586;-1.92493452772978;-2.2533991080561;-2.9450903504221;-2.73577667048195;-2.5129324811406;-2.42238486455415
975;-2.42716317908206;-2.60516897908427;-1.57680097903597;-3.31179035859583;-2.52543933677148;-2.48705235817378;-2.61457409309369;-3.30679345640306;-2.15804763135968;-2.69999969794241;-2.41086416643095;-2.71550457313722;-2.71238201593159;-1.85464345547485;-2.96465911132924;-2.28914735217502;-2.76414526771114;-2.67933511253944;-2.75332523030922;-2.49089711593319;-2.76545511876362;-2.61939240090626;-2.61673386338139;-2.53670699336037;-1.91286860662686;-2.25080314007009;-2.93792707226395;-2.72171571296466;-2.49048225435926;-2.38427661940326
1000;-2.44089882176808;-2.61658594020123;-1.57325277312796;-3.33447482579852;-2.53099124855785;-2.48676643716322;-2.63202036908453;-3.30534915918347;-2.16650618289776;-2.70639555643497;-2.41679695745155;-2.70337284408632;-2.70943784864675;-1.85339781265139;-2.94405182556144;-2.30807262005262;-2.76176981578601;-2.65975133399556;-2.72713728688162;-2.46170332386844;-2.69407972017805;-2.61395970140524;-2.61700842096721;-2.53453486739512;-1.90288826517071;-2.24881181787641;-2.90914827226925;-2.69357410476057;-2.46171634421123;-2.37887690218018
1025;-2.45510396305267;-2.64640327115848;-1.5772266828339;-3.32591864448432;-2.5009949244439;-2.51467529027552;-2.61837850998607;-3.29243268395296;-2.19150140309765;-2.7070253283076;-2.44870855549048;-2.66836215344985;-2.72271419842085;-1.86165540155277;-2.92959723613631;-2.30326525364294;-2.75194916000209;-2.66748882454928;-2.70848121444602;-2.44943566337306;-2.68793406236435;-2.58470556199465;-2.61163062280547;-2.5105876663081;-1.87348576764044;-2.23233081851566;-2.90437667858053;-2.65592667097196;-2.46142756172552;-2.36089117520484
1050;-2.4803329629188;-2.65402292763327;-1.57809485917171;-3.31869651897386;-2.5229674603903;-2.51518859354934;-2.61031798308565;-3.29691327609646;-2.16535749797392;-2.71900407875513;-2.41772914815018;-2.67196812879424;-2.728550128323;-1.84054927561479;-2.94652241789395;-2.30293027558477;-2.75138986658318;-2.64598274437445;-2.67886989127157;-2.47144906477236;-2.67726798732403;-2.57255208917704;-2.59239778034328;-2.5381226950257;-1.85646376173917;-2.23323173780376;-2.89475912284248;-2.63667357200026;-2.47323150945994;-2.32818806290598
1075;-2.48175378643912;-2.68070915609275;-1.577309413401;-3.31715009332753;-2.57670073440789;-2.51625808207786;-2.59658429651836;-3.27486955759802;-2.16942285170388;-2.71770300398776;-2.40272385332295;-2.70156324299566;-2.72173579989769;-1.82509933428342;-2.94772879384474;-2.28876987137035;-2.71615566864546;-2.62416189701683;-2.64555784194016;-2.46042633740937;-2.68321760559689;-2.58624132774461;-2.62109373741596;-2.54310597932517;-1.84562627478071;-2.22286576437912;-2.87131031076835;-2.62437607605946;-2.46182504923509;-2.32655868793869
1100;-2.50485338067039;-2.7046772662385;-1.58055732275661;-3.3017155221283;-2.53930269084561;-2.53615202441424;-2.59622669883064;-3.25641626851967;-2.14086141409641;-2.72874186599623;-2.42520306789157;-2.69556197896284;-2.68305884441334;-1.78984769292503;-2.94842985112578;-2.28889371360702;-2.71558214277818;-2.59451748904176;-2.61151872656834;-2.39910746078669;-2.68781922540561;-2.57546988948827;-2.61380559914685;-2.5169223555617;-1.82149874730617;-2.21970032561494;-2.86989532455308;-2.62313635963271;-2.42727478954189;-2.30812935130209
1125;-2.52730056331936;-2.68290906208046;-1.58598770921806;-3.30305010963471;-2.52197265297972;-2.5316476761635;-2.61228561012314;-3.26412798996197;-2.13280551422137;-2.7082860636989;-2.38176747162863;-2.68770224930147;-2.67336877741397;-1.763641128654;-2.96129923747949;-2.2879268901173;-2.71598558504499;-2.56640127330751;-2.56022816077571;-2.37290101953928;-2.6681238165977;-2.55405078766933;-2.61448079316434;-2.5022975670574;-1.78858162901551;-2.21525447283012;-2.84968697802548;-2.59311336252485;-2.420904779111;-2.29509865159451
1150;-2.54281240865689;-2.68356864360016;-1.58998332298669;-3.30254566759126;-2.54736423172984;-2.51880910503517;-2.63179453274106;-3.19859436009635;-2.17089627742089;-2.70193703610649;-2.38561015693144;-2.70378724304064;-2.65806985563019;-1.75754607623407;-2.96279613371951;-2.27476274539692;-2.72839220440146;-2.57552586101235;-2.54120550434017;-2.37482328750619;-2.63085637230506;-2.55386052987771;-2.61721526775588;-2.50015987524424;-1.75384926777224;-2.18535307361972;-2.83220499226576;-2.56723095506328;-2.39011164856841;-2.2902572598516
1175;-2.54416867111055;-2.6795839081045;-1.59464418714212;-3.30945880824038;-2.53064577996832;-2.51593061270243;-2.63023045828051;-3.20585060908862;-2.11244679658588;-2.68470340583677;-2.43764180399897;-2.6619489161261;-2.66499755784661;-1.75232569780632;-2.96409014002506;-2.28013407866223;-2.7041560590514;-2.56755454151446;-2.47736386101593;-2.35756621784348;-2.62032392930936;-2.55486759140872;-2.59485138505586;-2.48983530239749;-1.74960420943523;-2.1805070136149;-2.83300051588166;-2.5508401897439;-2.37633724216447;-2.28728215408272
1200;-2.55545123611129;-2.68647385994339;-1.5938704231157;-3.26702638160206;-2.50233233075211;-2.49766077410754;-2.6285114696006;-3.23646370507565;-2.08132492174207;-2.61093219774914;-2.41713995288049;-2.63836277917159;-2.61886751741584;-1.75958687490543;-2.96769560924718;-2.28009282923072;-2.70621713907164;-2.52564762878308;-2.4546359351112;-2.34093695268343;-2.58311222065382;-2.55697115514962;-2.60733219634912;-2.4924271418401;-1.75329693199839;-2.17874939748253;-2.81331540050078;-2.54263875333067;-2.35867617500158;-2.25599350671673
1225;-2.57187126748173;-2.69773086396027;-1.59573587645068;-3.25281323011091;-2.51772497323245;-2.49924993208335;-2.62449887650361;-3.21944956174414;-2.11460940788259;-2.6017235351334;-2.40228210947834;-2.66566869376586;-2.57988902871472;-1.73052377629135;-2.9991066847528;-2.27475982156117;-2.70281282547979;-2.51712321939747;-2.43529648572107;-2.30028607663671;-2.5559022953835;-2.56704066044222;-2.62169880765072;-2.48900941394911;-1.7329276918756;-2.18951986284493;-2.78832310277126;-2.48272644839545;-2.34978616018465;-2.24272072986865
1250;-2.57949429621718;-2.69822448688729;-1.60807426717957;-3.25880442039765;-2.51474187685128;-2.49551436627194;-2.62328300131703;-3.21875973279413;-2.08159506080493;-2.64988319059267;-2.40699433983108;-2.63847465190961;-2.56133018528834;-1.70161861120892;-3.01066427310346;-2.25630297627576;-2.69995906486511;-2.5200548729321;-2.38777012766786;-2.2659501928302;-2.52921739238228;-2.57441084220452;-2.6040359644953;-2.44057271302331;-1.72955998671953;-2.18338979522711;-2.77961163817376;-2.43777904840841;-2.32794461460878;-2.24040959482303
1275;-2.58075027277433;-2.70022917717914;-1.6105935828402;-3.21935909666684;-2.52081041032819;-2.47763410516714;-2.63344854132749;-3.2050948144087;-2.06836269850301;-2.63471678923028;-2.3769946141803;-2.61072199822698;-2.55101908876488;-1.68871309007115;-3.01504089722492;-2.27916947154063;-2.69313741006403;-2.49243407020825;-2.38510002172202;-2.24324511809689;-2.50570283987286;-2.57782249267877;-2.61266911215261;-2.41999837335531;-1.73311622607531;-2.14963672797576;-2.79065618169077;-2.43291370796595;-2.27786884438586;-2.22983260631951
1300;-2.57234956885498;-2.70116750029046;-1.59690559818361;-3.1821733432625;-2.51161930063711;-2.47979850220868;-2.61045210592914;-3.20786168139696;-2.03802441780765;-2.60294253734092;-2.36094413673099;-2.60164647817893;-2.55208229832603;-1.67578849850351;-3.02388613269603;-2.29525270862953;-2.67267260007457;-2.44872029106651;-2.3865100734723;-2.19512174620876;-2.47573430736834;-2.57819469614487;-2.62862828871861;-2.42270072317187;-1.70370654410163;-2.1578410734143;-2.78739827218647;-2.39574827545373;-2.26138406240759;-2.19447178640966
1325;-2.5689918807524;-2.68135084916747;-1.59346177055794;-3.16724998162311;-2.49419084489744;-2.45031025582462;-2.62494742188529;-3.22582969203191;-2.01706665661308;-2.56885387199133;-2.39566657307871;-2.59654145775735;-2.53959246258182;-1.64970568701775;-3.02234279087222;-2.28035710883207;-2.68068171493787;-2.45460367838954;-2.37393148568909;-2.17124840567836;-2.49650836878617;-2.58595114289659;-2.63357886021937;-2.38246571162593;-1.65600360328039;-2.16690344541628;-2.7698388379786;-2.36662457765218;-2.25326435254892;-2.17404753052014
1350;-2.59345417706832;-2.6768328466131;-1.58151260055664;-3.17571715584826;-2.46044873092344;-2.44208435878118;-2.60862184823964;-3.17652375344927;-2.02304064871291;-2.57065223995304;-2.37527880419794;-2.59893730988438;-2.50603886023199;-1.63367957494303;-3.0458932163089;-2.28902078061574;-2.68840872884026;-2.447077541048;-2.31880716827364;-2.15230775095853;-2.44228283790037;-2.57471240344243;-2.59275863270375;-2.35399786140185;-1.65326467004767;-2.14875671370639;-2.74645377952235;-2.35193679009232;-2.23341105279856;-2.15430888458943
1375;-2.60525430364107;-2.67891757739297;-1.58422757002762;-3.14315122322814;-2.47792569518091;-2.44323301657561;-2.58979534389045;-3.15607186300815;-2.02584997814515;-2.55775717718607;-2.37495218210465;-2.55589579337899;-2.48511172400998;-1.62532591772293;-3.03812846880392;-2.28193069809127;-2.65647881680627;-2.42896627141302;-2.32438799561012;-2.11444559361856;-2.41585516770787;-2.55084615745417;-2.53754645819976;-2.31417078271978;-1.62713183163091;-2.12128237906007;-2.73762271928348;-2.3676399749806;-2.21785461764918;-2.15214295697927
1400;-2.59031806459203;-2.67067651728502;-1.57835458851034;-3.11208492673575;-2.44880845908222;-2.43480099065921;-2.57449954120251;-3.15408417388253;-1.98286890750964;-2.54417144590412;-2.36493865026841;-2.49526963104996;-2.47948943835828;-1.62536365445832;-3.04787297319353;-2.27520478771257;-2.67213728976666;-2.42491157523936;-2.33703493937584;-2.09287752653709;-2.40104979719559;-2.57835214648623;-2.53715889479512;-2.26779847737943;-1.61569282070617;-2.10902997471695;-2.73489508773826;-2.316624472038;-2.21712903908926;-2.13991388483284
1425;-2.60443492767956;-2.67863192486126;-1.57888759718634;-3.12577742417626;-2.45872778185828;-2.43620362545964;-2.55997946580335;-3.16357557285148;-1.93199079853976;-2.51836119080859;-2.32520283368953;-2.4783325866665;-2.48060326385181;-1.6423498508631;-3.04348406721927;-2.26107915816019;-2.68219434279726;-2.42520575796107;-2.35117199106815;-2.06798044896796;-2.36259369208091;-2.5828896461487;-2.54620146883572;-2.25404323223472;-1.61232007121048;-2.10021007115988;-2.74733839883027;-2.31129808493314;-2.19348278271423;-2.1268526845262
1450;-2.60971219231257;-2.65956405479475;-1.5907103279308;-3.11560731527381;-2.50141394194228;-2.44724992658414;-2.53301811857433;-3.13249641687256;-1.94588662157145;-2.4939743398086;-2.3069287860737;-2.49510854843691;-2.46120062480944;-1.62677048372974;-3.04142380568285;-2.25348119328267;-2.66583951824458;-2.39401642942124;-2.32789251630883;-2.0347899589033;-2.33741120015684;-2.57266203967503;-2.52488897573513;-2.21712807227915;-1.57861296453869;-2.10242506586888;-2.72975115598916;-2.32278921280913;-2.15003089226727;-2.13008050144881
1475;-2.60708637333223;-2.66202160972287;-1.58086557808176;-3.09540547550179;-2.47495820344517;-2.41035062022305;-2.51378618616545;-3.08030422975988;-1.92332972895774;-2.4510810274122;-2.33267496864303;-2.49701551497847;-2.43434197704586;-1.60210508899371;-3.07488315425866;-2.25049662848242;-2.69210600659434;-2.38617182931959;-2.29070940484102;-2.01028522119488;-2.31086632610669;-2.55282273177613;-2.51085774194687;-2.17500074322738;-1.56319239196789;-2.10387854921883;-2.70629201495915;-2.29521610946221;-2.12573051602201;-2.08374120209602
1500;-2.60746345527803;-2.64801747107257;-1.57335589394217;-3.08369398636781;-2.47089426007477;-2.39698598118261;-2.51362946511298;-3.0941242796455;-1.88999595033977;-2.45851621025757;-2.32782385543777;-2.42222730316961;-2.43187351069143;-1.60885359809476;-3.0527996164834;-2.25614131117208;-2.68217266145088;-2.38465871715167;-2.28927038069269;-2.00416534412497;-2.28654427308235;-2.57171305257962;-2.49067073264418;-2.16368384383193;-1.54236858909511;-2.07679185621619;-2.68556867649879;-2.2723149135486;-2.13337818045196;-2.05264889551986
1525;-2.6113682112428;-2.66378261955097;-1.57192726536089;-3.05855394790822;-2.50174390530242;-2.40066212062318;-2.50624644683188;-3.08223108624908;-1.89082151051653;-2.4797576129588;-2.31393247617034;-2.39109210298612;-2.46370453415148;-1.60667784520747;-3.0502551841678;-2.26818922987451;-2.68619243765082;-2.39319026475002;-2.32037492588435;-1.96523142808346;-2.25615263586907;-2.58346921950463;-2.50877315701045;-2.12425821928681;-1.53212231345129;-2.05929680273282;-2.66550368220661;-2.28212094818522;-2.13425345840009;-2.05172900463701
1550;-2.62212318883026;-2.65757761374703;-1.55961062109411;-3.06107689611242;-2.49602480981927;-2.41099959971551;-2.48366400483211;-3.05185011070199;-1.85603904301843;-2.4298046488259;-2.32197153304833;-2.39301071763042;-2.46908846744084;-1.6186340657829;-3.04465662869415;-2.26290146636202;-2.69937306665254;-2.42291986789974;-2.31532460726193;-1.97248331230617;-2.27450533362269;-2.56424508182308;-2.52088450680075;-2.15133255717433;-1.50868947284596;-2.03799023071283;-2.64130132601004;-2.30869262576278;-2.13030984764338;-2.03386315381632
1575;-2.63775273591397;-2.64000028399003;-1.55409229536886;-3.0705281673227;-2.49882520259375;-2.40955597218679;-2.47944669253822;-2.9839553175721;-1.85012538573018;-2.46187865053078;-2.31722140291539;-2.37197087658658;-2.45302917355713;-1.62447130126724;-3.02393638356716;-2.25241425583828;-2.69169417919284;-2.41313131102981;-2.28024911446951;-1.96640076660565;-2.22088688198987;-2.55949141479284;-2.48924513968541;-2.1693076064973;-1.44535020149189;-2.02148726376697;-2.6130371196562;-2.29823419803499;-2.10065474641217;-2.00601472839789
1600;-2.64010882662485;-2.65162681647554;-1.55810130721664;-3.04120605432732;-2.53041078916437;-2.38660029024861;-2.47935647229074;-2.9931988526853;-1.79829336389798;-2.47095627848954;-2.3039081956646;-2.3404196361352;-2.46720411948238;-1.60253167069967;-3.02338420955308;-2.23066356127012;-2.64828901559469;-2.34821087270211;-2.30866051022596;-1.93741481495242;-2.17797812190783;-2.55966989118228;-2.48594968933738;-2.14048121140272;-1.43796873768403;-2.01914471068333;-2.59705168235419;-2.27227602070952;-2.08481122284358;-1.98065244132822
1625;-2.64503748696999;-2.62552148306577;-1.55466141146233;-3.01609724554077;-2.52928724568415;-2.36656429359292;-2.43659467823785;-2.98486910432377;-1.79178567308125;-2.43699908876712;-2.32070582148881;-2.33083845904665;-2.48440572931496;-1.57955674677109;-3.00815649819138;-2.23212575491227;-2.63439152752111;-2.32745728397222;-2.33988118634876;-1.90245540271358;-2.1894665036181;-2.55545773195094;-2.47510851868392;-2.10599413661634;-1.40979318462346;-2.02324493177652;-2.58094785137506;-2.22133602197375;-2.05243200608074;-1.96366812193707
1650;-2.62094988274319;-2.63096662622962;-1.5493336315027;-3.02330722294218;-2.52753333453048;-2.36830458412198;-2.42776661651737;-2.96871872310432;-1.8452252933732;-2.37638324193081;-2.30407815286529;-2.30295788053253;-2.50538357048789;-1.55886236430437;-3.01925193249424;-2.241527651335;-2.65023133552358;-2.31593682610371;-2.33551006882628;-1.90234957599261;-2.18087048141133;-2.56491200722669;-2.47049415176725;-2.11682663102359;-1.37436761080133;-2.01992839609161;-2.57180063789293;-2.22785937977624;-2.0599243087187;-1.95877091025617
1675;-2.62476987745439;-2.63790939364201;-1.54423175154506;-3.01178699720398;-2.52700793856452;-2.36371987925539;-2.44947680928426;-2.93586130504366;-1.8480869744749;-2.39684504462696;-2.32560294011316;-2.29363931682423;-2.49243671233818;-1.56920013759946;-3.01240446550133;-2.22687016895836;-2.65060290276594;-2.27853843760103;-2.34309005294367;-1.88385323804838;-2.15826351688211;-2.51916671960008;-2.46422727665214;-2.12009374637813;-1.35541053917536;-2.00162536788977;-2.55670801293209;-2.2737178255858;-2.10732715146163;-1.93427446085411
1700;-2.64692412047569;-2.63411534258701;-1.54593374800942;-2.98483419557459;-2.51808237922899;-2.37076532097429;-2.44452796741987;-2.93928295094778;-1.8463775603067;-2.38470730228892;-2.30364198359757;-2.28128545050511;-2.46974559225291;-1.56570711143989;-2.99131105529071;-2.22308329020819;-2.63926866400804;-2.29540242494109;-2.33071531498045;-1.8242115393393;-2.13626701155665;-2.48740638632505;-2.45202173654215;-2.12910525623911;-1.33678603799672;-1.98932322702957;-2.53931958866929;-2.24051035259184;-2.07591736861127;-1.92375216596844
1725;-2.64240723068035;-2.62061089708725;-1.55337025700994;-2.99334625595487;-2.51811818837956;-2.37339468752435;-2.42423976326744;-2.90481362072818;-1.82269467086952;-2.36553982053328;-2.34357454008056;-2.26197839773292;-2.46700724908254;-1.55999469839512;-2.98123606081549;-2.20552294380103;-2.62989139437736;-2.29210780898268;-2.32683961331275;-1.81157546636428;-2.14020832481754;-2.48767197731456;-2.43389453732168;-2.09879899496056;-1.33236660682073;-1.98258168418718;-2.52902328215369;-2.16604635796972;-2.04736569573418;-1.8785719550861
1750;-2.62591506199414;-2.62085924083074;-1.5366692241793;-2.9975157282434;-2.53702815899038;-2.37253986403702;-2.42885951982736;-2.88390024168474;-1.81275393799647;-2.33405145146909;-2.36122177676514;-2.25595572326769;-2.4825808578715;-1.50520021540708;-2.96395339082641;-2.22375165414812;-2.59678173955982;-2.25128611841305;-2.29038630800869;-1.82084338402207;-2.14195248731201;-2.4686114217191;-2.39308014679931;-2.07977037843867;-1.3515565568801;-1.96388030676968;-2.50359671441266;-2.20513296279061;-2.04331792224839;-1.8485474466964
1775;-2.62759081978239;-2.61485853564677;-1.50523356108544;-2.97454994369534;-2.5301379003986;-2.34279275083789;-2.46252336335294;-2.85146998769158;-1.84441468476364;-2.34655059156336;-2.32919071090081;-2.2351602598905;-2.49584498499841;-1.46101030702405;-2.96488968430212;-2.21107217846872;-2.55614970325973;-2.20259598413683;-2.30515817077102;-1.75939625861641;-2.12486908088591;-2.45326807984938;-2.40203261859475;-2.08969211551229;-1.35216723657007;-1.9701141610536;-2.50724919023739;-2.19966547675882;-2.06986643544481;-1.86112767218536
1800;-2.63142813479618;-2.62660492833496;-1.50235713470447;-2.98276682030077;-2.51182778217118;-2.31540188239753;-2.47492948926587;-2.84064010855272;-1.8201469346224;-2.36457360402529;-2.31197850796428;-2.23108177529699;-2.49808311267028;-1.44851912631867;-2.96610345858101;-2.20130243709094;-2.57971701732284;-2.20523798680751;-2.29825272645878;-1.74236721988037;-2.11267087622746;-2.4500058011029;-2.42530874536934;-2.10580648312537;-1.33121502253536;-1.98804417280425;-2.52157502487673;-2.19628014745142;-2.06906654831915;-1.82366742714922
1825;-2.62699944966502;-2.60947365475686;-1.50842921814676;-2.99611963639816;-2.53635447514551;-2.2901500971466;-2.48320228171507;-2.84702477839158;-1.81276597212326;-2.37534796438888;-2.33747296443117;-2.22303454005254;-2.54057403111543;-1.41311781737961;-2.95246270153476;-2.19437382127084;-2.58168720999937;-2.18849718273685;-2.25988635217514;-1.74023450974508;-2.12122852544973;-2.4132032133131;-2.44191749447771;-2.0839002262202;-1.30365476002904;-1.98339603771215;-2.50817625139889;-2.19366934637586;-2.07177648261852;-1.82292964285885
1850;-2.64286373655747;-2.58669331118115;-1.51710908685203;-2.98432173608069;-2.51615658026736;-2.27032485222685;-2.48211838447437;-2.83138758979049;-1.86258742819406;-2.38022401087966;-2.36446280684105;-2.22147144768482;-2.55345320072429;-1.39303598518205;-2.9254078288822;-2.17122701027893;-2.55593779251591;-2.18656063156113;-2.24613308443971;-1.71836992901227;-2.08795663183845;-2.39781262410515;-2.43737763943076;-2.09893848739466;-1.31031122178004;-1.98285821088515;-2.49240550123693;-2.15481906274802;-2.07873234946722;-1.82657367478802
1875;-2.65119243398233;-2.61557271521782;-1.50879531266553;-2.97819118582944;-2.4852372024763;-2.27130558168941;-2.49105635752285;-2.79931984590982;-1.86552450923727;-2.39552140856683;-2.36660498095715;-2.22506728339678;-2.52996094158807;-1.37929403255488;-2.90187063698705;-2.17198492923194;-2.55202045919877;-2.19203704065037;-2.23151647289535;-1.73099844804384;-2.07506429549441;-2.38128669301825;-2.44555607735739;-2.08905451188313;-1.33420581726004;-1.97955954259321;-2.48070405106453;-2.16069923030716;-2.09923771231654;-1.78063468982595
1900;-2.63045506407658;-2.61663950013958;-1.4991501517293;-3.02095367425543;-2.48352950804903;-2.2815741200664;-2.49608304887835;-2.788461443694;-1.86382269983243;-2.38780915663497;-2.35379615191074;-2.22504791640111;-2.4962305596916;-1.38372703481868;-2.93135547025348;-2.18648581445196;-2.55692058398045;-2.18454904459982;-2.21694096939208;-1.72698595770322;-2.08029619249992;-2.3463159140847;-2.45493632180668;-2.05415698004911;-1.36062638555156;-1.95907654095269;-2.48275328117015;-2.14189525362137;-2.08742335222823;-1.78617980209275
1925;-2.62024379416526;-2.61745152002879;-1.51427560225087;-3.00197873990499;-2.44024540633293;-2.28896322940608;-2.48059032030566;-2.81251475959736;-1.87645000336563;-2.39931450367995;-2.36594604679122;-2.22060927292502;-2.49734265118618;-1.36127639210651;-2.93052144500596;-2.15648398162524;-2.5163057722822;-2.17868696613834;-2.19151533060261;-1.70349788147852;-2.09798653885181;-2.3625188280327;-2.46514573336311;-2.03332988525033;-1.37454063079684;-1.93499265090789;-2.47326909932995;-2.11397409253587;-2.08471670288369;-1.80110514767764
1950;-2.63698504712105;-2.59450279419746;-1.52448129385074;-2.98543272576681;-2.41285953005176;-2.28240645419437;-2.47954724120408;-2.82171160064821;-1.88711535826429;-2.45500897764485;-2.36263619039926;-2.2285736274544;-2.49237768996231;-1.36420700694109;-2.91140595918301;-2.15122816389586;-2.50896773745321;-2.18088969368828;-2.18879768968865;-1.71317014038005;-2.10178239350824;-2.34467815818329;-2.4560499738738;-2.01220726187675;-1.3724812796391;-1.93210369042755;-2.46585424830422;-2.10324926617989;-2.07748332600701;-1.78409192941262
1975;-2.63661128067367;-2.60854823434473;-1.51931658888456;-2.98291006896741;-2.41562430928139;-2.27425262082704;-2.48866353099543;-2.84043622412635;-1.86361977331345;-2.4586228348664;-2.34967667763964;-2.2219332309598;-2.48899811976274;-1.34165633264478;-2.91312974479027;-2.16869145448807;-2.52710577882679;-2.17172733459984;-2.16053773414567;-1.70184688639956;-2.09434803457161;-2.33319476518892;-2.43733160874279;-1.99435869514137;-1.39052391078175;-1.92531458395576;-2.45850370514321;-2.07187263325362;-2.07187385188957;-1.77721080275392
2000;-2.60623590872773;-2.64236446122871;-1.50944661326976;-3.02858415865685;-2.40681760303168;-2.25768813986219;-2.48974360243624;-2.82836404677394;-1.84936139141887;-2.41532769616882;-2.32756158031613;-2.13616399941492;-2.48612999776652;-1.3077933638006;-2.90995568713895;-2.1424906264488;-2.50912137626637;-2.16389308108344;-2.13085832529078;-1.66543718295474;-2.01025592922308;-2.32120556005589;-2.44413749648645;-1.95344642020414;-1.41754682887298;-1.91718412752392;-2.47956119308616;-2.00566304034329;-2.07788431832217;-1.79516529438159
2025;-2.6097565769673;-2.6347786761573;-1.51093570958283;-3.0242153617354;-2.36163573417162;-2.26611580485965;-2.50644228161815;-2.82719572419394;-1.82537239511001;-2.42529184529813;-2.32830692753611;-2.16936419209306;-2.4837357502533;-1.30983834078619;-2.91359163048956;-2.123121675863;-2.48857878250409;-2.1953698490003;-2.10701398882737;-1.63621526550769;-1.99240320087695;-2.3152138058257;-2.42181531077795;-1.89974533931159;-1.43416958012958;-1.9101608719006;-2.46605569461281;-1.9895723622537;-2.06139579335583;-1.79805646838808
2050;-2.61993620250462;-2.64038930807878;-1.51127052683652;-2.97562388563195;-2.3506854906916;-2.26543006634552;-2.52121063361818;-2.85681622501518;-1.78674747693156;-2.42848543434032;-2.35281567608828;-2.19248291798698;-2.481771683879;-1.35555957285479;-2.89550204576718;-2.12377741336714;-2.50130445433104;-2.18228787020473;-2.14082843174985;-1.6367636038584;-1.98957902476721;-2.3075010070168;-2.43700415301369;-1.88999422091254;-1.44558762246365;-1.89539197412277;-2.46603821808788;-2.00857776034738;-2.05612388757063;-1.74149952795307
2075;-2.60718369722874;-2.64752576729809;-1.51054258388776;-2.97475384056158;-2.36151800085053;-2.26956962875029;-2.50406480003209;-2.87799882198426;-1.7932939452453;-2.41029883188868;-2.31837079623189;-2.16960568169487;-2.48019772407466;-1.38963852782785;-2.90070674783684;-2.15737920835888;-2.50390322934933;-2.18860450776414;-2.13302148007002;-1.65045153672038;-1.94922004412324;-2.2933656975113;-2.42038511729386;-1.88773852114479;-1.4510723445295;-1.88569844967357;-2.48347808015938;-1.99432317075194;-2.05136599378735;-1.76212066819379
2100;-2.60872083322812;-2.60578757183382;-1.50859199177686;-2.98599401144344;-2.33916131760782;-2.2782090231167;-2.52022384029756;-2.88782115370049;-1.76961981379167;-2.41569312346856;-2.29095222182352;-2.15866111033794;-2.47897018507837;-1.37954510632556;-2.90748422639459;-2.13362465138642;-2.48103667524268;-2.2005745266767;-2.06950329307806;-1.65673643404131;-1.92221120084605;-2.31414014856476;-2.39027979457432;-1.84016830797586;-1.45696131773823;-1.87496687034139;-2.48624003043072;-1.94292499342835;-2.04833372502251;-1.78218354694438
2125;-2.61031207088282;-2.60902065190008;-1.52358219995576;-2.95690036190404;-2.30467894441996;-2.26307857575555;-2.52728089293822;-2.90128366863152;-1.78729329961958;-2.41282868231092;-2.27262494667407;-2.18179433296497;-2.47804899072539;-1.34974115214081;-2.92122233766315;-2.10634166847657;-2.46359805995758;-2.2126066426966;-2.09619848503046;-1.65663283802992;-1.92035115790518;-2.33428526043984;-2.36957171804757;-1.831509122632;-1.45819609889434;-1.85553660391383;-2.46164648952705;-1.95521820417599;-2.04628529990112;-1.7726373642478
2150;-2.60797458160992;-2.64054971125276;-1.52418340015029;-2.94034115321749;-2.24422726312013;-2.2812190950182;-2.49344041398344;-2.88445887595355;-1.75907925770579;-2.39369626569654;-2.22681007918682;-2.18306452109065;-2.47739044510875;-1.36464253290515;-2.93097721281581;-2.09397116868136;-2.46879990691386;-2.21995820148043;-2.09901266570631;-1.6632463397916;-1.90477606659984;-2.32571646113988;-2.37186954477011;-1.85093998839789;-1.45373331852919;-1.85238209968178;-2.44636769322816;-1.94567960515082;-2.04470302308771;-1.77402467638218
2175;-2.59908689473478;-2.62607657441196;-1.51243665788774;-2.90750091912189;-2.24067115700831;-2.27015546770959;-2.47488656035146;-2.86357894376944;-1.74140763803337;-2.38258727240959;-2.24040540520105;-2.16889450925614;-2.47694832121586;-1.38520941294443;-2.9313701455717;-2.0916710568161;-2.47018422154314;-2.23798349559671;-2.04904195649612;-1.68578356356604;-1.89393980775239;-2.3162961281492;-2.3263345104938;-1.82117269783317;-1.44149252740258;-1.83775984397276;-2.41287646834842;-1.95224916948003;-2.04307878014013;-1.75957479922289
2200;-2.57177890853786;-2.6248612548004;-1.52321124036344;-2.89224920330765;-2.25644726587798;-2.27492096089692;-2.48149050801922;-2.88770071643758;-1.73031598511179;-2.34703697819736;-2.22077289823711;-2.13072405910926;-2.47676386809181;-1.37257120953982;-2.93748861906178;-2.08980147210431;-2.46875099877294;-2.23394495540787;-2.0499907368581;-1.69586388867975;-1.89762692830105;-2.31906864441083;-2.30738025674352;-1.84786435622465;-1.46431008932492;-1.82572867345623;-2.39472946057759;-1.92765951483663;-2.04088437987258;-1.7548521948923
2225;-2.57247434271884;-2.61795925975295;-1.53904581017962;-2.864203094398;-2.23440639879382;-2.28248297241585;-2.46264954291781;-2.88959997962886;-1.6811360998902;-2.34180433290842;-2.20286984403799;-2.13978160005828;-2.47629521586816;-1.38079135844825;-2.90305413065728;-2.11004206552187;-2.45326146318639;-2.23808250792774;-2.04153818278619;-1.71510153171405;-1.90073205621728;-2.33549552809015;-2.29083230664617;-1.87864091319425;-1.43452921533611;-1.82760013146794;-2.39704769370836;-1.95099261900495;-2.03760656309745;-1.76627392747535
2250;-2.56067352985995;-2.61052423601721;-1.53733950471048;-2.83699259314182;-2.23319670452933;-2.25926604320349;-2.45033448001207;-2.87807386322183;-1.67857167718487;-2.31222094355782;-2.17107986512354;-2.12373074074264;-2.4804151250033;-1.38101953079395;-2.88949572110941;-2.10562586364498;-2.46724219704545;-2.23735369939125;-2.01529394982205;-1.72287565324036;-1.89438299939703;-2.32753772224291;-2.24306723166343;-1.88568498524041;-1.43216767388489;-1.82348934193013;-2.41954662529928;-1.98076935486808;-2.03254403314557;-1.81444010205006
2275;-2.55658308957873;-2.60164876785026;-1.51379730085432;-2.8371623511456;-2.20018536554423;-2.27763593404563;-2.4358302588406;-2.8199463532158;-1.67149800691261;-2.29411904421002;-2.14851385656039;-2.10183187507045;-2.50689022306025;-1.33777628846033;-2.91447024162349;-2.05040663055678;-2.46313677576803;-2.2034653405937;-2.00236404193909;-1.72648287408109;-1.90588200977314;-2.32226401510323;-2.25371519566445;-1.90399935050423;-1.42321136664985;-1.82492944731639;-2.41748996138813;-1.97027929644659;-2.02722496473883;-1.81071633587826
2300;-2.58226739603176;-2.61458904770443;-1.52520291639801;-2.81704000159791;-2.19020473128189;-2.2841406401801;-2.43215939161462;-2.82598745628473;-1.67462180825703;-2.26844417192117;-2.13559560027229;-2.09724971929836;-2.54407417775715;-1.34229848099296;-2.93942825834546;-2.05775977707387;-2.4416714536366;-2.19984869195562;-2.01956317639354;-1.75680621118042;-1.91774625705129;-2.32574567174334;-2.26507500773693;-1.91928446373535;-1.37874810576525;-1.79097806261929;-2.39998620711194;-1.95492316039005;-2.00860607589075;-1.80630655054299
2325;-2.58198793978757;-2.63407319452625;-1.53660138357761;-2.79285104276758;-2.17743043506078;-2.25950700944995;-2.4458538389379;-2.82884612057141;-1.65980376464109;-2.26524136437287;-2.12265843552547;-2.09181525864267;-2.5810316869108;-1.35155080262926;-2.92333147514209;-2.04233115699792;-2.42027792074773;-2.20343747089646;-2.02502564582909;-1.78366282486627;-1.90452014162989;-2.3101826908022;-2.25719949010232;-1.94816515327414;-1.39094899110516;-1.77082935944326;-2.41853626656179;-1.95394662885453;-1.99520772720189;-1.80466338642244
2350;-2.59094968649668;-2.62428259271817;-1.54124486535829;-2.76984705643422;-2.17796556524743;-2.26037715892002;-2.43129054324032;-2.81140954119599;-1.66524741675472;-2.27763933785633;-2.10559213908699;-2.09474532382576;-2.61101021135357;-1.34193431582219;-2.92188151001276;-2.03226536645462;-2.40170332785172;-2.16996853677141;-2.03723466906236;-1.77479129247474;-1.89682026439511;-2.30136154022509;-2.23537173732542;-1.95840897552137;-1.40486261413014;-1.76861405411629;-2.44883562445289;-1.94289266868543;-2.02630570225166;-1.79163772990415
2375;-2.59677729878116;-2.6298764676628;-1.54316940732686;-2.77961279301545;-2.16148402412244;-2.23881093820956;-2.41083577703989;-2.78090029475974;-1.66760753547911;-2.25465843600482;-2.11370986318971;-2.10344247954547;-2.59789158126105;-1.36472535006251;-2.90833582075129;-2.03086573691285;-2.39176598371013;-2.16810274683643;-1.99649253209434;-1.76863622622747;-1.93623253292363;-2.29962224932007;-2.23383319352308;-1.99935439134912;-1.39363380567314;-1.7858398003676;-2.46816929483313;-1.92932097246498;-2.04429309814452;-1.79709236099376
2400;-2.59115958160321;-2.62151374528389;-1.5366293177393;-2.78246461435042;-2.14631521366092;-2.23714827173195;-2.38008026697447;-2.73474126631554;-1.63344401142297;-2.24670678230598;-2.09792015599176;-2.10755002953918;-2.60801883350363;-1.33831836841554;-2.89939588447006;-2.00784525609064;-2.36944475936181;-2.15216959847108;-1.9754304071487;-1.75593265343019;-1.91490154351552;-2.29411697604444;-2.22975630878748;-1.99812756931483;-1.41642347079782;-1.7846673918285;-2.46121071710278;-1.90288463286022;-2.04569587733808;-1.8190210132848
2425;-2.59091301870822;-2.6211786904574;-1.53494206584045;-2.77907248337684;-2.15470508624003;-2.24171042691325;-2.35344848554694;-2.74545817956137;-1.63251256198579;-2.23381795603339;-2.07435635278825;-2.09775683934304;-2.65651072677879;-1.30618015795798;-2.90758166253144;-1.99526528568425;-2.35744885371855;-2.13763022574009;-2.01655517568723;-1.75525120786947;-1.90220568220893;-2.28715073421296;-2.23045643068413;-1.94961930856043;-1.4080071823004;-1.77650999489146;-2.44609242451761;-1.95382438746428;-2.08696821905576;-1.81829978541192
2450;-2.60008961659105;-2.6163940196502;-1.53707160575147;-2.77637697866095;-2.14310258017837;-2.23423317672891;-2.34265899748118;-2.73688475492415;-1.66020033020101;-2.20774471883698;-2.10780542661066;-2.09156716867016;-2.67881724858896;-1.2979118929133;-2.88808585591439;-1.98446288872173;-2.3747714533198;-2.12393284654877;-2.02071844090487;-1.74570733156109;-1.9337632936075;-2.26271386444877;-2.23043238862902;-1.95386552174884;-1.4008089077384;-1.77334926941983;-2.46274566671116;-1.94301675002383;-2.11207325091637;-1.82101697095686
2475;-2.59832199125356;-2.61580357200295;-1.52661985464785;-2.75398347963674;-2.11014001368216;-2.23579565818052;-2.38850209075328;-2.66779284441572;-1.66280685740753;-2.19276494556271;-2.10190190363925;-2.09306023352374;-2.70080961586604;-1.29224460278961;-2.8985753350437;-1.97227386974569;-2.34908204452272;-2.10383210321256;-2.01553358236294;-1.75893033361444;-1.92515866362693;-2.2674469434507;-2.19889199875034;-1.91854898439346;-1.40499695732696;-1.78927624638632;-2.47269537067568;-1.91770661707381;-2.11920034851668;-1.80822031070195
2500;-2.59587588219657;-2.60754131649972;-1.52237655627371;-2.76628273136162;-2.10678848405138;-2.22590050484279;-2.40220132239226;-2.64527930861271;-1.61793795110509;-2.19426438835814;-2.1086321999623;-2.06804951372386;-2.73624366452473;-1.29437875545029;-2.87793358637922;-1.96942244311018;-2.32730257181761;-2.05804013097923;-2.03852264645778;-1.75396502317956;-1.87309912559784;-2.28077602229076;-2.21961391267061;-1.9215018615696;-1.37236285776073;-1.78830197808069;-2.4625540048313;-1.88955121358428;-2.09759026950239;-1.78099999543853
2525;-2.60688024534778;-2.60378215859915;-1.5345112638423;-2.78081726230998;-2.0881489822422;-2.23980786792049;-2.38881692138133;-2.6509108664154;-1.6009967834252;-2.18847985438819;-2.10488247441645;-2.0689282158318;-2.74298066790989;-1.27785611857047;-2.8627362330589;-1.95209319914618;-2.32281427686814;-2.06066474008946;-2.02082372630965;-1.71321582657232;-1.87986936489804;-2.26259324369013;-2.23668299158282;-1.92205894350397;-1.36110807924351;-1.79330085326948;-2.44440812791831;-1.88511675010657;-2.12896474682879;-1.76342818208377
2550;-2.60869225886155;-2.58548253320539;-1.53554035021967;-2.77980119117254;-2.08195734387086;-2.21594860767421;-2.35395028958577;-2.64878681847288;-1.56537555618775;-2.15414977684338;-2.10053599376836;-2.07211017563856;-2.73358525806211;-1.25195448668598;-2.84766807332377;-1.9344511659165;-2.29366144724649;-2.07731255184774;-2.03944093395191;-1.70387603902842;-1.92667979493511;-2.24983925272724;-2.24731710251507;-1.9123351744926;-1.38506982122983;-1.82147978860321;-2.43035544854733;-1.8942424665982;-2.14364172454495;-1.77339815420921
2575;-2.60768685226296;-2.60129310568945;-1.52034348187693;-2.77271407451413;-2.09569173071056;-2.19778437409431;-2.39232340604588;-2.65998717190943;-1.56678970205825;-2.14334262478823;-2.10484472371747;-2.06592268792472;-2.73994674616758;-1.26661942611923;-2.82581175380267;-1.90535652328464;-2.30679262032075;-2.05718953551067;-2.04391800915305;-1.69527142883947;-1.90386270825373;-2.24771849729903;-2.25758537103518;-1.89565769522282;-1.40270195773692;-1.8321110937295;-2.43731448858992;-1.89792760246647;-2.12873114214989;-1.76406539059014
2600;-2.60977709327185;-2.59179390874792;-1.52533521532732;-2.79112943966808;-2.10336281505503;-2.21306598146448;-2.39529457759774;-2.66343148142899;-1.54967884417887;-2.19026730778044;-2.09912759562505;-2.07097676250507;-2.74822757293476;-1.25341576174352;-2.82161655164239;-1.90235673634942;-2.35366696942997;-2.06274495977078;-2.02761746623438;-1.67425505081308;-1.87760347891732;-2.268015902677;-2.24112434812786;-1.89967594661947;-1.40418855720735;-1.85368264003293;-2.4378603229667;-1.85633287533655;-2.12977751866895;-1.75581699730199
2625;-2.6135886652714;-2.57101657872659;-1.51673768064939;-2.79872889369481;-2.08848854849942;-2.19137968230123;-2.38040098836055;-2.65894338891282;-1.54529544842496;-2.17330795934001;-2.09662995495149;-2.08455810973568;-2.74405619906583;-1.24366770213925;-2.80901125217527;-1.9126897498504;-2.31121196520721;-2.06594169919652;-2.03628691632173;-1.66146331891306;-1.86708037845164;-2.26332320796855;-2.24635681411816;-1.8667133591042;-1.3908502602356;-1.87109426734462;-2.42830543186128;-1.86585248259273;-2.13059775994903;-1.755414858414
2650;-2.60416254133794;-2.569741616659;-1.51436699638154;-2.80772952990149;-2.07356927945958;-2.18659984205359;-2.38628201620736;-2.64932269760117;-1.51574636739615;-2.14287540464937;-2.07973029118177;-2.09354519484132;-2.73376042129509;-1.24821940957371;-2.827499436967;-1.91962006513113;-2.28783662986113;-2.04316152602887;-2.03718551652326;-1.63315420988941;-1.85682930009285;-2.23952985271086;-2.26063881494199;-1.85111012436203;-1.37541011345961;-1.87974014028594;-2.4029145905381;-1.81347437834162;-2.10922452748441;-1.71150567483776
2675;-2.59326924217235;-2.56049352210435;-1.49279033447958;-2.82327785647343;-2.05912486115232;-2.19658561619526;-2.40079345455869;-2.63450793617977;-1.50165858927903;-2.15846997091459;-2.0885624866262;-2.08842115274293;-2.73923731460385;-1.2684276222547;-2.82441681533609;-1.91501756842739;-2.30643850632696;-2.02700158478614;-2.02454559530613;-1.60190690539439;-1.85050093223486;-2.23179390121461;-2.2789302767433;-1.84249072618714;-1.35688879793936;-1.90624497982582;-2.37917267055218;-1.79088585260766;-2.13579737343749;-1.67966098844831
2700;-2.57680519383717;-2.56336951512912;-1.48837865591604;-2.82540539646952;-2.03864063723524;-2.17478906261888;-2.41342393264413;-2.63574804881083;-1.50085339035719;-2.18204571487863;-2.07475961877703;-2.1247290047645;-2.75861777652808;-1.25653155141389;-2.79870937112765;-1.92424003463114;-2.30208609675601;-2.01766563702569;-2.00215874287384;-1.57424920301145;-1.86730963769681;-2.22931510680586;-2.25915039835902;-1.83864555147203;-1.3440915618675;-1.91117416864054;-2.38466559791953;-1.74559291495053;-2.13682677362998;-1.67457072993167
2725;-2.58367786405316;-2.55971955361949;-1.48196809503422;-2.81503129282151;-2.05666225685653;-2.17081354208743;-2.42924359928919;-2.63901487411717;-1.49479970828225;-2.16192497732879;-2.08891192866014;-2.1786816021671;-2.71803810187435;-1.24796675485352;-2.81017362835165;-1.91976199321583;-2.27029748508201;-2.0186156242245;-1.97144555940417;-1.58113811217324;-1.85283466267901;-2.2245965813759;-2.24545240554636;-1.82410877499017;-1.34139804493601;-1.89432315714681;-2.36973715158764;-1.70798715569769;-2.11098918780747;-1.65326446143105
2750;-2.58332194618791;-2.54576000277536;-1.4821884297987;-2.81244429572794;-2.07857824302806;-2.16878632354434;-2.43718783887581;-2.66528229904049;-1.54297213830722;-2.147773901898;-2.08616275244794;-2.21166449588734;-2.68264503629919;-1.24132716247381;-2.80326669619084;-1.88276486382059;-2.27250602221918;-2.0136231429333;-1.94971311737247;-1.55840427212968;-1.84533230146359;-2.21585456657003;-2.26030785270005;-1.8029421657881;-1.33222368803223;-1.91967217229953;-2.32987988702873;-1.71859542289247;-2.10836367222584;-1.65778571072835
2775;-2.58101549185723;-2.55694190948379;-1.48686200396636;-2.82067166039894;-2.04334683420418;-2.17652663941417;-2.43253223489513;-2.65181636293282;-1.50607451635815;-2.17567441259484;-2.05841703861264;-2.23346043682495;-2.68844468754233;-1.21437553826448;-2.79928186964173;-1.8750029928274;-2.28490369537447;-1.99045131269922;-1.93263387987937;-1.54892272767738;-1.87207835847346;-2.21405901970016;-2.27033897128126;-1.8334940795654;-1.34291138035192;-1.93971390847656;-2.30742794198962;-1.71394238317901;-2.10230346824474;-1.63398108002072
2800;-2.55163959133209;-2.56126287463787;-1.46675496531719;-2.82371976414987;-2.04628041058938;-2.17501070996108;-2.42502571299158;-2.66079590959863;-1.48141814585465;-2.16519225047305;-2.05859086683781;-2.20757485517807;-2.6979266779417;-1.24424163453213;-2.80059007786215;-1.88592316517269;-2.27651100879572;-1.99828378262636;-1.91303725560058;-1.56567148176352;-1.87504748939666;-2.21828127753947;-2.2654854340457;-1.78774452926741;-1.36991124339811;-1.92650513436999;-2.29959078895721;-1.69442401690285;-2.08954755728476;-1.61902414014109
2825;-2.53721487774639;-2.55867564352298;-1.46497347677763;-2.81508746763948;-2.03365892572479;-2.17894576487979;-2.44077431473235;-2.67095306241854;-1.52793432213916;-2.14805809764053;-2.06139573544255;-2.19243893561969;-2.6585945954181;-1.25617343846986;-2.81411287598292;-1.87295486872198;-2.26413923225982;-1.9776791793949;-1.89343982340534;-1.57150219942839;-1.870693151377;-2.22880534760219;-2.23825580554447;-1.76831139147956;-1.34235452469781;-1.94769315849528;-2.31089325523206;-1.71040676655919;-2.10072108137125;-1.60017629101274
2850;-2.54529062842036;-2.53685396818382;-1.45864440270632;-2.80795035800134;-2.04301604951719;-2.18500507075023;-2.43600110577446;-2.65810569842112;-1.55855238209644;-2.16016265915471;-2.07256157689272;-2.20419965433332;-2.635426246022;-1.23655809419532;-2.81981184784769;-1.8781865004492;-2.2586522029485;-1.95658378684674;-1.90702795155846;-1.5668815377658;-1.86650327317271;-2.20200508698869;-2.21207215484186;-1.76685767706493;-1.36278054023676;-1.95880046425865;-2.30448399884569;-1.68007721446968;-2.12296358762723;-1.58823552024065
2875;-2.53813390561632;-2.52957383131041;-1.45610320575371;-2.81969479186969;-2.04855664273777;-2.20412354992808;-2.4337058669451;-2.68833222456675;-1.58502028801026;-2.14684267057878;-2.06375153411992;-2.22148983313382;-2.6264770331359;-1.22876813686495;-2.82528617025831;-1.89289727751376;-2.26464984363451;-1.96730732277281;-1.93654021312986;-1.52073002352114;-1.88494523266802;-2.19812692753232;-2.20677189707597;-1.76040889888064;-1.34839585721185;-1.95640065712941;-2.29016715552617;-1.68483304033889;-2.1142756887874;-1.56323206773682
2900;-2.51858624921945;-2.53054493605232;-1.48373814386725;-2.82279654176526;-2.05052571029639;-2.20517931279032;-2.40093225991257;-2.69283267539523;-1.58988617925536;-2.13899626066801;-2.05113106593082;-2.21817354692671;-2.6005811029854;-1.24896846307455;-2.82094262299996;-1.89358390894284;-2.25934973882289;-1.97634931523001;-1.90730694500496;-1.54061045578917;-1.88046711167852;-2.19186107078494;-2.21136713456467;-1.77817481060483;-1.31472316623128;-1.96842275757719;-2.27240346493536;-1.69159711285363;-2.10121420676579;-1.54997179245997
2925;-2.53082707708375;-2.52449370904937;-1.47239280564822;-2.83018882818759;-2.06380760921532;-2.17751276418381;-2.38796830942088;-2.68811000643838;-1.59582377335585;-2.12524394880079;-2.01278514457397;-2.20970818013218;-2.56695294174557;-1.27445614912124;-2.83161927105905;-1.86108751243811;-2.23207911992121;-1.98074323124192;-1.882476920734;-1.56596262482949;-1.85641251996959;-2.1773370236782;-2.22611491464089;-1.76400950580564;-1.2820487556914;-1.97486218251624;-2.26513750578271;-1.65491346695425;-2.1011121178998;-1.5485726690374
2950;-2.53055991672046;-2.54108909926941;-1.45587982769436;-2.84179862066578;-2.0454238968498;-2.18347950309011;-2.41725270190364;-2.70879063848494;-1.59667941316466;-2.11443790199497;-2.0140404771147;-2.21554461631835;-2.5553862866136;-1.26331541808762;-2.84143840158334;-1.86409732365276;-2.20317126095248;-1.97093586334545;-1.89854615521053;-1.55222019178992;-1.87229013033046;-2.17316502696624;-2.22532091183408;-1.72299087165841;-1.29131949794163;-1.98448630918789;-2.27724360403939;-1.65637556426141;-2.10583359540387;-1.52344394895635
2975;-2.52127607264554;-2.53879711792137;-1.45230971597019;-2.84822573268269;-2.03325169481775;-2.16666887736866;-2.40567987493528;-2.71332987080928;-1.6203245985125;-2.09218821720962;-2.00880593886184;-2.1961243613147;-2.53021860191341;-1.27292832730312;-2.84103158291928;-1.88064918931058;-2.23817198300306;-1.94844254282752;-1.89642850982475;-1.54938652579638;-1.86367685567771;-2.19120798274022;-2.21913851591908;-1.72943551206595;-1.30367295312665;-1.97911887516997;-2.27212572258033;-1.65015505742075;-2.11741996108103;-1.51925538503509
3000;-2.50958125006922;-2.54112695022044;-1.4554197097977;-2.8300882374304;-2.02913980066898;-2.16637585016856;-2.40239869978188;-2.70302541450656;-1.64780091786573;-2.0999524320952;-1.99145598684421;-2.18776209450908;-2.4531935812693;-1.29362567889277;-2.80375118851916;-1.87401459073446;-2.23492740977125;-1.96101162051047;-1.9029302369918;-1.59751559924575;-1.85282881864006;-2.19159426257296;-2.20853198572976;-1.73791806803046;-1.30515333814747;-1.96576525540758;-2.25645763080052;-1.67414466884905;-2.10256890913615;-1.53610091426391
3025;-2.50075377643602;-2.54254206914954;-1.45553853123956;-2.82460057515562;-2.05259498573019;-2.18478933249173;-2.39741376030505;-2.72966755603776;-1.62971076667875;-2.10496304022504;-1.97950374506698;-2.18969510641715;-2.4399588617936;-1.25983480801481;-2.8079631794729;-1.89549116455077;-2.19708938274673;-1.98358670870628;-1.8996128903461;-1.61878556212217;-1.85263673027353;-2.17541364416944;-2.21702412331239;-1.72910169093572;-1.31232876278453;-1.96751047572431;-2.25784766138213;-1.65903492429363;-2.08260773062145;-1.55953646617847
3050;-2.50806867534702;-2.53903211249099;-1.45281057504958;-2.86384600944289;-2.04732058118924;-2.1914775118088;-2.38505544189916;-2.70784069105306;-1.64303658623213;-2.08283192660198;-1.98207129243569;-2.17462936316001;-2.42482211481485;-1.2551744801157;-2.82988889130516;-1.88548006434672;-2.18396769554965;-1.97005618348963;-1.89968729890783;-1.6036012926865;-1.84212755376711;-2.16242350713481;-2.22475869351065;-1.70660825292504;-1.30215997079034;-1.96943742708621;-2.26339224006154;-1.66880119926749;-2.0616986304552;-1.56654919485583
3075;-2.5071521552486;-2.54442951769623;-1.45767093913055;-2.86299177337864;-2.07029703792639;-2.20459005530772;-2.39821881094515;-2.7384044475163;-1.65741463192839;-2.11935625437662;-1.94934703757596;-2.14189442551074;-2.39072946351455;-1.27501827120296;-2.84440197406679;-1.88617653371835;-2.20292410132591;-1.99528550004562;-1.88312665560513;-1.6083943329879;-1.82891665405773;-2.14717969483282;-2.19918201067424;-1.72759637300776;-1.31309723812088;-1.98722199260056;-2.26988482481774;-1.6698633761381;-2.03828291442591;-1.5555080928032
3100;-2.51662090312353;-2.52760765990217;-1.46719780611613;-2.85660516266817;-2.09160692740761;-2.21379070662386;-2.38938793978445;-2.76861858215139;-1.63340229549447;-2.1497561582604;-1.8960514325637;-2.12154001901376;-2.39636260787778;-1.25913389589899;-2.82396230678118;-1.8834146154255;-2.20274786513464;-1.97320672774861;-1.88750117031727;-1.62822766832958;-1.81902010650168;-2.15465671204227;-2.1637280956652;-1.73372378876977;-1.31768376018009;-1.98337447417585;-2.28048608771142;-1.67865777359483;-1.99704003644646;-1.54892976268212
3125;-2.50896912467488;-2.5471806623923;-1.4683251633553;-2.87855311866992;-2.08167073668388;-2.21602413846928;-2.39185511774615;-2.75937830941919;-1.62181869296523;-2.14365864694932;-1.89781934763853;-2.11919121665439;-2.39142724742769;-1.30227578162844;-2.80084223166633;-1.8950823076068;-2.20168850949743;-1.95380521849087;-1.89420923870815;-1.66231926938004;-1.82345863500774;-2.12918900555098;-2.16499249621927;-1.68791441244865;-1.31235671959661;-1.95913462366153;-2.29320642516565;-1.69140377214029;-1.98153479763109;-1.57086910018493
3150;-2.51403036728494;-2.57766542684499;-1.49683466213681;-2.89026659593452;-2.06979391012854;-2.22617758209594;-2.37826401537366;-2.71600415706921;-1.61598282347993;-2.13706198225073;-1.89266498441524;-2.12018840081722;-2.41939102450695;-1.29006063396313;-2.81385817346497;-1.90519941902608;-2.19378812477145;-1.94957143582555;-1.88747730822391;-1.66290979012148;-1.80464017797713;-2.12178476193788;-2.18116258751935;-1.68499273362278;-1.30282554371086;-1.93921606680765;-2.30247862431985;-1.67369087186547;-1.97289873865877;-1.59994577848122
3175;-2.50908041124809;-2.56683045656852;-1.48977209910898;-2.89453025133342;-2.07531129999843;-2.2384694446504;-2.37706074910817;-2.72323577411424;-1.59011576233633;-2.12712154781978;-1.87798561499658;-2.07424115251576;-2.4197311897961;-1.32267831172061;-2.82808739896051;-1.90699454960496;-2.19140060455898;-1.94707169417261;-1.90629127517484;-1.65276756587007;-1.75016328129344;-2.15031636699368;-2.1751896719565;-1.70535669275857;-1.29797620630091;-1.94183442373964;-2.31243579529436;-1.68504462236148;-1.94374606518895;-1.62016833354465
3200;-2.48662825492516;-2.55711970401851;-1.46940067647226;-2.87498992876863;-2.08575386730678;-2.26815416410092;-2.38293508802103;-2.76851098598073;-1.60346009310023;-2.16266125140369;-1.86475873422058;-2.02120302106645;-2.41098912094212;-1.32058965848842;-2.81055698055336;-1.91838091968691;-2.19276240314984;-1.92359719853627;-1.92130317929787;-1.69188031572413;-1.7697988284105;-2.12775002522847;-2.14782264988358;-1.7016225081605;-1.29230856656007;-1.96023825417114;-2.33251097015128;-1.73395356478044;-1.92326208645076;-1.60751917930828
3225;-2.497384764451;-2.55912881015165;-1.47874617669955;-2.85284767663179;-2.09111941811792;-2.26164069500403;-2.43880357100205;-2.74819628649989;-1.59856473757597;-2.15811671525352;-1.85078286721295;-2.01837647272969;-2.40830654022889;-1.32972420633092;-2.80796969229175;-1.92098276925568;-2.1910488527621;-1.92744105979554;-1.90449833748701;-1.71097045251413;-1.75791427887286;-2.1193270786099;-2.14871818365806;-1.71402622625039;-1.28394547406461;-1.96368670790793;-2.34733917743329;-1.72507218906073;-1.90911491640453;-1.62217505019692
3250;-2.48628287711153;-2.54508968278427;-1.50045639079708;-2.88062506744192;-2.10061477778915;-2.25866718420181;-2.44233743154992;-2.70703506591652;-1.58239612569704;-2.14342920515621;-1.83694665705971;-1.99875936619984;-2.39752099553561;-1.34649765867116;-2.84431947420909;-1.95218721162668;-2.19610287951573;-1.97103995151615;-1.90125798971325;-1.73399356515995;-1.73223093053978;-2.14619893455853;-2.13494900669669;-1.71669458405026;-1.27865490947421;-1.97269317417793;-2.40875466248752;-1.75539530928288;-1.88625402446317;-1.63073262128169
3275;-2.45883116975806;-2.5160640865725;-1.50311067414543;-2.89449759615889;-2.09869677484246;-2.25683533714993;-2.43455934022456;-2.69544827084677;-1.58730494800871;-2.13146450706788;-1.80931021622441;-2.01237256527388;-2.38540003708099;-1.34306235565482;-2.85133611541003;-1.90493332245538;-2.21254051538545;-1.9911274684084;-1.91146689758765;-1.78022254964513;-1.72093641019004;-2.15211617321518;-2.12984045008288;-1.70681861037427;-1.27613282380642;-1.96396010483397;-2.41041135534258;-1.78256005220453;-1.84702273912945;-1.6215100143926
3300;-2.46751797893676;-2.52073294863585;-1.4876844420505;-2.88764932977544;-2.10726439896385;-2.26316873172515;-2.47304376613623;-2.69929511209512;-1.59295284013858;-2.14372977247304;-1.79909634523772;-2.0004962744164;-2.40304351268527;-1.3628463669887;-2.84943779982199;-1.90728617960071;-2.2142922374871;-1.99057687588277;-1.89272466454588;-1.73754134256493;-1.70771493392078;-2.16386642994386;-2.13344010900924;-1.73451355193365;-1.28667139731981;-1.9583769176725;-2.40216506349864;-1.804386495611;-1.83066885815182;-1.66070662375273
3325;-2.46145534471723;-2.51233039372606;-1.49005289951063;-2.9002376745998;-2.11780204347438;-2.25563147514989;-2.48452103500924;-2.71283601630009;-1.59543656841922;-2.19665754102821;-1.78289087162161;-1.96965546136379;-2.40498994375924;-1.41149362471151;-2.8654558780499;-1.91149377916939;-2.19766739814222;-2.01327925305376;-1.89395108228174;-1.72579025186287;-1.68434117455285;-2.16964963220755;-2.13494526545929;-1.72313820707378;-1.2792985774181;-1.98162689284399;-2.40375122711229;-1.84671851843171;-1.83053678753154;-1.65832280496436
3350;-2.45425745765645;-2.50599846815751;-1.49589010595781;-2.91864764195304;-2.14537748319499;-2.24861799959495;-2.49056087047615;-2.74622137329341;-1.54690937000381;-2.18760318560329;-1.77804255494195;-1.99460104523779;-2.39869122061592;-1.40814610967192;-2.88384471919431;-1.89197958209178;-2.21540228075328;-2.05641012008941;-1.93574094350267;-1.74892033412105;-1.66431286935288;-2.18513214578259;-2.11100795246441;-1.67773897165521;-1.2629329530756;-2.00266851578125;-2.4262373432964;-1.85920933172569;-1.83850624587658;-1.67969666427207
3375;-2.44585400865718;-2.50028647560412;-1.50392192854344;-2.92493741607614;-2.15506895381815;-2.2431165433685;-2.48100187762891;-2.74616758330578;-1.53423815904924;-2.16477042409409;-1.77437827188171;-2.01246997719873;-2.3950809852606;-1.40484611063546;-2.90002220105987;-1.90113092352496;-2.20884539494933;-2.08158788759683;-1.94429144866477;-1.74520126577168;-1.68631161908865;-2.20350710804693;-2.10946565083217;-1.7053951076785;-1.25705847095871;-1.98864519445043;-2.45039584174347;-1.87668784406237;-1.83792883170414;-1.66663136674532
3400;-2.44484209195072;-2.49569828042571;-1.49811388018754;-2.92014951943447;-2.14998488616575;-2.21228100359007;-2.48367231492149;-2.75317659245554;-1.54725590411854;-2.21319874463042;-1.78047359817435;-1.98697562060712;-2.40740390405033;-1.40809840765189;-2.91798935367846;-1.8798797090178;-2.22194229572515;-2.09650929624008;-1.94600120513775;-1.72577982847627;-1.69038432896135;-2.21034480014274;-2.10530673806072;-1.72422496109119;-1.23937046884309;-1.9753008110344;-2.42791118869557;-1.94910252933266;-1.80528066976216;-1.65162818235323
3425;-2.45703163309469;-2.49659631106564;-1.46791035800559;-2.92077591623915;-2.13855169174422;-2.18654278419709;-2.50066341797914;-2.75937151825086;-1.53741810665776;-2.21712959254364;-1.82598192435172;-1.98956088547371;-2.41702164578432;-1.41140566311453;-2.92309083507952;-1.86826977267998;-2.23350373467657;-2.1121013532747;-1.97941505068061;-1.74169238808809;-1.67026981546316;-2.251859754705;-2.09003920348859;-1.72699210488674;-1.22516874495991;-1.96402989001712;-2.43736013494165;-1.96685367046187;-1.7910395425786;-1.66163007888588
3450;-2.46211400077344;-2.47701101714367;-1.47576743998491;-2.91745417742962;-2.15185932318452;-2.20214936748063;-2.51033434577359;-2.80121801197279;-1.51178132243145;-2.18247700263827;-1.81822504572338;-1.97124643634818;-2.42614689602145;-1.35277647897626;-2.94428997640355;-1.86930841695808;-2.24449452158083;-2.11211911089898;-1.98704621807574;-1.75821305164955;-1.6632301525653;-2.23786618667949;-2.09357758057867;-1.7588328373127;-1.25895636296904;-1.95377680423296;-2.42994100529569;-1.9644318030547;-1.82017497409433;-1.65118062707496
3475;-2.44075628711093;-2.41871631702966;-1.48421144248031;-2.91669088263166;-2.1375530956287;-2.23990078693583;-2.52738868430877;-2.84905450220671;-1.47502443421376;-2.20792718411544;-1.81303725900676;-1.96797913459166;-2.40547134079522;-1.37510783825782;-2.95767464272869;-1.86890640854933;-2.26478122296908;-2.14528373665128;-1.99908809486563;-1.72792811320695;-1.68757248326932;-2.23649768187326;-2.07839695455662;-1.79811216550344;-1.27002292901728;-1.9661830029598;-2.4198662039604;-1.98121205162782;-1.84824293007998;-1.67246095256107
3500;-2.44742439803011;-2.42938734513313;-1.50479138382708;-2.90135434443427;-2.13900999654141;-2.21761949810829;-2.56687480098219;-2.84775630058292;-1.52117850548174;-2.19819003124575;-1.81529877258906;-1.97077869818274;-2.39539858746778;-1.41120316096673;-2.94731605405065;-1.8631895401253;-2.28520496262525;-2.15023036646653;-2.05146390259046;-1.74926967051308;-1.69440245448586;-2.22849267522014;-2.05858827723427;-1.79992973903358;-1.27279198936487;-1.94524662630508;-2.43652501153263;-2.03415649470612;-1.82968370324344;-1.68401950595807
3525;-2.45676587425631;-2.45754063412802;-1.50013904952789;-2.91081739103397;-2.16082172256684;-2.19635487255976;-2.54650829357361;-2.8540064648257;-1.51334579748841;-2.15164445251661;-1.83901306767901;-1.96167243731876;-2.38810354520051;-1.37157484484164;-2.93289325459171;-1.85750782102873;-2.29964314017155;-2.15921626806889;-2.06839091810893;-1.80095297404405;-1.70640985401367;-2.22736102475174;-2.06907730918533;-1.85461735855603;-1.28946835817608;-1.9358812595156;-2.4386133699228;-2.03788429783207;-1.81280730392145;-1.68175639759152
3550;-2.44930856888798;-2.44456156745546;-1.48378616544412;-2.93906759509622;-2.15402051516097;-2.24775228756136;-2.52650587080419;-2.87326412772225;-1.52946151282331;-2.13815116728625;-1.8734412429801;-1.98377134367161;-2.3766053633135;-1.37703007834436;-2.94282755832718;-1.87004267781999;-2.27364384851487;-2.15393654856597;-2.06487308488628;-1.77182912427541;-1.74416762582918;-2.26238600229227;-2.10087962632279;-1.88081355783757;-1.31142801045201;-1.96694761302368;-2.40526994586099;-2.03790992956479;-1.80608874897446;-1.65636632623906
3575;-2.46747110119338;-2.43955862237008;-1.48010612489075;-2.92008672051787;-2.15434645173174;-2.23637282874491;-2.54873117256537;-2.84502999374576;-1.58871819204893;-2.19366958314988;-1.87384406193208;-1.97013090057156;-2.36348360622607;-1.35456780689413;-2.94629792340078;-1.8709651673562;-2.26687929679674;-2.1383424071763;-2.07410964897138;-1.71412983932297;-1.77586758224157;-2.25326602036358;-2.10372132698167;-1.89853656989578;-1.31939910608756;-1.97185237926394;-2.40803934898181;-2.06928108718218;-1.82246298995378;-1.63056617993296
3600;-2.49414199878611;-2.41904564842987;-1.46863904639581;-2.90887473473882;-2.15366348992304;-2.23940719085642;-2.56199950569691;-2.86031496490531;-1.5345888023403;-2.22599702059243;-1.84446424161277;-1.99500811022942;-2.34457730774532;-1.35871666684821;-2.94891707975801;-1.87315902044288;-2.27541336775557;-2.10623289843125;-2.11867873450555;-1.70898769981392;-1.80786850936952;-2.25348071132686;-2.13101467615327;-1.92135223136868;-1.31754153299246;-1.95896858099001;-2.38096636744959;-2.02126952530984;-1.80778770459063;-1.66722002873576
3625;-2.47611080104529;-2.40996160543843;-1.46927664227396;-2.91378840875985;-2.14928467120305;-2.25090709767352;-2.55998637872724;-2.86112398698733;-1.54171211685599;-2.25822347835668;-1.83792213043016;-2.01280910174109;-2.33642661905246;-1.38590941087546;-2.92613931903914;-1.86725393685316;-2.27304493453158;-2.08352514464936;-2.12165582646691;-1.736383427248;-1.83935706723635;-2.20592214610047;-2.15553582186048;-1.9388336425332;-1.33031444864659;-1.92153327290189;-2.39124123350416;-2.01657194316642;-1.8226349725068;-1.6790832955742
3650;-2.50615460985894;-2.39075598400794;-1.46973105464706;-2.92306841134436;-2.1585756964844;-2.23010425423158;-2.51921079256187;-2.87019667346217;-1.59266203781211;-2.24878939638727;-1.8617201568858;-1.97947490158869;-2.33324442378072;-1.35121819610278;-2.91794033760081;-1.86860451560713;-2.27151239298554;-2.08934134042056;-2.11912521900039;-1.72896979792016;-1.86838039371579;-2.22002793459621;-2.14616279883422;-1.96057186760264;-1.3519152957332;-1.91476209918687;-2.39384222751677;-2.03418025061755;-1.83864397681618;-1.66399076216495
3675;-2.51986901350946;-2.3816660223732;-1.46790398109415;-2.91884038494568;-2.14976620698446;-2.24278965868744;-2.52448435008424;-2.84413485162305;-1.61842619775913;-2.24148171693035;-1.85922291230899;-1.98994881627105;-2.31861288524132;-1.32953021499066;-2.94525974703661;-1.86553377026978;-2.30863505733047;-2.03853875241455;-2.15575025129957;-1.73070730134106;-1.89296649393309;-2.23895974494194;-2.18430514069547;-2.00726094654059;-1.34676538714309;-1.93474052460016;-2.38129431089861;-2.03657498005243;-1.83929668982187;-1.61850684472384
3700;-2.51202680531308;-2.37713972164003;-1.47463041494035;-2.89409493141399;-2.1414960235636;-2.24597972066572;-2.54882782311693;-2.84377116464134;-1.61455838739149;-2.248346260328;-1.82760939256798;-2.02663658246105;-2.30438665548714;-1.31622724248418;-2.9228938403307;-1.87037995186383;-2.29275966765673;-2.02487825222066;-2.1690389468252;-1.72420327001708;-1.90953217131355;-2.22404584072861;-2.17190360759951;-2.01214384023535;-1.35750592254395;-1.90412692937953;-2.37781384801373;-1.99222043296199;-1.85264485727796;-1.58096059338788
3725;-2.51680397136053;-2.35566637598022;-1.46907528007596;-2.87674628090121;-2.13610844442642;-2.25674007282792;-2.49898969550889;-2.81913772829115;-1.56145298415764;-2.24072901981404;-1.80310492188487;-2.01560999494981;-2.3212500459821;-1.32362229329085;-2.88592359345207;-1.87002568122215;-2.27720370598335;-2.04201035195484;-2.17502078060264;-1.74303954956053;-1.92686169150823;-2.22620306105152;-2.17418530259042;-2.02848214066047;-1.36599557975925;-1.90011114411683;-2.36831074857917;-1.97283952995943;-1.84829611292633;-1.56504340409244
3750;-2.53926871229468;-2.35975300841188;-1.44751421396401;-2.85088010906988;-2.13452631175034;-2.23994905365452;-2.50605368674747;-2.80690866882151;-1.57221516753294;-2.2402666105487;-1.83385050178502;-2.01288086073796;-2.34513866185962;-1.31975916312591;-2.89146852798107;-1.84582813096836;-2.30687026881917;-2.03710969948715;-2.15745462644428;-1.75216517495966;-1.8710579965119;-2.22251513472162;-2.20166160201149;-2.01318467253942;-1.40073330098615;-1.89910785439781;-2.38094527285571;-1.97982333642394;-1.88435184539384;-1.56741979429132
3775;-2.55019666439388;-2.33295170994411;-1.44598375482457;-2.83840433994362;-2.12567260263568;-2.24643981040794;-2.50765415671147;-2.81297738037965;-1.57993921867646;-2.28398895388535;-1.82635002654822;-2.01734200708353;-2.30928655781284;-1.33465049877974;-2.89891273728634;-1.84323872439858;-2.32387331221648;-2.00962637627845;-2.14116662319773;-1.71882470067647;-1.81489198346271;-2.22201675814462;-2.22487981296431;-1.98471314440688;-1.39362614229453;-1.90311767529137;-2.3627755501499;-1.97187599450551;-1.90111214308719;-1.57077233111392
3800;-2.53479079888505;-2.3340022203907;-1.46586499764578;-2.84373724822499;-2.12625836563479;-2.25933847960057;-2.50664087072796;-2.77948973845526;-1.58622771506573;-2.27492750486492;-1.81097252274333;-2.0220061378647;-2.29651519872205;-1.33140842826517;-2.9053273123462;-1.8446731279061;-2.30859308869845;-2.00931201811148;-2.13298239859726;-1.71958861920291;-1.80028554429685;-2.20341869181601;-2.23211525162143;-2.0115595394638;-1.37032795092242;-1.92454184184997;-2.3572096396253;-1.94900892291151;-1.8651553975565;-1.54344264735065
3825;-2.54273479257087;-2.35628658499662;-1.46072057630295;-2.82933543978212;-2.13358473120566;-2.24594539974425;-2.48357647059862;-2.77144523423474;-1.56912943641116;-2.25400368050533;-1.78878654724797;-2.00538945663281;-2.29036807480617;-1.2870202233375;-2.92835510918025;-1.81642323812664;-2.34535234207684;-2.01569132532414;-2.14673824269625;-1.70843313750964;-1.79137429203519;-2.1992579945455;-2.2162286040013;-2.03378118520901;-1.39464666611785;-1.91971469497413;-2.34363030839213;-1.92982162194317;-1.86376319591133;-1.52403947917462
3850;-2.53760453168252;-2.35237057419739;-1.46652528007372;-2.83151166933996;-2.14637617168196;-2.2402935673886;-2.45110518286209;-2.70794706052246;-1.58592703020414;-2.23874593321262;-1.74615049608387;-2.00467652524005;-2.27432795475055;-1.29485234028435;-2.89528365155514;-1.81041302546771;-2.33610258394988;-1.9755083079656;-2.14570621795368;-1.70304114519375;-1.77055441177657;-2.21029479179231;-2.18611555770375;-2.00447205504852;-1.39709103623135;-1.90274442552237;-2.33620936807431;-1.91969599406784;-1.88950032194041;-1.52583837012605
3875;-2.54169202484842;-2.34096701040904;-1.45400499700794;-2.81612737092464;-2.14153914676594;-2.25030999383235;-2.44031462541624;-2.67130309417918;-1.60495810056227;-2.24012719474373;-1.75622892883152;-2.00422142413694;-2.25459371314018;-1.32003259206272;-2.87684033814158;-1.83583179858454;-2.34081736994738;-1.96184764918389;-2.1028391017226;-1.73660911776898;-1.73800630591302;-2.24393935083859;-2.21564584004985;-1.96541715541037;-1.41110573802116;-1.89781536428942;-2.3684618733746;-1.95457081366508;-1.89033353234293;-1.52973160581673
3900;-2.56931690321909;-2.35556696360357;-1.45475487578404;-2.80296158006121;-2.13402077769095;-2.22955036806796;-2.44082604529406;-2.65899598331224;-1.61665417811058;-2.22175785927547;-1.74172690875918;-1.9929089269958;-2.24812127672167;-1.33484004730248;-2.88476311821024;-1.80947269769426;-2.34601872733002;-1.98562088436473;-2.05004549215756;-1.72938206533765;-1.71884219471459;-2.26409308361075;-2.23679949127269;-1.99375017882686;-1.42351298959791;-1.91037393381083;-2.38532246544998;-1.93599071123608;-1.89961248467548;-1.52943097484983
3925;-2.55681230087349;-2.36105315793009;-1.47644218192862;-2.80886593174269;-2.15266430532913;-2.23421281738285;-2.45070885922989;-2.62260775717056;-1.5579565704301;-2.23810387098888;-1.73683017699954;-1.9876231536706;-2.25549753553955;-1.34440979934037;-2.87108549836289;-1.80674323422349;-2.35136952153612;-1.98964023484628;-2.0562951885521;-1.73150085080791;-1.72263017658467;-2.25877683922453;-2.21763743475583;-1.99156110258987;-1.41340195604127;-1.9103873934871;-2.36753887043836;-1.89399645245979;-1.93445552322575;-1.52504758212485
3950;-2.55253891697716;-2.36391464941267;-1.47061244391841;-2.83135418329191;-2.12366102180239;-2.22606015042438;-2.45442632470644;-2.61456865627523;-1.52525479627493;-2.28471404118041;-1.7231016423584;-1.98810287832418;-2.26762470288523;-1.34321851279886;-2.85254808600083;-1.79323050472059;-2.3788703236454;-1.99363547948569;-2.03858866787012;-1.71262097495934;-1.73068179738961;-2.23972704758285;-2.23634401921988;-2.02397777720785;-1.42517501719337;-1.89806473059527;-2.35776868106171;-1.89228512079039;-1.92357627680816;-1.53749886440607
3975;-2.56299872566535;-2.38313941463154;-1.45720476529427;-2.81177594466982;-2.15498461212631;-2.23195853136268;-2.4433133235904;-2.62694573496743;-1.52915990845241;-2.25984989694427;-1.76031660815635;-1.99579014333555;-2.28834921968804;-1.30646214058869;-2.85790545685875;-1.79328721862747;-2.36550501947591;-2.0180631506264;-2.02260193976807;-1.71777446692243;-1.74783752445266;-2.22598442021926;-2.24368710210839;-2.03514053309105;-1.44316449129317;-1.89888247154867;-2.34884105712884;-1.90788900698362;-1.89552836507768;-1.5477849534647
4000;-2.56417379268369;-2.39458602906097;-1.46273767856105;-2.80526015172578;-2.18035551011509;-2.24749241243635;-2.40678499615835;-2.60633882198101;-1.55281200345929;-2.21613857491476;-1.7930775748681;-1.9957863958428;-2.29271612032858;-1.28137117303174;-2.88073808609129;-1.81585135000434;-2.34874774991457;-2.01644229887088;-2.03324996193735;-1.73677473186424;-1.72680983355273;-2.22234927642793;-2.22792639937706;-1.96854039007172;-1.45409023754402;-1.89294166018148;-2.37177895259103;-1.8966172726895;-1.90508885719879;-1.56468491367468
4025;-2.56538021955211;-2.41226491732379;-1.46157645030468;-2.81279351314371;-2.14279965541071;-2.2726351947336;-2.3993692535408;-2.58598946006558;-1.51685619183787;-2.21563277016646;-1.79275299479732;-1.97924907630657;-2.28978269941989;-1.32882977983151;-2.86357729554245;-1.81664719475216;-2.34710492453747;-2.01135255104538;-2.00812184694945;-1.75865406847517;-1.78647495710448;-2.22740406579522;-2.2150885901578;-1.96162647529868;-1.46852497529384;-1.89767093700132;-2.38583402449112;-1.90077264747885;-1.91210732827588;-1.60691426793017
4050;-2.57284183205894;-2.43777608430173;-1.45105237919236;-2.7886387535099;-2.15009910918988;-2.26399490737404;-2.41070690857823;-2.60543779973921;-1.49671083305057;-2.20462152631799;-1.78322891168199;-1.98171398978003;-2.30364149925215;-1.32220755117622;-2.83040209995527;-1.81503489909431;-2.35191150917056;-2.01103105203694;-1.95756765850635;-1.77436699467961;-1.86694349723995;-2.24303419413121;-2.19951020386638;-1.98644934166851;-1.44696661611167;-1.89746522010414;-2.38670906957078;-1.87368210358171;-1.89235750688382;-1.63362051790212
4075;-2.56821692508434;-2.42464611853151;-1.45111180704017;-2.76588354163067;-2.15353035905971;-2.23591932172829;-2.36835512767163;-2.58839782057689;-1.52638632633549;-2.17235756157594;-1.77669977142392;-2.01729047479543;-2.31081887983837;-1.29595992439096;-2.84523961642167;-1.82441808869141;-2.34210350521451;-2.03611694274624;-1.96595983244552;-1.78357895752707;-1.93124740840522;-2.27288684902795;-2.20310930137506;-1.99016792920126;-1.44984317289427;-1.90225926898129;-2.4075853064889;-1.89296781345508;-1.9388763638076;-1.62098349494209
4100;-2.57240250851845;-2.40433445075796;-1.44857853502642;-2.77717161919023;-2.143668834435;-2.22712085566288;-2.37192560608804;-2.604742769894;-1.5174530628293;-2.19129459371672;-1.77537920507559;-2.05402842792191;-2.31332278422354;-1.32482494079811;-2.86248479871245;-1.85886456290622;-2.32834830357748;-2.01764467081985;-1.97020037241977;-1.80328776081162;-1.98670864965726;-2.29997047437043;-2.20948447620245;-1.99473738624411;-1.45091292816463;-1.90203349341737;-2.42391603373058;-1.88790361257499;-1.95330677298278;-1.62888527607204
4125;-2.57103635674429;-2.41579045308601;-1.43476391457934;-2.76083107157186;-2.14126686067383;-2.21844772578033;-2.37781403642868;-2.60884291720654;-1.49614905338529;-2.2096782242843;-1.78439319357574;-2.05296630707547;-2.31390214021379;-1.32132529143256;-2.83726878730411;-1.85089600053015;-2.32069376960257;-2.06249904617895;-1.97256922468602;-1.8109757250375;-2.00798233690641;-2.29118268120153;-2.19989573922116;-1.97339801665926;-1.44228645035537;-1.90485543689988;-2.4229278459271;-1.89735898162914;-1.94838177209624;-1.66312576833833
4150;-2.54784664245876;-2.40254005340808;-1.44684930461837;-2.74766411899473;-2.14590406021368;-2.20925177315617;-2.35016915188614;-2.60895141534193;-1.44267801072559;-2.18972062005534;-1.79900442212314;-2.04176850156638;-2.34478861533745;-1.35666043326613;-2.82922497206722;-1.8334062882437;-2.32490982166338;-2.08940403334219;-1.97191068036435;-1.83974732948792;-2.02108382471697;-2.29494696602925;-2.22277256551178;-1.99130362001262;-1.44065773950116;-1.90252961835024;-2.45428831275584;-1.9158724655411;-1.96359754053472;-1.70970501548335
4175;-2.53930084987044;-2.42797433569898;-1.43312420695024;-2.73497769079158;-2.13902485267769;-2.19399237542415;-2.33691053708979;-2.63571877252524;-1.4763121089474;-2.17578317371247;-1.83319733322593;-2.04436089916041;-2.33541190114536;-1.34910328301163;-2.84466302213957;-1.83197249876374;-2.31047062964785;-2.08178911807438;-1.94782836331345;-1.86729066110824;-2.06646302655607;-2.29866369450039;-2.19336931765;-1.9945900209885;-1.43793915381074;-1.89857864152748;-2.44166286447789;-1.89510033924604;-1.99526417653593;-1.73950506754768
4200;-2.56546649390451;-2.45428381922729;-1.42694074329453;-2.71840167085198;-2.14601813011243;-2.17816801569301;-2.3454949489801;-2.62149853045102;-1.52681260923307;-2.14046445153947;-1.85905868343562;-2.0745566202666;-2.31182721416852;-1.33866867068551;-2.86059856475883;-1.86504468219875;-2.2865979992418;-2.07472712731542;-1.93002707823805;-1.87427424897029;-2.09499209425609;-2.32140760743757;-2.18325218891453;-1.9578818862443;-1.37506909926522;-1.91805159755152;-2.43081507257618;-1.90207515237781;-1.98202742146957;-1.79430696384208
4225;-2.56397866709569;-2.44594193603883;-1.42700921286874;-2.73293120044578;-2.18101851934426;-2.16487936551516;-2.31931702368313;-2.62521846981038;-1.48443630854637;-2.12402465733073;-1.88158357473675;-2.08711765496964;-2.32412059698983;-1.34682228927907;-2.85157433770598;-1.8649130090362;-2.28564245760693;-2.05308432672535;-1.95344847409291;-1.92622838932467;-2.16055093306784;-2.32023175890953;-2.2114745562229;-1.95047684865997;-1.34933044687183;-1.9042251555855;-2.4516023087206;-1.91001956745253;-1.97498817087408;-1.77789406253247
4250;-2.55322489484226;-2.46701155064909;-1.42309234245967;-2.71860860092006;-2.17538588514338;-2.1504992546943;-2.31564734719777;-2.65218040578395;-1.51649708648592;-2.12065484265926;-1.88820412680663;-2.12731933491699;-2.31601902180584;-1.37925558672082;-2.82405894641009;-1.84667505371115;-2.30807677883601;-2.0324402257521;-1.94800045281338;-1.90867773920463;-2.16451175096192;-2.31863419822815;-2.21589929285242;-1.95745713946375;-1.37253056140718;-1.9256936385841;-2.46022392932652;-1.95556078916755;-2.00464852078566;-1.79407118556291
4275;-2.56161830808332;-2.45677466429581;-1.42679125764449;-2.68491217717955;-2.18068762835123;-2.15641277838934;-2.33016842213975;-2.66669281603112;-1.50553939623768;-2.14599800697229;-1.8736825811335;-2.14908127782023;-2.29622878340622;-1.38985281762416;-2.8245684153259;-1.85052959618566;-2.28183426054559;-2.05929125165295;-1.92571382401471;-1.91088540418228;-2.15466923976314;-2.3316976567794;-2.21541350202277;-1.95133042081397;-1.35074881218428;-1.94220200386305;-2.46401707122692;-1.94703218945227;-2.01648706666611;-1.84539644568831
4300;-2.551521640509;-2.43304111956015;-1.43040331805022;-2.68503044190978;-2.19483969878507;-2.13028953936664;-2.31038921515185;-2.61725121580438;-1.50251972722797;-2.13755858861529;-1.88482974396525;-2.14062416042159;-2.30140292293282;-1.40361726254124;-2.8178277428004;-1.86380907201449;-2.26665546929054;-2.03617211076559;-1.91450682705181;-1.90050272802751;-2.18527094350389;-2.31968441402527;-2.18548164090856;-1.94554139105881;-1.3340245647775;-1.92489200415892;-2.48106988297342;-1.92325248576343;-2.01921787356296;-1.83635768144178
4325;-2.52891692981012;-2.43597698593058;-1.42281998884718;-2.6861127741071;-2.17248575028078;-2.09703202884048;-2.27670641468791;-2.63588534132566;-1.49823687881168;-2.13255594926602;-1.88993209961708;-2.16076111359886;-2.30068684063097;-1.41297706391107;-2.82435150647912;-1.83764350637697;-2.27652372566454;-2.01441371476657;-1.89022038834152;-1.90886426745681;-2.22707647375862;-2.27856736292047;-2.1647315432425;-1.93375899882134;-1.31154448501035;-1.92021948185205;-2.46556628421331;-1.90989017721392;-2.00059275795968;-1.82017514063149
4350;-2.5104434291606;-2.43766430914466;-1.40418334553125;-2.63576205620863;-2.17412750809632;-2.07680132659333;-2.26023853810298;-2.64808816043381;-1.48710842632414;-2.14371054353719;-1.84627412331036;-2.14681529244859;-2.26175391795147;-1.4000755171298;-2.80975312429414;-1.79937611750873;-2.27258078195163;-1.98638017371334;-1.8750284007137;-1.92390983439752;-2.21218811234072;-2.2897147156695;-2.15645184014654;-1.88031539466791;-1.26776274509055;-1.90787376570241;-2.47083492212236;-1.93685594408141;-1.96193317840368;-1.83352966481292
4375;-2.51082840795856;-2.40545948876901;-1.39122192706374;-2.61737393428108;-2.16635748480819;-2.05858161779151;-2.27732199895247;-2.6495221590523;-1.4741236115516;-2.11894872999927;-1.83313197675065;-2.12070979297756;-2.2457471114767;-1.38173515471242;-2.78489002918867;-1.81186882211137;-2.22993935066328;-1.93585043896038;-1.87888804939846;-1.92090382222791;-2.1565597416801;-2.28728601460861;-2.172392997159;-1.87366361491456;-1.2384037596319;-1.90459966983893;-2.45472121480656;-1.90646199142293;-1.96378191232887;-1.82800509971522
4400;-2.49091000879567;-2.36227921846628;-1.37239080156254;-2.6001248619991;-2.13013292724311;-2.03078494331166;-2.25086154584213;-2.64210882140939;-1.45444086625337;-2.07130018602679;-1.81410308696962;-2.093479446469;-2.2507407352639;-1.38854956030562;-2.75902147560696;-1.78827711647997;-2.17585597709434;-1.92000062543482;-1.8771740162692;-1.88677523444521;-2.14027663024597;-2.2509430885001;-2.14403232054238;-1.82994736169876;-1.19604167870464;-1.88565526771802;-2.43809927538859;-1.87853220701189;-1.96492335721242;-1.81600414828349
4425;-2.43010429163742;-2.32783152418577;-1.34412854141688;-2.56440093667701;-2.11322713358695;-2.01176480635902;-2.18505353982384;-2.57739359064725;-1.37104993864231;-2.0436351641724;-1.75434291417859;-2.04932021076811;-2.24518691888247;-1.38785759176061;-2.70925135127285;-1.74559753166016;-2.12963791155403;-1.87606465023855;-1.85434911124018;-1.83242890661265;-2.11480918206552;-2.19680104058914;-2.09014004325148;-1.74762408609627;-1.16141447843618;-1.86902423523708;-2.40033203050172;-1.87348265879349;-1.90749430526022;-1.77953083607431
4450;-2.39731814422687;-2.28154534482397;-1.31521882797294;-2.51633203476603;-2.07493224453877;-1.97232450665584;-2.13516001526523;-2.52176221426073;-1.30639569243306;-2.00189592058426;-1.71482295290147;-2.02807066856031;-2.23858057406676;-1.38326990179019;-2.67139818123532;-1.69051789483143;-2.05109980030848;-1.81069965493923;-1.79885885413732;-1.82180089283351;-2.04018671265452;-2.17001275492886;-2.05642242033428;-1.72349438788842;-1.14107154463556;-1.82646545156655;-2.36439879633516;-1.862157655762;-1.87086235018262;-1.7532351413818
4475;-2.35282021604945;-2.27159280651631;-1.28338857886873;-2.48929218425632;-2.01656308133331;-1.90241596825293;-2.11089061259393;-2.44928562426882;-1.24774247297651;-1.92447066847623;-1.6687666629218;-2.08861563611676;-2.22927819035748;-1.37622185920995;-2.62835910799899;-1.63611038757091;-2.0203447894652;-1.79917165735709;-1.77722297813718;-1.74357571774154;-1.98030239566945;-2.1336553046668;-1.99528683297924;-1.68756531376998;-1.11957075667986;-1.81268839187014;-2.33478208123559;-1.81134378809348;-1.81563224984345;-1.72763340514963
4500;-2.30138747358401;-2.25757613554222;-1.25609548420908;-2.45696332599458;-1.94834545113368;-1.86190904070206;-2.06827880252778;-2.391133750227;-1.26183926581919;-1.88434967550576;-1.6520460642749;-2.15357325306463;-2.21757537663127;-1.36694209511259;-2.5543866451295;-1.58622170925675;-2.00097407255036;-1.65179498460254;-1.71876609928247;-1.69942292720062;-1.92381018795112;-2.07482614337371;-1.93047320355974;-1.61638193293702;-1.07258476019868;-1.87210720289319;-2.32204456023176;-1.77576816770705;-1.76511830835292;-1.70044493527519
4525;-2.25901349447717;-2.20338636180838;-1.22313003913858;-2.43291604281988;-1.89519388941065;-1.82521186358757;-2.03090557650564;-2.33718640978662;-1.28442259503152;-1.85319594692824;-1.61446379065687;-2.14594131207882;-2.20359147454979;-1.35546825532388;-2.52129844961663;-1.55019155452379;-1.94351706153614;-1.537943229671;-1.66741530465951;-1.67475543097176;-1.86410685119249;-2.02910773122816;-1.88030110601354;-1.56744251192883;-0.998247494659351;-1.88454070656754;-2.2766655291412;-1.75931294896524;-1.72849799058977;-1.6720237131207
4550;-2.23102417562149;-2.14737909239692;-1.20170686374876;-2.37968438080225;-1.85254323222959;-1.78871240956177;-2.00721114102497;-2.31068595316603;-1.27463138457066;-1.81717870465422;-1.58836888930355;-2.14398482961865;-2.18743761621255;-1.34192234301549;-2.48672876504219;-1.51721782637286;-1.90184675954374;-1.52115808120317;-1.60934454505355;-1.63382745485886;-1.81269467314316;-1.96409781811368;-1.87708017859371;-1.51639299241827;-0.937043094884756;-1.87803333451304;-2.22683622892249;-1.73663427471646;-1.68453064250095;-1.64244393263228
4575;-2.19791201299059;-2.10079520144445;-1.17395673223669;-2.32644336558509;-1.80992652382716;-1.74107415429334;-1.98573158739211;-2.24681795825012;-1.26551910861345;-1.78016816533463;-1.56462210701667;-2.13877988845286;-2.16923038444619;-1.32638213894836;-2.4813062456112;-1.46525810534021;-1.88677739475901;-1.486259467145;-1.58961867793274;-1.59624796397802;-1.75947942723637;-1.90489928200612;-1.98986675083426;-1.46663418849341;-0.906504844200565;-1.87021253669553;-2.23297441475492;-1.71341313262548;-1.61342334129113;-1.61181615441673
4600;-2.14656485878907;-2.05175999935712;-1.17292643560314;-2.29655540695689;-1.76929129695339;-1.68918887826232;-1.96551559102416;-2.15407622706097;-1.25187294875613;-1.74176777941978;-1.53729146287254;-2.13218719695432;-2.14908263225566;-1.3089607650264;-2.4830511111386;-1.42880189464911;-1.87285748166881;-1.45478609433584;-1.54412795396054;-1.55782065210944;-1.71731531575189;-1.86968622054947;-2.00087288456763;-1.41756911553712;-0.869085845867133;-1.8591118698895;-2.2274296022257;-1.68910486379023;-1.55856073752692;-1.58023819852039
4625;-2.087675831234;-2.01683188375259;-1.17354255962279;-2.25489600143141;-1.73019724015699;-1.65365180468753;-1.94674227968151;-2.12254730602606;-1.2344119838608;-1.70211790737026;-1.50797267290917;-2.124124666394;-2.12710987110228;-1.2897422290636;-2.48211946941852;-1.39204009930357;-1.86075000255108;-1.42428788184736;-1.47402880458402;-1.51911809322126;-1.66424236310118;-1.82627332593032;-1.99075954396062;-1.36922615131599;-0.821240455558671;-1.84523945843869;-2.22061631932384;-1.66378151604705;-1.54917444287814;-1.54781862868296
4650;-2.05984018414875;-1.97043909745837;-1.1709072792907;-2.22358146754108;-1.6925917319794;-1.61670301078083;-1.92925604246827;-2.11513089449797;-1.21329951417457;-1.66135516096608;-1.47682249924286;-2.1146059221295;-2.10342570609201;-1.26883510301498;-2.48074940168485;-1.35628598729092;-1.84999900240669;-1.39474860262968;-1.43064874207917;-1.4801743106705;-1.58987029276982;-1.77012459361967;-1.98172138405705;-1.32162031893175;-0.76903848706966;-1.8287687048983;-2.21097049003808;-1.63752362726148;-1.50656336773299;-1.51465600976481
4675;-2.03088595953635;-1.91496887194685;-1.16680946346315;-2.19856168522068;-1.65641432998715;-1.58035674428866;-1.91294815987592;-2.10648425499461;-1.18876932988139;-1.6196188371719;-1.44403441735782;-2.10366881797365;-2.07814511524759;-1.24632688019421;-2.47863967675574;-1.32105240559928;-1.84046878840048;-1.36615423168267;-1.37493197250154;-1.44103822816862;-1.53096198420041;-1.71678594589428;-1.96948414543526;-1.27476910246811;-0.704716996053985;-1.80983619713278;-2.19872752651695;-1.6104055285695;-1.44706578590627;-1.4808582798734
4700;-1.99551480168174;-1.88089950759432;-1.1609379945145;-2.15912251570474;-1.62160632349768;-1.54434476907297;-1.89770909354726;-2.0996353552474;-1.16099998025571;-1.57704584040621;-1.40982777656976;-2.09133082222781;-2.05138210461124;-1.22232339620192;-2.47562897508418;-1.28636761702305;-1.8320035314895;-1.33848853766406;-1.32038263643773;-1.4017601764737;-1.49591108549927;-1.67746148110281;-1.95435773865811;-1.22868744806056;-0.647683198089153;-1.78860793430916;-2.18399111530533;-1.58250734743343;-1.4241041244242;-1.44652452518628
4725;-1.94587914772718;-1.8682024973645;-1.15321522529627;-2.12963950040955;-1.58810754502736;-1.5086977890105;-1.88342975988454;-2.093904665352;-1.13021573065535;-1.53377521672496;-1.37440093071528;-2.0776269896752;-2.02325134775774;-1.19691434553491;-2.47158305630284;-1.25223621789889;-1.82444484970556;-1.31173749989318;-1.26994975583154;-1.36238786820833;-1.4421392839786;-1.64891649958281;-1.93644932758104;-1.18339292092692;-0.598335904496094;-1.76522648111048;-2.16692970990205;-1.5539037666234;-1.40772645528053;-1.41176225547151
4750;-1.92493258864628;-1.84272514782332;-1.14350884540507;-2.10451410914119;-1.55585899998322;-1.47343452809491;-1.87000093898614;-2.08919597131089;-1.09660226624528;-1.4899440868939;-1.3379712206965;-2.06257696387844;-1.99386709029978;-1.17020376618869;-2.46634589776752;-1.21866306511744;-1.81763486406306;-1.28588488267575;-1.23078818150165;-1.32297159319552;-1.37989223340964;-1.6138593914292;-1.91591022707879;-1.13890038160666;-0.548761213142718;-1.73985364653997;-2.14766128795483;-1.52467461384125;-1.38910212337435;-1.3766709012413
4775;-1.91072435930803;-1.80642567107609;-1.13171093137395;-2.07938523048091;-1.52480081331711;-1.43857510897608;-1.85731322716428;-2.08539223348741;-1.06037846836037;-1.44569130948076;-1.30073858256399;-2.04621407993777;-1.96334381496245;-1.1422828412147;-2.45978286045442;-1.18565274009187;-1.81141726120377;-1.26091666972138;-1.21908537002294;-1.28355909519126;-1.33038815231998;-1.57606221150657;-1.89285721036172;-1.09522748569613;-0.500222513724495;-1.71263511167149;-2.12634491159187;-1.49489482583614;-1.37016935425633;-1.34135770515366
4800;-1.85798565650625;-1.78469182211044;-1.11769143212014;-2.03747479890218;-1.49487369005927;-1.40413820874583;-1.84525772130668;-2.08238922672265;-1.02173426410164;-1.40115416866851;-1.26291913246583;-2.02855938565275;-1.9317959236689;-1.11325436477279;-2.45173818323983;-1.15321011531684;-1.80563208956922;-1.23681662090011;-1.20222145734512;-1.24420064239922;-1.27553394112702;-1.53544140899683;-1.86743515264019;-1.05238899821642;-0.452543768560017;-1.68373030426764;-2.10310537232198;-1.46464401781447;-1.35065845528088;-1.30592229274672
4825;-1.82086524431968;-1.7671489506414;-1.10134084450106;-1.99854538682319;-1.46601806268394;-1.37014400024725;-1.83372471031077;-2.08007064909641;-0.980885162237266;-1.35647137968933;-1.22471372390554;-2.00964505353045;-1.89933776905831;-1.0832105671761;-2.4420770568116;-1.12133975587752;-1.8001249677518;-1.2135707244094;-1.15400658686761;-1.20494399088449;-1.23764684438411;-1.4922735629644;-1.83976550657573;-1.01040267581305;-0.405681746403772;-1.65328677631013;-2.07809664146111;-1.43399730127858;-1.33057794876171;-1.2704717800978
4850;-1.79310337213452;-1.75368982859465;-1.08253033036776;-1.9590269776409;-1.43817432252925;-1.33661110686136;-1.82260558206992;-2.07833125799111;-0.938023827500909;-1.31178035341043;-1.18633782844396;-1.98949311296537;-1.86608386429912;-1.05225335695878;-2.43064383669711;-1.09004655137207;-1.79473434697954;-1.19116273557457;-1.10919505598386;-1.16583940570293;-1.21895158047563;-1.446845658065;-1.80998962706034;-0.96928317648582;-0.359591888902321;-1.62146246250139;-2.05144746340207;-1.40303415182016;-1.30991131396611;-1.23510585321883
4875;-1.76468698687957;-1.74263351239864;-1.0611494598949;-1.9304354342106;-1.41128322069937;-1.30355975890583;-1.8117903600704;-2.07705620041742;-0.893363536854573;-1.26721969200489;-1.14799269462547;-1.96813489892415;-1.83214846478535;-1.02047571533869;-2.41730363448522;-1.05933504895529;-1.78930693761365;-1.16957864720282;-1.09891950699929;-1.12693463697855;-1.15731935015772;-1.39942986255674;-1.77823171205834;-0.929048370358047;-0.31423079698713;-1.58840612340967;-2.02330868634759;-1.37182978760233;-1.28864186451174;-1.19993163264602
4900;-1.74129589003934;-1.73247746280966;-1.03707013199623;-1.90459182291734;-1.38528482642261;-1.27100851825363;-1.80117066385724;-2.07613813155556;-0.847098789964341;-1.22292690846976;-1.10989363440043;-1.94559316492401;-1.79764617131654;-0.987978914285359;-2.4019008598005;-1.02921015703506;-1.78368077100328;-1.14880220993322;-1.06471253781693;-1.08827996478124;-1.12064258515754;-1.35031214532999;-1.74463093040227;-0.8897127949548;-0.26955382285083;-1.55427470763779;-1.99381156954181;-1.34046360910866;-1.26675311468874;-1.16504873496325
4925;-1.72056504092827;-1.721799362444;-1.01018132802777;-1.88231743307746;-1.36012021464147;-1.23897768106662;-1.79063632944144;-2.07546510826272;-0.799441358609567;-1.17904051123094;-1.07224182602194;-1.92189861478986;-1.76269115808422;-0.954856473241;-2.38430058847721;-0.999676403015971;-1.77770225773895;-1.12881942134481;-1.02425129718941;-1.0499231150785;-1.07244816760028;-1.29976566465634;-1.70931325522749;-0.851294448471419;-0.225517655385549;-1.51921778488824;-1.96310491816382;-1.30901087911145;-1.24422836562655;-1.13056441619797
4950;-1.70097212972987;-1.70908853886599;-0.980355427713829;-1.86283242137674;-1.33572913102173;-1.20748573870266;-1.78007911277756;-2.07492589931598;-0.750586974294764;-1.13569810101409;-1.03525288292292;-1.89707455737686;-1.7273981036442;-0.921209211854529;-2.36434725278965;-0.970738716066701;-1.77121039872699;-1.10961402720954;-1.00745621569444;-1.011914401354;-1.02149057733702;-1.2480756268517;-1.67241639507155;-0.813807732074638;-0.182077560727615;-1.483391639056;-1.93132166467031;-1.27755098353907;-1.22105114307298;-1.09657808894633
4975;-1.68088467283884;-1.69289559337416;-0.947481989921297;-1.84552386780298;-1.3120529714847;-1.17655306288501;-1.76938877172001;-2.0744126115838;-0.700746413444918;-1.09303810208739;-0.999127440224546;-1.87115120478071;-1.69188110546635;-0.887131025814902;-2.34190591587644;-0.942401601746261;-1.76405009588055;-1.09117203008134;-0.97203772516779;-0.974301506696582;-0.956104198423732;-1.19551575533626;-1.63406753794507;-0.777270789365408;-0.139190311495588;-1.44694638465472;-1.89860924215449;-1.24615916977024;-1.19720473770295;-1.06319728528348
5000;-1.65873203137537;-1.67168455971936;-0.911307790523374;-1.82978009019253;-1.28903116586634;-1.14619806394654;-1.75845707970711;-2.07381175246496;-0.650116197089837;-1.05119819814504;-0.964081913431741;-1.84415230436378;-1.65625492015381;-0.852722426874468;-2.31682101527257;-0.914670012234504;-1.75606219431306;-1.07347717063616;-0.961932399911568;-0.937134797196468;-0.89672035013814;-1.14237087410352;-1.59440337395831;-0.741697866186549;-0.0968110928700933;-1.41003786229157;-1.86510170672659;-1.2149148694983;-1.17267268474186;-1.03052106438488
5025;-1.63269771126368;-1.64423040502152;-0.872259010638375;-1.81498323658781;-1.26660541793401;-1.11644120056921;-1.74717383738235;-2.07301498447627;-0.598906497725621;-1.0103167289265;-0.930315846066822;-1.8161076752184;-1.6206335636725;-0.818077556297942;-2.28895761464514;-0.887548428825481;-1.74708959458356;-1.05651545665906;-0.926753798301942;-0.900461893234319;-0.847518242615914;-1.08891491870429;-1.55355194985703;-0.707107272355459;-0.0548967552123158;-1.37281654223645;-1.83094557894607;-1.18389325317501;-1.14743826633751;-0.99865739586803
5050;-1.60336162643806;-1.60807360708685;-0.820267314932287;-1.8005262437748;-1.24471486071832;-1.08730078966676;-1.73543071903727;-2.07191160947404;-0.547314270890805;-0.970531467021437;-0.89804707461006;-1.78704141885879;-1.58513187978032;-0.78329673790383;-2.25816014655025;-0.861041829317421;-1.73697514033796;-1.04027062344389;-0.879762004694195;-0.864333234143793;-0.805214170379296;-1.03543266762179;-1.51164922928902;-0.673513075477674;-0.0134024096187014;-1.335437986107;-1.79627564520891;-1.1531738619154;-1.12148502532003;-0.967704807923322
5075;-1.55786450364893;-1.51498023034854;-0.726204249463563;-1.78578769538042;-1.22330148052043;-1.0587973903991;-1.72311767257757;-2.07038927601897;-0.495549414177039;-0.931980655275276;-0.867473328097296;-1.75698303396108;-1.54986378943936;-0.748474246710833;-2.22436247024425;-0.835154667923331;-1.72555984044438;-1.02472868432651;-0.859755997275621;-0.828796355952332;-0.741358356491012;-0.982197936034769;-1.46882387431664;-0.640933776897236;0.02771502356491;-1.29805287444791;-1.76123785723734;-1.12283172246356;-1.09479623712609;-0.937771905986212
5100;-1.51458623004407;-1.43423189915202;-0.713337752971746;-1.7701625536983;-1.20230414547295;-1.03094921146952;-1.71012618586196;-2.06834092785509;-0.443809005105141;-0.894802175014369;-0.838814730902888;-1.72595691317707;-1.5149442416464;-0.71371032444853;-2.17596571709161;-0.809891951107534;-1.71268826428018;-1.0098733688614;-0.833870740333401;-0.793901794103067;-0.684195433092816;-0.929495794843361;-1.42521132804225;-0.609383237918065;0.0685004983859073;-1.26081662109385;-1.72596742454732;-1.09294655635487;-1.06735545043227;-0.908956462005453
5125;-1.48007920789589;-1.41154398509221;-0.702195003774784;-1.75302934543579;-1.1816650857593;-1.00377692874778;-1.69634642047014;-2.06565156022291;-0.392302970105045;-0.859134142947613;-0.812266117488191;-1.69399228980085;-1.48048703928127;-0.679099278075418;-2.18975325021205;-0.78525810269716;-1.69819988734237;-0.995690696334407;-0.790955709946201;-0.759696975923594;-0.648649521943605;-0.877599584421434;-1.38094069112942;-0.578880182643712;0.10899955332547;-1.22387999613499;-1.69061001052577;-1.06359317014549;-1.03914593566568;-0.881367976984699
5150;-1.44431011755633;-1.39386946989439;-0.680254317292615;-1.73378111922591;-1.16132295001423;-0.977298624854487;-1.68166963365035;-2.06221597838898;-0.341228206136714;-0.825114589975462;-0.788051278070856;-1.66111379920721;-1.44660726522047;-0.64474136676151;-1.78231748422876;-0.761258161414357;-1.68194061972425;-0.98216439011454;-0.823331205882362;-0.726232559072258;-0.617620849372364;-0.826795050406761;-1.3361470398322;-0.549438231164961;0.149195671823319;-1.18739837893658;-1.65530098560528;-1.03485154921987;-1.01015124570335;-0.855103161567892
5175;-1.40716443158468;-1.33425126136832;-0.680928998988848;-1.71179971098183;-1.14122016036762;-0.951535112124739;-1.66598622377256;-2.05791790428006;-0.29079497690834;-0.792881450057556;-0.766360302172599;-1.62735045212386;-1.41341856920756;-0.610730830451859;-1.52127949938898;-0.737896516786887;-1.66374877869036;-0.969280475936276;-0.889066052473663;-0.693555833960233;-0.558055416922965;-0.777354634025401;-1.29095977792774;-0.521076369531646;0.191052432924549;-1.15152252038532;-1.62018597562607;-1.00679618779633;-0.980354647552369;-0.83027277600617
5200;-1.37901559731487;-1.28640009273512;-0.663030717618632;-1.68647400897407;-1.12129520402884;-0.92650432517541;-1.64918721345082;-2.05265302641042;-0.241199676802218;-0.762572980780143;-0.747423179334783;-1.59272708855733;-1.38103621056343;-0.577168045774694;-1.53972584949826;-0.715178244069737;-1.64347126858955;-0.957022670424834;-0.884591570514037;-0.661717611168181;-0.499277951386054;-0.72956523902184;-1.24551373584417;-0.493807932408537;0.222130054964478;-1.11640787196521;-1.58540026616047;-0.97950743813545;-0.94973969675794;-0.806972026740769
5225;-1.34809385005878;-1.28679183025677;-0.633829549594505;-1.65681062604858;-1.10149063148668;-0.902227237223172;-1.63116322643987;-2.04630443879338;-0.192653250628812;-0.73430363272155;-0.731421455852809;-1.55727253071403;-1.3495736342675;-0.544147082811877;-1.53101121513208;-0.693107693812974;-1.6209455573059;-0.945377006389169;-0.885068254033545;-0.630765010493534;-0.450749110798365;-0.68369784205195;-1.19993851089372;-0.467652217920053;0.258066469345292;-1.08220505825182;-1.55108969214395;-0.95305936550762;-0.918289658383819;-0.785313481295765
5250;-1.31477333673076;-1.27181027930931;-0.609664826753548;-1.62622783528223;-1.08174483680396;-0.878721607566479;-1.61180507425374;-2.03883468608648;-0.145351214728159;-0.708532573196351;-0.718596829135154;-1.52101179263628;-1.31914633876295;-0.511768543151677;-1.51405724334974;-0.671689982938329;-1.59601927333228;-0.934327193010454;-0.883154299637627;-0.600749032675972;-0.40991851874648;-0.640041182887964;-1.15436878826146;-0.442622218120959;0.301065555923402;-1.04906971277882;-1.51738920059697;-0.927532822643278;-0.885988089218819;-0.765390144699349
5275;-1.28211630696668;-1.23779872081676;-0.590420952790299;-1.57412075278294;-1.06200042687472;-0.856008601009055;-1.59100357406925;-2.02765842010617;-0.0995056137723974;-0.6841025027271;-0.70910949840003;-1.48397353562045;-1.28986748767028;-0.48012621268174;-1.47227868994977;-0.650929417362171;-1.56852926818901;-0.923859270956269;-0.880764764352269;-0.571716585387746;-0.353510791853765;-0.598863938293583;-1.10893426513306;-0.418737608818909;0.332994189766146;-1.01715221785561;-1.48444510266324;-0.903001290846212;-0.852818253757059;-0.747317294610601
5300;-1.24695537612803;-1.20605432468256;-0.559406828315246;-1.5388729250613;-1.04219577707051;-0.834105766838363;-1.56864936374758;-2.03100742011545;-0.0553106089252834;-0.670919786060172;-0.70283904029462;-1.44618292271474;-1.26185291273891;-0.449321041457951;-1.46997481509626;-0.63083116192557;-1.5384606643663;-0.913956941080716;-0.877823356998801;-0.54371890610877;-0.311877514014362;-0.560457740061113;-1.06376956995617;-0.396010963624468;0.361669946224967;-0.986608513672747;-1.4523917186687;-0.879546305527851;-0.818763708711948;-0.731184515857349
5325;-1.19990752600801;-1.17770393790335;-0.549068711272043;-1.52304461636605;-1.02227347500362;-0.813030562269341;-1.54463341355489;-1.82143239074228;-0.0129798994274169;-0.654443770838424;-0.704874042118987;-1.40766847708378;-1.23521537892754;-0.419446395441197;-1.46863291492975;-0.611399470978707;-1.50126954473878;-0.904606252906801;-0.874341021792308;-0.516802637597723;-0.294688680337394;-0.525087585029776;-1.01900441482107;-0.374462424273396;0.429348932425124;-0.95758860220859;-1.42137615371439;-0.857240546760239;-0.783807719273842;-0.717111473324273
5350;-1.15179435973171;-1.15116364026568;-0.525954309743918;-1.5208139735666;-1.0021719529267;-0.793091223008502;-1.51884622897629;-1.20529696985948;0.0272943677092924;-0.636703380749426;-0.696227252879948;-1.36845548996421;-1.21007119894676;-0.390603724537927;-1.44230133451377;-0.592639564996097;-1.48089989380385;-0.895790897835893;-0.870332939423929;-0.491019314318708;-0.266067016992137;-0.493049855627596;-0.974773454298874;-0.354104042292309;0.472402847482893;-0.93024888517184;-1.39153174263125;-0.836166495481238;-0.747933840858987;-0.705181843604894
5375;-1.11149399540782;-1.12612192759929;-0.501777921405521;-1.50086530971401;-0.981833705035433;-0.772400859010037;-1.49117889258113;-1.1298226801214;0.0652960396626054;-0.610259480913432;-0.690628101408476;-1.32857236547919;-1.18653254935751;-0.362885802948446;-1.43074607871995;-0.574555638144157;-1.24692238277437;-0.887496935520099;-0.865810637074828;-0.466415244574266;-0.244632372306639;-0.464603238555052;-0.931206333194591;-0.334956548074411;0.520435073170682;-0.904738803992127;-1.36300679807317;-0.816395706930253;-0.711125340533498;-0.695523405776763
5400;-1.07118418599823;-1.10213452838927;-0.463605059546997;-1.47861603871212;-0.961197291870162;-0.762760200637615;-1.4615218167614;-1.06205659884573;0.100835976252288;-0.58393914367152;-0.704105727658356;-1.28804450548131;-1.16471647133053;-0.336394778215746;-1.43472301025002;-0.557152976199461;-0.848188298694021;-0.879708046462214;-0.860788857677176;-0.443042340655618;-0.228396552239809;-0.440052739225723;-0.888437815067832;-0.317031323999407;0.568520664325102;-0.88121543114516;-1.33593318088805;-0.798011770665024;-0.673365771282343;-0.688193707011488
5425;-1.03502740198232;-1.07878763295657;-0.446582627784924;-1.46563188164649;-0.940205046683173;-0.768926845978659;-1.42974834424421;-1.01582498283529;0.13369415911549;-0.547294307278643;-0.700734845899697;-1.24690021128325;-1.1447342194067;-0.311222600734505;-1.44492611262291;-0.5404357022466;-0.853545094050045;-0.872410302089641;-0.855279486583598;-0.420946481102141;-0.193350771753247;-0.419644457351644;-0.846597392354081;-0.300349867128342;0.628278096949742;-0.859827391324935;-1.31046099979637;-0.781064508840562;-0.634638403136277;-0.683444910127073
5450;-0.994578845677967;-1.05563797431729;-0.478221526048602;-1.38634784213745;-0.918795720930684;-0.7455098660416;-1.39539144481873;-0.99541467756003;0.163726235519886;-0.550720547265779;-0.674944211929541;-1.20516498030673;-1.12670402208552;-0.2874723916304;-1.45973135462288;-0.524409179709887;-0.857164177360043;-0.865587370125361;-0.849296978350565;-0.400180069200516;-0.169673075648761;-0.403648947823621;-0.805820026396486;-0.284922671799779;0.672881956069727;-0.84073272814125;-1.28671991271831;-0.765728951254292;-0.594926785603811;-0.680126258287207
5475;-0.930804528011071;-1.03227246529336;-0.646426905014648;-1.36694036542506;-0.896911430000696;-0.74429754662299;-1.35965228625941;-0.983390154982124;0.190324929776874;-0.526615084595978;-0.625896821450436;-1.16286702504741;-1.11073554398022;-0.265234941796005;-1.46190141225234;-0.509077446530238;-0.861401637885293;-0.859225335929546;-0.842853459493753;-0.380788416863304;-0.155132028327179;-0.397883334632684;-0.766234962804205;-0.270772274346759;0.730188106126561;-0.824078859867762;-1.26486274591847;-0.756869541461258;-0.554214192685369;-0.698050156527659
5500;-0.855208955649905;-1.00824776302894;-0.677366914281363;-1.39468172839871;-0.874491166861882;-0.754725127729767;-1.28233551903378;-0.952982319489718;0.217810350624608;-0.503781485735461;-0.616716779923185;-1.12003192543821;-1.09694919836253;-0.244614759825394;-1.48076606254238;-0.494445959891367;-0.866586876546252;-0.853307851960044;-0.835963182524104;-0.362824585022786;-0.154017476620284;-0.345500280337838;-0.727896933276151;-0.257907933945155;0.761337955275963;-0.810025202697596;-1.24501574588605;-0.762466106595073;-0.512484169444121;-0.717995675548922
5525;-0.775770345495931;-0.9831492455481;-0.671005204053572;-1.42910720742898;-0.85147678515238;-0.725691715334023;-1.14841357059255;-0.933963070185152;0.211227050057952;-0.511939274140898;-0.588874555766412;-1.07668781738066;-1.08545138674121;-0.225700951056189;-1.49982443561742;-0.480518654008594;-0.861399898836665;-0.847821020385056;-0.82863844692146;-0.346333110722132;-0.149383453409036;-0.606540833966312;-0.692032504602375;-0.246353675416004;0.792296612897047;-0.798717399210075;-1.22733607663823;-0.731662989046441;-0.469719994783469;-0.697071825484701
5550;-0.700566262783845;-0.956536557322895;-0.666309956286389;-1.47420813607415;-0.827807556344263;-0.71514292817398;-1.02424997533267;-0.916599043723946;0.192264756424441;-0.528018913114992;-0.576711275752365;-1.03286035183964;-1.07636741698252;-0.208600088683241;-1.53727716071351;-0.467301101408162;-0.881551021014245;-0.842748475052381;-0.820893356419195;-0.331367973934534;-0.151816165058863;-0.812043458452409;-0.65447265300773;-0.236116921310068;0.818877872986245;-0.790316122016503;-1.21194426856419;-0.718481072669006;-0.42590520842384;-0.655138427443165
5575;-0.64081640155455;-0.927991213408422;-0.660946306544315;-1.52773325875205;-0.803425042220494;-0.714851812961382;-0.966319464790508;-0.918610027433733;0.204941641890158;-0.562953912560843;-0.587945879622401;-0.988577598935169;-1.07005390111134;-0.193398678820027;-1.54964593024372;-0.454797107306563;-0.903348045274325;-0.838076338850139;-0.812740340260006;-0.317972595103448;-0.131024616260355;-0.753200652190234;-0.631823189696038;-0.227224006950797;0.83925417105524;-0.785043669584498;-1.1990051711583;-0.714461193224349;-0.381023861540119;-0.603814916709401
5600;-0.575536182988515;-0.897029388583397;-0.655044195383472;-1.58764895848054;-0.778268816159609;-0.702829536145994;-0.974335856821756;-0.919981046392451;0.180883906219247;-0.569332659894744;-0.583027644773001;-0.94386527044714;-1.06482483289411;-0.180206600684083;-1.54450737064367;-0.443012389423144;-0.897171850661724;-0.83378822240979;-0.804193388460835;-0.306202317756987;-0.113633657778428;-0.731513035875604;-0.613207981471283;-0.219679325689019;0.842881814902247;-0.782973878661885;-1.18862807581274;-0.730422750121404;-0.335199736622732;-0.551499772893933
5625;-0.66845143033372;-0.864208577722978;-0.648992963325808;-1.65182595429225;-0.752280131063944;-0.703468500204684;-0.966010565836078;-0.920635484641066;0.175636302934441;-0.59407490523426;-0.602790554220569;-0.898751380402367;-1.07030322127921;-0.169105915558773;-1.57641642397723;-0.431950588354301;-0.894059334285653;-0.829870274797299;-0.795265030876295;-0.296098822334016;-0.0981221697650285;-0.700193352284636;-0.601860893612856;-0.213513292735414;0.844750639331118;-0.79108517545546;-1.18100216787216;-0.731028263739141;-0.288216463634731;-0.504873618979223
5650;-0.792017036584269;-0.823671803009795;-0.64315927013354;-1.71820009670404;-0.725389447258799;-0.710660144517145;-0.964076799828367;-0.910360421458713;0.166956107478671;-0.649074797301932;-0.596201735599826;-0.853261692179155;-1.09518809836021;-0.160212463259398;-1.59152876750802;-0.421617609977316;-0.914405772154213;-0.82630607690556;-0.785969168148363;-0.287719647762084;-0.0878062993996591;-0.690716130185076;-0.602261304817043;-0.208724262046492;0.853665004649361;-0.808865429836796;-1.176115656524;-0.760733818014163;-0.231895785938283;-0.522178268285449
5675;-0.728030337611161;-0.788466257343596;-0.637933449805741;-1.78465888461921;-0.697667748883258;-0.714133845654744;-0.991985729859731;-0.91011039387979;0.124288667090013;-0.673985869432649;-0.615394121476459;-0.807315684955269;-1.12917775460857;-0.153539675541741;-1.57298084473154;-0.412016877743392;-0.919473552701319;-0.823081811834092;-0.776318410067212;-0.281103391508639;-0.0883012666105534;-0.684347103348661;-0.601375825299465;-0.205405563237732;0.849712710553904;-0.814964224336842;-1.17367103920147;-0.55412277904143;-0.222772522924133;-0.808173016498484
5700;-0.702905627531844;-0.784244172341113;-0.633884592319143;-1.84912768479823;-0.666177070322214;-0.715155869281378;-0.98002640868196;-0.951656476086408;0.119210570668233;-0.692460691296339;-0.649875697574881;-0.763992703056319;-1.18736802279472;-0.148421854598543;-1.58068009772287;-0.40315455077428;-0.928474188158127;-0.820181021168442;-0.766326585554749;-0.276525828252926;-0.0825669115277063;-0.672278685389393;-0.588873857743111;-0.203391805532703;0.832597667796928;-1.08319469582234;-1.19376321703005;-0.445559308916045;-0.230241183593109;-0.917055326772649
5725;-0.689537180542011;-0.794127687697341;-0.629566219813114;-1.90950068730318;-0.650643734482126;-0.726469305675664;-0.95735428817795;-1.00599423258573;0.113596583020929;-0.746130037910192;-0.65905129072595;-0.705065406511236;-1.24491881640293;-0.153734834971862;-1.58759710503741;-0.3950337532098;-0.957527491414263;-0.817589933810887;-0.756006369064371;-0.272498786937619;-0.0867353271885631;-0.66138169154913;-0.579997849156126;-0.202913631471982;0.82757376954077;-1.2270348891936;-1.1429456907689;-0.617184667104269;-0.235138705111214;-0.939400580960757
5750;-0.671624224285034;-0.803883559352297;-0.649554305051099;-1.963699011064;-0.687158759529871;-0.760088181958711;-0.964161570773538;-1.05337374170194;0.0676756264691753;-0.802858478870868;-0.714613312594894;-0.691351584159325;-1.24706054841001;-0.185523736772331;-1.56320731876779;-0.387661002996684;-0.9884068064567;-0.815292037348662;-0.74537153108358;-0.276600838492436;-0.0933757626680698;-0.659248523924135;-0.590544732797927;-0.233496938523215;0.819279580265901;-1.09729870159407;-0.942932688555466;-0.795373026621379;-0.230879598809457;-0.981689551430063
5775;-0.662444350219112;-0.819158090396454;-0.57241314715529;-2.0096220341509;-0.70511481321847;-0.777662985738626;-0.99048213227161;-1.09817380380345;0.0370823407397586;-0.815367366500008;-0.773325352878579;-0.747351644029245;-1.28248552426497;-0.188801151519318;-1.57152452125937;-0.38103898552582;-1.0152356772671;-0.813273625053412;-0.734434799049888;-0.329651691320046;-0.0854808734409367;-0.668529867637313;-0.604712311185201;-0.246174173908188;0.800885498509605;-0.975196618519693;-0.923825840681492;-0.972486301268902;-0.217454011187796;-1.02063108956698
5800;-0.65775322736955;-0.811085496003475;-0.389297632584055;-2.04544198125649;-0.722786861538467;-0.784897509388894;-1.00245074776946;-1.14722106675618;0.038169043240306;-0.838169988973871;-0.794563757793448;-0.760559948310517;-1.28959622748946;-0.189002713106654;-1.5812533482783;-0.375174766157407;-1.040346165703;-0.811518106554862;-0.72320989533953;-0.442902998943734;-0.0727039165783088;-0.689984139211051;-0.653375722031833;-0.246564820252118;0.790640960124472;-0.855073712274727;-0.944605373855067;-1.0901711712168;-0.216622835087269;-1.04105344390021
5825;-0.64403102374298;-0.824979307115731;-0.400038203724734;-2.08925794674172;-0.713435363948209;-0.79563822054034;-1.01328416532428;-1.21733457542939;0.0300436815698296;-0.864665269258714;-0.835179380352965;-0.760294655708153;-1.28132008171453;-0.188925891348291;-1.5751800566837;-0.370070324741754;-1.05139958613922;-0.810011870912972;-0.711709591168625;-0.563362717842467;-0.0569181750614616;-0.699043637495201;-0.703046144060194;-0.269314104459387;0.770813668172379;-0.769338727574069;-0.964664539654365;-1.06965526808312;-0.214242554881769;-1.05809465652424
5850;-0.635262702577624;-0.837814645197281;-0.397297187535161;-1.96406515326486;-0.71413033060183;-0.819934819984731;-1.05997440396457;-1.2834774351821;-0.0511026674036218;-0.874762003445706;-0.847216944030895;-0.757688645704426;-1.30056597721309;-0.188795096271064;-1.5921469569908;-0.365733664183433;-1.07096883395345;-0.808738207273855;-0.699947569055886;-0.670454536935174;-0.0264952832262286;-0.751038553866698;-0.7374902539375;-0.298547859722596;0.760250195802728;-0.845875786389496;-0.992776129847666;-0.912104774109988;-0.21279281026531;-1.08725903183272
5875;-0.630547106439151;-0.823223428843561;-0.392119056361287;-1.57045647866628;-0.746162826219363;-0.846817902316469;-1.07025095652014;-1.3204966073716;-0.104920983787502;-0.901946853266385;-0.862853987784194;-0.776275321984228;-1.30299143176735;-0.19052750692357;-1.56118889802815;-0.362165435603657;-1.07306474563473;-0.807683659276299;-0.687936636537936;-0.768635204124021;0.00608111981915127;-0.809626683797805;-0.779015544280195;-0.296419084794096;0.753407938340512;-0.973576132664385;-1.02857551445005;-0.930258183198386;-0.211828135744501;-1.09330072646471
5900;-0.59688270290411;-0.834272645549097;-0.385544540120321;-1.58285263945204;-0.734564721196954;-0.876032943509167;-1.10372390398809;-1.3268739395986;-0.095833248697612;-0.919467067810037;-0.875660617967905;-0.79699291939245;-1.30398176937175;-0.184947754045678;-1.55927399279829;-0.359375564696707;-1.08549621806014;-0.806831309745658;-0.675690443050804;-0.841557479154531;0.0144972409513946;-0.849279917455045;-0.842732163605283;-0.314214728121427;0.732962013324811;-0.973531654418776;-1.06757307647527;-0.930226580493272;-0.212164831549779;-1.11001725549857
5925;-0.590966907049918;-0.843599172267885;-0.373871603939642;-1.57679614347204;-0.747112568338517;-0.90669458794263;-1.15623049617381;-1.32563825496759;-0.100346504684621;-0.942804552195619;-0.886699132329435;-0.837478696145997;-1.31364398329147;-0.253769161552956;-1.57124462303674;-0.357355921867059;-1.13126012596065;-0.806167985584191;-0.663221826254269;-0.950648400176747;0.029978474983656;-0.905945709202458;-0.89575682462217;-0.372439124726925;0.722651432853461;-0.978951356367649;-1.13424879600471;-0.947225966981634;-0.193043067146651;-1.13250199103404
5950;-0.594681839052233;-0.831854285987462;-0.365327417617223;-1.57993818164972;-0.772149057565992;-0.938103987901361;-1.19136998990319;-1.33592824679847;-0.113569178779887;-0.941780932159569;-0.896059830128196;-0.878801218989719;-1.30249284225287;-0.31515830830905;-1.57065772072014;-0.356311787225985;-1.12864330552506;-0.805676345667293;-0.65054440820167;-0.690659923437798;0.0579755671084208;-0.984707724429155;-0.957650229698418;-0.445664667516274;0.710246604744419;-0.984690418376422;-1.20027301055659;-0.967390330825846;-0.382536164906962;-1.1171850849423
5975;-0.591303314734843;-0.817796939488594;-0.365332874079508;-1.57403949979743;-0.802263800337274;-0.969106108165851;-1.24919200067982;-1.35038933372349;-0.118974768650387;-0.939866796809946;-0.903856346484736;-0.926795519095787;-1.29097671125962;-0.321002891807265;-1.69255583819603;-0.355965381458322;-1.12108278045774;-0.805392904485459;-0.637671051397733;-0.113299660759925;0.0918492215297333;-1.04271724876663;-0.995633156135148;-0.509933440448234;0.708837178384102;-0.984696048400068;-1.26970374406115;-0.981429437211861;-0.501895978398215;-1.09786415585503
6000;-0.592514549379138;-0.821736817840126;-0.334639924725193;-1.60268600839942;-0.813635519735396;-0.998651118919079;-1.26150763645811;-1.37203646270043;-0.150606976861259;-0.948337348777974;-0.910183393946369;-0.995735280931548;-1.27918037464353;-0.353406454124229;-1.71563026020681;-0.373356514398467;-1.12752236168276;-0.804824882648808;-0.624615355426915;-0.481051607270567;0.124574825010388;-1.07304946326864;-0.988799513898453;-0.560696895660589;0.686152440492238;-0.992907761401637;-1.32139488069317;-0.969010879533037;-0.503336400286494;-1.09053672396755
6025;-0.59326542739386;-0.828578529962936;-0.304575944316326;-1.57086891191864;-0.842881972227386;-1.02560608851102;-1.27815421509184;-1.36906932235991;-0.142594979072846;-0.955771444633955;-0.915155938512996;-1.0791036448827;-1.25226665851693;-0.407759861508094;-1.70672725936485;-0.392348035215673;-1.1268511780649;-0.805805102081447;-0.611390203037468;-0.630317854602901;0.149228488773083;-1.11641179875077;-1.01462533738883;-0.624210954779238;0.676122767044796;-0.993934168348322;-1.31488232509876;-0.976333022468792;-0.54154407428592;-1.08355337043229
6050;-0.588347521828961;-0.839284061447167;-0.270470162512258;-1.55851614522492;-0.878506606476965;-1.0489439468242;-1.28928606724491;-1.37196181854803;-0.120739808597116;-0.985492558999179;-0.918866859831792;-1.18308909731701;-1.24733453397196;-0.403870793163869;-1.69285192163742;-0.401886806092768;-1.13233916109297;-0.829484117935549;-0.598009175677215;-0.657447136719358;0.16382657889227;-1.13408246724309;-1.04242656960287;-0.698434001967332;0.695778934508283;-0.987623869839008;-1.32054139542781;-0.969910192926097;-0.573654936814157;-1.02384321872611
6075;-0.581369586178628;-0.852401371574842;-0.237738717755817;-1.56311181366361;-0.901246227978221;-1.06727084798056;-1.30135837923803;-1.36910257062619;-0.115924714632853;-1.01547306892541;-0.921509324204089;-1.23538732731949;-1.25128142357047;-0.419158802216692;-1.67538128507191;-0.423239884682823;-1.13995454916267;-0.851256372487777;-0.584485172231086;-0.72241772616842;0.181770114788528;-1.12769736514553;-1.03043765957878;-0.751680687703636;0.701990160731318;-0.978117179484467;-1.33805914530557;-0.942197572968978;-0.58714175603904;-0.98488284750633
6100;-0.572900928037182;-0.866710000075731;-0.204739452624591;-1.5373506093058;-0.952666530321394;-1.08405501740962;-1.31133387386264;-1.34813334036622;-0.0901284942222972;-1.02166362222321;-0.923222113283715;-1.24856545397288;-1.26655064030504;-0.391629836234619;-1.65413340413957;-0.445688520829184;-1.15665840611548;-0.8754179060474;-0.570831759925058;-0.733539262468126;0.186791635579961;-1.12125998497882;-1.0468857093369;-0.785142633751216;0.693811439535472;-0.95780854051356;-1.3614489106023;-0.933766496406712;-0.588399244662789;-0.963950948180964
6125;-0.563939080187809;-0.881094826328227;-0.170504676007712;-1.50242331564409;-1.01713082695156;-1.07820910087373;-1.31034127237592;-1.37632136091327;-0.0898369238368225;-0.989591309082858;-0.922553451071955;-1.2920011153371;-1.30036320983383;-0.371201657574655;-1.62953283375559;-0.480492155317382;-1.15606230826717;-0.876943351737978;-0.557061850028344;-0.747260177188613;0.178725325151994;-1.11778921096988;-1.04738558064913;-0.815858073931737;0.697429828033649;-0.937928343115701;-1.40459655620509;-0.946778477142166;-0.600557215696149;-0.936944938912751
6150;-0.555430657626582;-0.894359639604208;-0.128482769276717;-1.48550395503954;-1.08358929414349;-0.981938425095965;-1.32882753724208;-1.37066971317151;-0.101328046442446;-1.03592684001524;-0.866321244385154;-1.32395716163698;-1.33779962401089;-0.358435230337594;-1.60191915256706;-0.50821470042374;-1.10519294142505;-0.870361056294754;-0.543188999161569;-0.769881793402642;0.191545380973454;-1.10188048602337;-1.03500714302969;-0.840723648588661;0.693241118853789;-0.922653245499347;-1.41756779011896;-0.911192641720361;-0.58897716254982;-0.90970031803154
6175;-0.549126281642969;-0.905748207495609;-0.122636191481083;-1.46863337956508;-1.13488467157592;-0.925532290540827;-1.31178536434869;-1.34622843574166;-0.107619423957176;-1.02993433156201;-0.825700719403345;-1.33205296223956;-1.29854921994548;-0.334043243018145;-1.57169915356122;-0.549784756107182;-1.0141383940487;-0.881606902375069;-0.52922612747144;-0.776103529759729;0.207708094169706;-1.09648040114942;-1.03165452124638;-0.859710345596077;0.692177079139326;-0.893911769140902;-1.41149313157629;-0.869953809661899;-0.597898086189995;-0.867818483008386
6200;-0.537308299019197;-0.916447233164469;-0.135156569705721;-1.4426275613628;-1.16601105837448;-0.916475589821068;-1.31237190410578;-1.36517335868993;-0.107566443007871;-1.02777800964366;-0.830481990844289;-1.35532848880997;-1.22838030194192;-0.30248762825054;-1.53922477804486;-0.587402994102105;-0.906906094097747;-0.879647251023244;-0.515186784393311;-0.760142174990975;0.216654943736961;-1.11455437638558;-1.04908400247902;-0.870548530996419;0.710154972152586;-0.85705172576916;-1.40542687646728;-0.841691583925345;-0.616231670809316;-0.813986038670315
6225;-0.569971298187626;-0.83925391039366;-0.117413403016293;-1.46145813367824;-1.18569092076958;-0.903099852385227;-1.320936361646;-1.35139285534692;-0.102306055703296;-1.04621904777884;-0.821061365208296;-1.35137725128994;-1.14286024410843;-0.253229786560878;-1.50489409380611;-0.642752863905227;-0.806770760277794;-0.857359778450425;-0.501083895596165;-0.732872049423261;0.230903556444513;-1.0982594480667;-1.05902800567981;-0.883611364607515;0.72353847529524;-0.827418688826664;-1.39156724753067;-0.802867699479489;-0.628490412018349;-0.776909447624635
6250;-0.600591301267004;-0.725891437599582;-0.0887405643424837;-1.49912366283941;-1.14790257270035;-0.864452034773526;-1.30517512926721;-1.34255813349664;-0.0948140287828897;-1.30509773104952;-0.817487912931519;-1.32275497082939;-1.05469387473358;-0.206671970506022;-1.46906540502137;-0.750273754739802;-0.731643511230434;-0.828651592322276;-0.486931006638897;-0.740324963230618;0.211078945889575;-1.08721587327013;-1.04220658383343;-0.825941111820622;0.728926778996065;-0.811762525976656;-1.38616720648736;-0.763115455782834;-0.600544729168728;-0.709659042420074
6275;-0.580184346522;-0.827500655517452;-0.0532510393738479;-1.4913824997277;-1.11667808999657;-0.863912126711304;-1.27259849919363;-1.35697432641155;-0.0849976259923352;-1.84575604010192;-0.817810739189136;-1.3125263987923;-0.977632054741446;-0.147419061242459;-1.43213218102715;-0.834524482133061;-0.750881978945694;-0.803115012209884;-0.472741045431763;-0.735209172060149;0.184105702478866;-1.09169353555885;-1.02820158041468;-0.788435465222421;0.733726883770163;-0.788679902642496;-1.37543092213452;-0.734385653339887;-0.561655595389917;-0.675799771732965
6300;-0.565751374991142;-0.767052179567761;-0.0160198391273723;-1.49182677346338;-1.09456247834286;-0.852620095648966;-1.29247896524908;-1.32409703693351;-0.0729157444897644;-1.77931367277794;-0.786141791095894;-1.31320798585036;-0.920942420752174;-0.0885804845870473;-1.39445598981023;-0.889997248577937;-0.951270988188326;-0.721498479899026;-0.458527556928866;-0.716090134664796;0.190821700574426;-1.06408859168149;-1.01929705468481;-0.791585668705642;0.748064508339002;-0.748542207736321;-1.35026878569746;-0.670546788439783;-0.537899695370216;-0.624849666033562
6325;-0.555565354520156;-0.772692784170504;0.018123112587092;-1.49141702904489;-1.07715830556333;-0.81044684234242;-1.29023172338393;-1.30737744276571;-0.0587043214350092;-1.58386201044564;-0.769687337214735;-1.31058371089535;-0.946435796583612;-0.00379966489477206;-1.35642813956306;-0.944543546557721;-1.065486475502;-0.981009644205243;-0.444303468000941;-0.730266143313845;0.1960321613695;-1.0620930433337;-0.997549504595998;-0.789867530498079;0.748399659897223;-0.697587704310454;-1.35593570719631;-0.629732425955866;-0.517700057020005;-0.568511405918431
6350;-0.561368085389628;-0.776394379488405;0.0449557803561424;-1.49078286131371;-1.06354263882042;-0.77376127319795;-1.24600864121642;-1.27808697640527;-0.0424548329152147;-1.37794433159435;-0.73305697787988;-1.29093092777571;-1.01232053791671;0.0329186730432953;-1.31841141382087;-1.00821689738289;-1.04344537862515;-1.40925988897608;-0.430082326304513;-0.751796640432384;0.177737415242303;-1.05020589764437;-0.981414858563487;-0.742010356204637;0.75310906477987;-0.675234708996241;-1.36452233571172;-0.575245455272353;-0.512943329942728;-0.5227341200743
6375;-0.545903818286154;-0.763061772178339;0.0581095416493411;-1.48987881596816;-1.05284399546602;-0.75442009628168;-1.22572165944161;-1.25357264571626;-0.0242949739251686;-1.78435009929217;-0.687937476601506;-1.26955639313759;-0.623967215633105;0.0435492389496667;-1.2807967767771;-1.03897835199338;-0.998401961676292;-1.31444305796849;-0.415877054319496;-0.786971164021995;0.190170197672556;-1.02012861348251;-0.961267167055083;-0.680003367812505;0.773141282118546;-0.642970645624286;-1.35992087106757;-0.509288555165863;-0.510129138795461;-0.504190222546376
6400;-0.528667166240264;-0.773689531317606;0.0618655277375317;-1.48865892449498;-1.04418072734072;-0.704651944559206;-1.21880053699402;-1.24233915653438;-0.00432221401966291;-1.75629896519422;-0.632003906110613;-1.25184272458877;-0.733145684556224;0.0805710089433322;-1.24394650724913;-1.07060145688102;-0.971060881742937;-1.31207538144027;-0.401701205817502;-0.807112208063172;0.197388539310365;-1.00232838691944;-0.921826252985994;-0.662302615630076;0.76487408696448;-0.582460382800844;-1.33581614842938;-0.457419250202848;-0.491229388517822;-0.45422783373238
6425;-0.551374479296736;-0.779787019636041;0.0743572331564539;-1.48707765540607;-1.03668016128667;-0.662727953629373;-1.20334778856034;-1.22474008562605;0.0173402001422934;-1.29447458968374;-0.600762250008604;-1.2538268765988;-0.885103032828537;0.140381999166034;-1.20825295411134;-1.07491119589829;-0.972160869497988;-1.32555232311297;-0.387567695394924;-0.791383781790933;0.178562959820379;-0.988453604946019;-0.88300084483203;-0.636751959812277;0.769830218015561;-0.542993695656112;-1.31928136945336;-0.403775730706603;-0.479297971380329;-0.392395778015346
6450;-0.542054537590269;-0.772817397838837;0.0803786697481012;-1.48508910877607;-1.02943772834166;-0.631663935785386;-1.18217768552935;-1.22294477707455;0.0405913372968222;-1.33082033497445;-0.564887243429279;-1.27825861428075;-0.81966075473156;0.215985851987944;-1.17407603735675;-1.07196325367414;-0.956991800085995;-1.34587650562259;-0.373490086532786;-0.767469790809059;0.158120857336277;-0.959987021507205;-0.861743889458426;-0.582838401550268;0.776720844194491;-0.508271665381447;-1.30528947136016;-0.344453344570191;-0.461474434050232;-0.375625963288114
6475;-0.525586485760861;-0.77488300495441;0.076673701109325;-1.4826944649819;-1.02159632056715;-0.599483167010251;-1.15560084923373;-1.15487740686921;0.0653106881153726;-1.34613646736995;-0.526516569530605;-1.27477605826412;-0.787155208712937;0.301789113177718;-1.14181159657114;-1.084592615058;-0.919744318399508;-1.35048183429589;-0.359481282227556;-0.759419779098353;0.14169111256927;-0.938031044114127;-0.820467330358702;-0.596525874064786;0.773051822786226;-0.469787933010044;-1.28094386860575;-0.298055064334874;-0.452022602764766;-0.373638925747404
6500;-0.538594576929079;-0.771981523461899;0.0756983006714649;-1.47858068257794;-1.0122506822137;-0.565715671551943;-1.12437461305479;-1.03848780655027;0.091395104668338;-1.37077416839541;-0.466678546602299;-1.27276895777902;-0.762236594365312;0.391562863654063;-1.11181464341959;-1.07472277452868;-0.880187625995331;-1.31973376467933;-0.345554859526126;-0.74264937623672;0.144568051213473;-0.911509150720495;-0.779276393064582;-0.583052568803282;0.781877310100731;-0.426559380603062;-1.26948112944814;-0.260084125880665;-0.436195327661383;-0.330357134150989
6525;-0.522794983184019;-0.761835065960204;0.0754149681011025;-1.47638047856331;-1.00052934533582;-0.524560678423656;-1.08923486759626;-0.905587888251502;0.118725890334878;-1.37977445710063;-0.414402089554208;-1.26786985968869;-0.742249072032364;0.479433186171106;-1.08447566560918;-1.07627715518549;-0.837121509570832;-1.30030370416161;-0.331723705805145;-0.724442743498085;0.139523872887076;-0.847011852043423;-0.73083950070501;-0.519916951151705;0.780823720135002;-0.386934313783204;-1.22960947736601;-0.226557482773351;-0.393911957654086;-0.281872058629443
6550;-0.509461567124691;-0.759393055059111;0.0746206761237522;-1.43163284005049;-0.985549366122745;-0.495017496207269;-1.05092098470642;-0.788527915810942;0.147198396247248;-1.37365105379791;-0.351405678260822;-1.2525244548186;-0.717919252737788;0.559228819198253;-1.06050665590331;-1.04867178722633;-0.799801367037014;-1.30176173998706;-0.318001394374893;-0.678405026460714;0.135927516066964;-0.814256647975529;-0.666353670273966;-0.483114557144122;0.796770658231594;-0.36264477290672;-1.18797887782764;-0.182688664328078;-0.35239733736103;-0.279332213129177
6575;-0.517106772217879;-0.758762939193072;0.0746648647071637;-1.40259529473794;-0.966415108849614;-0.46975840443075;-1.01016723267847;-0.695614860346927;0.176695173970905;-1.35524209102543;-0.312310704544563;-1.2791485037993;-0.692886257236875;0.625167022995902;-1.03818323094198;-1.02407304949938;-0.767800115888808;-1.27133230649593;-0.304421337018728;-0.647951777355435;0.132559885248556;-0.816214743316741;-0.638348790767081;-0.42587209652953;0.80135540028315;-0.321099849175287;-1.15685802836805;-0.137737814877458;-0.317358066912489;-0.237324966666788
6600;-0.514379543770183;-0.757870807766186;0.0784929304840573;-1.37847710007756;-0.942214992894379;-0.430525983365159;-0.967714122719366;-0.798322595693951;0.207110531747019;-1.32646897059613;-0.270855243047786;-1.01799325409729;-0.664055116910423;0.675457760926633;-1.02844404049315;-1.02104831143824;-0.730573463256797;-1.22986346028741;-0.290711340997032;-0.616651952981487;0.114814175314043;-0.777291844144093;-0.592709481636788;-0.369123164791685;0.791795289924316;-0.292302160726817;-1.13848259848635;-0.106068522364922;-0.275124978689508;-0.178378309751029
6625;-0.547596270852806;-0.723708140602452;0.0780988088826599;-1.37307136672223;-0.911224615045887;-0.401665080338688;-0.924295053273643;-1.005968327383;0.238327891229461;-1.28844294728588;-0.226924155466049;-0.94985764548249;-0.640384137584743;0.667875979053512;-1.02328289265291;-0.994243560391633;-0.710082674467205;-1.19585485361545;-0.279603027327836;-0.556627375308305;0.115290395526447;-0.727279182708583;-0.562773808990944;-0.342971243116794;0.786032023605724;-0.273257586426905;-1.11546526628968;-0.0990988581921934;-0.243887115036084;-0.267505745193792
6650;-0.553590673762972;-0.831096383559673;0.0915440782625534;-1.36598760202969;-0.875680627823258;-0.376713764298071;-0.880651550373835;-0.984330762057789;0.27022841271677;-1.24231597411631;-0.206869327012418;-0.947524603576868;-0.602102312896747;0.651790386755266;-1.00100763161463;-0.973401152866912;-0.706927631926834;-1.15220305486129;-0.245628529617434;-0.494282446393936;0.102669138653134;-0.685754464427111;-0.498604195302108;-0.307530186722597;0.77841838291497;-0.244147739491378;-1.0650517676307;-0.110499485484587;-0.242916516306129;-0.396367150775753
6675;-0.573492585607601;-0.951344117143861;0.114690199307125;-1.36553270698942;-0.767936707325935;-0.355037593643865;-0.837515732266519;-0.927325384896348;0.302670376638437;-1.18919077065365;-0.214634819256379;-0.894707146738641;-0.541696187975402;0.700471668142208;-0.971229493319143;-0.965212637646633;-0.675816775527549;-1.10935944974391;-0.201026189149985;-0.444809865342561;0.0979494752386831;-0.660103138245125;-0.459720539731197;-0.250717654312908;0.780788052928946;-0.221006319288807;-1.03640044300869;-0.0992509499287841;-0.188750836947722;-0.520883684154677
6700;-0.591177741685692;-0.902154141922063;0.121619303545038;-1.3615764499372;-0.702214024837161;-0.340763123043428;-0.79563086831537;-0.892338446256913;0.337172254418575;-1.13021272145185;-0.200229836261005;-0.857999076157596;-0.520526183265789;0.679008974251887;-0.957111886658566;-0.954839071284917;-0.649687658150679;-1.09247872409706;-0.191376760528936;-0.418136155885986;0.0964293415973219;-0.612475582581276;-0.434942259038577;-0.193141486750504;0.779795135122828;-0.195228471056948;-1.00667938729208;-0.0738546427716961;-0.157626032480485;-0.267943320862324
6725;-0.596303948166701;-0.856676383202764;0.131506292503224;-1.34150415396918;-0.670877768988873;-0.313736852834591;-0.755726661799015;-0.89037104209377;0.373433847143315;-1.06649014890639;-0.201858663462684;-0.809140283927983;-0.513100181368922;0.681274410298242;-0.945018125724859;-0.933794444948757;-0.64255773331986;-1.08833007923325;-0.155918522108792;-0.354105941758627;0.0977755579153163;-0.575137546092751;-0.399663137422309;-0.156531744532712;0.78710896990566;-0.165299664468377;-0.978736185797997;-0.0415100247576001;-0.136759410926317;-0.0636299367057759
6750;-0.603221353491994;-0.794136802979643;0.145240525170312;-1.30771299986593;-0.637075434830176;-0.295913500677101;-0.718549767471642;-0.887284365490734;0.399186250282252;-0.999164747130472;-0.186082907047192;-0.767478035611408;-0.479675708085492;0.70185925654367;-0.914129194662235;-0.914869489800461;-0.618297851336201;-1.02171120894843;-0.12697460015291;-0.290376579802831;0.0796206392242482;-0.555027253474487;-0.391460984199536;-0.143578693020824;0.7859727789175;-0.138382175392311;-0.949388997504834;-0.00830760213446253;-0.109886852674546;-0.087346251045113
6775;-0.602304922276963;-0.725087200399303;0.156013079985657;-1.26808892907176;-0.604391767052026;-0.286265756089761;-0.684824958297489;-0.873250234953607;0.435854165696899;-0.929347515961732;-0.174029518784862;-0.742403680853323;-0.469506424314403;0.726745553413348;-0.881268248351911;-0.94023547745511;-0.625602026450336;-0.980043576940594;-0.13157236141946;-0.224063712516572;0.0388824741383333;-0.497056755810061;-0.412556438375779;-0.0981663904644983;0.765260227191658;-0.128297177338014;-0.918046736403415;0.0197834657530374;-0.0940046471988216;-0.0622876209549636
6800;-0.611855657435254;-0.656143702689076;0.176605918861725;-1.22778027072199;-0.527060029045797;-0.270585899677195;-0.655306189937461;-0.872546456060097;0.494637697514214;-0.858178856888165;-0.185118479066596;-0.712169010803991;-0.474645612676202;0.717265262983723;-0.883454383155974;-0.938601217726997;-0.652574700531524;-0.94618591487446;-0.111571380901122;-0.15213695781735;0.0287360282439979;-0.504805957990908;-0.398902991492952;-0.0804305924242377;0.775273776850243;-0.110430623133408;-0.901375816820463;0.0367312285591837;-0.0753308383767805;-0.0324837453998434
6825;-0.605001983289086;-0.593488938455621;0.199966933547725;-1.19635215864121;-0.467393193737782;-0.276961825440657;-0.630706130080954;-0.861291338954128;0.512608943922283;-0.786769873896849;-0.184846334307639;-0.690604480577919;-0.457063263666878;0.713807815955025;-0.870406104845421;-0.898464064821171;-0.664090845124368;-0.915446281122417;-0.0679264828972162;-0.101177369687384;-0.00312731071158701;-0.479215643378138;-0.374896784194153;-0.0599500915303131;0.786670825006028;-0.0642031703602171;-0.861381903521146;0.0335224943593167;-0.0664860749870337;-0.0112556932091225
6850;-0.603318907834469;-0.544281415665754;0.219463674960425;-1.17969217711596;-0.418269659326705;-0.282748713435192;-0.611838046336368;-0.852135535437166;0.547724744921575;-0.716262189467055;-0.171967728395718;-0.656690079229677;-0.440607367065661;0.716473355117443;-0.877556718386326;-0.895070935166365;-0.640184819431613;-0.884330108311188;-0.0615630451131375;-0.0815052901397551;-0.0159340447265988;-0.431456562378302;-0.373727837784633;-0.0663491840385737;0.7903391434872;-0.0455653721253975;-0.821436724897509;-0.00900201796724427;-0.0580587479654051;0.0161386118847558
6875;-0.607076113938446;-0.508657627958466;0.233365127122066;-1.11128502437556;-0.370475231218757;-0.281767464158887;-0.594142033941653;-0.863976921652908;0.599095876344105;-0.647764245799626;-0.179500605840262;-0.612451461114625;-0.466633378388807;0.729041224325132;-0.929224227037356;-0.891076286953405;-0.639275034799395;-0.833056757689622;-0.0311666085622722;-0.0500512228751176;-0.00923501943299221;-0.419802101697969;-0.377134818297428;-0.0719431790070229;0.789143202097477;-0.0549748080734367;-0.800267023011354;-0.0253895401415613;-0.0352703809876748;0.0302177841416932
6900;-0.605689425884263;-0.526134467246463;0.251394440704621;-1.05067283463357;-0.337378821442208;-0.294225164425243;-0.615652663935065;-0.863042288865242;0.632363647992507;-0.582422081374322;-0.187909087256582;-0.582926678776673;-0.479544852120404;0.750262910335712;-0.97708056318276;-0.856706302439746;-0.646828786505824;-0.802420570019018;0.0103380907682784;-0.000725309723209255;-0.0267544189175168;-0.410854633969932;-0.368791977186035;-0.0772552746087778;0.790694399006239;-0.048150961518711;-0.780847409965288;0.00196505809381979;-0.0213320320012293;0.0397856132808235
6925;-0.604346115885568;-0.586625398313733;0.272487230550626;-1.02128061755512;-0.291393203750136;-0.311663906443745;-0.641217676958971;-0.850444153605562;0.681749353757985;-0.52133743318638;-0.198000917308928;-0.544651123702654;-0.446689228940429;0.770344133595415;-1.03407742839343;-0.807143370304699;-0.640006447135806;-0.784428752932203;0.0272339960145935;0.0349394460416971;-0.0464080564696931;-0.381788487268383;-0.354373394804575;-0.0733226885559539;0.795420756208509;-0.0393334314547009;-0.759798840237221;0.004718400275511;-0.0140480560232703;0.0547405107359296
6950;-0.602637589619947;-0.631078419707563;0.290594220942629;-0.995222190567301;-0.266633760014599;-0.318932879867383;-0.602924075855288;-0.862666843307454;0.716806980743122;-0.465666191294124;-0.178296483011178;-0.535385108801791;-0.458953155495889;0.782048814148077;-1.11615899899626;-0.785229728752672;-0.628691802855986;-0.738297429636369;0.0649866650922093;0.0698003877286905;-0.0419367050145592;-0.356564912459939;-0.345278025882801;-0.0721228532918261;0.79809448701629;-0.033364603233045;-0.772525828284608;0.00598535694682139;0.00441300900198454;0.0966003062463166
6975;-0.600727459653943;-0.631507116776541;0.309744591391887;-0.940736909994573;-0.230092424499783;-0.320586081330452;-0.602636511766161;-0.861518408865628;0.754950468173489;-0.416495300643861;-0.216211965088618;-0.523832485987369;-0.465573911524555;0.793730888435167;-1.21368801561892;-0.759317731366544;-0.614142636915253;-0.679745153023189;0.0883708906029465;0.103926573136219;-0.0589460478299546;-0.321514501481866;-0.346807778157947;-0.073611440674288;0.799266949621843;-0.028127818181201;-0.754368793795164;0.0124393486497594;0.00687689075758517;0.105822215431708
7000;-0.598752609581303;-0.630095790969453;0.340047623275375;-0.931068240318281;-0.203626590684847;-0.332255869336212;-0.575797283805001;-0.849485464906223;0.765378523422224;-0.375003264092166;-0.242763034603932;-0.491744376417241;-0.429072764336975;0.790204038953651;-1.31571245423071;-0.730725334664349;-0.593181323800884;-0.622111004592437;0.100901417557445;0.13181505547968;-0.0653387666459497;-0.309817187498525;-0.328897466831877;-0.0609045426863501;0.811671775043246;-0.02254191201876;-0.708489775977453;0.0175588502321995;0.0318311433434629;0.11681489271412
7025;-0.596852686326869;-0.626169770671327;0.357297555672626;-0.939524571518949;-0.211403101736415;-0.346842916226396;-0.547000590655301;-0.878120774774914;0.760235213239888;-0.342237467011111;-0.206561243869776;-0.482835534745298;-0.428329663277777;0.770839968180403;-1.41095952913454;-0.690119632889645;-0.569069201727009;-0.593080195146383;0.116151899621474;0.164563753147217;-0.0749608308829763;-0.304874257065802;-0.317553135735925;-0.0547533792829136;0.812777693104659;-0.0127092124902268;-0.669071830665353;0.0361953656586698;0.043438104403391;0.134820271593578
7050;-0.595167276775918;-0.619577670834682;0.363036671666985;-0.930182014149328;-0.196412735523657;-0.34900778100231;-0.523569170657961;-0.886860004714783;0.746365090101772;-0.319439615589436;-0.201984743454397;-0.472692453701942;-0.424791702528553;0.748342971542757;-1.4849769908133;-0.657265783805913;-0.562636213411362;-0.573448795278767;0.134041824903275;0.191354720913649;-0.0930565404465822;-0.313710954014543;-0.300405733318891;-0.0539035461495161;0.832196955281088;0.0192598630434335;-0.643681092278058;0.0486109926100538;0.0600481146678522;0.163648993347845
7075;-0.593910312674979;-0.630673479692961;0.37522906832478;-0.91879785809741;-0.200518460693189;-0.351438918955881;-0.508285094289362;-0.889397449879662;0.698027814128547;-0.307516983319266;-0.19733162332265;-0.456645874264676;-0.404132411800738;0.715038341450241;-1.5439770258849;-0.666453879516327;-0.540818923388647;-0.53725957582107;0.151915259791002;0.20413280761397;-0.104921426088114;-0.310701402371123;-0.294972127347506;-0.0415234461971334;0.835083362424001;0.0425109853800527;-0.615682626537514;0.0656293586757438;0.059699828120273;0.17277263085258
7100;-0.592461225957745;-0.620951761687344;0.39850805926397;-0.904239938285216;-0.228974395436888;-0.327601386551226;-0.479467380011875;-0.881005242045326;0.638314644873025;-0.309084892895917;-0.180764032678064;-0.464597570372754;-0.397619722065103;0.675939243798813;-1.45428283034212;-0.62622106431168;-0.529637243930571;-0.499637581732935;0.181054043350897;0.22890095112796;-0.0847013635494196;-0.290183954811063;-0.280104097637234;-0.0186222916888668;0.834212129712453;0.0419671264430588;-0.593368379450963;0.0829425650998168;0.0616177961238478;0.197082808197322
7125;-0.595416028953117;-0.61723053854487;0.417550878433843;-0.887233322492059;-0.242036471734528;-0.327138965856967;-0.440088019338511;-0.885952195691749;0.592457361723999;-0.294214884253208;-0.136977153000227;-0.453898312489883;-0.385928445354928;0.632186448514105;-1.39280932227283;-0.580601529091917;-0.525121899269692;-0.440864071232424;0.218432125116748;0.2582013615538;-0.100367409031872;-0.259813403535757;-0.260441455006262;-0.0112964180754143;0.825366708779645;0.0622071967805957;-0.564507795676812;0.116273468219066;0.0704895973503037;0.24574069749163
7150;-0.589601914763419;-0.607900262206672;0.434790702187791;-0.868504182429562;-0.270786824720492;-0.324131348461361;-0.421720152242711;-0.900627963150106;0.513509821378985;-0.259949600090855;-0.147361309949589;-0.46181000659785;-0.367040747912789;0.608056386017696;-1.40232859037884;-0.540559130657747;-0.540714169250129;-0.410937817124098;0.227867277977984;0.295910850852591;-0.103181222742707;-0.231960909972143;-0.252928315296641;0.0167695266602921;0.813938865552331;0.0851604320640731;-0.523343601150695;0.148057115277011;0.0844732984626564;0.243419597245101
7175;-0.575278253126212;-0.604993594193286;0.441191427020416;-0.848777346516708;-0.308832194807188;-0.307589914430874;-0.379303825400063;-0.863493375777688;0.434506963283191;-0.249180541805413;-0.142264649606532;-0.465184197956254;-0.337325784959391;0.592819806307332;-1.40039843228558;-0.483900007235217;-0.536977665372528;-0.383795933777595;0.237151556614761;0.306412036052445;-0.08565965833161;-0.232532021236965;-0.271585261496049;0.0358305517809245;0.786847830054595;0.0958151846556023;-0.513580865376424;0.154340780491535;0.107857156505599;0.251768206797152
7200;-0.585047813146938;-0.587043756104666;0.454699472395444;-0.828782362455258;-0.324148862029541;-0.318631077514257;-0.3459074345635;-0.831849149654171;0.378957326287278;-0.206766715396663;-0.135274591675609;-0.454623576604762;-0.324311232974736;0.568150400306859;-1.39813849327071;-0.461895502694858;-0.517933334617471;-0.371665538416275;0.232131879285867;0.321177582902387;-0.0835670690443366;-0.20868837174093;-0.265890603265057;0.0358558433382787;0.768220272221084;0.106682002995574;-0.506379578960853;0.170829404974159;0.120055547047763;0.271506713656362
7225;-0.602753078049387;-0.544123903351949;0.459361102359293;-0.809241326980133;-0.34300149846929;-0.312194530607574;-0.359698233756593;-0.857493354221414;0.333864703831731;-0.139163134143041;-0.123321043239559;-0.459561874333265;-0.311431705791686;0.542226234422623;-1.39335867117674;-0.453966804553306;-0.492913975110361;-0.3319973312871;0.242755493603479;0.341388539892151;-0.0865565220268329;-0.191278033247518;-0.234118161013091;0.0675496859454456;0.76789895665491;0.124122885826335;-0.470411789926145;0.178860712564667;0.122670862130085;0.289568608905273
7250;-0.596242278098081;-0.525262773142693;0.463086018651149;-0.790887259463715;-0.349719167431755;-0.308624103372399;-0.326155266491369;-0.843891763698026;0.299122366488606;-0.121610383222841;-0.0691370953551614;-0.460595724488274;-0.290181546320676;0.546302964016388;-1.40831766070242;-0.435707468212793;-0.481420558726396;-0.302531287896164;0.253052498177667;0.362063108321102;-0.0615535801187554;-0.186285300144454;-0.249704678004737;0.100221484969746;0.751174030202601;0.14788356117887;-0.446939696586634;0.19944805622147;0.135444801666976;0.319164214577104
7275;-0.58961540440015;-0.52412299935638;0.465429561767868;-0.774437030960115;-0.331207984994034;-0.301624243253729;-0.337980783672214;-0.836250618298731;0.223025269213766;-0.035339713878626;-0.0532631177180319;-0.440467246713526;-0.28559613682666;0.562748500079937;-1.40489117194263;-0.425142513460392;-0.492186025255319;-0.277715866272075;0.238976808925802;0.390997651076059;-0.0523316210517863;-0.162009712878484;-0.263654188558661;0.129820575207102;0.742692100887964;0.15740291699828;-0.428307305641082;0.200771111758091;0.130804711981122;0.342168181032329
7300;-0.591678962470982;-0.512872003887474;0.467367051790436;-0.760632133699167;-0.331804388481845;-0.298825846471949;-0.377857277646803;-0.834348314034617;0.202431257529883;-0.00612648347511517;-0.0257169087814412;-0.422941493652214;-0.278591850128749;0.55969858293474;-1.37677451725369;-0.416119879894227;-0.468196636455354;-0.240884880179306;0.236038992646452;0.413973094809144;-0.0454605256347242;-0.136403185842414;-0.249534050264847;0.163649472324224;0.738168697015927;0.173053378293232;-0.417266274970634;0.210673322735805;0.14117950049822;0.366370152166909
7325;-0.599332895083835;-0.481368259234101;0.469648400680586;-0.75022322591524;-0.332543566123622;-0.294303483072419;-0.385204502230933;-0.832489583339655;0.214786122184229;0.0457569821691334;-0.00668715183724164;-0.415939852404075;-0.266088723087399;0.569714212948062;-1.35670807123519;-0.406252439619909;-0.44167967582755;-0.22009387423631;0.238393085942315;0.446038875540108;-0.0349102749836934;-0.107444210667885;-0.231737475256366;0.189743724406313;0.737339843796584;0.175417115889227;-0.386306371603066;0.216460943970946;0.168201137364653;0.374291078482387
7350;-0.593024777119096;-0.454680786983406;0.473058246377482;-0.743633853049267;-0.339433462115899;-0.283487160642704;-0.428492318810256;-0.835920094196061;0.191363624553125;0.0927068820784144;0.00210495975859906;-0.417657564215392;-0.272394512945705;0.584563166347146;-1.33202163070348;-0.391023028442445;-0.440114843890839;-0.199780006852185;0.242180166341236;0.476371123854794;-0.0328681175749101;-0.0918105205591115;-0.237480218133605;0.216241162926838;0.729017396650211;0.180792627116047;-0.361263014306581;0.216918516641241;0.166763954418037;0.367294370685466
7375;-0.580880367509629;-0.449040024317419;0.477977494463474;-0.743214926436689;-0.36238308768932;-0.26930444225544;-0.466618618741791;-0.81719361793246;0.181565593656038;0.0940618051557304;0.0122099423758117;-0.420429401358739;-0.268726209759619;0.587202330001899;-1.27871934758256;-0.390470043046044;-0.431370202748907;-0.162376628263974;0.255217259685104;0.512029363105703;-0.0305785372919496;-0.0851302032852348;-0.229661848124128;0.244753315146445;0.710479239296481;0.162711695499796;-0.356727796874509;0.203918440421359;0.167056969463194;0.364488164603817
7400;-0.567044854282103;-0.427750297498952;0.4888766230163;-0.752320390236373;-0.372255351277345;-0.249570561472892;-0.516543944982502;-0.787052778105556;0.178323406733704;0.105252151134696;0.0218783166038695;-0.389185227492017;-0.268703130453285;0.592378790086031;-1.26718218800049;-0.374711056811101;-0.41702745481692;-0.159455737182367;0.248739782475691;0.566930164741028;-0.0246260295338805;-0.0646499884861194;-0.234452489260099;0.257624737084096;0.710941056486377;0.149207375530976;-0.353352381134033;0.202883218118084;0.167016650495357;0.354526432285425
7425;-0.562904308781563;-0.42054158596286;0.511769714363858;-0.753070073230169;-0.385561266915394;-0.231449861765535;-0.579272939075104;-0.784934336065218;0.158006444121628;0.0932784174247753;0.0396931947287752;-0.391638185656287;-0.272191062750862;0.614969894355761;-1.22701223692548;-0.35482330138321;-0.387122816193297;-0.15469813771136;0.241463152667698;0.568981150920407;-0.00279663129325924;-0.0433095763317266;-0.236857785597058;0.282223064617088;0.707188244683218;0.14042268645507;-0.341129384197604;0.214136680385304;0.180269400591544;0.374844792005811
7450;-0.544767167576196;-0.420029765868238;0.5450278370236;-0.760965191922152;-0.382587439543381;-0.200612952778314;-0.652219646513;-0.76914892305947;0.159715767526731;0.0517994597214839;0.0811874899095077;-0.387755964981196;-0.277486452337534;0.626904755774725;-1.18366797687104;-0.334472205355095;-0.368203519895822;-0.133872421460938;0.231252631850091;0.587460538210316;-0.00255906461164446;-0.0214383084487246;-0.249520751620106;0.322041882346145;0.699388625210284;0.141528744620541;-0.318069938019139;0.211818328764287;0.18977157055515;0.407042734812958
7475;-0.545580378474686;-0.409137559222958;0.585175674547358;-0.779494097131384;-0.366544490627443;-0.198021099702115;-0.680142564907495;-0.747220932815759;0.172494334558807;0.00323436737359812;0.0938893510879356;-0.350985445631747;-0.28388210290126;0.625134466951054;-1.15138438043366;-0.328608709235483;-0.365421375536485;-0.133318184289773;0.242733306173357;0.629515440318371;-0.00941118174569389;-0.0238172860929695;-0.251268224264385;0.314556042602775;0.703655413399487;0.146032655673515;-0.313464159020276;0.226453574701596;0.184486520725876;0.393185136352968
7500;-0.546882524551499;-0.385974412126032;0.629327194927867;-0.780963511434375;-0.363379823591701;-0.204372793337541;-0.696844046309571;-0.720505767162893;0.177671803358671;-0.0390457603525283;0.10064275958924;-0.310225369737108;-0.280795622123816;0.63115104442845;-1.13202847657137;-0.323705910505297;-0.352519257346096;-0.127068295848487;0.254046019493387;0.653545257928893;-0.00255820927273187;-0.0130246939682066;-0.247451626715283;0.317297917087871;0.680743244973311;0.152984085542701;-0.313797979487692;0.208386478655791;0.184909196949093;0.374915461046171
7525;-0.547275095363275;-0.36118151882934;0.674240817263693;-0.777369876990526;-0.344011854982932;-0.172660845935557;-0.731532366133571;-0.697157256876487;0.183211038408297;-0.104972182194638;0.130437820759514;-0.300494393573309;-0.28241910056881;0.622698767330252;-1.08008918194484;-0.31923917588748;-0.355084994404711;-0.123880247463333;0.244915764910135;0.679627300753441;-6.10797720497214e-05;-0.00137051968013102;-0.268106776099341;0.321941134066332;0.671985091774968;0.162975604636666;-0.301467684445968;0.199595287697306;0.177935007381837;0.353594893165225
7550;-0.556707422582084;-0.354556869377556;0.718210373191115;-0.774609838896358;-0.327655518511417;-0.149569072521181;-0.750328841998456;-0.689314354586311;0.201321318018033;-0.161817752462039;0.136356426508341;-0.294996814060194;-0.28355953213444;0.607340681832378;-1.06369146022155;-0.299873548062574;-0.354266102163798;-0.118528287765112;0.23971237015968;0.700341842110457;-0.023978588342209;0.0125767204025116;-0.266941129169247;0.32347371476792;0.674860770097095;0.176311847771131;-0.29210334635558;0.21402113924824;0.154081820063376;0.335370412484515
7575;-0.560066689366857;-0.348281803978528;0.753219603285828;-0.760785919545653;-0.307604187677127;-0.131970894080395;-0.754572750900913;-0.693682178838893;0.21407126592933;-0.212229452218169;0.137935731316572;-0.288364543288551;-0.287970598189443;0.614096363011661;-1.05448588236483;-0.281616463724761;-0.327249840011952;-0.117646502120738;0.225550502991918;0.71409168212289;0.00164080936085242;0.0204016739098862;-0.244427999615257;0.317422889545645;0.667409757162619;0.193286541746485;-0.276073928888815;0.217158041052828;0.153530309259896;0.323480524018368
7600;-0.574083212945559;-0.34174667829028;0.747038019463606;-0.75308491177456;-0.261165472885662;-0.126264694986939;-0.780091278627891;-0.698072852774298;0.217302570859325;-0.231631870628522;0.145506314551905;-0.280549667729847;-0.289554355007841;0.604317692500853;-0.999203984708478;-0.264331125183126;-0.331751971669592;-0.139317829289162;0.181398328292999;0.73344780198325;0.0205749787604683;0.0343429764920997;-0.264127883055817;0.314447176019713;0.665831813201244;0.214168869538658;-0.276189795242911;0.206024456526563;0.136177267005992;0.337185571967659
7625;-0.589724240604456;-0.332360504257673;0.753593214239026;-0.74887819021862;-0.260382281413606;-0.126082627950784;-0.773926455623164;-0.698188963864246;0.263380516508105;-0.26118386965446;0.131776205107782;-0.278984132362765;-0.312942341066454;0.568720204839136;-0.935443666315261;-0.240853401587997;-0.354901062180708;-0.130733469724302;0.168657597341607;0.738919063196692;0.0163268933566079;0.0303651413122465;-0.275407984770594;0.32709357688558;0.662655655959817;0.239922646135885;-0.26574830881724;0.187973631946945;0.142024310073479;0.346504593564726
7650;-0.595691506033867;-0.320250679718119;0.779493556685378;-0.736448603613879;-0.222194072813102;-0.116319638470398;-0.805971122066032;-0.69368596663563;0.296296645784453;-0.314853212733475;0.114855400369343;-0.278800722698441;-0.306890334295235;0.553799174263603;-0.897439785733618;-0.245175301546503;-0.353098962665917;-0.131789727743731;0.15149580372351;0.754629551948564;0.0148334056586921;0.035106257917032;-0.249049657077271;0.332110068915191;0.654568822669285;0.268127666953009;-0.257041129883025;0.18352392528544;0.135638430261929;0.379557971312689
7675;-0.603544513794429;-0.319805136275608;0.776306196575329;-0.725453152478343;-0.185416113195545;-0.104722228787537;-0.800565173000574;-0.691672798952335;0.270801591012026;-0.3595757614412;0.0899254748716897;-0.275718482070202;-0.286298251512242;0.555328490416326;-0.903567921895101;-0.231850325594918;-0.379308396420027;-0.128934051798434;0.137694175622149;0.752170069421966;0.0184085598494355;0.0310260530447741;-0.245851618674479;0.338354215225675;0.655255799429695;0.332618322863593;-0.258298306388447;0.189492381660331;0.128513118393607;0.385980546272047
7700;-0.595085476096963;-0.318485340171515;0.800370386013983;-0.72893120254813;-0.166888322185945;-0.107125072017074;-0.818615751584861;-0.711209757339375;0.271625791607264;-0.386575264067433;0.0863090069112264;-0.290939610763166;-0.287082668340256;0.555130893081063;-0.88188417484901;-0.211530220016815;-0.38738834825009;-0.126957407765582;0.141956393416129;0.744541034111175;0.0104507627250217;0.0300600468150818;-0.242888405634349;0.346975778547923;0.649565039391239;0.363174656087054;-0.254774455455732;0.186684258638453;0.131400173069739;0.382246989056985
7725;-0.596075993836025;-0.298437583794568;0.837237807452434;-0.728968813904552;-0.129326833029053;-0.0862787382428845;-0.836692361363381;-0.705338732581135;0.273406223800266;-0.418259530440724;0.0819727770196065;-0.289746339511685;-0.294304514378763;0.512228361396241;-0.842719566248095;-0.19138322677761;-0.369264265487734;-0.13107366322388;0.152565652325495;0.743701349983295;0.011154887464236;0.0390452438739959;-0.242863652165794;0.341460950518157;0.657902218557699;0.359126582061618;-0.24438573146892;0.178042694082687;0.13192054169228;0.396766047482672
7750;-0.599092510104661;-0.301562736924668;0.843906146477482;-0.746583155552184;-0.122068602835329;-0.0875717234557979;-0.84007513485989;-0.677794799296446;0.262365582392755;-0.45686891589434;0.0762577375996446;-0.294213367319546;-0.283537324331305;0.517221609065651;-0.829111480338582;-0.175692901135385;-0.364186779955297;-0.125663396404132;0.149435297283201;0.739604138349988;0.00779719575359406;0.0415121548435011;-0.223397027212918;0.341935931173609;0.66765372906753;0.380423303949533;-0.238657701886843;0.189443770125929;0.123731191626039;0.40702632728613
7775;-0.59919057778151;-0.310224241268482;0.858315748066339;-0.758391259607582;-0.110040758152413;-0.0831686737788278;-0.844578219535675;-0.708528444051231;0.258576128429831;-0.503519443659272;0.0542883041829986;-0.288289407997365;-0.292065748809435;0.539478481624747;-0.819375883437874;-0.138296712799655;-0.360105589239807;-0.11769392781567;0.154225880719413;0.704675987086721;0.000692984643227534;0.0352992355845916;-0.204838169213973;0.345109905463188;0.655878153027605;0.400439734795256;-0.232046283952554;0.210369796144349;0.127393852930022;0.413734767902328
7800;-0.596892905003082;-0.311687576359576;0.894011074090248;-0.762145282578226;-0.0971298280065838;-0.0573063795032177;-0.862792422634707;-0.711198528352212;0.248484138556909;-0.543736195085526;0.051427507415249;-0.270158968999321;-0.284264382039178;0.537791538500553;-0.804870584162498;-0.123892341834068;-0.349875554847518;-0.119705299455625;0.14135471694621;0.649759778578975;0.00104738807427407;0.0293831059811533;-0.190004234675382;0.342522792599266;0.654021528806401;0.409804505029248;-0.235142184870743;0.218474302049342;0.138805377888551;0.407222614158272
7825;-0.584350494938633;-0.313018873870313;0.922311046534324;-0.779023340893675;-0.081347246688212;-0.0483740055536738;-0.875436067617994;-0.691800773728353;0.276931796242178;-0.565733274390777;0.0529320158937826;-0.278178044735492;-0.268766931303453;0.554030093851388;-0.812437298787875;-0.112968662998245;-0.33196098537716;-0.0997486690454823;0.138946148366716;0.632508429428951;0.00577029005414187;0.0273259429691275;-0.150048918873232;0.346637708948373;0.677094660756154;0.42440608130158;-0.239274002464061;0.231536186064117;0.146078797251148;0.40196465377728
7850;-0.567215325497821;-0.318299596888251;0.948499710948555;-0.796890989754364;-0.0725142032166842;-0.0340021611597824;-0.8729740921793;-0.696875893938653;0.289744092180947;-0.598881592589692;0.051743375634799;-0.278402735729206;-0.250923749470582;0.565971691448023;-0.8167693660422;-0.0939603548593324;-0.33533745911201;-0.0957278670341408;0.156096708505771;0.624343099119419;0.00881075704637824;0.0103565918641553;-0.144497341980255;0.342156592508907;0.672518619638426;0.44774310160392;-0.238343971561149;0.250444391373112;0.157458211554198;0.410768199851381
7875;-0.569401431768514;-0.31834715675015;0.963696915633829;-0.810617926767179;-0.0697502273536433;-0.0173754907851505;-0.850610580096008;-0.682362430311528;0.253365399271272;-0.620522112273405;0.0658765815019794;-0.25279273420244;-0.250497033080588;0.573121839310081;-0.82924267746794;-0.0729271715863231;-0.327062993763919;-0.0915180809290403;0.149969458978592;0.599037578083628;-0.00582856285647959;-0.0012333093691077;-0.147766579607063;0.34172541045419;0.661534377995844;0.452761441830823;-0.2280872960162;0.250383020426292;0.170305980547017;0.413298726936325
7900;-0.561786828184133;-0.3210621878161;0.983934318937348;-0.813786090110314;-0.0749330616053879;0.0131735279228976;-0.847879122275775;-0.684853772137977;0.244166478883633;-0.622609883372066;0.0997118183330407;-0.225996738108961;-0.239305494199922;0.60617515078579;-0.840644904633606;-0.0518171445799365;-0.31057090661563;-0.0843780250752257;0.151508032751362;0.571119565064205;-0.0270403000037562;0.0076077197234512;-0.134647218084729;0.338022427928069;0.664145228922747;0.461136224435257;-0.229275381983009;0.283277341653369;0.165362681287658;0.42135373508717
7925;-0.549045319073676;-0.334273991295173;1.01141273393206;-0.82595380209922;-0.0760256865321603;0.0400770203328148;-0.822035378848248;-0.687394956793034;0.247973866075711;-0.622856829878327;0.0984990564732186;-0.225856260160508;-0.222390821901376;0.619961600734621;-0.834737707789975;-0.0339330175113093;-0.300916181671039;-0.0709892093760669;0.161517240308338;0.556748317672054;-0.0308761397844346;-0.0190928744713248;-0.108368020109895;0.355047802769202;0.65907997025279;0.476492912983853;-0.225485812643776;0.303471947682315;0.173222457629318;0.428548750653327
7950;-0.546592582159681;-0.332308866114711;1.03271335001421;-0.828442234585186;-0.0898755402706167;0.0575531131047927;-0.794108009204956;-0.676304350521195;0.247165259114315;-0.60005228937854;0.114689869738949;-0.211981967045552;-0.217030020818501;0.63972067803219;-0.838701376709194;-0.0136987829788551;-0.277711132175218;-0.070611889671982;0.148452879596577;0.535898860860151;-0.0496703763635151;-0.031509334162759;-0.107003203689511;0.342158509588629;0.667350027610646;0.492522248948768;-0.221319119982375;0.336864907398367;0.183695457700108;0.416237723021693
7975;-0.544572104344066;-0.325634032664923;1.0404568163634;-0.843701854158815;-0.0914088229144523;0.0767782479222411;-0.792062357559645;-0.674245603174364;0.218273777037287;-0.62465124622571;0.135860916247721;-0.214508382792616;-0.212622444905972;0.649410161141016;-0.841083338797095;-0.00548860712386756;-0.261849386749455;-0.0538541379112678;0.156590559665118;0.507263557550048;-0.0782223157757158;-0.0108100095522521;-0.0936395115666174;0.323941567464336;0.651695612266262;0.490237047778702;-0.217825984491818;0.346512561342887;0.174288376466476;0.423909472554405
8000;-0.554084880924414;-0.34176502199306;1.06243402226007;-0.855118976234641;-0.0865811042498724;0.0953933763598142;-0.784687216166867;-0.673409701121753;0.199801679484328;-0.596860245681787;0.152211250224696;-0.186633920583908;-0.225740605310306;0.669966655954031;-0.848779654413652;0.00949103643322213;-0.253270240557995;-0.0274304443350754;0.169616133288162;0.462096551637364;-0.0709731079397871;0.00281061836250851;-0.0902759519468373;0.325427310797717;0.624396084377297;0.49233378868041;-0.211371552552303;0.353036518803481;0.182477471984422;0.421099191228618
8025;-0.559436840207376;-0.341823164989235;1.08990094463961;-0.855714906708429;-0.0797388803384969;0.121397709661316;-0.750132196283265;-0.629652523941484;0.221295057190377;-0.583329148597744;0.164409612351776;-0.186226789492576;-0.202230986597013;0.695807079402788;-0.855301288699338;0.0192306099602424;-0.235672129824578;-0.0171419979374249;0.16333656555242;0.425190528538935;-0.0725826544525974;0.0275923323275902;-0.073767589662275;0.313659443889807;0.604630337649631;0.480935914136615;-0.195307012810697;0.352784431095986;0.200133583093506;0.416639199906922
8050;-0.557784948447851;-0.327055362809625;1.10760721665262;-0.854129730260954;-0.0761227376049892;0.127438801433283;-0.723202147779343;-0.643858402335148;0.262949257108959;-0.569649527395706;0.150840492317816;-0.191829274805534;-0.18172735375254;0.712881225161019;-0.86544465771019;0.0374182067445419;-0.237156548586103;-8.18285729009105e-05;0.165813198714813;0.393837212014684;-0.103364557293438;0.0267967835947078;-0.0737711288843931;0.316288864647502;0.604678368313786;0.454115097746172;-0.204586116719145;0.372786208184936;0.174177446120684;0.393869737320859
8075;-0.561264496410418;-0.324404646137095;1.11768636377409;-0.857953439172333;-0.0573944545190866;0.142301942981818;-0.718207557094141;-0.667269649334963;0.261109414609413;-0.52715492135131;0.134700052049575;-0.173881058818757;-0.179206846247808;0.745409896466115;-0.889427012286895;0.0697875156734511;-0.234321248941051;0.0314333661368103;0.155285409086701;0.364118024903991;-0.124312821854284;0.0246212357057094;-0.0859555218466065;0.321374789690574;0.583980751222601;0.433188097166456;-0.191491234767881;0.37903798911215;0.177971062959543;0.389380667281536
8100;-0.5576219942365;-0.320138081041962;1.13041391302617;-0.86270176671553;-0.038842450946105;0.170884153706659;-0.70251514587719;-0.664939380385443;0.244795656411054;-0.533822239314029;0.128449819283537;-0.158214232198092;-0.171503620457775;0.764807014518569;-0.889678618403882;0.0795687363596496;-0.218223719400777;0.061377444670441;0.160427870135866;0.340641441302427;-0.106359024907791;0.0258984494573853;-0.0757966762437986;0.319027691347608;0.575574940270556;0.419016170861452;-0.170090362855095;0.382196825194335;0.196329375826975;0.3824087973255
8125;-0.552453343907628;-0.326647258280163;1.13969834808011;-0.871247574910639;-0.0361695668672144;0.182682176947514;-0.685027959442928;-0.682301745158577;0.260379521495772;-0.528347113579524;0.121433031514126;-0.164894048114552;-0.158730600326856;0.767349879153413;-0.88693767323593;0.0799808015048338;-0.18824908581362;0.0614708192210552;0.168339389218057;0.314174383750821;-0.112497440846317;0.0423182748644355;-0.0768970374681531;0.338054956667855;0.561753351259632;0.408972186615842;-0.163767217704399;0.379623357264229;0.206050101333505;0.363137416450119
8150;-0.553697134427906;-0.311272093812386;1.15323531651268;-0.886384904637824;-0.0276270111285831;0.184143206591026;-0.673430565796925;-0.712841118660636;0.27487285539931;-0.486357651418111;0.0921877257469622;-0.150643070861817;-0.136789936531279;0.790206899951054;-0.900936695874403;0.0829027361615686;-0.197300569412906;0.06585760018587;0.161704733878583;0.264864256652764;-0.127478777176921;0.0570892701794965;-0.061038958410322;0.35368595756136;0.553921393103867;0.377235389214923;-0.170847899366736;0.35221463490246;0.219008204925328;0.344212361144481
8175;-0.553544186593434;-0.317074912834641;1.16403291826331;-0.880074548742858;-0.0020469297701931;0.204218049444704;-0.663024878558214;-0.749706391894423;0.304757517508103;-0.414710612093582;0.0702954710839122;-0.148252147624973;-0.130115693019412;0.792125737823839;-0.906342072767846;0.0797549101515782;-0.191960556239602;0.101680694214388;0.171567283895341;0.234250488706747;-0.137418744652655;0.0586715373828564;-0.0575099564294902;0.34256943221525;0.550417896333119;0.365432395787554;-0.17903772997634;0.343609340506062;0.253180938223406;0.363167734441024
8200;-0.546966998807602;-0.315111527420179;1.16000246976915;-0.896608058964507;-0.0106923716419008;0.205942853517572;-0.640911655995221;-0.788603300929451;0.309638716062102;-0.403891801341303;0.0438158796373048;-0.149340239140454;-0.123572628818978;0.806963810859627;-0.87593738641939;0.0744398358956031;-0.169557829102727;0.112787516069332;0.168130120103717;0.214826774650987;-0.138036340959015;0.0524011600496226;-0.0468534644736248;0.322486081909672;0.550213627733585;0.369469042559239;-0.167164875201834;0.361367480418966;0.393867175912185;0.356059512631803
8225;-0.54762036029438;-0.288078979762408;1.16583009402412;-0.914872072810728;-0.00637344112608211;0.198545361137605;-0.609715765751955;-0.847200549656481;0.305325277180135;-0.320661801333148;0.00649218786867869;-0.135174403712086;-0.106913165142278;0.825671759034355;-0.865594350066622;0.0933012101863608;-0.158125365091354;0.124295182721149;0.160977601668465;0.191398166754878;-0.128159141631601;0.0518559870123094;-0.0587781131702559;0.328460366493306;0.549425744493062;0.353640163805202;-0.161995811556722;0.365195625906251;0.390555654710447;0.345416236759172
8250;-0.540357233058098;-0.281477566415701;1.18615329215187;-0.914784325260574;0.00712541604288237;0.204441481884529;-0.604896441418833;-0.872899083006429;0.329880950725488;-0.289966219063551;-0.0356191937979123;-0.116911419633894;-0.112222527716696;0.839858723974402;-0.864069683144297;0.0901973915685808;-0.157941814191225;0.150307653872956;0.16412327436865;0.164645442682845;-0.121186019557885;0.0533125752205943;-0.0520798003855333;0.324487580087544;0.546231359765445;0.335124913982089;-0.16252023140307;0.368903870295593;0.273398719261377;0.354038830881326
8275;-0.525683462774535;-0.26485924945092;1.19380857200216;-0.920076091435068;0.0138476992587552;0.205484127167655;-0.600751700469172;-0.876265002122166;0.325878698056218;-0.27077249644919;-0.0482799607333576;-0.118714610501922;-0.117792531096198;0.85070328801147;-0.830360214110278;0.0967534714956508;-0.135595945510309;0.152561705458552;0.141358498308898;0.137984825380877;-0.136673046252874;0.0512719135331952;-0.0374973880212573;0.317345215352591;0.545403264492158;0.329663280796522;-0.134355972347291;0.386841959061957;0.252806724058602;0.353657110545399
8300;-0.515597921999703;-0.242204590413195;1.19869403352114;-0.922919476800073;0.0360782270288917;0.207236385929229;-0.568057382826853;-0.884044461062952;0.335608659329891;-0.245504048208618;-0.0495515086690535;-0.107366296356989;-0.108645067722143;0.859908466728494;-0.826416865584959;0.116783360600011;-0.11861063964448;0.169251789308486;0.127926897987911;0.123997857423393;-0.142999642136616;0.02138834856656;-0.0434902094580657;0.332571553824917;0.538670242423072;0.337151300312772;-0.111918690080774;0.389817744198628;0.287439298839187;0.361543832273043
8325;-0.519169261941767;-0.239473678882494;1.20699816989999;-0.924910709861579;0.0461371382641255;0.200991089520184;-0.546375827323142;-0.878749414117616;0.332207653283403;-0.206070119806952;-0.0523855421142761;-0.0914429471423176;-0.107099647763001;0.862579126118201;-0.799002750610819;0.134054969709613;-0.123374546343405;0.190544944436623;0.110888957026596;0.0975796176518259;-0.135699252225514;-0.00833878816758071;-0.045850482242891;0.348810883839729;0.531856567754918;0.349649528837536;-0.142072978802749;0.4021005912701;0.300887395121775;0.373849429101084
8350;-0.50739286169015;-0.243949255175726;1.21062133054956;-0.898353682085922;0.048283309424564;0.196133275112741;-0.555368765014421;-0.899638391864399;0.342449788645567;-0.177855836374531;-0.0683749028386885;-0.0723231741962231;-0.102631179554727;0.869595489550431;-0.768207500229398;0.131299285067666;-0.128379690336574;0.215197442238398;0.121322617243144;0.0982159312776766;-0.123484296878171;-0.0459088997875496;-0.0484086043806367;0.34294075954948;0.511637995526748;0.348702097048605;-0.14440008283512;0.415780981167939;0.299357624011272;0.386647014867341
8375;-0.497467955138817;-0.227147810885405;1.21149096084936;-0.872098408461095;0.0597670108520029;0.204921171116807;-0.534514863011496;-0.899988970099852;0.373916825433963;-0.140880923222267;-0.0633425923474239;-0.0706158329126424;-0.104355162488876;0.883705545622758;-0.766332855154101;0.152315804751238;-0.128995272693096;0.22649728914237;0.127534719059263;0.0982148204987269;-0.127066269695968;-0.0857519979932291;-0.0602582932239514;0.347655123224445;0.497698099920673;0.337384849656587;-0.151426999067278;0.419422938097111;0.303696517843637;0.383052495733763
8400;-0.473463511777932;-0.220067051508248;1.21713559302261;-0.854289362582921;0.0926810483864717;0.213697762647367;-0.488697422864286;-0.869423519244785;0.396444485411963;-0.125776348560942;-0.0337223986320704;-0.122610833031993;-0.113797842726934;0.892675694594008;-0.765025028236675;0.182244213924125;-0.145016632181834;0.239713869798539;0.102160835603337;0.120550501710212;-0.117045617568847;-0.134712083758167;-0.0841557422458775;0.347673196276608;0.479629210564114;0.342081411151208;-0.170131149576169;0.419394642215358;0.31616786088507;0.386233091755952
8425;-0.468237234498202;-0.215536174646943;1.21380682164495;-0.843665288899037;0.106964708881529;0.210330513843089;-0.473780777989548;-0.865648195629028;0.393737763830491;-0.0863122392993514;-0.00709941691274794;-0.125358203657132;-0.113091500170047;0.904894800840088;-0.73423755004358;0.195489906282219;-0.150863610871352;0.264941587127214;0.0931846450718947;0.135280914658145;-0.121375705959098;-0.19604879047602;-0.0874176314718976;0.354015706446672;0.458738776406619;0.35433914539838;-0.184462872818387;0.424165703281733;0.320286724115754;0.406384200526693
8450;-0.451529452440988;-0.204463950696978;1.20309955336946;-0.807446514765098;0.115723065601709;0.219640184600845;-0.469375971962427;-0.858713405285992;0.385402236523504;-0.0670952075659832;0.011034186249492;-0.107088620074228;-0.122394641306281;0.89828220956706;-0.715519355408867;0.211472752907749;-0.15631505486584;0.27140143093657;0.0741470588910318;0.133535846785236;-0.115014763834966;-0.249534554945174;-0.0850606555128518;0.357861591769871;0.447607697659153;0.357466370544138;-0.176773262696741;0.421439921112362;0.330840479593034;0.408644401400657
8475;-0.415746193472966;-0.207191214049331;1.191607719851;-0.785346943577804;0.127451764611002;0.221300942015542;-0.466529139561329;-0.838541695100711;0.397982976521733;-0.05439489638034;0.0292548798357465;-0.0843145687271777;-0.132140112673504;0.900371591380078;-0.704099251916192;0.247518819654854;-0.17147572470316;0.285233408728409;0.0600252194424035;0.137147922148933;-0.0986625476766212;-0.315992304395141;-0.0790950570576875;0.372123096696247;0.408380511915353;0.359979010254136;-0.186423149766163;0.405405882746041;0.341803787613686;0.402990125333865
8500;-0.418699957094984;-0.200733252349482;1.17591796580514;-0.767520516954366;0.118384273841634;0.214372882554701;-0.461182708769003;-0.829041440327553;0.406426053315261;-0.0469842328509742;0.0455718619302995;-0.056457342054847;-0.124784269335419;0.892315261999292;-0.675655501480579;0.254552120391226;-0.173567174976163;0.296275887937065;0.053931704703624;0.153477683988676;-0.092268442604899;-0.370984214264297;-0.0807748875831654;0.375051249185716;0.387082531516351;0.35462323863046;-0.196396338597201;0.398554651113138;0.353057172544263;0.428913247422886
8525;-0.399905838873271;-0.194896898697609;1.16263044465786;-0.741266310477249;0.119473525625952;0.221293896714489;-0.446199353526627;-0.810406304176371;0.446760134306561;-0.049068209049147;0.0678337633611871;-0.0266041095913851;-0.133921669260875;0.887032430759942;-0.657824603924217;0.263448416263476;-0.166926336725166;0.300909841170874;0.0416818486415666;0.179681469235701;-0.0877645961850282;-0.408026445773717;-0.0637899111716023;0.381075271075685;0.36777196423009;0.337481211213738;-0.191242122427482;0.387472772456036;0.350134406347299;0.435764964073488
8550;-0.391981625090521;-0.207349773765215;1.15435086159727;-0.71533264836412;0.141328829554977;0.226485168591761;-0.445710297307057;-0.806449826263843;0.481853800866345;-0.0605019908307814;0.103180742292207;0.00258790525732486;-0.12546366906211;0.899247007088178;-0.658338648797103;0.293188896948185;-0.184046798292642;0.303476591136506;0.030216524529232;0.203486536207916;-0.110326402425384;-0.446517036413541;-0.0607912235430831;0.387192406307451;0.344823217501041;0.332149240147151;-0.181954808229188;0.383494354569324;0.35325781013356;0.413823231223756
8575;-0.393164497584805;-0.208412141763238;1.14512558067646;-0.702272152998846;0.18441117452772;0.224296105385013;-0.453708538594132;-0.823578881481646;0.494397616150219;-0.0668410561854165;0.132942435690661;0.0282337289831936;-0.135828768077446;0.910820059031427;-0.659315395227598;0.308436596257076;-0.183329276167937;0.319382767778049;0.0213148172974551;0.242430537911208;-0.118548029765867;-0.484757720421716;-0.0708337589873803;0.389945298363288;0.321032523005826;0.321544550830242;-0.180436077822392;0.385590353584003;0.34857961105456;0.426418926846315
8600;-0.376873153603296;-0.211563176961958;1.13341330986466;-0.678167483100182;0.154377884721604;0.219793874802312;-0.436716016820585;-0.836540113191042;0.500091316626709;-0.0592895585269382;0.150440942363932;0.0477334546028777;-0.159817009646617;0.902815963589187;-0.654635580025362;0.322895311757836;-0.176629175515468;0.310746358052099;0.0128441150183633;0.296549200843291;-0.101224135482651;-0.510310042168447;-0.0617319992391921;0.408793204103586;0.314241560509988;0.33031780643215;-0.178940100423383;0.377290402618817;0.339552001174383;0.429846985438834
8625;-0.368228633522101;-0.22512884100316;1.13159843087744;-0.668065313187055;0.149114045152232;0.185692022010819;-0.421844993316455;-0.816458351531611;0.507440142050828;-0.0827983139408915;0.163487010352518;0.0578139033660584;-0.14144002062061;0.911544210750412;-0.648472412667912;0.332185600874044;-0.178106890819228;0.31325822126143;0.0028362664995278;0.328166220176837;-0.102930943602557;-0.542970115427527;-0.056507996848642;0.400845531714258;0.320770269053893;0.330628011231943;-0.159243688957635;0.358972783041526;0.346219368749695;0.42399837924727
8650;-0.361802111574821;-0.226510852679247;1.12853142863012;-0.661155160246167;0.183441771721344;0.184695394369319;-0.410441685918812;-0.830070818894798;0.51122962385551;-0.0835915531037541;0.16967380323897;0.056419646530253;-0.134185511071739;0.920921920669353;-0.665013656710124;0.340590715537204;-0.168443502521029;0.32531701763846;0.00615917980948062;0.35248974377598;-0.12194489609211;-0.555154117017118;-0.060539104130115;0.378644748594673;0.316526298238607;0.324814115573934;-0.160146988086333;0.357115294593337;0.353386664818042;0.424575954314423
8675;-0.357498739999317;-0.237803550384223;1.12511188750766;-0.655097561529882;0.177859745281114;0.17023175967578;-0.384555753547026;-0.83879598064395;0.524918856637905;-0.0900955495345582;0.198464698804982;0.0424427685332326;-0.132493814085893;0.898259532017886;-0.668709970539814;0.347958424209274;-0.16571624571264;0.32124375803756;0.00790676606741609;0.354996362311583;-0.123404568373852;-0.565329614778702;-0.058319820029204;0.379288999500949;0.315390270705226;0.306598241966731;-0.162330346396616;0.342306260348036;0.341725567819882;0.425417742928469
8700;-0.353929116705825;-0.250028998877512;1.12503029557983;-0.655965347956586;0.185477069461805;0.234954886869739;-0.357650526416304;-0.824872180195152;0.48318964133136;-0.0856481235708611;0.200337177315195;0.0104318040686119;-0.131958542928333;0.921850117859774;-0.671552106211621;0.368058960265;-0.1726004269693;0.31921076577935;0.0111268151026202;0.398481320160537;-0.142317133631442;-0.581805328842689;-0.0805692869137176;0.388161681864226;0.322597934732281;0.313860097244393;-0.171144624819579;0.345019185627913;0.329038985479896;0.416214648719874
8725;-0.364744429637171;-0.251128908946927;1.12260092369757;-0.654004662415953;0.188903838242724;0.276917066242424;-0.333574361691638;-0.829970314285934;0.458474582445885;-0.0787333125475467;0.181660636686371;-0.0406245917472154;-0.126187150128702;0.899634270741369;-0.683181419526085;0.385752352073101;-0.185084582470735;0.326750459362007;-9.13203505213289e-05;0.421337315908001;-0.126672512183817;-0.589635150309415;-0.0846887113901594;0.37099569137996;0.32406487076176;0.315345547505882;-0.174601885599512;0.331434840344503;0.322638535171231;0.432822080149956
8750;-0.394361021980592;-0.253702621544292;1.11543854992881;-0.642108003844426;0.193583942189793;0.243038222417453;-0.326168448817381;-0.838037762590461;0.486115923889066;-0.0788477628319724;0.216831705159661;-0.0452895434703139;-0.12561942931968;0.895181241342817;-0.685910221429075;0.404813391382808;-0.174948224087392;0.325911452625227;-0.00582570508398454;0.426609536242638;-0.128188238246799;-0.577773245218319;-0.0610072365061865;0.35200536432151;0.334541199710736;0.298414560967646;-0.167153679782724;0.322000183888807;0.308693660197557;0.444482102769049
8775;-0.391408681716131;-0.260535016396038;1.11475368572642;-0.651741924549854;0.185602428215363;0.247168653324113;-0.309455236197526;-0.814733229861665;0.489228787374992;-0.083934340246854;0.229754222972826;-0.0451953092317407;-0.120464908152233;0.895578251355766;-0.683749959350113;0.422409603720705;-0.177992503571505;0.318613022718224;-0.00859596430458502;0.43653873815489;-0.140848356509281;-0.552983232793336;-0.0777620388488239;0.355788282367135;0.349724658524839;0.29993213047905;-0.17077156266363;0.325696936785299;0.300267659515234;0.43887451859164
8800;-0.375146478708162;-0.263214861226372;1.10746641215607;-0.660648439944522;0.167914640798044;0.217649523716054;-0.281157442438579;-0.802430294493401;0.506599649320436;-0.0806674906264453;0.221492192738479;-0.0518301448338695;-0.123793248888127;0.885722971041184;-0.683279169660322;0.444444039227464;-0.183174079659848;0.322532264817797;-0.00645407398970459;0.440295270809168;-0.12626153219436;-0.535553267596712;-0.086927765825925;0.351004503006379;0.363433644893332;0.299665442755508;-0.182718667915184;0.309866389178315;0.295351332444142;0.457056295456966
8825;-0.386699133648478;-0.270639403054154;1.09981197995685;-0.659850863742109;0.175203988183921;0.217972310659579;-0.245488761631065;-0.788041245571003;0.510112537937113;-0.0831163207732182;0.22149543577237;-0.0534089091310838;-0.136697250471736;0.889487029571777;-0.708105352458443;0.474193657183695;-0.188708378121309;0.328268788162729;-0.00782190530243536;0.42434451817695;-0.141041736272734;-0.534161591134308;-0.0900680079793016;0.345956789505326;0.39480471866189;0.279640696907425;-0.178798975497156;0.312967382877134;0.27238890422437;0.485814758982896
8850;-0.404001870412955;-0.278456787206099;1.091347999376;-0.679953111409046;0.179385118920116;0.137860775119108;-0.212352336128461;-0.766285418763528;0.517120988675742;-0.0790332052390755;0.236911659840578;-0.041350256205463;-0.1331069238837;0.899778806732635;-0.713851830518676;0.501575666291854;-0.203980780587491;0.330329500704071;0.0185125310048575;0.44057400826677;-0.173252853352595;-0.522738711092183;-0.096105883470161;0.344496861515498;0.414211224376968;0.263684987160752;-0.169075050918429;0.311664228966284;0.253611333065069;0.498219358037113
8875;-0.432916370671636;-0.279543858108896;1.08984119594262;-0.737913162524306;0.173359920228532;0.0555238611065826;-0.186353754211665;-0.760921649163413;0.531580961766427;-0.0779829594212301;0.246282520837165;-0.0413661930846651;-0.140408598448605;0.894022138333225;-0.694268856213225;0.519218344326321;-0.220287148312533;0.343924062719163;0.0398213116341159;0.476469258234992;-0.208785974148802;-0.527161676695802;-0.105371458030305;0.354105107748697;0.409517746465423;0.251632578045134;-0.193565138275417;0.289079114031075;0.247988605762895;0.506906315402631
8900;-0.450566049972577;-0.289300989250928;1.07788899275775;-0.752108701404644;0.170856317222279;0.0408151915824214;-0.160927950133376;-0.764280746635117;0.52092390408558;-0.087012030727264;0.244181926793271;-0.0335462353524759;-0.15842432829321;0.89149535825853;-0.670591274039115;0.551846040856961;-0.195203917307263;0.337847805842216;0.0437539017347152;0.473537902865206;-0.235830589888351;-0.508773395309151;-0.126655658843676;0.324398416878113;0.445341928054538;0.242760413904372;-0.196517415130125;0.277566233906352;0.232227831077235;0.520919169752637
8925;-0.449100598291849;-0.29151954850873;1.06352393124527;-0.769232628987557;0.150451033078149;0.0272318391956273;-0.142940675144474;-0.760116340993322;0.523693363270231;-0.087961917041854;0.25084725217873;-0.00635875599562787;-0.18137605292705;0.884801214850054;-0.675352400811028;0.574238730460974;-0.191487376120633;0.325123782028844;0.0295394070174837;0.447880814094219;-0.273896372557973;-0.476370863558001;-0.14291042182392;0.299476030805928;0.474885354569181;0.244661674381542;-0.185724922394929;0.267683389169848;0.231243059136514;0.515978977391218
8950;-0.448838799929526;-0.29225737661993;1.05776094616251;-0.791316729456413;0.139863871797296;0.0302319205043224;-0.113533818143865;-0.749960857315069;0.513412378906919;-0.0571630281535489;0.271508801640844;0.00728429422866803;-0.199860346349413;0.876729136021535;-0.684248199766298;0.593711106844505;-0.194918910496626;0.34794310921376;0.0251452866822676;0.444482791460771;-0.297334408939051;-0.460604897883565;-0.148673760555883;0.304785467315045;0.473321714444434;0.241678975239033;-0.182533615749966;0.248412117898018;0.222220176378783;0.505298123730728
8975;-0.457967932839732;-0.302710268167947;1.05138416857446;-0.794243493432543;0.154789241398644;0.0264317925567533;-0.112677051674989;-0.770739625450025;0.5230579758572;-0.0292731437857317;0.267617786469514;0.00727672965222634;-0.202653743774613;0.884018753983884;-0.682445979824993;0.600378206515218;-0.190385711942144;0.342331089380773;0.0357086200413576;0.446230433459685;-0.311158345509747;-0.4136429945462;-0.16603928247932;0.279958661479213;0.494762985981321;0.241837114858117;-0.177606220429541;0.237037985205139;0.20697430043504;0.505055415728823
9000;-0.463777687774437;-0.308757579210511;1.04340545670057;-0.793997115151103;0.16431668648071;-0.000523587364181433;-0.101838409658333;-0.769128097693297;0.51868624596307;-0.0416734139683515;0.263969169527817;0.00869519538904182;-0.235755165801338;0.894221999604903;-0.66122846028519;0.615900616674508;-0.194026457111203;0.346717298917324;0.0277321751483647;0.437419035930698;-0.307302083592549;-0.393078418651316;-0.156559336435678;0.264627522432326;0.489864983266369;0.251330555906294;-0.188193471887197;0.216366444723736;0.17730094433981;0.533181042028874
9025;-0.466930453653457;-0.311160005069396;1.02551827597543;-0.813807667672553;0.151179772033298;0.00242203901636109;-0.065319723283892;-0.786550313206016;0.493477570511208;-0.00618134152529053;0.263339398441827;0.000592383256528528;-0.252622423852388;0.896658230702049;-0.661425683038079;0.626276617991971;-0.201403190388978;0.36424871550866;0.00806511690747875;0.426124293040458;-0.319720781063978;-0.375683642279687;-0.138722014287196;0.275541213121664;0.513935455972534;0.256321420750409;-0.186448852538764;0.188526967720772;0.165146616937858;0.554851799189415
9050;-0.467316281548296;-0.318037574103516;1.00871141525065;-0.822003499799465;0.12157659945238;0.00562320400800433;-0.0509627921918518;-0.785187171528319;0.50906989842537;0.0258188023510568;0.252159346445997;0.000688689816293753;-0.263546389413275;0.898816661442789;-0.644143590635196;0.642277423855937;-0.230487140537178;0.364905857941326;-0.00321569913737267;0.391052032148209;-0.322371870886787;-0.343978274581122;-0.125418713510183;0.263786834377225;0.513063086737589;0.253032864938822;-0.186284842878257;0.146914616850649;0.159596510549249;0.556109014228458
9075;-0.460481248368255;-0.337228296624955;1.00595921759239;-0.806958065248923;0.108696648423318;0.00239798913168445;-0.044135240999962;-0.779227250156679;0.50052651707855;0.0389749155907583;0.264920904392875;-0.0111096220874471;-0.274096942744099;0.88710095746163;-0.651205606129963;0.665750302047791;-0.238838339860266;0.357640192739089;0.00361050276794668;0.383196854960956;-0.301740377890875;-0.331988770460069;-0.136998317191309;0.264098689361341;0.503814254181021;0.239200326952964;-0.198738090453752;0.110136680799072;0.146189195144484;0.575168844254503
9100;-0.44716885246483;-0.342528501587304;0.996983046612888;-0.829854069939015;0.0972586810347577;0.0154137986797533;-0.0180670508846727;-0.768964986809129;0.503745209783061;0.0458973876399193;0.266548633009429;-0.0238841955022608;-0.292067473623179;0.89241880926653;-0.652217179687297;0.663138326970911;-0.234113380016055;0.362388585280539;-0.00945017169075229;0.378532871118635;-0.30785501191274;-0.296259642335289;-0.136136872759632;0.266780411348589;0.508514414686022;0.232903487682621;-0.204456453471355;0.0887633173802707;0.122182247871222;0.60046443545795
9125;-0.444383771837674;-0.334433727722303;0.981322494268012;-0.843654811440337;0.0972551422570708;0.00617433403475522;0.00580727105480521;-0.760526381570583;0.497832499406042;0.0578468901225486;0.242020923075393;-0.0104075876202913;-0.307612457194234;0.907769818405216;-0.638873420452792;0.669344510951577;-0.241427373084276;0.367557278324209;-0.0456118807300843;0.368046343557887;-0.290378600934051;-0.270105481597354;-0.122511472163237;0.258681735373573;0.516355088488507;0.241764840341873;-0.213657492697092;0.0604093618730293;0.0992142239888674;0.602885277318075
9150;-0.436948569103814;-0.339758780382633;0.971916238381925;-0.84787737868812;0.0856585733880417;-0.00722766521567562;0.00973376616354842;-0.765348896200627;0.523867410701783;0.0713785647594331;0.239921353992355;-0.00343828266322923;-0.307658448757783;0.899625050082824;-0.644483705280136;0.68711411046206;-0.241699849710641;0.380165844224355;-0.0507491546013632;0.373007651335438;-0.282169229996226;-0.25339306918625;-0.0928497852502724;0.260500155349208;0.523397047373411;0.243967730292939;-0.240477453749228;0.0243784191316454;0.0869181542358906;0.607670543127797
9175;-0.425410307287827;-0.341100980801409;0.968775746305482;-0.850837382862583;0.0784674964777416;-0.00368112960156339;0.0166466146951337;-0.778699160252755;0.507500972358425;0.0836680217439491;0.273324295674436;-0.0162848495250184;-0.318103126578534;0.898785076162817;-0.650704159301467;0.686581902776542;-0.249581562098143;0.37563474834542;-0.0447158949146205;0.370682082717411;-0.284796537991125;-0.237216837821231;-0.0850340724905697;0.273666714864009;0.536722238791722;0.236533926830098;-0.259901483263686;0.00127695538439192;0.0772273049334303;0.605836543770934
9200;-0.418970935896867;-0.345221201141274;0.946603498932934;-0.842909965697497;0.0783277769341819;-0.00752913786970919;0.0266619166786191;-0.799020251539262;0.503750949493157;0.108389435717381;0.237940021273314;-0.0180851428884313;-0.334367014865755;0.912456482833021;-0.660681855526205;0.689179542441358;-0.251188519351017;0.377086771363064;-0.0508391389079675;0.353306547714018;-0.268190835373887;-0.208309542384814;-0.0846674602288443;0.260074720712915;0.538528499583775;0.226820989859506;-0.271629035045379;-0.0231166019489075;0.0685620296865351;0.619019562312166
9225;-0.40969775593233;-0.345964534600941;0.928473082282787;-0.856233582773036;0.0589806412214175;-0.0222182748077574;0.0312272085681702;-0.812949496285515;0.520772378299345;0.105932480432645;0.23690785251982;-0.0215123719123062;-0.338277550055803;0.917539083391553;-0.668156865883349;0.704567743415247;-0.245661938572422;0.372729366755501;-0.0734569801771768;0.354966515303828;-0.253210640644453;-0.18492332791009;-0.0823156805378499;0.265926464262753;0.542206414058729;0.227819962305995;-0.273853996214342;-0.0310187401718975;0.0608701043234801;0.617522185982508
9250;-0.389073895095063;-0.341788699385588;0.905958452459467;-0.85819387085967;0.0578395093946897;-0.044089134955615;0.0324857569166062;-0.78607989448977;0.539248002578512;0.143895675287149;0.26354953040198;-0.023365128745905;-0.366996672040877;0.916043785394854;-0.648810481133082;0.705702177469561;-0.243447448074229;0.368056460908022;-0.0795427865043361;0.362334669131815;-0.221168758911634;-0.158267492725933;-0.0447783594809733;0.231171879786993;0.577602306999211;0.232894994845384;-0.293710128591715;-0.0438222752735111;0.048968749709287;0.609639636438611
9275;-0.372243238216333;-0.344124503345972;0.893622760776795;-0.853129945088458;0.0614475378462835;-0.0605097937387596;0.0393014330435851;-0.797147788831726;0.530236814304783;0.171880923457629;0.255494853458148;-0.0211657386605943;-0.348866195518047;0.925754706515288;-0.632333965951681;0.712396577830187;-0.252920234922971;0.363367083113265;-0.0705255177745919;0.375738561065464;-0.204550202619808;-0.146471514029741;-0.0759188296451579;0.228699891748339;0.587975940098368;0.229922407580793;-0.309546878025961;-0.0620465420899574;0.0507531940731001;0.611970356074343
9300;-0.358232080147313;-0.346509612878547;0.878772997276333;-0.893194292630594;0.0580428787582445;-0.0797429337178953;0.0470253509950265;-0.819806683819165;0.512627857990667;0.166811372685855;0.255453905887146;-0.023698533560029;-0.324399527440187;0.936295553033591;-0.649880145124924;0.701557850826358;-0.240791142956787;0.388917927709293;-0.0631028579704143;0.376443501600676;-0.194906413696053;-0.126543409718675;-0.0752509308386931;0.235311865659922;0.589634588633517;0.230251362328388;-0.323514730101413;-0.0856118340710594;0.0544143303086031;0.597797128249136
9325;-0.361083714022995;-0.341595575486162;0.85969910350656;-0.923222257278099;0.0359499301298174;-0.1034783229051;0.0381946174361625;-0.857316328399784;0.536773571784341;0.184491896027957;0.259393501643554;-0.00949236975823311;-0.332850313496464;0.949572176039019;-0.644337440575969;0.697095987507897;-0.234679558494846;0.388072599503307;-0.087707989719968;0.386227490360377;-0.179939725562001;-0.0949197483764368;0.200250234687946;0.223661370705205;0.613090872068378;0.236631771595052;-0.32870082251738;-0.111399794761848;0.0434757300254081;0.598516314620091
9350;-0.363917795477025;-0.336716356654198;0.846266360925358;-0.9600842238511;0.0242662643607805;-0.131116851630681;0.0499085443494805;-0.88147943366645;0.546820523176905;0.176305387961498;0.263490329773084;0.000328840227231986;-0.339640216621215;0.954144821535552;-0.646830604071108;0.695860645644481;-0.233489000365667;0.36410132139195;-0.0816913612601809;0.39956752308429;-0.182054042285545;-0.0732511618866574;0.444979214273237;0.218090889800732;0.62081247142648;0.230249157518456;-0.328837882200324;-0.0993118889966018;0.0378660782600493;0.591830893606898
9375;-0.343302752640018;-0.337962038651606;0.830595899431163;-1.00960507340747;0.0314806655849191;-0.163825529694199;0.0577810019410983;-0.916753487707975;0.572407756799827;0.174968374330326;0.263959007625136;0.00555924645864145;-0.349864564630567;0.958207204296845;-0.663826328879906;0.67788779138886;-0.238561300852649;0.351626265928718;-0.0626425525479862;0.407917176524176;-0.177737293033132;-0.0765339300035017;0.15240905261313;0.220020400128438;0.630749279591688;0.235236616372173;-0.328111249082224;-0.0952364488489898;0.0442109104081228;0.590882607570354
9400;-0.328076972540868;-0.345850870896895;0.817302570246105;-1.04478132404639;0.0394900213527054;-0.184638169324263;0.0508292121928076;-0.94750742096506;0.58673338492934;0.193936482035638;0.27244186016263;0.00857626326005221;-0.36288093172055;0.953079206326946;-0.689973332944446;0.672265729478868;-0.236166877037209;0.360338972130673;-0.0739389961913666;0.418458034367137;-0.152421418258498;-0.0689615977285718;-0.0505102887076235;0.22046974598897;0.62200917703018;0.24677996494806;-0.349737285472194;-0.107311031182346;0.059692790316797;0.588043301289441
9425;-0.309304768284146;-0.341736746378141;0.801941019324025;-1.08145745144953;0.0315234608620447;-0.21610675500262;0.0604840486326755;-1.00737401710975;0.603774234328463;0.171178182490505;0.295065771973772;0.0372910523115358;-0.378530638738205;0.971208741580245;-0.704651051384989;0.670752448156511;-0.234855061030414;0.345626121950583;-0.0783727529720968;0.425031873002692;-0.140238767637521;-0.0501933904240732;-0.0404090708772212;0.229589322306556;0.639966206273587;0.254167588161536;-0.359308399591632;-0.103665642970313;0.0714307466123385;0.560988134937416
9450;-0.302722389523879;-0.347098777858611;0.783655254798897;-1.12308949365373;0.0267112432023364;-0.226677942314916;0.078363311458709;-1.04138081102962;0.604445576802194;0.168419049853052;0.314506223032847;0.0439035560729431;-0.396593876868768;0.978293951285633;-0.742868048654584;0.651096835315568;-0.248241801893337;0.327567744419102;-0.0717347390941477;0.437958783422028;-0.140217459125848;-0.0527327307065568;-0.02211267269683;0.218461886422926;0.647471040497903;0.275744062751726;-0.379950492968871;-0.102277858476217;0.0775743912808471;0.547306617043994
9475;-0.292831891896915;-0.373939873216665;0.776470206123635;-1.1468657248161;0.0250680374939522;-0.235748393792868;0.0844509474203541;-1.05920737946921;0.630154555980891;0.167502794681835;0.326279519251902;0.0654522432551948;-0.416895539768367;0.982483301505241;-0.767835510546483;0.637896095911509;-0.242373653222792;0.313460174285366;-0.0779732189537235;0.461434294068146;-0.122751894755837;-0.0572676450530856;-0.0130317404984058;0.180906875149982;0.628036121364592;0.296741388578986;-0.408464480918064;-0.118250039793099;0.083447380316045;0.539350984797775
9500;-0.28936454570103;-0.391601322835748;0.755410203036427;-1.1547679111627;0.0333451482754159;-0.244918519845986;0.0946313752194179;-1.08367748987308;0.650721061854126;0.169008139598068;0.306804796134771;0.0679742641237203;-0.439223976407467;0.994496785308646;-0.764314681905015;0.626174831994678;-0.247322107683804;0.310996055708144;-0.0818559663791543;0.443873054668745;-0.108672649063217;-0.0430308092927381;0.0193735981052138;0.136641338202424;0.619892746348763;0.303848730870262;-0.419967438182467;-0.129352037221884;0.0990017348029433;0.528857213545318
9525;-0.299145809633957;-0.40883806553465;0.737928161747673;-1.16801868212626;0.0392873239745432;-0.248710450900215;0.0987717259225898;-1.12309117797868;0.665864094330262;0.145167122077307;0.307389358863071;0.0664197779265839;-0.463398080157671;0.984117892812445;-0.79582876346639;0.60691638687004;-0.265957701335045;0.291913959219991;-0.0938626563923897;0.426748304848506;-0.0916233582853321;-0.0445936274187511;0.0234202515166194;0.126547036574851;0.624835596470719;0.320915020346811;-0.423378543117819;-0.132333568213463;0.109799669255668;0.502276738403152
9550;-0.283942069070226;-0.430210198596741;0.732795156049155;-1.18847015963993;0.0301813791528753;-0.232923358781159;0.0863474984624562;-1.16468347087638;0.683292572086738;0.104213853136444;0.325411151179234;0.078844188118874;-0.489208587967881;0.985642698236027;-0.821317428468033;0.583035293490137;-0.282747837570764;0.221780367287532;-0.0988639823234639;0.441520974358657;-0.0862258307753521;-0.0286051401265248;0.0352334926559716;0.100735046267979;0.633673826943067;0.34460117983983;-0.434689170123336;-0.147903926507718;0.124249798554592;0.478322422363766
9575;-0.290415487560862;-0.447343000603977;0.730121871438876;-1.21332998910213;0.0361908351503956;-0.232780863583912;0.0840620638898866;-1.18183446045206;0.709884366470176;0.0808981099096186;0.314205536040755;0.0994959261192726;-0.516653677210402;1.00634762383248;-0.840709500540271;0.586039442361599;-0.289960846317472;0.20619482389762;-0.108128985517;0.455690599117226;-0.0793657959063532;-0.0110272042756621;0.0301661627524294;0.0863090474436576;0.633936414951683;0.353729580145113;-0.451945781278034;-0.171713490531888;0.120046750800866;0.486016651864985
9600;-0.289028256632494;-0.486778155483372;0.72731518078782;-1.21315747752219;0.0577442757003032;-0.221789072148887;0.0823418476602909;-1.24939915360121;0.731824548691103;0.0816553825206334;0.311492094533231;0.121443390972248;-0.544458701504343;1.00343499690726;-0.858446019251197;0.575549741139175;-0.26551870031241;0.185905467787159;-0.158940417720278;0.461529900184206;-0.0736161648875375;-0.0134708747236769;0.0136170420987419;0.0548110412134919;0.653942463256158;0.362452017080705;-0.451481807429334;-0.186087988305799;0.124550074990503;0.486526798076171
9625;-0.273657564806633;-0.520338182607566;0.728855238329096;-1.20881426455513;0.0592694644604165;-0.216220762705038;0.0712377541036747;-1.29726250744664;0.725111610693506;0.0209720603158469;0.322623332700204;0.128609494982024;-0.580506722211991;0.97864384169454;-0.875166478869687;0.555097674458122;-0.246949319626209;0.151175083229951;-0.180455677472252;0.448536910542496;-0.0547331754528109;-0.037002911573921;0.0128661470077371;0.0182349331041329;0.664023195306348;0.376266911479071;-0.465410749496693;-0.203388043597116;0.128807257711122;0.464977671391653
9650;-0.277057526626595;-0.551677728100748;0.726921113288775;-1.21699431130944;0.0566569826008918;-0.212652779799388;0.0609312146073373;-1.35898920330356;0.733078466140078;-0.012002780453698;0.300934566525382;0.142087235830877;-0.642721742256815;0.996327081051936;-0.882191838592578;0.557702553308424;-0.247890310112421;0.135416728662426;-0.196119445275614;0.436705053791366;-0.0379254307743151;-0.0594038418355196;0.00976562040276687;-0.0192766741737638;0.656566543764847;0.380689630777549;-0.471802572852639;-0.225315323674033;0.124203305541549;0.466002598700596
9675;-0.259050603716534;-0.587018790328537;0.72664250347156;-1.19868944327387;0.0521550626018287;-0.198055153086413;0.0647194186158684;-1.39624653018037;0.735224215501918;-0.0365320176202469;0.296104973734249;0.171014367239465;-0.703169545377347;0.993172122326658;-0.874895249696432;0.553901183387834;-0.236598307291485;0.101178979574679;-0.215711404198697;0.461802548177512;-0.0179828245200369;-0.0441495969801271;0.00356160511740158;-0.0569269371077061;0.653150673713755;0.376584307047532;-0.477412824490259;-0.253592567244993;0.110416682872359;0.462229232901243
9700;-0.263778858079855;-0.607778712424946;0.72922109723515;-1.18368731898534;0.0650198715946841;-0.182645914849041;0.048670791666055;-1.39654501328527;0.729611349324802;-0.0483460284392967;0.299758183288955;0.167290003887272;-0.74017438755404;0.969327034096251;-0.887767236301263;0.548833837467921;-0.214509344686257;0.0919088367678718;-0.236975156999648;0.454707853386112;-0.0139184349151182;-0.0314274352438244;0.00125288450070706;-0.0817383697285659;0.662655756269495;0.375526176161654;-0.497401463576998;-0.273316720444138;0.111645250516566;0.458941239804198
9725;-0.261250860665927;-0.63980090630313;0.733100451026058;-1.17697786604657;0.0825120578844347;-0.200336470061802;0.0401233243232646;-1.41189160327993;0.720074815470299;-0.0556434161325861;0.275922526779726;0.177597361253044;-0.768550330167153;0.967468337374864;-0.905826887718004;0.545653140545624;-0.202159093327161;0.060939317425232;-0.266695405407235;0.448459775258071;-0.00656506507974775;-0.0306616569293401;-0.0173073628502246;-0.10651482247299;0.68446530174956;0.386134012818542;-0.51064440064859;-0.28926626546125;0.102396185502724;0.449367873241649
9750;-0.248276254484961;-0.663787260727242;0.728749176670165;-1.16717335423837;0.0944859469806271;-0.207562814568614;0.04043791725816;-1.42477750337829;0.707513167224342;-0.0687622345413895;0.26133361613981;0.17552639061027;-0.799685743264607;0.965919193746979;-0.933098696343296;0.541423848530961;-0.185893374324524;0.0300290941813593;-0.286767679682507;0.425680013920782;0.00288919309242996;-0.0403601209124864;-0.0207814223891484;-0.134065838703068;0.693768078382961;0.391623265357774;-0.516026362810693;-0.291998227576167;0.0761488587025419;0.44497822399518
9775;-0.240608717684369;-0.675749904503214;0.721968695761282;-1.15636653914219;0.091634146398148;-0.192172776981763;0.0466189270045839;-1.44006913677965;0.675360065690719;-0.076655673550933;0.275239129459831;0.189487409939772;-0.844056212544004;0.969799040878812;-0.939121773499959;0.544760639942564;-0.161914827162211;0.0206387887145272;-0.283381323166059;0.425193975006926;0.0176313346321486;-0.0401658159531046;-0.052436962234147;-0.145402922981826;0.713090874075135;0.385507651523629;-0.526314984751434;-0.274002715846359;0.0556694178984989;0.425877657822279
9800;-0.235147097411557;-0.683689699018833;0.722653568217763;-1.15239961011459;0.0856835727362421;-0.192352305237564;0.0532570880707022;-1.43467519038843;0.655588090870578;-0.0636738287772288;0.282073070030621;0.212042710798325;-0.887879881022285;0.973905050126752;-0.934948401431453;0.544616121471012;-0.147613918014735;-0.0275993476378009;-0.287211534009994;0.417946090336874;0.0247764740921925;-0.034938311612708;-0.0801923563758752;-0.164366207823275;0.731678876272457;0.383806314513159;-0.543901832122418;-0.285629301309771;0.0448972476069232;0.411629609423547
9825;-0.237475663233351;-0.686838982973724;0.721725724569744;-1.14141074119093;0.0942218258456437;-0.195299437446249;0.047421205318293;-1.441956612552;0.674098106863137;-0.0744761774071794;0.297397284264798;0.231105437320951;-0.885645359220603;0.972930905599048;-0.942464418686193;0.547801847373359;-0.139534740226623;-0.035258886299901;-0.290264914001326;0.400527028316192;0.0296025175080417;-0.0543052283984022;-0.129774292002201;-0.19730649984261;0.730382338101531;0.389355576486089;-0.574922810330487;-0.287693571504219;0.031311810557579;0.422148402327072
9850;-0.235808730371172;-0.679065007962599;0.713502763451985;-1.13093399909201;0.0828596301591873;-0.195345852723324;0.0523285333518829;-1.4580355224058;0.685318430336742;-0.0480172561981407;0.304081936229376;0.258323727907654;-0.921931908113623;0.972869146457961;-0.932957264581027;0.552978787453911;-0.128377138469826;-0.0395386217607651;-0.301715021290371;0.386866461737219;0.0333931806513672;-0.0527730661647605;-0.195502427211116;-0.229812320216455;0.737274237319287;0.378290924900776;-0.595316965615508;-0.264495023236819;0.0236142389653678;0.428508245131383
9875;-0.223023795742329;-0.660611707422976;0.70143350359164;-1.11914987052465;0.0622823217103907;-0.1942295917641;0.0596565239896983;-1.44562998864807;0.671937306064649;-0.0284255135364582;0.316204106452549;0.28594583537097;-0.938588636489814;0.983770063434427;-0.909358234435225;0.555149659539827;-0.121682234271696;-0.0534202550697753;-0.309948232036698;0.371041380607382;0.0448954341587779;-0.0501569758775902;-0.24930957055263;-0.230511124237182;0.76709075129579;0.380888196031241;-0.589317059167556;-0.239941074013573;0.0166731895614572;0.429469580235248
9900;-0.219672716318118;-0.6589559534895;0.689226908314384;-1.10541482828686;0.0613478968533434;-0.20249410215332;0.0565874880111812;-1.4543521995654;0.671155833652449;-0.023800345903398;0.319125174710781;0.294253548860369;-0.954953147328568;0.979447192004011;-0.896186354127556;0.540853618367624;-0.109418873451332;-0.0499118480780105;-0.290613778587787;0.369607909212253;0.0385887091167672;-0.042071126527119;-0.309904357823546;-0.246319887250802;0.764791369020032;0.385449393925156;-0.574044063532746;-0.231420672522121;-0.000552830180618313;0.415513943982131
9925;-0.21642509998158;-0.649371456397348;0.673358362007361;-1.0985254532863;0.0614721315727699;-0.203003100057203;0.0732105755981714;-1.45132702521516;0.705401535753768;-0.00874414061789524;0.328835053955126;0.311262152934996;-0.96710453809062;0.986216643331808;-0.871270048344504;0.52981222689137;-0.0910897299474062;-0.060508798503519;-0.294764460381346;0.356872155804446;0.0522649132379203;-0.0560434812886244;-0.346054449330175;-0.262347023452088;0.766906807663923;0.385002740025965;-0.591863997680356;-0.229759812593263;-0.0163797912711212;0.416975713378865
9950;-0.214114290288948;-0.628239122706083;0.6562927124663;-1.09448930087725;0.0562376066729009;-0.210582351965391;0.0831270252311987;-1.44171234579786;0.69320664928033;-0.0148952789730697;0.355263773646212;0.330088787542637;-0.950815013323649;0.992755391339113;-0.874293084039854;0.533081219517429;-0.0777584357785978;-0.0792445805273127;-0.309672770129076;0.331314050109278;0.0657027174513554;-0.0614834845232743;-0.386158237924749;-0.262702172312492;0.780357617251277;0.392348209780324;-0.618233045598142;-0.208334975224975;-0.0191928917169024;0.420709700610672
9975;-0.218450232474643;-0.603466029633869;0.636030020394132;-1.07615955544218;0.0421377245104663;-0.206727197225776;0.0828269975459364;-1.4461249210635;0.674674784472955;0.0113078165503743;0.398159664681492;0.357139228582631;-0.958269183805536;0.988486705060123;-0.863064123298551;0.523820602522823;-0.0722960840251301;-0.1029759142928;-0.310595049762505;0.340279123464253;0.0568709740987796;-0.0370669022107761;-0.410448418588904;-0.25444726965051;0.801241260365705;0.402780505741732;-0.652665596268772;-0.185841910804683;-0.0287083610847593;0.409291603239026
10000;-0.21276717661047;-0.595557594410669;0.622639611936886;-1.07064611609159;0.0399562672301245;-0.211831045211388;0.107046866306054;-1.41710802388599;0.705692722113268;0.0417679582502454;0.402440069968471;0.378515073787111;-0.97938009922899;0.990419265857474;-0.853292865914267;0.510014332392805;-0.0837726751593472;-0.119482514789792;-0.317037664927681;0.326920567277773;0.0422712775385057;-0.0355454842774363;-0.418704138927482;-0.257031323992997;0.784729240837457;0.40219195618166;-0.69124634196258;-0.173158451960036;-0.035961157338975;0.418494318498451
10025;-0.202554907089404;-0.576271519614497;0.609317041193065;-1.04665559676391;0.0544345757277116;-0.225318930983325;0.112656642573225;-1.41046531927777;0.70083816707377;0.0356431111019013;0.400907817089842;0.407749681079252;-0.959926170035448;1.00321376494143;-0.856127031833238;0.489179371352096;-0.0881181058912736;-0.138570954840691;-0.331400495920969;0.323484855751021;0.0478888970670799;-0.0341817328101057;-0.43883542087105;-0.249801412914143;0.784046536043446;0.39950441591279;-0.730278990926307;-0.159037938313155;-0.0520054499891102;0.40452226420246
10050;-0.197014333981251;-0.56119627596387;0.599313475085129;-1.03427913413402;0.050614350260352;-0.216870875566639;0.11367576991296;-1.40335050318123;0.704018915272861;0.0431269966933802;0.420528381041692;0.402366206689698;-0.972938405522862;0.988809368134167;-0.853743861220626;0.477542536268771;-0.0886135586016743;-0.159774796778918;-0.316377454151401;0.332048794109261;0.0577600513223715;-0.0557572128850041;-0.441541346689974;-0.25869171384535;0.802148451806056;0.395191138360872;-0.766193793453259;-0.158807679488787;-0.0580706106735879;0.404924642696051
10075;-0.195622553763763;-0.544360751419497;0.592678891707781;-1.03260629463629;0.062820232091336;-0.203556933259858;0.143303769445223;-1.39073015776535;0.70869887296191;0.0418110027895117;0.438398048001647;0.41191932569336;-0.967098663737916;0.977387279283437;-0.838501007724484;0.480018746371432;-0.113779270046924;-0.167673564838622;-0.316674984754146;0.34692141622176;0.0468080385454741;-0.0606586216745497;-0.43169238031443;-0.263224523175815;0.795891333197043;0.371912614022377;-0.794877480814474;-0.14796284317797;-0.0460792392404902;0.40479576241303
10100;-0.191491696071758;-0.530703520085726;0.575191550297905;-1.01062879281204;0.0710420536855267;-0.197867283545463;0.144917479631687;-1.3703348833989;0.709376755763063;0.0395659834701565;0.445281009745291;0.447034476751303;-0.976558545800214;0.967363799911423;-0.844072214514931;0.47437670659553;-0.117952472570922;-0.183154388481295;-0.352116990454006;0.344417336934972;0.0424377471709791;-0.0454882102406695;-0.428635527136175;-0.236401809182609;0.781817050638648;0.358485174793852;-0.817371020193868;-0.136561879498537;-0.0489949995884408;0.404461263859203
10125;-0.173925498436106;-0.515332006727991;0.55675143796546;-1.00138493434776;0.0778282908658349;-0.184286060432716;0.140816907474663;-1.33070105255425;0.732448036165534;0.0356642622832019;0.446803726589768;0.452150819556;-0.988894772870786;0.96102338167452;-0.826298403020165;0.472038847485405;-0.124397677484203;-0.190559549338715;-0.352939203539114;0.331851010193305;0.0416912099018349;-0.0547208749927095;-0.405379430380249;-0.199494304248062;0.786528157577956;0.350385815753012;-0.806081173543608;-0.144468967077648;-0.0917025496382342;0.399486831562444
10150;-0.169345995460374;-0.499025632082068;0.543622282496827;-0.98451761691131;0.0966796199017887;-0.179686756741208;0.156394235158539;-1.29742812225455;0.731320718789388;0.00586224620093474;0.475884810578757;0.463405250356238;-1.0151661422893;0.960142197289066;-0.819777153266543;0.467215642357634;-0.134807815689176;-0.206031667050311;-0.376345137944439;0.329710884352661;0.0259777878263094;-0.064649476853655;-0.394559658691606;-0.188095310208638;0.798227810255848;0.338447509283851;-0.810434265569232;-0.155809113837964;-0.117409158706528;0.397102199297191
10175;-0.168174810827215;-0.489808929828499;0.535882355000427;-0.987180080766628;0.104632589943093;-0.166022931887314;0.16956635403287;-1.29670528171958;0.741261974528543;-0.033441399698833;0.479211382960217;0.479936645419486;-1.02178303067867;0.962172744851479;-0.822806406554583;0.458643170739036;-0.143488387938342;-0.216574317344831;-0.427941122204331;0.342470079708483;0.0450423587023059;-0.0536329497948098;-0.379431914391624;-0.150716689887147;0.797319732869274;0.335869299619751;-0.847226372031308;-0.149699143660642;-0.122204443150924;0.409487092814702
10200;-0.154888405066924;-0.489182479435717;0.525605550489437;-0.981221489485377;0.114933288842691;-0.138827397881162;0.179958036454362;-1.29345538161982;0.751880770591264;-0.0349745790105409;0.483022669270993;0.49680920552844;-0.991485872434004;0.95273222481809;-0.811899747363604;0.461413560839013;-0.148709343836846;-0.235457902740583;-0.457252996257658;0.350321543851971;0.0603192774130783;-0.036928122223618;-0.356231311560858;-0.122291602677129;0.800467196587931;0.327397148509167;-0.854450996554571;-0.164209078712718;-0.130094503623359;0.386562086381661
10225;-0.152623157578722;-0.475495712891573;0.506699932468003;-0.984913210137787;0.130665021003433;-0.12945392042072;0.189502306536014;-1.26070880399099;0.757888223728533;-0.0429051657797146;0.495582359467743;0.504986408538159;-0.976248914494844;0.933786459518275;-0.812485215463064;0.464790243160417;-0.140484169071125;-0.236539926595056;-0.494628388400912;0.344584317522789;0.0512851120321758;-0.0399330122220474;-0.346378587070128;-0.121843677592917;0.806816142820743;0.302650201111284;-0.881701554411434;-0.16040389752629;-0.131541817449489;0.397339728311451
10250;-0.143263746597796;-0.479240809228465;0.503443977994286;-0.981749992949329;0.158658136542369;-0.119725191083521;0.198877782966945;-1.28058825929543;0.741524502922447;-0.0672100256443918;0.50275458305272;0.509250118722223;-0.960442528794332;0.920286805115117;-0.807987960771489;0.465539005473361;-0.1504577072834;-0.22633296130087;-0.547535133391064;0.345521150458792;0.0511534756998941;-0.0609892656262416;-0.315330305665788;-0.0758410297814793;0.806549439680887;0.285354295738224;-0.892632682803238;-0.168660535089081;-0.144449183639632;0.415075212705636
