;1;2;3;4;5;6;7;8;9;10;11;12;13;14;15;16;17;18;19;20;21;22;23;24;25;26;27;28;29;30
-500;-0.0121763251657693;0.0857076524725909;-0.0429515041592674;0.140522150845063;0.0037850668624495;0.0061883797253623;-0.0180681256316403;-0.0445899966699341;0.107576910799678;0.127144061415994;-0.0714239330274436;0.276001365898582;0.0184366692399176;-0.036834666780087;0.147977579457944;-0.155555204247343;-0.112898945682693;-0.155916360696702;0.0020370260228475;0.0252796557650522;-0.0255556512258883;-0.028471900748081;0.0419048452625908;-0.172435292164326;0.00272844727063641;-0.150458056371006;0.0635664959010886;0.0511637535125959;-0.084102603001502;-0.434033084678637
-475;-0.0137400521669272;0.0797060738958209;-0.0403638115798238;0.125184988673285;-0.00106517245709625;0.00797591880350197;-0.0264831548401731;-0.0406071021041538;0.106503096450218;0.100835419179641;-0.056289661906083;0.255157625754123;0.0186979980608152;-0.023930181938252;0.144820094260261;-0.14742033218712;-0.0925662058446319;-0.151897075985874;-0.00227024841575663;0.0114092182156867;-0.0353138999336544;-0.0246799081006078;0.0643239316042226;-0.15768328363047;0.0212845362808447;-0.138833714112996;0.0706718731861053;0.0826133447179315;-0.0990522538095118;-0.377892955507734
-450;-0.0159877594042978;0.070733592218125;-0.0370526521539467;0.110018381267867;-0.00457652262913388;0.00872371191800099;-0.0343071321876739;-0.0355609970362207;0.100926123572116;0.072762678875398;-0.0399782245258789;0.231920598911544;0.0181853217413103;-0.0115793805065971;0.139632495034707;-0.137426138341535;-0.073103353773811;-0.144802353441395;-0.00611467866089477;-0.00055626463129701;-0.0443364300857525;-0.0196312866188427;0.0855813637954133;-0.14149076163846;0.0344037513762268;-0.126818909258645;0.0708758048983628;0.104816651827703;-0.109079537669659;-0.320029123010862
-425;-0.0189431876318774;0.0586007580784589;-0.0339695714827089;0.0952604000661782;-0.00792810813000777;0.00786276731758146;-0.0393590639026723;-0.0283907367219382;0.090817492241477;0.043647849403403;-0.0230605897504429;0.207144218045155;0.016805240813666;-0.00129079286966327;0.129167681840983;-0.126614445182687;-0.0542492910900798;-0.136581198463004;-0.00896992294150145;-0.00806002687342313;-0.0522515911791512;-0.0156683846945168;0.103529165709035;-0.126239200064519;0.0419860749195436;-0.116361401748242;0.0646269951101012;0.11717493734137;-0.11821244602277;-0.254681716801782
-400;-0.0204203087202714;0.0442668761261765;-0.0310171795906403;0.0774299031277819;-0.0111653869895143;0.00716560619911473;-0.0420224637616681;-0.0225438483870374;0.08036487908274;0.0159497200602873;-0.00625662556334792;0.178458367692078;0.0154475746853957;0.00759435363836491;0.115139566520867;-0.112875295020244;-0.0395288333701293;-0.124724266894284;-0.0101431641990581;-0.0156624689800006;-0.0575367269376754;-0.0132652053571654;0.119359742233613;-0.10968426703048;0.0430275429320673;-0.106677393643924;0.055574113590384;0.113631218154991;-0.123066641402447;-0.189389535634909
-375;-0.0205076119952478;0.0284198802276521;-0.0270180758977519;0.0602178343334582;-0.0141049420623345;0.00629946848451652;-0.041919456268778;-0.0181997568643292;0.0671145250600806;-0.0094934566219639;0.0102175764033618;0.146864060027247;0.0144681579636389;0.0150866428623395;0.0974961488833148;-0.0969308202265647;-0.0249593395270822;-0.109660935676069;-0.0103049049533892;-0.0211095578464101;-0.0612376587308365;-0.00963147679039875;0.129998805857091;-0.0915514225997319;0.039729916720813;-0.0964248950120682;0.0478697417158;0.104872628876577;-0.128998999338824;-0.13499402106984
-350;-0.0212543680262015;0.0113614571171495;-0.023226091126287;0.0406552241776589;-0.0172893774409921;0.00515982128029897;-0.0400680523419507;-0.0152118318750706;0.0508673011398241;-0.0329737138284575;0.0249657947964724;0.111714315262689;0.0118045162713085;0.0204561763224103;0.0779616427070386;-0.0773119688681894;-0.0116654816235171;-0.0928576123957884;-0.00969529955421411;-0.0223210147760257;-0.063697641825595;-0.00209852577651124;0.133784167249297;-0.0725824797091386;0.032772893804395;-0.0842110222253488;0.0345446837414404;0.0939573594589251;-0.133378085830047;-0.0781262138297796
-325;-0.0208239129152849;-0.00404874188818023;-0.0168335975576042;0.0224599340602475;-0.0202470832156489;0.00427083947182201;-0.0357442827813875;-0.0114792195497519;0.0343506195440361;-0.0535754574796071;0.0363830719473656;0.0756947046540308;0.00830862372965364;0.024729136490576;0.0566595564794425;-0.0557706695799658;-0.00118429108107441;-0.072937841158137;-0.00756897407473023;-0.0245981437525967;-0.0624777894397959;0.0068069283468112;0.129281022935339;-0.0545120046409905;0.02652155479336;-0.0699336828250109;0.0168958823447364;0.0737813961795478;-0.127245082168622;-0.0203241653240356
-300;-0.0186238049325348;-0.0182145230067254;-0.0109195977969232;0.00512010697984975;-0.0221676482378861;0.00358563275060693;-0.0286341257871202;-0.00948546094633036;0.0167645521957655;-0.069659690807972;0.0439536983157719;0.0389058072045973;0.00448258158727151;0.0264979030332899;0.0340287754251311;-0.0331345911754231;0.00834089782893945;-0.0509121558441064;-0.00393630406447798;-0.0236681489452712;-0.0585080373266751;0.0131869671671147;0.11520691854147;-0.0355071904495075;0.0218464545011714;-0.0514087488261155;-0.00167477407605192;0.0520089669802252;-0.113601466484343;0.0275099951009301
-275;-0.0147907060463953;-0.0313402150746728;-0.00380664195732709;-0.0118354455342943;-0.02284630911638;0.00339279037126978;-0.0201822695062198;-0.00785374892467123;-0.000549258610892434;-0.0794201805215981;0.0475097307385649;0.00131228530530887;0.00121046272254284;0.0263170827131827;0.011359465863318;-0.0102376663754227;0.0176656850811348;-0.0262525688623182;-0.00111989964808856;-0.0218900992222865;-0.0496560730878886;0.0200240934335155;0.0955755583794038;-0.0166173743536361;0.0178995190901286;-0.0327723821634075;-0.0164097658738023;0.0293425375224305;-0.091572893364176;0.0723262813142417
-250;-0.00803851054873852;-0.0421253789972446;0.00383833930546036;-0.0282111546491589;-0.0209719985302907;0.00293428847690276;-0.0108179511702679;-0.0041250703656039;-0.0166886503661366;-0.0816229382521791;0.0478047071646367;-0.0369637716746006;-0.00231671589386155;0.0251221711873804;-0.0118261478481705;0.0123805085629527;0.0231491048085964;-0.00201774831315369;4.95960965292142e-05;-0.0202729204853239;-0.0368021602208961;0.0267814178680689;0.0697200204737514;0.00538478643404363;0.0140523710037495;-0.0124817156987745;-0.0290142259184852;0.00478796342240053;-0.0638574169687438;0.117027861307399
-225;-0.00283143096908591;-0.0496657422679369;0.0120914037509483;-0.0441247602702636;-0.0175222708925356;0.00226412688530893;-0.000924276149272396;-0.000363767831411632;-0.0322509959842859;-0.0791764296903136;0.0444255552394205;-0.0744052491925434;-0.00751931446488956;0.0197844564010223;-0.0338398163475031;0.0337578814223664;0.0277268513167133;0.0226557996085933;0.00108897246797302;-0.0178056923683833;-0.0200415755741628;0.0302930706265948;0.039253786986548;0.0257962552896808;0.00829849111613394;0.00911941087872727;-0.0384650219081613;-0.0242160346022041;-0.0298883457981412;0.142194771963139
-200;0.00431278210678063;-0.0542024707861577;0.0175884413719089;-0.0581290793430246;-0.0143378226581969;-6.41101648957587e-05;0.0061896893655756;0.00158490125481086;-0.0478214917566214;-0.0723389739830488;0.0362989912439543;-0.112915635609115;-0.0144765411442403;0.0107668113244115;-0.0587878922819656;0.0513961951025725;0.0314655370515407;0.0465669033943005;0.00127223912608176;-0.0163589633708378;-0.00225164366426722;0.0300777106182838;0.00260235537197722;0.0461996658342773;0.00156617359196392;0.0304519668463416;-0.047331007170665;-0.0475603693562719;0.00852994843039907;0.164884462881881
-175;0.0107101721786032;-0.0573786111012522;0.0202183807697251;-0.073528228904732;-0.0108536072554735;-0.00467246256964398;0.0127857533163936;0.00349191975210354;-0.062323067506328;-0.0633065937167562;0.0228458478285164;-0.148595591842808;-0.0234868306426326;-0.00136347671004167;-0.0840649749791267;0.0633947955563305;0.032807889481546;0.0707496064919923;-5.31904843423803e-05;-0.0156047565773624;0.0116791986321274;0.0258748109034804;-0.0392188592767897;0.063010039598786;-0.0113165325297486;0.0490425088222374;-0.0580028233470336;-0.0702232392088401;0.0422407831770168;0.176458174608923
-150;0.0169999407930524;-0.0569744277007044;0.0217159790825685;-0.0872859989548144;-0.00708629670432703;-0.00954064140532545;0.0171955364062673;0.00673372181047709;-0.0750397724145933;-0.048017991721499;0.00683833709476858;-0.179136598835964;-0.0291326926272296;-0.0138919858538387;-0.107717681409861;0.0771212656253472;0.0341159635503299;0.0954452266822189;-0.0015082633443102;-0.0153640823013853;0.0256979798862937;0.0160455787927029;-0.0844557092722939;0.0801940191921152;-0.0282960180319809;0.0669545323593953;-0.0634675356721746;-0.0907509968539187;0.0803400278555599;0.178079015771566
-125;0.0212486776513926;-0.0499127805216055;0.0247570316968952;-0.0959645888941684;0.000683968337194862;-0.0152497793393918;0.0262997371309111;0.0131191919623437;-0.0830946387614715;-0.0274430080793403;-0.00888092038261998;-0.198926410226777;-0.0309481967413477;-0.0242634779219042;-0.124475339033163;0.0942641314299457;0.0358497411639289;0.121068666897881;-0.00318616272473893;-0.00695236179810368;0.0428058233718447;0.00141012066777182;-0.130923536275854;0.0978246959162085;-0.0438747212012571;0.0922086648840802;-0.0676762344695264;-0.107938194889888;0.12405316334111;0.178490198368834
-100;0.0276306334262494;-0.0380370538433281;0.0281789718907472;-0.0940163277999674;0.0143801685595308;-0.0153463520123996;0.0392324979032391;0.0232040834299847;-0.088973395112433;0.00144280122772709;-0.0213104846174531;-0.208375164218534;-0.0260464164444226;-0.0282744511410185;-0.1350729016043;0.113870506191108;0.0410399248440745;0.145447709507441;0.000767849534525133;0.00638738992226782;0.0684704236356379;-0.0109749689101032;-0.172507495709891;0.122195407059719;-0.0544389730282541;0.122661541923733;-0.0588346998455463;-0.119630341601876;0.171026455958066;0.176737180529362
-75;0.0322375584007809;-0.0191113118583681;0.0351795184140251;-0.0842516401782562;0.0347357129953707;-0.0124201052415856;0.0562558379695085;0.0402840548309949;-0.0883751435757516;0.0401826390235568;-0.0285257360279788;-0.205610369052882;-0.0160360599872589;-0.0235300675495713;-0.138489497097099;0.138778009195221;0.0465981738126054;0.16971864320129;0.00834752909676162;0.0314550705538411;0.100631409713959;-0.0166901490385499;-0.208937862107932;0.148025010897649;-0.0579894699476306;0.159239385801441;-0.04265280096735;-0.124800381164694;0.218525384459895;0.182554613608245
-50;0.0363541478065795;0.00674976293032352;0.0453752268689069;-0.0626193223778645;0.0570241022134725;-0.00687410287348893;0.0781130964103486;0.061761635002916;-0.0838141358494567;0.0842832079686054;-0.031685481735965;-0.19084670330641;0.00105990505928895;-0.0126649372003511;-0.135117926679411;0.16933807940194;0.0526899116808462;0.190490488637554;0.0196081912915034;0.0595604385385665;0.139197082848701;-0.0165027878252982;-0.236699193470444;0.180135941756073;-0.0574332896727916;0.203578532170103;-0.0153918823486346;-0.123831606321552;0.264043277144504;0.189111752765189
-25;0.0386440661591932;0.0354652039798787;0.0582154301510951;-0.0369023766248445;0.0815535273517991;-0.00165579807755627;0.10245820582658;0.0882320292328223;-0.0763549501479653;0.130780057548124;-0.0338316532356201;-0.167397854795721;0.0210557160710735;0.00126868449834738;-0.124850829192407;0.198975758716711;0.0587060613727635;0.206417073309559;0.031699609429281;0.096132728933293;0.181184961143675;-0.0128861045642691;-0.257379028286549;0.209537454302706;-0.0527687229893714;0.25312537819948;0.0142951811094123;-0.119199593995452;0.313296731492234;0.204096507637868
0;0.0383880536961988;0.0637768293221495;0.0696225732389461;-0.00766342414394208;0.106608928068986;0.00392227247890649;0.125147113672695;0.115008080859845;-0.0735708130551285;0.178439224089895;-0.0372324194760814;-0.138795413968447;0.0429633662921857;0.0154510267335182;-0.115116342291365;0.224030529518011;0.0618439768076369;0.215668988783242;0.0430590018691781;0.133789469321635;0.222214755030681;-0.0018122211339334;-0.274842976290833;0.239553914316209;-0.0476641659065104;0.299445527431987;0.0462376256542034;-0.106365909258745;0.36085575138022;0.221421187102774
25;0.0314186401030437;0.0891245689319132;0.0769361736563729;0.0186971790813574;0.129357668551984;0.00331808559813069;0.146185247869213;0.138661519936498;-0.0749171708083208;0.220164530251701;-0.0419321945253804;-0.112256248933842;0.0594047316009027;0.0283953006547311;-0.107881610006666;0.239458044701636;0.0612874219047537;0.21443488189686;0.0495604126343183;0.169365324411819;0.256552996401793;0.013458778627352;-0.290268089344046;0.265113026897971;-0.043955789991497;0.341948919246303;0.0691795255356335;-0.0927310817828107;0.399190755104768;0.233444986127527
50;0.0195354909820943;0.107269737717805;0.0796878295590757;0.0423621404026645;0.145251475201702;-0.00339928758655166;0.162058845462233;0.155386959126744;-0.0869737572469707;0.250861744519773;-0.0499079761409439;-0.0893297902465278;0.0691352052215497;0.0323139186267341;-0.107345635303926;0.24626943530178;0.0523871525317359;0.1994194138682;0.0511363723735432;0.199586941251604;0.28194991634412;0.0266040609585111;-0.307802559929211;0.281527983978847;-0.0476714949822203;0.371011319040919;0.0805016603505286;-0.0843457492292904;0.420142172739983;0.234279800253425
75;-0.00456243295359484;0.11795279743817;0.0756903964704662;0.057200268051414;0.150191553476257;-0.0214752274388673;0.166777715583725;0.161205151457302;-0.108151954022445;0.269069129843189;-0.0642530459789286;-0.0753596810406945;0.0675731631371285;0.02590831188573;-0.115615024499839;0.233753029693512;0.0345708902442919;0.170829787939323;0.0428934970492945;0.220447555950596;0.29338358367651;0.0328761741750211;-0.3280098790279;0.280646974522703;-0.0606592892240907;0.379013992346729;0.0765420270211014;-0.078798137144893;0.417021061450994;0.218011092298875
100;-0.0397544779084457;0.115848612811936;0.0591316272734954;0.0568433805066838;0.143837249250748;-0.0519962200657369;0.160645676014646;0.154575422706798;-0.142558081548905;0.269639722636716;-0.0903079176649198;-0.0751997410744163;0.0521360762799116;0.00628006914948553;-0.135627792358118;0.203123727634361;0.00583397292092671;0.125719382580793;0.0214965783607859;0.225665410847857;0.287615309853412;0.0301200520581687;-0.358213945710906;0.261440192405363;-0.0874351633782128;0.367928103018096;0.0498275525144345;-0.0804080913061641;0.38892782279681;0.184525563811363
125;-0.0899073322736764;0.0991279074522034;0.0290077406265238;0.0369507447829803;0.123934088736708;-0.0983090678002767;0.139132324116985;0.131836151675063;-0.191100010954062;0.24899219264914;-0.130023968007156;-0.0916254522499525;0.0190917366334741;-0.0296403117434894;-0.17074647487746;0.15259213227474;-0.0352703503037797;0.0648305674953628;-0.0178176441723323;0.215063614259129;0.260422144811023;0.0163222901227852;-0.400368497410823;0.223208822644663;-0.13267098518793;0.332154913274204;-0.000943807965280197;-0.0971968263371735;0.334965585887457;0.122839240565224
150;-0.151777468821163;0.0650970265454581;-0.0172897931659113;-0.00234913475754697;0.0878329265497761;-0.157773615755619;0.103468423077537;0.0905367509106319;-0.257286174272765;0.205674776726089;-0.183615806598603;-0.13050439252569;-0.0315148632507838;-0.0831469163367338;-0.224444670312067;0.0815192934488118;-0.0897285655463211;-0.0133038303927805;-0.0717319040938893;0.181588030359037;0.213731484318384;-0.0106559330723329;-0.458447194462895;0.159602278781568;-0.197252147548574;0.267909839214994;-0.0793606922179538;-0.124118337553162;0.250862290414159;0.0345233782004916
175;-0.228769514771758;0.0153705780040055;-0.0806736136603748;-0.0657752695187489;0.0340910443699762;-0.233382536766333;0.0519768281880258;0.0310777038229955;-0.339564774397362;0.138777993723706;-0.253640236123957;-0.189358615368254;-0.102636182191132;-0.155267471156826;-0.294397329793658;-0.0162966965760794;-0.160872142254681;-0.108558248316518;-0.14579984984224;0.126830954797981;0.141283846627054;-0.0527258742774242;-0.532434147430212;0.0719482255297185;-0.278270561811885;0.173653282992974;-0.185355684826814;-0.171340557206235;0.139806692259761;-0.0731130622088807
200;-0.320237965409756;-0.0530745273663333;-0.159009445873272;-0.148999866242474;-0.038496179720803;-0.326151023577915;-0.017408196552705;-0.0494378138975359;-0.438366478682995;0.0504390548949972;-0.339453398227089;-0.267129142759604;-0.192604749945264;-0.24400718742374;-0.381454319484382;-0.132662499913085;-0.246654245365036;-0.220543564428759;-0.235937219212112;0.0479033313408114;0.0404980148229599;-0.111319913520916;-0.622644886511175;-0.0370171249196537;-0.378293285188139;0.0505016956146444;-0.314454332367679;-0.234173658470147;0.000488596333996849;-0.202104411109531
225;-0.42609909592016;-0.138106436848724;-0.253217476828459;-0.258440071773566;-0.126995550767361;-0.435961707325463;-0.104232788230573;-0.145655783360197;-0.552104438968527;-0.0629599669009521;-0.43725132420881;-0.366287560761393;-0.30070874031559;-0.34901387000588;-0.487054198037083;-0.273982707806431;-0.343651982062705;-0.343887652512806;-0.340787503028671;-0.0557248820169988;-0.08421845798976;-0.18680973146893;-0.72540088226745;-0.166703506159151;-0.493209852648807;-0.0952939057540826;-0.473576447699121;-0.312034185269225;-0.164259035715438;-0.359598465819637
250;-0.54257253015704;-0.23776161816188;-0.36209048466559;-0.39006081679147;-0.228866896003822;-0.557971042527986;-0.205007581681251;-0.258534771205849;-0.682190499468122;-0.193462838303524;-0.548674419560009;-0.485390253793219;-0.429612340001078;-0.470583476836135;-0.607672543746916;-0.432384203068827;-0.450913244711391;-0.477574793008854;-0.466790206916628;-0.17961667549208;-0.235084999967419;-0.278094969832623;-0.843840009647123;-0.314984616094901;-0.627141702632812;-0.262580526940744;-0.653252761154646;-0.400116192629687;-0.34921634837938;-0.53468034738996
275;-0.66790767258468;-0.350469820442176;-0.484047195877644;-0.540784177885221;-0.3429122182558;-0.691838922965111;-0.318313634456354;-0.386727281909811;-0.822986865069932;-0.338604998609526;-0.671238981167528;-0.622063950671667;-0.576103175488016;-0.604408816511385;-0.743409641810473;-0.607075215499093;-0.567821562135701;-0.619721081248865;-0.606023291778325;-0.321679562792137;-0.405545220041931;-0.381086862344788;-0.970710015545707;-0.478532885401486;-0.774886907138179;-0.448786218626213;-0.847911594545568;-0.498056995071978;-0.553511847420564;-0.731796596235346
300;-0.800171377027476;-0.47424157538101;-0.618894597544019;-0.705484904502157;-0.466018382376046;-0.834556697771454;-0.439579728745773;-0.528798000512887;-0.972274503003362;-0.497905461368492;-0.801757253867468;-0.771190712440439;-0.73282859517998;-0.748047943593107;-0.888544383263259;-0.797238650743918;-0.689831881557962;-0.765531043571717;-0.75542265256246;-0.476926842393248;-0.592454553727756;-0.499266144752767;-1.10597292971452;-0.652916018111502;-0.932045973229968;-0.646994936032037;-1.05881047212143;-0.610513925475173;-0.763620778541756;-0.942400351634918
325;-0.937776219390964;-0.604515270065558;-0.760798414829547;-0.882926846764969;-0.598452829988859;-0.983494907896925;-0.568153175686502;-0.676106921774142;-1.12777889895267;-0.665291229013404;-0.939494931791543;-0.928451833143018;-0.898405045382904;-0.895734589377374;-1.03897782083318;-0.989876596601188;-0.815279379603704;-0.910910486993512;-0.913667438227075;-0.642803542793742;-0.78958128809566;-0.626421071503106;-1.25111342772422;-0.833081188217366;-1.098007741976;-0.852332795359496;-1.27679182555799;-0.726692423566789;-0.983876396447695;-1.1581196955466
350;-1.07745339522452;-0.739967488568115;-0.906627736062221;-1.06871354177041;-0.73392076346745;-1.13398884010408;-0.69864105865869;-0.827869044133906;-1.28706710684674;-0.83369143064912;-1.07720338712393;-1.08895359899369;-1.06831881005299;-1.04657026961832;-1.19313725541201;-1.18379433587409;-0.940323553987988;-1.05634537403139;-1.0736889930241;-0.810385983121815;-0.990469023601185;-0.758346161686629;-1.39641459140511;-1.01630137587568;-1.2670933353624;-1.05962520421435;-1.49921889141661;-0.848538791778895;-1.20493545397412;-1.37777527446966
375;-1.21651389519301;-0.876646002604774;-1.05428062429296;-1.25718242162293;-0.869070641725444;-1.28427900727282;-0.82913120281625;-0.981377638183215;-1.4455491826176;-0.996110536188097;-1.21145398300959;-1.2512985563434;-1.23652720747039;-1.19723676536068;-1.34901120511281;-1.37557845701573;-1.06036925834754;-1.19715226818518;-1.23509269179232;-0.97887521160705;-1.19450325419176;-0.893080415180067;-1.537760299762;-1.20095643023101;-1.43355656393549;-1.26348293457701;-1.71400069258414;-0.969012090904495;-1.42202540187675;-1.59189785835727
400;-1.35128818030071;-1.01127942761966;-1.20101389446374;-1.44211825122243;-0.997483308292633;-1.43202589095865;-0.954382574779538;-1.13421972496855;-1.5981479025573;-1.15075216202459;-1.34051732609171;-1.40856351774871;-1.39533825744493;-1.34192052100804;-1.49968337766894;-1.55661523260288;-1.17590215436049;-1.32800418725362;-1.39388441265193;-1.14389871127248;-1.39593909126778;-1.02350858847699;-1.67408210470645;-1.37511123421146;-1.59518411627312;-1.45802616784785;-1.91904189988924;-1.08392292995887;-1.63256403744234;-1.80363653331601
425;-1.48166628948044;-1.13990580981341;-1.34178529059312;-1.61951983569843;-1.11898755988861;-1.57419767662863;-1.0718021348868;-1.2804359162397;-1.74235424561112;-1.29427928375448;-1.46247984403093;-1.55651369025269;-1.54223089253079;-1.47869277029323;-1.64317718343536;-1.72529605569681;-1.28126656824454;-1.44948536485187;-1.54647380070937;-1.29764647746312;-1.58919987475114;-1.14644531068922;-1.80436924734065;-1.53219153807079;-1.7480303869375;-1.63515579642489;-2.11377344567722;-1.18607567819599;-1.82658146013788;-2.00306925695082
450;-1.60469800304658;-1.26131599345113;-1.47356802304289;-1.78758854905466;-1.2314314717546;-1.70506021230832;-1.1799788019482;-1.41267752673444;-1.87943159077631;-1.42401353146588;-1.571696232214;-1.69085752987256;-1.67715228776533;-1.60274100042365;-1.77560749358573;-1.87655868249553;-1.3756451042904;-1.56013445248773;-1.68864336779608;-1.43777808611101;-1.76657026829142;-1.25787428733246;-1.92497308545319;-1.67270401404054;-1.88848183174725;-1.78831912907455;-2.29069736860226;-1.28069193286664;-2.003105487963;-2.17310424054242
475;-1.71668640267668;-1.37118600992032;-1.59235941372318;-1.93740502649327;-1.33255658618464;-1.82479053347054;-1.27652847507871;-1.53417649360186;-2.00360897007849;-1.53396026159097;-1.67029354984516;-1.8106783408631;-1.79568798178536;-1.71044602687254;-1.89305636215033;-2.00822513574846;-1.45802235407645;-1.65768454248563;-1.81751277906432;-1.56172882296594;-1.92503937015033;-1.35653131162829;-2.03050429613255;-1.79857883995229;-2.00961673844563;-1.92058858708069;-2.44205820772241;-1.36497682186003;-2.15132435233335;-2.32831980582541
500;-1.8186554496034;-1.46973796853818;-1.69915270041134;-2.07145792450885;-1.42202499358119;-1.93089140071728;-1.35917813434797;-1.6412666000006;-2.11583594270531;-1.6242386526294;-1.75425996546097;-1.91272336913715;-1.89965686525064;-1.8021870488068;-1.99505497583175;-2.12188250927572;-1.52785558819529;-1.7460301321192;-1.93212631424782;-1.66775641922072;-2.06307221740837;-1.44142852580171;-2.11930409626497;-1.90304929264571;-2.11291669745003;-2.02945100880484;-2.56802274588131;-1.43473449827018;-2.27106883359933;-2.45555890975427
525;-1.9078490048825;-1.55394273624296;-1.79284238165389;-2.18699053001454;-1.49970334291217;-2.02278307553468;-1.42828134349822;-1.73257988346021;-2.21360014994241;-1.69631305990872;-1.82261093749766;-1.99881053534409;-1.98743507535793;-1.87776318064799;-2.08025796104573;-2.21943358205339;-1.58763946512869;-1.82312395957435;-2.03312181870193;-1.75426509041449;-2.17790425676145;-1.50888168003166;-2.18944167530633;-1.98746720208606;-2.19623689411682;-2.11741166210935;-2.66882053014146;-1.49127321869871;-2.36753281134907;-2.55090733457391
550;-1.99002624780045;-1.62781784097327;-1.87331946485972;-2.28524339846356;-1.56437115516743;-2.10056281096203;-1.48397826537174;-1.81043233140454;-2.29875782946034;-1.754052412056;-1.8805464927341;-2.07181392099856;-2.06049450932822;-1.94094254108918;-2.15075391252804;-2.30108772129955;-1.63662370521323;-1.89117073228863;-2.12252231766898;-1.82402309646481;-2.26969603332382;-1.56027132082757;-2.24498973246952;-2.05741573759339;-2.26061646078964;-2.18129363722509;-2.7467548814022;-1.53560498821379;-2.44031940043406;-2.63505096748604
575;-2.06397819510629;-1.69221360613455;-1.94502820832846;-2.37289919954135;-1.62148687087892;-2.16820103808279;-1.53021380271617;-1.87906227201945;-2.37431136596851;-1.80096553735992;-1.92801345001894;-2.13431553571437;-2.123529239277;-1.99791387127695;-2.21027684973055;-2.36909727262895;-1.67721927963594;-1.95165220997247;-2.20315460820184;-1.87877683446574;-2.34301481480376;-1.59829701777439;-2.28907305995675;-2.11490276128259;-2.30989695548938;-2.23169975195371;-2.80830913793663;-1.57484580232777;-2.4944170845308;-2.70401862405988
600;-2.12826082899224;-1.75049659303926;-2.0096026582681;-2.45094805245093;-1.67407681109222;-2.22849240304076;-1.57187506876766;-1.94058101490376;-2.44243973628286;-1.84041837346741;-1.97057314750565;-2.18984447958871;-2.18213714912258;-2.05033582801564;-2.2645496959384;-2.43101497296978;-1.71070974598314;-2.00797890810713;-2.27675449662493;-1.92557582612377;-2.40676270684186;-1.62987240304929;-2.32512005750788;-2.16097566707985;-2.35104104534536;-2.27685168897865;-2.85847165487242;-1.59931926843233;-2.53875276171503;-2.75472996781009
625;-2.18955248984231;-1.80464566556637;-2.06913095759605;-2.52241132758885;-1.72145463787601;-2.2846443526823;-1.61007716039411;-1.99629866432361;-2.50572145752109;-1.87738732484213;-2.0081062837097;-2.24022744910121;-2.23543229857916;-2.100094301052;-2.31372320940003;-2.49082855858896;-1.73963660084993;-2.06029167508341;-2.34490379561101;-1.96586898826402;-2.46244815580515;-1.6580669007638;-2.35239888056168;-2.1999575430514;-2.38772222796574;-2.31636520119912;-2.90322785251231;-1.62351096127348;-2.5753785712554;-2.79882872720262
650;-2.24613336140823;-1.85468962724149;-2.12301186681449;-2.58556819046929;-1.76312133332512;-2.33813616911619;-1.64542550531414;-2.0477694141875;-2.5620152022194;-1.91140136325063;-2.04154115149544;-2.2841272818252;-2.28440513117712;-2.14726081345898;-2.35360694527696;-2.54360646376124;-1.76387372934107;-2.10815707687722;-2.40843751533233;-2.00207920133427;-2.51226285911073;-1.68320456011493;-2.37743065254714;-2.23674728431017;-2.4199315329693;-2.34896247441759;-2.94103489950953;-1.64358383359359;-2.60550493100417;-2.83045559700331
675;-2.29949430508693;-1.90007870528827;-2.17307901536134;-2.64762932710954;-1.80183608697612;-2.38843023876579;-1.67420857549437;-2.09515546719078;-2.61392145373601;-1.94424899543608;-2.07022069689808;-2.32311322077826;-2.32802810917562;-2.18945973100583;-2.38831108058145;-2.59211655530375;-1.78659153741535;-2.15243155859201;-2.46635496621872;-2.03247810588448;-2.55800827112505;-1.70628451133809;-2.39713481432365;-2.26823035736187;-2.44747398104142;-2.37849828863658;-2.97264035083496;-1.66155035666113;-2.63009050455656;-2.85975791550113
700;-2.34811412127174;-1.94342967466068;-2.21843319062118;-2.70227857330285;-1.83589700423616;-2.43194922003777;-1.70175197469736;-2.13879486368909;-2.6629294191993;-1.96970384371077;-2.09512050152283;-2.35720321643274;-2.36662088096026;-2.22406122269688;-2.41748027945077;-2.63568832014818;-1.80276671391448;-2.19401189108964;-2.51938171656049;-2.0591725273679;-2.59356950227752;-1.7294402942409;-2.41380982552695;-2.29787952427413;-2.47327037019353;-2.40851944382835;-2.99750143979809;-1.67692750054789;-2.65588003984418;-2.89114658893809
725;-2.39271783811068;-1.9785483439757;-2.25731182007314;-2.75260000376925;-1.86732574498525;-2.47494402165557;-1.72469086964517;-2.17812241472872;-2.70799360663082;-1.99254418563918;-2.11450827315241;-2.3851636006492;-2.39999417551423;-2.25372040947532;-2.44185355269063;-2.67238037980421;-1.8195352280684;-2.23166341860059;-2.56715430024442;-2.08169171005533;-2.62206853249519;-1.74818471669446;-2.42703616895906;-2.32564210083218;-2.49711540457562;-2.43452534766078;-3.02187397124987;-1.68968073290006;-2.67951773007302;-2.91589325169746
750;-2.43054046462396;-2.01169494341156;-2.29136099251121;-2.79554866034725;-1.89795199010432;-2.5136823207068;-1.74674685257113;-2.21545027699945;-2.7470410131545;-2.01523648704937;-2.13192871703496;-2.40544045235338;-2.42786197521575;-2.28131535344686;-2.45851480941855;-2.70633318464921;-1.83308408391815;-2.2671752917918;-2.60990510194562;-2.0997161632729;-2.64710939910565;-1.76718357600242;-2.43853316163952;-2.34673648988821;-2.5197775219879;-2.45708995019009;-3.0369153367035;-1.70363006245476;-2.69529019284936;-2.93105070838243
775;-2.4687137683859;-2.04072799465967;-2.32155192673382;-2.83412853846109;-1.92355499108998;-2.54907358305665;-1.76569006036848;-2.24653571043611;-2.78397469176067;-2.03294319853922;-2.14690687690918;-2.42237529257103;-2.45401045160672;-2.30448196792321;-2.47153197870721;-2.73835555034651;-1.84565471661993;-2.29791340942763;-2.64701252658782;-2.11552696663947;-2.66904488504603;-1.78580989550548;-2.44752159335887;-2.36987947319958;-2.54078803990433;-2.47725480530302;-3.04897770045711;-1.71263396209205;-2.70555728608757;-2.93874593645454
800;-2.50288455633716;-2.06674744703954;-2.34979675195661;-2.8689200801133;-1.94498116613173;-2.57943461375266;-1.78413181024649;-2.27638791136401;-2.8189025905565;-2.04668130821631;-2.16069003450234;-2.43436154092914;-2.47705191918392;-2.32303980980489;-2.48375459720686;-2.76981012711138;-1.85830646247456;-2.32577825139689;-2.67985663812284;-2.13230898034622;-2.68886710438677;-1.80009533976672;-2.45102936016021;-2.38281720024358;-2.55707510547902;-2.48965118962503;-3.05364784236835;-1.71777632566857;-2.71610720965636;-2.94847542844887
825;-2.53302965736916;-2.09088437553276;-2.37598252568237;-2.90127586457614;-1.96522352972123;-2.60950010676445;-1.79828632589957;-2.30454927150708;-2.84927556670156;-2.0593485945322;-2.17004255578958;-2.44553800870683;-2.497799165286;-2.33825885801838;-2.49530055387112;-2.79894919818769;-1.86620751638663;-2.35113047411894;-2.70603306327313;-2.15120065311144;-2.70741184722267;-1.81470038637836;-2.45358695974189;-2.39480771995151;-2.57491655189338;-2.49835224112064;-3.06012412466548;-1.72270740728294;-2.72932877256613;-2.95920213922251
850;-2.55814683289891;-2.11179796901147;-2.39722646787727;-2.92780644853457;-1.98505213901529;-2.63653589517603;-1.81317782130988;-2.3310253042592;-2.87737747272001;-2.06788315329797;-2.17757270007967;-2.45168244507404;-2.51481953855421;-2.35243534780585;-2.50603976981026;-2.82488210338799;-1.87454771510011;-2.37481677783611;-2.72862508705289;-2.1667773366113;-2.72205159336653;-1.82772120147479;-2.45556860287481;-2.40047176569645;-2.59585627322104;-2.50713818965456;-3.06219362639607;-1.72352984687545;-2.73365069589086;-2.96408825276621
875;-2.58160507655617;-2.1299469818067;-2.41618115090685;-2.95191219884467;-2.00397543708949;-2.66381098370485;-1.82788037146959;-2.35492218292437;-2.90261375163895;-2.07340132923456;-2.18355280224507;-2.45490283212695;-2.53076645644239;-2.36404990677174;-2.51301918392533;-2.85163782826431;-1.87846858102283;-2.395556409671;-2.74753592635248;-2.18066773045413;-2.73116030693184;-1.84035464280016;-2.45823830364204;-2.40676235970959;-2.61208788470821;-2.51307068539052;-3.06416161596628;-1.71970960441251;-2.74067618844439;-2.96577782564562
900;-2.60351602065229;-2.14793483743957;-2.43269355567768;-2.97414119820644;-2.02213314964403;-2.68763905900701;-1.83970466852766;-2.37908788834457;-2.92436631856726;-2.07897548790006;-2.1924108303974;-2.45570276986438;-2.54352518945216;-2.37534142206004;-2.51920245791156;-2.87452932340663;-1.88294773412757;-2.41351064188184;-2.76612957540654;-2.19191852424446;-2.73843410068784;-1.85363547334952;-2.4604477654604;-2.41319022291251;-2.62881801638091;-2.51459686420071;-3.06510962219511;-1.71485233318974;-2.74833253641571;-2.96856524968817
925;-2.6251859200314;-2.16333119784444;-2.44781048354306;-2.99268714289134;-2.03929491236179;-2.70875535372385;-1.84981180442492;-2.40301470330614;-2.94578737717958;-2.0848218200061;-2.20063150003251;-2.45678524800702;-2.55142821001756;-2.38565247333839;-2.5226791608343;-2.89321240629636;-1.88392455373913;-2.42796160704953;-2.78311542735209;-2.20276100579327;-2.74295638497552;-1.86467146635093;-2.46558466429851;-2.42069328503471;-2.64732136537368;-2.51760793065487;-3.06575042141079;-1.707598684718;-2.75241495949961;-2.97089335952997
950;-2.64227951096317;-2.17735235896006;-2.46093546899266;-3.01074931993094;-2.05367671228118;-2.72740938700884;-1.85845954255369;-2.42567822187713;-2.96480881203462;-2.0890818519436;-2.2093345173177;-2.45581090753742;-2.55449602069853;-2.39402490076396;-2.52479929891731;-2.9103393461581;-1.88514643882941;-2.43956955594455;-2.79715174370944;-2.21487348912013;-2.74467944094935;-1.8783644699809;-2.47297387216511;-2.42548359377744;-2.66400319966747;-2.52115423119047;-3.06378662728729;-1.69610022424366;-2.75349249986017;-2.97024615100193
975;-2.66100741410548;-2.19129089319926;-2.47436660194169;-3.02827924475019;-2.06897208563957;-2.74654207566521;-1.86681160549541;-2.44501556551841;-2.98128813401825;-2.09035877493029;-2.21929113919578;-2.45087548629679;-2.55298650731208;-2.40100853990849;-2.52484905875146;-2.92685611675507;-1.88917638148084;-2.44891388863769;-2.81143175580622;-2.22549163308665;-2.74652363305186;-1.88651940706942;-2.47854525371146;-2.42841345030379;-2.68060871039965;-2.52472608583435;-3.05483369532544;-1.68387580649336;-2.75801846023723;-2.9605370174948
1000;-2.67930110463329;-2.20657107108035;-2.48555682260868;-3.04263876034067;-2.08449384619334;-2.76610138421569;-1.87520920578128;-2.4656872759487;-2.99517914116439;-2.08886534554299;-2.22829858179883;-2.44268721344459;-2.54809679291226;-2.406968992247;-2.52530182766372;-2.93827334197627;-1.88979279181435;-2.45542474299305;-2.82138172821005;-2.2374355641994;-2.74497191342414;-1.89404074465684;-2.48563927266627;-2.42952304534084;-2.69728208901224;-2.53130337543739;-3.0426560659146;-1.66756129171411;-2.75967597311447;-2.9472273671683
1025;-2.69610519639514;-2.22156004942025;-2.49629318166782;-3.05901485141188;-2.09732302876781;-2.78455910845383;-1.88450107838246;-2.48344603670821;-3.0070120142563;-2.0898186918274;-2.23543394983948;-2.43810435747129;-2.54417657800855;-2.41191108047157;-2.52657676076006;-2.95007022335165;-1.88899991235476;-2.4589691712985;-2.83291961833728;-2.24981171126202;-2.74422130931568;-1.90155691967249;-2.49420630451201;-2.43222236861453;-2.71098253253588;-2.53752671462484;-3.03378668665096;-1.64803017353725;-2.75937224045901;-2.93647752948874
1050;-2.70971409909689;-2.23464329997784;-2.50586655493486;-3.07124937695193;-2.11015850789432;-2.80145269338579;-1.89316876074066;-2.50045337828549;-3.01747645607872;-2.08611154129077;-2.24523855738641;-2.43325690551976;-2.54195272913575;-2.41528732070446;-2.52804320059371;-2.95568495626496;-1.88878823004097;-2.46141519714313;-2.84717478366883;-2.26387226316237;-2.73936844016754;-1.90817762450091;-2.50244558014488;-2.43843883852791;-2.72844250738676;-2.54690112688018;-3.01745724560781;-1.63002263011036;-2.75843095317955;-2.92458076613643
1075;-2.72345942316611;-2.24757853610713;-2.51608522312491;-3.07732642550659;-2.12210046180342;-2.81718417368657;-1.8991728913578;-2.51686404964806;-3.02458166950215;-2.08364426183153;-2.25472220248961;-2.43027289503702;-2.53530817458428;-2.41734353374361;-2.5314931940035;-2.96082858836092;-1.88820643486121;-2.46409201390379;-2.85826206359821;-2.27697803329195;-2.73122500099605;-1.91254639999879;-2.51119078958406;-2.44491545421912;-2.74356173559375;-2.55652650713295;-3.00313999948367;-1.61294504187029;-2.75750256495014;-2.90818584824575
1100;-2.73689395229146;-2.25893385555926;-2.52665608486415;-3.07879174537116;-2.13391641832708;-2.83119855018557;-1.90558466302223;-2.53076527146918;-3.03119103418799;-2.08422566838486;-2.26416849990821;-2.42636624082504;-2.52838838088378;-2.41681582865114;-2.53410406058768;-2.96219824722696;-1.88784855047079;-2.46660383553731;-2.87093241010394;-2.28784795085507;-2.71910829223333;-1.91874169682592;-2.52842279936884;-2.45427930591186;-2.75739207017346;-2.56098359275576;-2.98968032037729;-1.60103775651055;-2.75452547292618;-2.89574527354181
1125;-2.74979581180039;-2.2687435465425;-2.53504311840919;-3.07931881331636;-2.14902737845203;-2.84379327338163;-1.9106691995346;-2.54217673905171;-3.03807135589489;-2.08727297725936;-2.27393323442662;-2.42113604099319;-2.5221744621391;-2.41225312204346;-2.53504069539042;-2.96068402332897;-1.88954965517215;-2.46760683989682;-2.88331671233998;-2.29403409779225;-2.70486199747762;-1.92343257364586;-2.54730346910729;-2.46455451359875;-2.77115318235971;-2.56735483535267;-2.97491047296681;-1.58790086911198;-2.75755632688642;-2.88933432559201
1150;-2.76248918383541;-2.28030914317843;-2.54181532081457;-3.0768797458607;-2.16209255123767;-2.85707962127831;-1.91466382235216;-2.55685703482921;-3.04489452092892;-2.08868562492908;-2.2805450745678;-2.4186259557966;-2.51593705224598;-2.40758320536634;-2.54055380776903;-2.95672781981886;-1.88960568224636;-2.4692561837645;-2.8940464708488;-2.29723761585587;-2.68870079811495;-1.93052631000733;-2.56181443677426;-2.47939850857918;-2.77728826125743;-2.57449886648255;-2.96074416775131;-1.57924333709705;-2.75479129943949;-2.88096425160661
1175;-2.77563645971159;-2.29137762160961;-2.54937668210851;-3.07161485115664;-2.17380407759968;-2.87197374316496;-1.91865964086261;-2.57088254197093;-3.04920248047067;-2.08983535943363;-2.28722885879683;-2.41602326323899;-2.50865533190832;-2.40364955665531;-2.5440469815035;-2.95080251856097;-1.88764657276585;-2.47089341675765;-2.90875870424944;-2.30091346451663;-2.67383778044262;-1.93854496424478;-2.57531180683899;-2.49246352633161;-2.7820811802657;-2.58185748183215;-2.94489220845674;-1.56991296220492;-2.75958383723869;-2.87349014740632
1200;-2.78774454269721;-2.30423808521679;-2.55586711384813;-3.06437848794607;-2.18248886934561;-2.88716432888767;-1.92155165984575;-2.58593600667819;-3.0525119413297;-2.09058485258133;-2.29263339698567;-2.41212645104328;-2.50046044522354;-2.4015143844521;-2.54856050820782;-2.93911473590077;-1.88624195550269;-2.47043846697821;-2.92267150596022;-2.30377723812979;-2.65885499533161;-1.94705807087862;-2.58885616513098;-2.49866300155174;-2.7878112824978;-2.58827840698812;-2.93115156549656;-1.55849879068632;-2.76642203758108;-2.8622097984396
1225;-2.79827198660994;-2.31632096356118;-2.5625338935151;-3.05794616628765;-2.19061592225992;-2.89977641509178;-1.92143113722112;-2.59745038508476;-3.05709291966083;-2.08970265878179;-2.29613673560569;-2.40730259984187;-2.4927045461143;-2.40043847210156;-2.55611042980763;-2.92994853711672;-1.88395963501869;-2.4700496502412;-2.93709620317498;-2.30681282618646;-2.64266827276522;-1.95463257989942;-2.60248794431477;-2.50306456178498;-2.79353505734478;-2.59071160648995;-2.91827001636255;-1.54878844029907;-2.7737210220601;-2.85664459552703
1250;-2.8073568258463;-2.32851483734006;-2.56673681719624;-3.04827410421402;-2.19768747741791;-2.91226574054286;-1.92353413401925;-2.60906114390964;-3.06412382024649;-2.08913714566812;-2.29809318548795;-2.40050674498229;-2.48713601089417;-2.39743512801829;-2.56262915969952;-2.91741257521882;-1.88057601196624;-2.4683691633306;-2.95156736834638;-2.30952458727814;-2.62595476644077;-1.96112822333226;-2.61638678893768;-2.51005346231185;-2.79621381577686;-2.59093761941632;-2.90233710048349;-1.5392384617946;-2.7911097708334;-2.84368708855268
1275;-2.81501112923078;-2.3405715133005;-2.56989852953804;-3.0401525860896;-2.20456072735593;-2.92660097639323;-1.92513886184553;-2.62184424708128;-3.07204859936426;-2.08599926228728;-2.3012159049264;-2.39397452524419;-2.4791404585219;-2.39320131035354;-2.56899708934937;-2.90405194695703;-1.87751827868237;-2.46818953490518;-2.96247070476778;-2.31041353314245;-2.61039681564057;-1.96903341549171;-2.62479844556589;-2.51741654732117;-2.79756252998512;-2.59337506420393;-2.88840185577252;-1.5292178101875;-2.8043067679364;-2.83700363213349
1300;-2.82226842598968;-2.35373964803926;-2.572095306829;-3.03343122933683;-2.21086902412422;-2.94079162014232;-1.92748603906368;-2.63493307245516;-3.07970852167289;-2.08348329624192;-2.30049183200388;-2.38482441058541;-2.47276505931046;-2.38960991285884;-2.5784234528442;-2.89135921466316;-1.87523335839158;-2.47039525959294;-2.97081770572105;-2.31118094207783;-2.59654387450175;-1.97914762121569;-2.63273386953936;-2.52365705920564;-2.79962198545046;-2.59243242067298;-2.87820055047659;-1.52747546385972;-2.82296587798117;-2.82558174583602
1325;-2.82873542021767;-2.36534539680184;-2.57293173024885;-3.02829544211976;-2.21549845778409;-2.95359344640666;-1.92793917879757;-2.6492361842849;-3.08506295472348;-2.08350467869593;-2.29863415040229;-2.37486374075772;-2.46588429172486;-2.38534795887504;-2.59002174593143;-2.88033852495646;-1.87350209780972;-2.47021896624625;-2.97891311559228;-2.31349974254298;-2.58397921774147;-1.98727945412672;-2.63689192188282;-2.52804566601642;-2.79863693372195;-2.58865480442839;-2.87101779999102;-1.52471366402046;-2.84447243856373;-2.818628253985
1350;-2.83859508529449;-2.37691814821913;-2.57221390966102;-3.02432462821174;-2.22087082418111;-2.96643438321485;-1.92598042509244;-2.66195300550379;-3.09002926436336;-2.08057138016994;-2.29655194862468;-2.36536380823555;-2.46049489172222;-2.38398735083694;-2.6030504123183;-2.86606141457079;-1.86960119873075;-2.47054348091277;-2.9882894528814;-2.31339076305135;-2.57437458838997;-1.99484219712806;-2.64151274798357;-2.53190563045977;-2.79438050438294;-2.58110160754156;-2.86456634654786;-1.52427655795501;-2.86727037438146;-2.81520079533624
1375;-2.84500451530206;-2.38648313274993;-2.57022680097172;-3.02189626240208;-2.22756571019752;-2.97714236022758;-1.92382905151617;-2.67301544207408;-3.09403178180858;-2.07642790105583;-2.28973912260827;-2.35508459565353;-2.4549694741125;-2.3853678752055;-2.61637528025939;-2.85200001164146;-1.86433154506133;-2.47285626653394;-2.99773345191056;-2.31220605067275;-2.56429164951497;-2.00156968159475;-2.64365944392149;-2.53101547268815;-2.78728529971542;-2.57244737028783;-2.85985196581953;-1.52469189998102;-2.88852631484341;-2.80541979965195
1400;-2.85242454458489;-2.39568086511669;-2.56723047019994;-3.01939624716244;-2.23202832453022;-2.98527825758186;-1.92133291019055;-2.6827807017852;-3.0958847460354;-2.0691009828778;-2.28403430544957;-2.34353896048233;-2.44951263326202;-2.38826486231334;-2.63005155346531;-2.84457128823239;-1.85953114507748;-2.47657579372931;-3.00660035927342;-2.31023527829556;-2.55659224763272;-2.0090281998836;-2.64340126826908;-2.52486399749304;-2.7809729295007;-2.56151848126686;-2.85489299853302;-1.52486607682898;-2.91286934418065;-2.80249113813689
1425;-2.86163077129535;-2.40514719428077;-2.56570608935591;-3.01646436703537;-2.23581086521392;-2.9940469537745;-1.91883452268628;-2.69162670556167;-3.09492458199605;-2.05982981434546;-2.2767066947503;-2.33328902867178;-2.44450407827204;-2.39030251447584;-2.64459864202633;-2.84362145554116;-1.85546687716027;-2.48105290263091;-3.01468487938966;-2.30986243865281;-2.55222860576708;-2.01343793407618;-2.64295741363149;-2.51672349605385;-2.77511892777525;-2.54505601745864;-2.85298591357129;-1.52653964770709;-2.93598665270541;-2.78739502251039
1450;-2.87061941823455;-2.41385298578298;-2.56356164314284;-3.01560321166838;-2.2399284359028;-3.00008423328764;-1.91472877440631;-2.69723290340558;-3.09171647148784;-2.05017203038868;-2.26761174828763;-2.32258756062892;-2.43960595446069;-2.39198578003298;-2.65944350982978;-2.84239567453799;-1.85260525609787;-2.48452112429483;-3.0225533491525;-2.30579307650502;-2.55482641885198;-2.0137003965186;-2.64042053219996;-2.50579441533143;-2.76741194528223;-2.52430229043935;-2.84789555508162;-1.52558890337254;-2.95521273487931;-2.76919967091214
1475;-2.88059134539283;-2.42125265986;-2.56120444946175;-3.01949160396461;-2.24363308105346;-3.00404844178221;-1.91108327113001;-2.70048631865582;-3.08876687949271;-2.03718249933244;-2.25816278452568;-2.31515708835387;-2.43355913521658;-2.39859849127123;-2.6764922710908;-2.84442496811696;-1.84989196394739;-2.48954605033815;-3.0298941013489;-2.30136060748567;-2.55707042139767;-2.01168593728856;-2.64146545479908;-2.4934053353851;-2.75753148009042;-2.50311582152934;-2.84033856785621;-1.52498396513406;-2.97025768885028;-2.75823749400453
1500;-2.89050439582763;-2.42835855340775;-2.55706917445391;-3.02082176944024;-2.24332948797711;-3.00659253081046;-1.90787000314817;-2.70213953180072;-3.08598141247281;-2.0199130363203;-2.24617532497357;-2.30696544515094;-2.42637268743631;-2.40715624275033;-2.69468821733295;-2.84697379751566;-1.84782618627994;-2.49522059392064;-3.03498676514941;-2.29590464094256;-2.56083132476782;-2.00730147293875;-2.64264850439045;-2.47785170036094;-2.74623650158559;-2.48555257502008;-2.83881446249129;-1.52574098005662;-2.98778227010908;-2.74538274960045
1525;-2.90016074185636;-2.43699580672201;-2.55403330410104;-3.02382582815855;-2.24332809462384;-3.00737163033362;-1.90579544767755;-2.70162491086138;-3.08239486242805;-2.0033989099505;-2.23402594947044;-2.29798797677014;-2.41793251735847;-2.4194087780779;-2.71147500002112;-2.85169596021768;-1.84700418158688;-2.50505960129107;-3.03813541117427;-2.28962141334959;-2.56457157633363;-1.99945194022417;-2.64265962644976;-2.45951099886747;-2.7352986689716;-2.46618040687341;-2.83961665569941;-1.52332708384484;-3.00086681109511;-2.72459960645365
1550;-2.91199559260694;-2.44534229442958;-2.55016049198991;-3.0248606349141;-2.24368601818046;-3.00683335166075;-1.90456775802375;-2.69924976383158;-3.07636532414234;-1.98661462693018;-2.21978846361196;-2.28677637832878;-2.410737631683;-2.43286847604654;-2.72384940976446;-2.85696504392245;-1.84667653552258;-2.51358029222169;-3.04025647567435;-2.28125886002325;-2.57158205488505;-1.98966129005769;-2.64664392710439;-2.44047629133048;-2.72727198075496;-2.4500102555411;-2.83211061797936;-1.51980490943146;-3.00634164134301;-2.69827461743559
1575;-2.92548841200761;-2.45048409153638;-2.547140982937;-3.02590596466282;-2.24230400672969;-3.00287947693579;-1.90327186610349;-2.69423964836758;-3.07284172427814;-1.96621067100414;-2.20529960806796;-2.27718767772964;-2.40278814526749;-2.44676129556779;-2.73575325914356;-2.86488510078057;-1.84767981585767;-2.52197984273124;-3.04258998851845;-2.27218348153447;-2.58065883130512;-1.97431146875079;-2.64709102823525;-2.41933238398176;-2.7242907785717;-2.4340591991563;-2.82105826031345;-1.51374457898553;-3.00811377264596;-2.68072691017981
1600;-2.93731527175222;-2.45779379566434;-2.54634216393192;-3.02564286774664;-2.24072105664104;-2.99675198978043;-1.90274924715947;-2.6887264569981;-3.06878659323328;-1.94530891411127;-2.18646911448191;-2.26857200616913;-2.39307086573757;-2.46300024113107;-2.74935719655512;-2.87739256602567;-1.84731727702654;-2.53082074798516;-3.04367740768414;-2.2620378719457;-2.59088743815708;-1.95737133776967;-2.64697056060682;-2.39774739045771;-2.72252389888253;-2.41783802170025;-2.8137974217774;-1.50923621255751;-3.01036261872774;-2.66397446463635
1625;-2.94743024855632;-2.46381903323269;-2.54468397686061;-3.02691715076483;-2.23800022156718;-2.98948464784759;-1.90202009939279;-2.68099537654253;-3.06508854107426;-1.92294643552359;-2.1627457546493;-2.26315709065308;-2.38560246814675;-2.48140194451084;-2.76376915179457;-2.88625155838797;-1.84584086346665;-2.54046649020527;-3.04076259394645;-2.25196623026198;-2.59868009156427;-1.94119045744964;-2.64806101948211;-2.37875583968878;-2.72230434637442;-2.40443781951574;-2.80726846576152;-1.49840865372208;-3.00913205452399;-2.64752143554632
1650;-2.95660979919799;-2.4693178393579;-2.5414454329292;-3.02883689822551;-2.23577178634108;-2.98106257086044;-1.90416485905383;-2.67064092701771;-3.06433084761538;-1.90089511238474;-2.14063971320459;-2.2563706296291;-2.38218204186134;-2.50012819170896;-2.77396632040138;-2.89697144148748;-1.84670697101873;-2.55079280261567;-3.03760300355805;-2.24109847917704;-2.60323563780592;-1.9191445406587;-2.64590936435821;-2.35637581893542;-2.7213079375683;-2.38938749697644;-2.79881283193872;-1.48819475905375;-3.00080732459054;-2.63049120650963
1675;-2.96474832577933;-2.47405249923219;-2.53866908576954;-3.02970168370085;-2.23538476989227;-2.97319605196042;-1.90828398938387;-2.65946626738658;-3.06382771107665;-1.88349960022225;-2.11902986711634;-2.24964032393986;-2.38141569667987;-2.51874365531986;-2.77912762591169;-2.90792000754203;-1.84678576395534;-2.55986107091217;-3.03362207617882;-2.23203298027446;-2.60289117283427;-1.89859616830652;-2.64737225397774;-2.33913843202091;-2.71997800134274;-2.37455599619478;-2.7964582130101;-1.47485026510043;-2.99772567811953;-2.61730446704816
1700;-2.97400230134937;-2.47751569766841;-2.53598383537022;-3.02756681571889;-2.23429191036794;-2.96357889575229;-1.91169610587704;-2.64753712545814;-3.064216067058;-1.86548856055378;-2.09777259565814;-2.24123559985827;-2.3803792236746;-2.53930627117897;-2.78161836097671;-2.91863809951629;-1.8478673347738;-2.56768951211166;-3.03279672367929;-2.21932172829139;-2.60373799513929;-1.87701315860298;-2.64803489385935;-2.32601084991238;-2.71927562682473;-2.36109041195323;-2.79006764180526;-1.46440890622261;-2.98638148104137;-2.61027116782795
1725;-2.98255661191715;-2.48012034677261;-2.53242960843964;-3.02614494778985;-2.23188240658143;-2.95146875888471;-1.91665044115335;-2.63645551885961;-3.06860227043136;-1.84705150624227;-2.07353370271991;-2.23392731454187;-2.38084515825803;-2.56014690568295;-2.77923824292949;-2.92919286233659;-1.8477803880691;-2.57384830950302;-3.02883069712823;-2.20790607990834;-2.60149337432225;-1.85643886413527;-2.64655106327487;-2.31297157266698;-2.72397208322875;-2.34777334965673;-2.78793291374928;-1.45435685633779;-2.968817303697;-2.60347302020343
1750;-2.98725967567143;-2.48407804876528;-2.52836611587812;-3.02858619569323;-2.22841862363512;-2.94094485155191;-1.92167102036154;-2.62279251905441;-3.07381378381263;-1.8291160063077;-2.04912551311844;-2.22610801645903;-2.38165191692126;-2.58395942829922;-2.77414983237493;-2.93777489819454;-1.84682755664478;-2.5760862562953;-3.02368928373914;-2.19720291729587;-2.59812011257825;-1.83683381773805;-2.64132187690446;-2.30145195836004;-2.72552058209797;-2.33792802057324;-2.78503151353495;-1.44147677652588;-2.95223364081835;-2.59399765081883
1775;-2.99087116199708;-2.48890308607106;-2.52487712624232;-3.03083663791235;-2.22567723916865;-2.93336043165943;-1.92612012898216;-2.60897157979926;-3.08114742787071;-1.81204551416766;-2.02797172493757;-2.21746377346644;-2.3852316078664;-2.60922736530158;-2.76491095879702;-2.94823700972756;-1.84678770869216;-2.57574911324915;-3.01680032684837;-2.1859643620896;-2.59015597321884;-1.81780680022586;-2.63210147041236;-2.29251801170863;-2.7318565982543;-2.33587611522771;-2.78251327444339;-1.42614630346604;-2.94019652730001;-2.58085853320706
1800;-2.99086012026673;-2.49268936739663;-2.51966655782154;-3.03660031384319;-2.22218954293811;-2.92583262141808;-1.93103704041069;-2.59671024699131;-3.08899276950006;-1.79804941200255;-2.00406592328439;-2.20745472443544;-2.39293029897396;-2.63469796970285;-2.75270252002965;-2.95796037037737;-1.8447164966942;-2.5741457327076;-3.00977152523137;-2.17976744319281;-2.58175254527589;-1.80332438173595;-2.61969673104176;-2.28740818928106;-2.73158444247094;-2.33776731396237;-2.78350108574515;-1.41203997412294;-2.92360393500963;-2.56506592677569
1825;-2.98762540504687;-2.49757704936365;-2.51441367228519;-3.04634655473977;-2.21783028105433;-2.91962864011965;-1.93722326551651;-2.58566118923194;-3.09738389246476;-1.78606298609256;-1.98024273757158;-2.20311275583528;-2.403335003353;-2.65991286874557;-2.73734339024669;-2.96587380030119;-1.84054196417541;-2.57182150160737;-3.00287935971793;-2.17671928977583;-2.57392369362967;-1.78485621300041;-2.60242162778979;-2.2876004126377;-2.72973355172046;-2.33965148069805;-2.78325210876278;-1.40125484408296;-2.91189185236299;-2.55243343155488
1850;-2.98093107346389;-2.50155646003811;-2.50764602660901;-3.05418900862044;-2.21355110770488;-2.91527655350265;-1.94070272209732;-2.57434928110542;-3.1045006085139;-1.77264953444494;-1.95834213629383;-2.19739969211708;-2.41376951126288;-2.68541842750275;-2.72244776931187;-2.96992848536747;-1.83757704244141;-2.56506422562399;-2.99647791296091;-2.17602025903294;-2.55846855611505;-1.76839781669223;-2.58537254069746;-2.2932998246345;-2.72866093036193;-2.34373745155392;-2.7837218073976;-1.38895087686243;-2.90453669950901;-2.54011838111345
1875;-2.97127173964587;-2.50543298107329;-2.49966663154027;-3.0625383786162;-2.20840736800053;-2.91010038632999;-1.94209464863111;-2.56299623249593;-3.11233977340466;-1.76217736501444;-1.93561846758035;-2.19462485847136;-2.42490484365063;-2.71158917386721;-2.70733044658709;-2.97159106162197;-1.83512134972761;-2.55903090072124;-2.99092494123569;-2.1743120253478;-2.54128766906974;-1.75372348407711;-2.57113644685475;-2.30006699339935;-2.72486496226728;-2.34791724700244;-2.78998117032609;-1.37520634564064;-2.90149795716433;-2.52472924958867
1900;-2.95960397260346;-2.50717905788545;-2.4914103525608;-3.07001684556;-2.20255691255543;-2.90791125887347;-1.94420352608566;-2.55280919983209;-3.12097000735163;-1.75708324012038;-1.91331241572428;-2.19057812029825;-2.43858119738358;-2.7349681878563;-2.69132466460093;-2.97163111047712;-1.8339396655991;-2.55137927612368;-2.98633081855231;-2.17150326170437;-2.52410938285492;-1.74007350304968;-2.55836427474316;-2.31034444230732;-2.71947211687758;-2.35149385755072;-2.79562085975101;-1.36437653424395;-2.90148758130745;-2.51636679589591
1925;-2.9458085555312;-2.50984996587573;-2.48202076780364;-3.07634926084451;-2.19651502113068;-2.90891606856159;-1.94534693800941;-2.54354756195634;-3.12892319741382;-1.75551151298163;-1.89179951597362;-2.18527538206832;-2.45096469881205;-2.75371306826848;-2.67620475666754;-2.97327883684383;-1.83217736016366;-2.54165130724304;-2.98339120336277;-2.16941556000836;-2.51020726529352;-1.73106603364636;-2.54227754193452;-2.31992518737477;-2.71188335183913;-2.36054687354533;-2.80108587503747;-1.35030125817163;-2.90005036537724;-2.50661191329385
1950;-2.93105924115715;-2.51309239192327;-2.47126887043694;-3.07871458786766;-2.18870400881159;-2.91348901565644;-1.94501100016027;-2.53324565463283;-3.13709587705337;-1.75583248065718;-1.87052942584075;-2.18393915572951;-2.46331696933466;-2.77009050452404;-2.66423487685647;-2.96942879258157;-1.83018521056329;-2.53442157340448;-2.98245934972272;-2.1684844657291;-2.49317106719104;-1.72342029525962;-2.52354669629056;-2.32970884132428;-2.69996798428202;-2.37015955374013;-2.80898030863953;-1.34031341552676;-2.89743616873709;-2.49820453559866
1975;-2.91810794084513;-2.51536419212423;-2.45995575848947;-3.08377009133924;-2.1821263144322;-2.91724744900027;-1.9447667804718;-2.52234058174769;-3.14403014100884;-1.7546421801376;-1.85275276449854;-2.18122542751691;-2.47731540552549;-2.78508256729906;-2.65184089590173;-2.96530967894845;-1.82626986649181;-2.52610952420694;-2.98141483196216;-2.16519634152077;-2.4757720937579;-1.7163912952801;-2.50401708561769;-2.3367589392813;-2.69180072494037;-2.37784684995735;-2.81525266588234;-1.3302694526117;-2.90785803470718;-2.4886878619857
2000;-2.90130963858396;-2.51693684019463;-2.45070955491783;-3.08452292829466;-2.17527796941913;-2.92032087210071;-1.94318921970962;-2.51102015883691;-3.15031067403214;-1.75062778513222;-1.83449105668372;-2.17668042376358;-2.49215208829418;-2.79785939168959;-2.64171715794741;-2.95846290373327;-1.82144153267626;-2.51378244256087;-2.97875669020688;-2.16339232145279;-2.45485049328863;-1.71064010162415;-2.48378298250495;-2.34078214864317;-2.68286724583088;-2.38357387089906;-2.81772483875905;-1.31951489450261;-2.91276530366551;-2.48651151689487
2025;-2.8832390670839;-2.51769409691931;-2.44317033729356;-3.08315659264766;-2.16770057701337;-2.92099045409065;-1.93764425444312;-2.50094440864601;-3.1574492367219;-1.74782678162893;-1.81878735663676;-2.17184915580667;-2.5037244231454;-2.8064906149488;-2.6335437714508;-2.95188364363026;-1.81753170431937;-2.50097753068956;-2.9766944176183;-2.16107664591464;-2.43498567639739;-1.70419111663236;-2.46701800087853;-2.34661183318128;-2.67641246985949;-2.3884528753919;-2.82093787307124;-1.30780382549772;-2.91802942267215;-2.4789292649281
2050;-2.86699072344954;-2.51819626879519;-2.43552102745842;-3.07566894911852;-2.15968648165702;-2.92272135830072;-1.93410296425073;-2.49184352774192;-3.16490825610373;-1.7445143303022;-1.80465452881168;-2.17038573643695;-2.51370413271583;-2.81150532652706;-2.62745151820618;-2.93920025724315;-1.81338938040381;-2.48936248137388;-2.9724081970164;-2.1551005432112;-2.41977646162544;-1.69897245265545;-2.45078621071231;-2.35201006436172;-2.66932985128817;-2.39303239594454;-2.82240736201158;-1.29759813061637;-2.92585618280317;-2.46851089512847
2075;-2.85046440398656;-2.5198378850701;-2.4313940038112;-3.067498167358;-2.15276231832339;-2.92561688755042;-1.92961486184925;-2.48219019660047;-3.17160663219481;-1.74325212942633;-1.79204076963077;-2.1660553685424;-2.51778609963948;-2.81467480726616;-2.62465584604514;-2.92627443380948;-1.80694637315086;-2.47864914961375;-2.96612154641879;-2.14824900420278;-2.40553353366174;-1.69436900772931;-2.43638580435628;-2.35746474360762;-2.66178444820128;-2.39747914681052;-2.82285553746387;-1.29148252744014;-2.92798771264995;-2.45965195918453
2100;-2.83657377320028;-2.52017262388762;-2.42777128743113;-3.05703707344889;-2.14728724372041;-2.92787028040308;-1.9249178464596;-2.47470328142588;-3.17635247965023;-1.7446842137334;-1.77827562140082;-2.15855650763869;-2.52463133203845;-2.81478228297455;-2.62473188075535;-2.91158197308789;-1.79963773667671;-2.46881603836636;-2.96051693269036;-2.14085483784118;-2.39494384242386;-1.69022669905687;-2.4254671456467;-2.36087582005997;-2.65250511438065;-2.39949914882847;-2.82326660474801;-1.28652001991786;-2.93211110741087;-2.44625192781716
2125;-2.82362916605519;-2.51925664749757;-2.42459301778006;-3.04674701655795;-2.1436344412313;-2.93023307639608;-1.91799121309033;-2.46676882462959;-3.18177997761451;-1.74597065482547;-1.76671301361219;-2.14771896751879;-2.5282291507219;-2.81198926840092;-2.62409758162932;-2.89633418315825;-1.791234107451;-2.45861201948294;-2.95501839770904;-2.13535450392022;-2.38561660377788;-1.68424429746301;-2.4123229332741;-2.35986472151492;-2.64638353219688;-2.39916093375431;-2.82412231739684;-1.27850271324443;-2.93563895690497;-2.43946345715937
2150;-2.81131322099483;-2.5161522690473;-2.42212303554398;-3.03462668842167;-2.14187612591162;-2.93106711392102;-1.91085795496749;-2.45780110476379;-3.18913687012506;-1.74676756152231;-1.75891451868501;-2.13406603997376;-2.52944874902179;-2.80671557744551;-2.62110212484838;-2.87791656638153;-1.77942043561787;-2.45112252488321;-2.94879335186034;-2.12814208327907;-2.37758706407463;-1.67697312684827;-2.39943899837136;-2.3614169090393;-2.64071415310927;-2.39870386452614;-2.82417510486534;-1.27168812138097;-2.93839207741618;-2.4361343937702
2175;-2.79889970721941;-2.5140522293528;-2.42073999648335;-3.02103426733884;-2.13968643713371;-2.92932926864068;-1.90193761453983;-2.44987638670204;-3.19361257920745;-1.74699971596171;-1.75216877897227;-2.11794873227594;-2.5258056434638;-2.79933397776703;-2.61753718581534;-2.86292690446465;-1.76622419783464;-2.44474886121048;-2.94057434849203;-2.12057474867214;-2.37100751538349;-1.67138180421062;-2.38891258511448;-2.3606761143778;-2.63504171124952;-2.39750282797469;-2.82475699806087;-1.26753893081823;-2.93961118802131;-2.43665908350635
2200;-2.78736731851003;-2.51223972849907;-2.42140544444075;-3.00880159623348;-2.13802904950691;-2.92957572393049;-1.89029422295798;-2.44236051417643;-3.19640956083767;-1.74193770757061;-1.74495945895657;-2.09965867167406;-2.51721127138537;-2.79020625988809;-2.61715449966924;-2.85046530654762;-1.7518725784526;-2.43887267828201;-2.93209750152535;-2.11045857500074;-2.36636621167807;-1.66587524454781;-2.37944546239646;-2.35895380398747;-2.63289761858057;-2.39515766088285;-2.82449848642787;-1.26334837869709;-2.9447346664704;-2.4377201212489
2225;-2.77741184324144;-2.51076953204462;-2.42206462595429;-2.99623021749198;-2.13782915096769;-2.93033094717638;-1.87785393958149;-2.43523488134838;-3.19858931072993;-1.73480666693217;-1.73872153765016;-2.0797393596014;-2.50850675651402;-2.77855418269845;-2.61604959739511;-2.83819113988562;-1.73614238562127;-2.43267415468247;-2.92261670756193;-2.09881195613999;-2.3675131067524;-1.66170812308295;-2.36566767787344;-2.35901207889116;-2.63049390907258;-2.39188256020415;-2.82058898279302;-1.25930073535087;-2.94487933000338;-2.42988825592412
2250;-2.767393480571;-2.50742209861705;-2.42112825797556;-2.98552554299466;-2.13752611183328;-2.92923043757777;-1.86497990601366;-2.42832866140393;-3.19817681673498;-1.72646880688467;-1.73248041822803;-2.06465192849021;-2.49859704961739;-2.76830779221591;-2.61705311148283;-2.82289502347975;-1.7199579716644;-2.42632708130939;-2.91222931700903;-2.08487901749893;-2.37117796814363;-1.65718423985844;-2.35507899200614;-2.35954143738089;-2.62642938005606;-2.38834695843353;-2.81596448645083;-1.25762018705592;-2.93796904830451;-2.42900086900616
2275;-2.75918908572195;-2.50222414759829;-2.4207632751985;-2.97621478028547;-2.13794977112258;-2.92676857351135;-1.85181762548632;-2.41959388298276;-3.19974237889751;-1.71636281847348;-1.72668002810945;-2.05195856519409;-2.48475190355518;-2.75798833989768;-2.61868145378918;-2.81095752087468;-1.70413243240734;-2.41963884185323;-2.90099158090505;-2.06989390371759;-2.37418698755254;-1.65172168707131;-2.35035499729076;-2.35940712997115;-2.61768494665784;-2.38682633653624;-2.81377199959752;-1.26148425622689;-2.92859456769687;-2.42790972173259
2300;-2.75217233371299;-2.49943671878735;-2.42110985934361;-2.96797143476489;-2.13919728604158;-2.92349257145146;-1.83805822709222;-2.4115466596676;-3.19871380082565;-1.70677179967455;-1.72156105775492;-2.03785595868221;-2.46842416716627;-2.74509842303035;-2.62060791128895;-2.80001993412716;-1.6888320651;-2.41564375464269;-2.89030642072995;-2.05640805335825;-2.3797216100657;-1.64898488278962;-2.340834509736;-2.35701127104763;-2.60819993945369;-2.38530208787847;-2.80975297121616;-1.26129528002943;-2.92675043197488;-2.42728461460896
2325;-2.74678121645121;-2.49706922664065;-2.42130393533176;-2.96164496483183;-2.1428694510881;-2.9196128255232;-1.82534388174672;-2.40386322884575;-3.19428992187737;-1.69591496573398;-1.7197771284184;-2.02717066663228;-2.44986183820353;-2.73194125504512;-2.61895603157621;-2.78895006347721;-1.67195419147322;-2.41250791825848;-2.88108207050894;-2.04516304782693;-2.38436930673885;-1.64731942511004;-2.33253892986462;-2.35897874192111;-2.59991860942775;-2.38159616507051;-2.80752623766903;-1.26517679898128;-2.91911546004924;-2.4230582685258
2350;-2.74277506202618;-2.49239160245583;-2.41849680483405;-2.95858828632292;-2.14856197949808;-2.91602302534383;-1.81261553354058;-2.40060168532321;-3.18743367324922;-1.68237428462608;-1.7161794381183;-2.0186230226171;-2.4286007778029;-2.71852278280563;-2.61600483337117;-2.78113258101657;-1.65519676648004;-2.40849166279844;-2.87381940954868;-2.03132544494177;-2.39391922638003;-1.64955537321315;-2.32734436800805;-2.3592942907101;-2.59400684769604;-2.37928617369451;-2.80100239649742;-1.27123846030576;-2.90811493395522;-2.42000132572715
2375;-2.73990530349001;-2.48820854394652;-2.41579888793028;-2.95751567229865;-2.15332603011669;-2.91035327327976;-1.80071187217278;-2.39695148839651;-3.18134937376426;-1.66592798653584;-1.70992997011947;-2.01517651364116;-2.40501489509642;-2.70773008884699;-2.61431723793669;-2.7789593663527;-1.64095880425119;-2.40430097480866;-2.86990406209961;-2.01840548913569;-2.40386278978938;-1.65295299567858;-2.32496452333887;-2.35833121236929;-2.58872248588794;-2.3796187942195;-2.79830035278617;-1.27990697571546;-2.90048587220333;-2.41626943807633
2400;-2.73958772831288;-2.48460658124082;-2.41166654252449;-2.95948205693807;-2.15694043259154;-2.90567768284215;-1.78957373240976;-2.39520140059812;-3.17142597603137;-1.65110946979039;-1.7010840232668;-2.01472792401327;-2.38158279535537;-2.69897636358946;-2.61276527101372;-2.7765525262696;-1.62795630147169;-2.40150234358468;-2.86675566078866;-2.00668046009588;-2.41088131637738;-1.65966433090558;-2.32503657516253;-2.35897825730431;-2.58201567993186;-2.37881100417986;-2.80384444693229;-1.2886008478347;-2.89395072590642;-2.41461394237743
2425;-2.74004843789296;-2.47779056565866;-2.40532967734599;-2.96563027522609;-2.16072012161114;-2.90143464459302;-1.77954564041559;-2.39417197827678;-3.15712217942569;-1.63561423453696;-1.69237128445805;-2.02054026629744;-2.35950952535694;-2.69165187781099;-2.60917620287992;-2.77654689338076;-1.61558116894624;-2.40002129160498;-2.86372917579284;-1.99602529169919;-2.4181451223212;-1.66535032599472;-2.32090576152942;-2.35613909597744;-2.57539213921502;-2.37882956624113;-2.80694039978605;-1.29853162781789;-2.88659403312358;-2.40831870667812
2450;-2.7434792419311;-2.46853309008728;-2.39802262643161;-2.97233090460538;-2.16546252281881;-2.89883158815185;-1.77031435902398;-2.39603423942367;-3.1431914840646;-1.6247204563241;-1.68426157630349;-2.02954096760186;-2.33903234305653;-2.68450304476267;-2.60405761812318;-2.77781337268278;-1.60561614394156;-2.39810751780467;-2.86407893838374;-1.98679296222947;-2.42332370093244;-1.66880080104111;-2.32095045947474;-2.34840564553711;-2.56813417943873;-2.38009694311363;-2.81149355522631;-1.30539284111381;-2.88067071904057;-2.40216910418147
2475;-2.74874817923549;-2.45745546642111;-2.38964241505436;-2.97927962618963;-2.1687448680112;-2.89577489048383;-1.76216325927051;-2.39852725151482;-3.12447299862443;-1.6175737569033;-1.67401664319918;-2.03934905873192;-2.31905137047252;-2.67690888833985;-2.60018833456681;-2.77724120199537;-1.5987179827578;-2.39547404793986;-2.86982903669044;-1.97881242167004;-2.43406313327871;-1.67723534578774;-2.32755731199012;-2.34307150325777;-2.5668673623981;-2.38229938151925;-2.81696015401255;-1.31361212298347;-2.87711899039473;-2.39771545500508
2500;-2.75451819321241;-2.44445528318454;-2.3803399726759;-2.98411832201717;-2.1710453068994;-2.89323539768426;-1.75437951751563;-2.40335938934046;-3.10542947467966;-1.60884157455036;-1.66511133765138;-2.05127990852384;-2.30063199000812;-2.67137191279356;-2.59794259758365;-2.77946227897224;-1.59367440849592;-2.39149312563245;-2.87788023185362;-1.97112635104075;-2.44875528602949;-1.68487595024087;-2.33594901991857;-2.33418749667576;-2.57005364366473;-2.38484619534707;-2.82122102908769;-1.32372574295478;-2.87166430106812;-2.39375181505816
2525;-2.76268499575033;-2.43079590226773;-2.36992187662764;-2.98899825800919;-2.17378915503068;-2.88978424718638;-1.74815725729419;-2.41050194482177;-3.08682908426575;-1.59976280464998;-1.65583905365243;-2.06692912323005;-2.28467281548065;-2.66703487164419;-2.59340912234974;-2.78087899556055;-1.58876005797399;-2.38693579921944;-2.88622603493962;-1.96331967287944;-2.46348818395154;-1.69338568478295;-2.34369096608656;-2.32031035936944;-2.57499115558046;-2.38926987199343;-2.82925229292151;-1.33310133245337;-2.86537096158969;-2.38844837048876
2550;-2.77142872436526;-2.41393483694471;-2.35898796289301;-2.99114112322407;-2.17480841575338;-2.88635828065602;-1.74190282863725;-2.41878151366866;-3.06903592334824;-1.59267827255879;-1.64911122663308;-2.08335377013194;-2.2697624363242;-2.66416205079671;-2.58861048687894;-2.78232016542077;-1.58750259025818;-2.38082795642539;-2.8961242794162;-1.95510962523886;-2.48218736257754;-1.70219670988684;-2.35247159074287;-2.30873240105863;-2.57821618736387;-2.39674266686758;-2.83610095126658;-1.34263074855823;-2.86086025286375;-2.38295832371789
2575;-2.78305551461282;-2.39451614490012;-2.34783975904737;-2.99124537923966;-2.175466626908;-2.88307707950065;-1.73791609074103;-2.42786952495867;-3.05094277049351;-1.58604951476648;-1.64232595095851;-2.09883353413797;-2.2544439335625;-2.66175099422422;-2.58215907093608;-2.7883334820837;-1.58785374837593;-2.37391205518114;-2.90577208683048;-1.94908514792472;-2.50213627320051;-1.70997827702439;-2.36383271559992;-2.29424806091399;-2.58446095700222;-2.40537274944026;-2.84252434812925;-1.35112943612702;-2.85604003671101;-2.3785423721451
2600;-2.79335582684157;-2.37522396899409;-2.33644483033629;-2.98892539543309;-2.1755964403494;-2.87822147416886;-1.73702791270351;-2.43886799564878;-3.03515265526955;-1.58380181589812;-1.63082419501898;-2.11632830963802;-2.23947245058636;-2.65964037571218;-2.57475532063165;-2.7953548708611;-1.58665402953132;-2.36812113281499;-2.91698177366471;-1.94466447658799;-2.52528837435971;-1.7130411551246;-2.37602683601272;-2.28011930424978;-2.5880821923936;-2.410960276516;-2.85260552986896;-1.36337508152779;-2.85199525699362;-2.37269507824343
2625;-2.80230118486672;-2.35595993064231;-2.32562343571617;-2.98309161796782;-2.17441058205918;-2.87192736854956;-1.73498033208249;-2.44961416362073;-3.0204835393276;-1.58075898988149;-1.62050829660495;-2.13724768053451;-2.22577752661139;-2.65808320891396;-2.56543718025187;-2.80044465546254;-1.58448471733149;-2.36065189537662;-2.92865583661761;-1.9383250588489;-2.55108644800479;-1.71057967414985;-2.38927209737867;-2.26580227354094;-2.59365474367048;-2.41609734367625;-2.85889691555486;-1.37437013230235;-2.85119208129201;-2.37225463552317
2650;-2.80997171316914;-2.33534600784255;-2.31576305369873;-2.97197879532139;-2.1727068565425;-2.86399212499092;-1.73154503717006;-2.45958334082895;-3.0076164826106;-1.5775832807401;-1.61266345232035;-2.15761030030606;-2.21387602339583;-2.6582364573356;-2.55653986667262;-2.80759393306347;-1.58264582064858;-2.34977986380329;-2.94242283511459;-1.93096741791868;-2.57626523018949;-1.71118671567895;-2.40613683972167;-2.25041757341131;-2.598958165733;-2.4213114048313;-2.86419696143573;-1.38193485405138;-2.84673277488083;-2.36911824899052
2675;-2.81675285162433;-2.3150244494609;-2.30671678814305;-2.95827603169906;-2.17053869566221;-2.85568131566447;-1.72783845306286;-2.47045850064419;-2.99758797484993;-1.57340981850655;-1.60481206878906;-2.17738437698714;-2.20144988982329;-2.65859543308308;-2.54727365745057;-2.81528426743523;-1.5804046465199;-2.33841067643823;-2.95558391909922;-1.92463455540597;-2.60298292295115;-1.70625411992317;-2.42449387036159;-2.23323115391658;-2.60418964923735;-2.42606778594018;-2.87116592022098;-1.39338939763351;-2.84315238433808;-2.36477698532861
2700;-2.82119879122196;-2.29674848193448;-2.29701705458735;-2.94154391475702;-2.16557182967844;-2.84913753973451;-1.72491794236009;-2.47910949574551;-2.99086757807792;-1.56884196194694;-1.59969824987885;-2.19569112114828;-2.18909554404283;-2.65701545856751;-2.53680272628054;-2.82449335393781;-1.58003466127544;-2.32814739031681;-2.96906897909413;-1.92000687427819;-2.63217918048705;-1.70073000203372;-2.44027010108463;-2.21865030609624;-2.60961218085079;-2.43084719727044;-2.87575227227992;-1.4057793800796;-2.8429574333556;-2.36497405615286
2725;-2.82245942820031;-2.28004105213007;-2.28897161765836;-2.92211450674505;-2.16083612599058;-2.84399760176551;-1.72133123984432;-2.48322954284288;-2.98574888216534;-1.56381871968727;-1.59708225890426;-2.21242564659285;-2.17657366724743;-2.65624454059883;-2.52741263710571;-2.83735689834773;-1.57938684303283;-2.31873382644861;-2.98453418138895;-1.91674344640374;-2.66371657664086;-1.69400359946473;-2.45393228017826;-2.20457930239893;-2.615274757571;-2.43463405831012;-2.87971843065651;-1.41359236359045;-2.84098222798276;-2.36718933378523
2750;-2.82282569774786;-2.26530472408435;-2.28178195045658;-2.90170076215605;-2.15427000501844;-2.84064781083602;-1.71679806819865;-2.48532084989727;-2.98423744890167;-1.55779263411919;-1.59795067250683;-2.23192795661978;-2.16418916331122;-2.65614594222064;-2.51672649199791;-2.85080543302486;-1.57766571296049;-2.31145349862615;-2.99724766128112;-1.91089642658642;-2.68934105728;-1.68278823062784;-2.46707074239305;-2.18881993020432;-2.62098495254918;-2.43635360310389;-2.88660976324227;-1.42519026405173;-2.84697223493913;-2.36835349337565
2775;-2.82008927542394;-2.25171462974364;-2.27645791669355;-2.88214533207047;-2.14779481405564;-2.83646325983521;-1.71311730471213;-2.486839703642;-2.98425268476882;-1.54853353062122;-1.60308821700087;-2.24919394129562;-2.15639742809016;-2.65487434505997;-2.50616112905962;-2.86507858105068;-1.57200557076653;-2.30120502646106;-3.0074599696289;-1.90460243788817;-2.71385446434417;-1.66977095037697;-2.48000446623155;-2.17533563966341;-2.62611813297665;-2.43649628655134;-2.89376698837726;-1.4359248621324;-2.85838762242025;-2.37170848654399
2800;-2.81360012600284;-2.24121328711133;-2.27281251408962;-2.86161620128285;-2.14088893566158;-2.83313987937459;-1.70859915864784;-2.48530726559384;-2.98646256177969;-1.53998906847677;-1.6108225177314;-2.26688352482794;-2.14653587029242;-2.65277923071687;-2.49500299171552;-2.8781141566121;-1.56636470691471;-2.29196092227728;-3.01793932850112;-1.90118279903179;-2.73483406116093;-1.6579982257614;-2.48941683529657;-2.16301358329719;-2.62657760663052;-2.43511150019841;-2.90036524560904;-1.44668535037621;-2.86082229513523;-2.37740999986101
2825;-2.80651830103586;-2.23627302240678;-2.26899663101692;-2.84093086788793;-2.1321601168701;-2.82814272782746;-1.70299164404062;-2.4840113375597;-2.99132625065127;-1.53221770107951;-1.62200507477725;-2.28947824014208;-2.13531111317277;-2.64953789290421;-2.48731800206838;-2.89133951726902;-1.5627551569287;-2.28558085220047;-3.02732347376757;-1.89626513411879;-2.75853681493199;-1.64519569285435;-2.49546047162042;-2.15579707231685;-2.62876918886088;-2.43565641464844;-2.90112787517737;-1.45391036784013;-2.85632609932182;-2.38124462766867
2850;-2.7987530456369;-2.23298548362232;-2.26795371875001;-2.81854290862783;-2.12528211838817;-2.82341990808406;-1.69849682665445;-2.47902857809953;-2.99778438691647;-1.52361706587583;-1.6351119436438;-2.31305745528141;-2.1232084531661;-2.6478746105756;-2.47825889908077;-2.90491929730925;-1.55897496365289;-2.28128668737013;-3.03632307356397;-1.8906810713821;-2.77865424867884;-1.6353913985503;-2.50288849633336;-2.1528303532327;-2.6277849841831;-2.43416321745251;-2.90084722971739;-1.46216370518758;-2.85004638905323;-2.38861063753694
2875;-2.79114980441231;-2.23282626282726;-2.26868174549805;-2.79989412718956;-2.11944142700183;-2.82047792765741;-1.69457324652695;-2.46979946549497;-3.00274212819491;-1.51923548794575;-1.64903879265417;-2.33492299409249;-2.11066623340969;-2.64578462976056;-2.47008653791081;-2.91842239460268;-1.55499976388714;-2.27869380191605;-3.04375151525854;-1.88679973836891;-2.79365073430775;-1.62598352033799;-2.51238624372851;-2.15314942255309;-2.621583451316;-2.42814917019047;-2.90163994396614;-1.46821138582624;-2.84577148231582;-2.38674020744796
2900;-2.78565479744634;-2.23431099357115;-2.26872438481417;-2.78533039014941;-2.11685050517429;-2.81750924674426;-1.69402123739854;-2.45893973162335;-3.00988323617806;-1.51409534229809;-1.66583856296359;-2.35897565979665;-2.09933157856427;-2.64407249892573;-2.46188756565351;-2.93084393906268;-1.55268066649212;-2.27775685420889;-3.05178699296984;-1.88239460877994;-2.80237423752792;-1.61659745081818;-2.52035000453893;-2.15516651329308;-2.61448126810442;-2.42016405271218;-2.90314101363254;-1.47146683484114;-2.84421472046277;-2.3868291260633
2925;-2.77773732230858;-2.23902438206952;-2.26920073556463;-2.77405368152925;-2.11247064676894;-2.81578549388418;-1.69538693101589;-2.44657846194731;-3.01738297661931;-1.5131299576318;-1.68757660667103;-2.38261459512611;-2.08575174557432;-2.64160696209819;-2.44892595005399;-2.94323850251416;-1.55251465755553;-2.28026402683453;-3.0578259295061;-1.87930797963314;-2.81103883514137;-1.60316053448957;-2.52703468109339;-2.16036662623925;-2.60723845984244;-2.41021363271354;-2.90422780162537;-1.47468458590369;-2.84152086452009;-2.39245158922572
2950;-2.76872967376731;-2.2447300251036;-2.27079814001243;-2.76529381602067;-2.10643661747324;-2.81382147970683;-1.69713432885152;-2.43158446739524;-3.02489576517701;-1.51516957088386;-1.71115106112851;-2.40510725075092;-2.07175598099995;-2.6397614897793;-2.43590348289747;-2.9581204483523;-1.55144522145319;-2.28543087253466;-3.06231970950586;-1.87702681308297;-2.82104610164101;-1.59038900352863;-2.53320576498957;-2.17022514417443;-2.59840271495419;-2.4012265493556;-2.9054204843734;-1.47652860453039;-2.84059740852185;-2.40091864633792
2975;-2.7608369566596;-2.25256160161158;-2.27419356932691;-2.75814801320246;-2.09990350755136;-2.81243593057863;-1.69924278570118;-2.41634302149403;-3.03064082216095;-1.51803613368244;-1.73297220803756;-2.42799615043897;-2.05705060530033;-2.64070979375436;-2.42286035827678;-2.97120151316426;-1.55366265370276;-2.29411676687672;-3.06628238525548;-1.87306097640499;-2.83034472881319;-1.57857519551658;-2.53795443260989;-2.18143978223125;-2.58837417932109;-2.38894034759678;-2.90786948767858;-1.474643426324;-2.83923036667675;-2.40596143657528
3000;-2.75341891183505;-2.25954151971126;-2.27770050902092;-2.75655140734709;-2.09349309952525;-2.8127632522424;-1.70194620342809;-2.39976122939492;-3.0366055764663;-1.52568955492437;-1.75433494942854;-2.44763716662475;-2.04230805136236;-2.64384987503061;-2.40692358398397;-2.98073615534971;-1.55696826734019;-2.30604588237417;-3.06850217348745;-1.8717347517442;-2.83608837221022;-1.56738543758161;-2.53762613101351;-2.19518566943771;-2.57537718560405;-2.37993585369358;-2.91344132627819;-1.46921131808007;-2.84022738458997;-2.40581955981582
3025;-2.74722568806532;-2.26574136038032;-2.28036325398057;-2.75418125980223;-2.08578924305014;-2.81331498353882;-1.70458533033721;-2.38338697084214;-3.0398519623215;-1.53417473205019;-1.77675119225113;-2.46716389148175;-2.03239625440706;-2.64706091927318;-2.39027372713335;-2.98541625353052;-1.56645890870279;-2.32056140355464;-3.06933099132311;-1.87263630603923;-2.842771949901;-1.55451991632348;-2.53461704729135;-2.21093589238255;-2.56215056576548;-2.37241894797926;-2.91864602188406;-1.46113582415263;-2.83850006837976;-2.40218182364079
3050;-2.7402292224635;-2.26962585422391;-2.28185315060666;-2.75340321109233;-2.07713509583492;-2.81346232781712;-1.70968188302863;-2.36711946062234;-3.0445028106943;-1.54779680480089;-1.7952258378283;-2.4878255996328;-2.02104994900017;-2.64864676632316;-2.37633322026862;-2.98962086974174;-1.57629278917573;-2.3347433172775;-3.06778726558919;-1.87140159918773;-2.84665661697377;-1.53886408760015;-2.53284156987077;-2.22639515014141;-2.54998434167975;-2.3637423257987;-2.92249865030722;-1.45328640215123;-2.834485355993;-2.40304259880548
3075;-2.73515678461516;-2.27272226876191;-2.28335215411293;-2.7540206704015;-2.06824649352476;-2.81473290050446;-1.71407254006296;-2.34897153737122;-3.0470034071747;-1.56222913822983;-1.81290207199976;-2.50204779547812;-2.00980641943918;-2.65084538228335;-2.36126077572904;-2.9932733088728;-1.58726604781971;-2.34899933500681;-3.0650933488206;-1.86928304652394;-2.84925043101133;-1.52145426631679;-2.52815463063483;-2.24113590665338;-2.5345647915715;-2.3552442518677;-2.92477694375006;-1.44041591590358;-2.83253676783018;-2.40203319391927
3100;-2.72815224458189;-2.27732763191272;-2.28286004093448;-2.75452153382973;-2.06053625854579;-2.81668642945767;-1.71794996921892;-2.33319726753829;-3.04984470319615;-1.57593513834106;-1.83072262193384;-2.51283724525724;-2.00032002370976;-2.65478352147917;-2.34738670437745;-2.99646513676399;-1.59814469226075;-2.36363361841671;-3.06035176576348;-1.87002623306836;-2.8516538389262;-1.50598544047876;-2.52159358642883;-2.25616908121657;-2.52090141722626;-2.34818120192753;-2.92459855673368;-1.4230473154909;-2.83533162483784;-2.40502986796872
3125;-2.72167728068139;-2.28062833156601;-2.27974643287088;-2.75388529438039;-2.05229830502227;-2.81465239062635;-1.72324497290272;-2.31988626121782;-3.05220281230192;-1.58652371291238;-1.84603270499022;-2.52266630696885;-1.99081176632509;-2.6583320789091;-2.33226794130089;-2.99943869136627;-1.60918259080089;-2.37712297572594;-3.05250621349971;-1.86891236078337;-2.85493053897137;-1.48968490344708;-2.51576228182133;-2.2741670196727;-2.50653716074345;-2.34183406569237;-2.92384267422623;-1.40901543623894;-2.83108025309089;-2.40789802042565
3150;-2.71512710646179;-2.28391914804269;-2.27445573411392;-2.75477252961902;-2.04346287118013;-2.80950807970574;-1.72832088849691;-2.30851295415707;-3.05569828473939;-1.59722661529398;-1.85811891383748;-2.5326955769989;-1.98387989015241;-2.66209465272029;-2.3184592035935;-3.00273185030921;-1.62040558182694;-2.39110384494641;-3.04332909794378;-1.86914646466973;-2.856270331105;-1.47237471742534;-2.50924595091289;-2.29010940665723;-2.49255671310793;-2.33846347372506;-2.92040714699922;-1.39302461183559;-2.82189845629836;-2.40938436665805
3175;-2.70791891858994;-2.28803676638773;-2.2694147465329;-2.75414590997923;-2.03137460979339;-2.8036081416715;-1.73396468247685;-2.2991334368132;-3.06085086212492;-1.60520463419073;-1.86844994732079;-2.54055930749023;-1.98124273103639;-2.66715285656923;-2.30355433036093;-3.00633026522864;-1.63216178784929;-2.40308559690843;-3.0328406388827;-1.87102013150624;-2.85417678062817;-1.4560483627762;-2.50259091810078;-2.30227205203255;-2.47845248770941;-2.33566212756874;-2.9182828551601;-1.37721533255086;-2.8095719874603;-2.41403807037626
3200;-2.70100358020112;-2.2919357037939;-2.26400798900013;-2.75188916646937;-2.01845395299294;-2.79856590966194;-1.74048187785632;-2.29142127959034;-3.06399461558669;-1.61405416042928;-1.87947949456193;-2.54426623399914;-1.97989530441216;-2.67017739584252;-2.28867510852528;-3.00818791129794;-1.64242782644217;-2.41617720285114;-3.02004596326229;-1.87309142239781;-2.84756141904087;-1.43825450205693;-2.49052000468616;-2.31093656274488;-2.46633650628803;-2.33142590644083;-2.91552208526402;-1.36514262411691;-2.79313716217679;-2.41542308188436
3225;-2.69405098973645;-2.2924234252166;-2.25570720702661;-2.74890860578188;-2.00606983475225;-2.79247045317396;-1.74293839506509;-2.28685941872102;-3.06622439473728;-1.61800008338387;-1.88823538626653;-2.54687009190684;-1.98164176121143;-2.67321811958321;-2.2753316957601;-3.01125852116766;-1.64970661571733;-2.42743962405772;-3.00758919756709;-1.87446153456945;-2.83738404467475;-1.41827361650782;-2.47756769559293;-2.31615369653819;-2.45492805895254;-2.32998983568647;-2.90949018855351;-1.35359195482375;-2.77789954828451;-2.41350670835231
3250;-2.68753664582992;-2.29365786506253;-2.24623618514736;-2.74336601508891;-1.99230363415143;-2.78481783569727;-1.74441272552727;-2.28497789287338;-3.07147458086236;-1.62039891551031;-1.8974161289717;-2.54624600593017;-1.98519453543733;-2.67423235899352;-2.26818837293478;-3.00899888570121;-1.65640885147463;-2.43882777327268;-2.99576475984075;-1.87637046142088;-2.8271659469953;-1.40127465715874;-2.46720670400153;-2.31783531849357;-2.44339163532226;-2.32605914329607;-2.90397808585443;-1.34118653352305;-2.76248387859343;-2.41670350364173
3275;-2.67991245284306;-2.29523209018959;-2.23944645284222;-2.73548853196601;-1.98092380281655;-2.77453000570601;-1.74397025621466;-2.2843949425342;-3.07423493315233;-1.61984370511594;-1.90780664928129;-2.54285949007511;-1.99311961843014;-2.67341247479136;-2.26484115368467;-3.00409515645889;-1.65941786222678;-2.45014262739105;-2.98369145556297;-1.88240547129723;-2.81840910580392;-1.39104756193815;-2.45444690418801;-2.31802765586476;-2.43918110232198;-2.32251444157696;-2.90019730408496;-1.33113980532643;-2.74833758080034;-2.41949755802347
3300;-2.67057661168916;-2.2956149308799;-2.23240238068492;-2.72588627070321;-1.96923165337062;-2.76410500940588;-1.74363081388164;-2.28720499359851;-3.07769242365334;-1.6159763727579;-1.92236602535361;-2.53927272776714;-2.00181797102332;-2.67375085947084;-2.26296317983382;-2.99760961989963;-1.66276583034343;-2.45826889410269;-2.9713671902906;-1.88844651679636;-2.80424797268335;-1.37993629711809;-2.44019087609822;-2.31259211203975;-2.43286489200562;-2.32327128301055;-2.89515371754163;-1.32274966952989;-2.72744155929835;-2.41836656451229
3325;-2.66593729593483;-2.29335521968518;-2.22530530231421;-2.71526845072899;-1.95882989489376;-2.75141577968431;-1.74187617676601;-2.29055121962991;-3.08232936800399;-1.61098866920421;-1.94022515215604;-2.53239646013003;-2.01207263918407;-2.67420449155372;-2.2619541843512;-2.98883887458589;-1.66584657575853;-2.46781861531652;-2.9613974732075;-1.89272514821153;-2.78796221326112;-1.36923740516272;-2.42195854335418;-2.30473382248698;-2.42495400446449;-2.32250278641399;-2.88822643134872;-1.31909906623526;-2.70259500022859;-2.41880092288162
3350;-2.66324093713226;-2.29089488155072;-2.22035779609314;-2.70397365123105;-1.94901122649435;-2.7391042327596;-1.73918492474621;-2.29661863464958;-3.08493323084998;-1.60109239522774;-1.95916605023754;-2.52069040301254;-2.02089935460874;-2.67563649338498;-2.26373368946071;-2.97795334997981;-1.66758041430741;-2.47733356339418;-2.94918669570799;-1.89871091645741;-2.77603244386505;-1.359246269136;-2.40494513101815;-2.29480842016205;-2.41754859741031;-2.32077924598195;-2.87892756894817;-1.31941536547042;-2.67880562732674;-2.41308768113025
3375;-2.66013100238717;-2.28845551825091;-2.21840198944646;-2.69145390956972;-1.93710992662775;-2.7282741625143;-1.73985015597093;-2.30485305070981;-3.0862754264402;-1.59013630548222;-1.97657020982218;-2.50629976416804;-2.02783705465201;-2.67726158974224;-2.26901902279011;-2.96611424191595;-1.66652463160419;-2.48695185221892;-2.93537602336827;-1.90673554830745;-2.76104229614322;-1.35313775669865;-2.38873164775346;-2.28127046366223;-2.41096902043775;-2.31764519955953;-2.86875010465552;-1.31246903050419;-2.65779951833541;-2.40812318082713
3400;-2.65589170415524;-2.28565851803959;-2.21911809326702;-2.679390071202;-1.9266443818263;-2.71445401805254;-1.74008364908365;-2.31340557336205;-3.09008727027142;-1.57809716326786;-1.99332108633124;-2.49087679600391;-2.03355021370994;-2.67950176757889;-2.27459615901039;-2.94987645676443;-1.66307217295008;-2.49617813607355;-2.92215671610148;-1.91473730695169;-2.74936854330243;-1.34815120069461;-2.36794758997547;-2.26660677439074;-2.40234261765849;-2.31197796695519;-2.85868855784331;-1.30654252618208;-2.63726807153555;-2.4013058027537
3425;-2.65277131099182;-2.28075002939939;-2.22355589142476;-2.66550665600526;-1.91481346945484;-2.69863099494568;-1.73865607521908;-2.32114826166136;-3.09240765731764;-1.56342093050503;-2.0119004363346;-2.47628416079827;-2.03757479124166;-2.67953231012449;-2.2825472053316;-2.93240593494585;-1.65990734264632;-2.50483359367497;-2.91099927863908;-1.92339992168269;-2.74127171066044;-1.3448566376202;-2.34702744384777;-2.2494525256495;-2.39483817843627;-2.30902992203677;-2.84314368076859;-1.30335503897881;-2.61661733787622;-2.3957064068046
3450;-2.65164875480844;-2.27619637975675;-2.23202334288872;-2.65032346712715;-1.90366091729472;-2.68521609823107;-1.73752308103908;-2.32881409935131;-3.09446971319729;-1.54668908790603;-2.03079597165534;-2.46016680989389;-2.04212649733366;-2.67917109499834;-2.29485091534035;-2.91525856441428;-1.65357974410333;-2.510597159785;-2.90024470113289;-1.93423558826;-2.73230838842363;-1.34405047025762;-2.32660741890872;-2.23003560743757;-2.38766344535076;-2.30561301457369;-2.82722786634283;-1.30049947836576;-2.59568758188623;-2.38688498017012
3475;-2.65147135887018;-2.27131993064997;-2.24386451330464;-2.63839758836295;-1.89238371325412;-2.67310552278307;-1.73585978393649;-2.33629027356788;-3.09696597679156;-1.52864157766934;-2.05046087224282;-2.44265226156659;-2.04362744838446;-2.67606368996615;-2.30708434667436;-2.89645227195994;-1.64695055381775;-2.51737705298054;-2.88989989318683;-1.94380041803574;-2.7276181124493;-1.34257421749697;-2.30533503635478;-2.21206951048433;-2.38072541998462;-2.30290128998753;-2.81767581697915;-1.30128537248956;-2.57716681271541;-2.38012712583081
3500;-2.65269731998396;-2.26459874664429;-2.25873704905587;-2.62770505695713;-1.8801727668684;-2.66305059987358;-1.73442275494148;-2.3400840940268;-3.10076848778971;-1.50928064615453;-2.07242684825997;-2.42431320035147;-2.04544833123725;-2.67417292367767;-2.31963367446035;-2.87717454398819;-1.64013995666775;-2.5212407979077;-2.87895744460954;-1.95330081700262;-2.72563519576002;-1.34285902031339;-2.2847304618;-2.19584443239077;-2.37545900902875;-2.29734267484838;-2.81000501399851;-1.29976378422386;-2.55983894780384;-2.37821564446183
3525;-2.6555140763312;-2.25560549127428;-2.27905933968213;-2.61760661558342;-1.866837304103;-2.65465938085627;-1.73394645124428;-2.34087323550642;-3.10326308042107;-1.48998181589757;-2.09282753527581;-2.40744487504604;-2.04472983018263;-2.6742513797297;-2.33122416360429;-2.85984103313713;-1.63159728934331;-2.52449185905984;-2.86965471395628;-1.9624337445514;-2.72478865254207;-1.34247567876698;-2.26526699355975;-2.17646110455338;-2.3722018545813;-2.28736061874574;-2.80191616714696;-1.29442785895039;-2.54400400798943;-2.37163923687905
3550;-2.65762125849878;-2.2467454662705;-2.3021691057087;-2.6087537636266;-1.85189168066819;-2.64884710497648;-1.73372534766111;-2.3428003799857;-3.10786257481133;-1.47326702588506;-2.11346264588649;-2.39304733595034;-2.04414995271587;-2.67277425021332;-2.34098281214373;-2.84413365843839;-1.61999790214605;-2.52623610608457;-2.85962463263166;-1.96916977343105;-2.72943640780091;-1.34374585442152;-2.24818825102282;-2.15515976827717;-2.37058952643129;-2.27746953764427;-2.79627297736533;-1.28883890218269;-2.53275117479135;-2.3646749438714
3575;-2.66044838262343;-2.23698069653669;-2.33055371117561;-2.60052292631884;-1.83782150011646;-2.64452555174648;-1.73299548188261;-2.34336015601009;-3.1127952025946;-1.45527974699751;-2.13171526175646;-2.37796036540705;-2.04370222037772;-2.66884171822585;-2.34950078491565;-2.82931352556598;-1.6060345483041;-2.52497477242958;-2.85330853007234;-1.97544032994771;-2.73578309439591;-1.34511215967073;-2.22934197574444;-2.13815203072799;-2.36588056036461;-2.26754017521014;-2.79652850314889;-1.28420629227777;-2.52112788359072;-2.36428037026243
3600;-2.66460876885851;-2.22694304813343;-2.36120553837147;-2.59472833279043;-1.82484598968681;-2.64273866716378;-1.73181948117339;-2.34361020823968;-3.11615516254736;-1.44003150327775;-2.14865430244304;-2.36431078809804;-2.04074151105143;-2.66394800437929;-2.35307608115849;-2.8170290261509;-1.59261434405693;-2.52150241255787;-2.8467989737272;-1.98141092556466;-2.74300086202549;-1.34894614269216;-2.20722558452308;-2.12230773921399;-2.36054777208531;-2.25463601484068;-2.79798396828917;-1.28027926739519;-2.50692061455131;-2.36853392641667
3625;-2.66853575613974;-2.21703755091786;-2.39459488455594;-2.58849121273465;-1.81157146037866;-2.64021757253274;-1.72681758576223;-2.34328823236146;-3.12092341958992;-1.42155749867002;-2.16408157090374;-2.35215708481358;-2.03695472042407;-2.65610962488089;-2.35505273018757;-2.80749364641355;-1.5781364652879;-2.51469001366558;-2.83943401421572;-1.98755093057334;-2.75035427410561;-1.35279938025411;-2.18573953733384;-2.10827277653819;-2.35965197583709;-2.24251247486719;-2.79984860733118;-1.27308772664277;-2.49218150595212;-2.3688744788768
3650;-2.67400683639415;-2.20750478322587;-2.42639810638225;-2.58132238358828;-1.80145539457614;-2.64172775277711;-1.72464264440599;-2.34106113773784;-3.12584611433502;-1.40612052352174;-2.1771349306869;-2.33724394924794;-2.03040657211947;-2.64687103218691;-2.35441161232473;-2.79906110098156;-1.5636584289269;-2.50524517388613;-2.83151699829613;-1.99046222108084;-2.75711785141703;-1.36148018077525;-2.17063735756203;-2.09606923789675;-2.35736918570134;-2.22947328651657;-2.80380340311829;-1.26751074758822;-2.47873948891547;-2.36579778429981
3675;-2.68055724012968;-2.19905519941328;-2.4573656322286;-2.57549282895933;-1.79296525219875;-2.64592411579767;-1.72455232160785;-2.33732572813338;-3.13128520292111;-1.38925598893883;-2.1882881642585;-2.32727455523264;-2.02876651653458;-2.63660090016112;-2.35306518287636;-2.79151396434984;-1.54819961809764;-2.49464651175763;-2.82287795370487;-1.99167898175723;-2.7615212571738;-1.36891129772119;-2.15397234641727;-2.08750798531331;-2.35293050197045;-2.21408997509978;-2.80584217101564;-1.26031218692932;-2.47420519756985;-2.364452712708
3700;-2.68822664131153;-2.19328167777685;-2.48728139617482;-2.57110787910453;-1.78555064606172;-2.6509621780579;-1.72670248252704;-2.33431417828002;-3.13706045557047;-1.37177747443255;-2.19874601569515;-2.31903684831311;-2.02853009306953;-2.6237645737245;-2.34673652533086;-2.78599808244479;-1.53291412645738;-2.48227055596698;-2.81479838454653;-1.98884108892195;-2.76635831923601;-1.37799844354849;-2.13934528354727;-2.08328258013867;-2.34446664146929;-2.20073309963088;-2.81064403603362;-1.2526281994585;-2.46559507687753;-2.37017432983822
3725;-2.69495295753258;-2.18999506902997;-2.51437543264305;-2.56700816696805;-1.77813280438544;-2.65686836426698;-1.72598432747546;-2.33011831788663;-3.14344360211645;-1.35849342174497;-2.20599850836626;-2.31398990873443;-2.02857249570406;-2.60616804358876;-2.3372315903139;-2.78632351681039;-1.51737749441183;-2.47101051691231;-2.80675535610478;-1.98421747116143;-2.77401649811999;-1.38498898720681;-2.12661518537803;-2.07747306516219;-2.33603378879097;-2.18569446604551;-2.81453553353038;-1.24540006670649;-2.45956564119211;-2.37445904988475
3750;-2.70145741201561;-2.18959547847802;-2.54066456909625;-2.56293251617146;-1.77307448030583;-2.6620369433741;-1.7247336927953;-2.32491921515598;-3.15217265871173;-1.34575387367805;-2.21017775404813;-2.31047865322472;-2.02931538485887;-2.59081953402136;-2.32445934095837;-2.78814866951803;-1.50378999035205;-2.46013524849657;-2.80044087672307;-1.97463768123888;-2.77657892604697;-1.39249489986945;-2.11516023410857;-2.07320970583974;-2.32750352780334;-2.16870736213362;-2.81746297947591;-1.23250181445194;-2.45523908676893;-2.37572843650477
3775;-2.71014030512617;-2.19183414289579;-2.56508190703284;-2.55843926414999;-1.77063569062616;-2.66547926169732;-1.72245369100071;-2.32063925670402;-3.16057212942826;-1.33907886255356;-2.21406686246131;-2.30902424166273;-2.03115698526021;-2.57652216836329;-2.30771794664819;-2.78773386573418;-1.4942839403851;-2.45072363105125;-2.79730150455567;-1.96170457001665;-2.77792806169464;-1.39966944017309;-2.10383333437853;-2.07351812566212;-2.31951947438868;-2.15182191269285;-2.8264995389654;-1.22092137386449;-2.44877179855055;-2.37532993152913
3800;-2.71865318633569;-2.19272303510987;-2.58839958156625;-2.55240248084186;-1.77038392341451;-2.66932420729664;-1.72018016954516;-2.31693416594175;-3.1675487913569;-1.33832104894009;-2.21466969455482;-2.30977104867269;-2.0359032431921;-2.56060612921043;-2.2895002228097;-2.78541261896351;-1.48742313363677;-2.4441542017062;-2.79457898163828;-1.94923966931401;-2.78047611546547;-1.4075708734965;-2.0912475535221;-2.07552669386413;-2.30858394369774;-2.13449479751271;-2.83391138274339;-1.20685851337959;-2.44407020245833;-2.36388690549432
3825;-2.72663399575292;-2.19522868076564;-2.6093206207885;-2.54293601835554;-1.77160906151946;-2.67177240323134;-1.71793049638897;-2.31241868051617;-3.17407215489744;-1.33987542450138;-2.21112068025429;-2.31123657954695;-2.0421195066715;-2.54503165376767;-2.27073784556354;-2.7845578394743;-1.48345825040594;-2.4392872039722;-2.79383471690941;-1.93481526301637;-2.78180592689292;-1.41332475569568;-2.07782715706935;-2.07698885539564;-2.3007351380086;-2.11164689699085;-2.83897979138493;-1.19041824977823;-2.43472952419147;-2.35328853292454
3850;-2.73607151007004;-2.19783655787407;-2.62670248880124;-2.53301683294134;-1.77603099668146;-2.67444039694715;-1.71698501621038;-2.30934724962002;-3.18179419630795;-1.34649604266453;-2.20431405448113;-2.31084958682175;-2.047013097163;-2.53007795037806;-2.24835297263881;-2.78410076292682;-1.48135951453491;-2.43605873393547;-2.79268711256513;-1.91659934644746;-2.78203126164507;-1.41889222179846;-2.06163452324934;-2.07930628429529;-2.29351029173584;-2.09018651621637;-2.84349339887411;-1.17264190324427;-2.43259847289781;-2.34099030404169
3875;-2.74534802042098;-2.19971192489301;-2.64091073150645;-2.52122385488921;-1.78126917661532;-2.68043097465755;-1.71374887084962;-2.30653372417294;-3.18785442972315;-1.35050434982503;-2.19814597747305;-2.30954448425821;-2.05383972131848;-2.51547075067848;-2.22795279325881;-2.78039000259482;-1.48140867429642;-2.43494030888466;-2.79277267049052;-1.89809281992421;-2.78328085630755;-1.42302975040471;-2.0445886435885;-2.08200081431694;-2.28353888678499;-2.07016568986539;-2.84917942524296;-1.15537646677574;-2.43236534190725;-2.32287168624265
3900;-2.75423853056078;-2.20384056817988;-2.65049275016888;-2.50604427809937;-1.78876286890676;-2.68237177546726;-1.71292177653638;-2.3026616163046;-3.19474009005367;-1.36005014238424;-2.18911615719407;-2.31357546220864;-2.06055533330254;-2.50251621547834;-2.20983272967262;-2.77934510096659;-1.4832225578625;-2.43575308830216;-2.7910430151289;-1.88028430642286;-2.7819619579692;-1.42417616299748;-2.02659516301398;-2.08626725230029;-2.27172556526685;-2.04944611447171;-2.85323524035077;-1.13930244359258;-2.43680318330604;-2.30023166271551
3925;-2.76328200909001;-2.20621842440439;-2.65978375161242;-2.49118789634421;-1.79380279972362;-2.68105722419152;-1.71280015343042;-2.29851619281564;-3.20024644744779;-1.37012292057354;-2.1769895877279;-2.31749623692388;-2.06646642999133;-2.48987393476109;-2.19040354454641;-2.77932781296575;-1.48796749584859;-2.43774878715739;-2.79061144456863;-1.86326286715366;-2.78356989021378;-1.42167017526164;-2.00770354187173;-2.09277660198797;-2.25753545546344;-2.03154757731819;-2.85532501245149;-1.1227825077664;-2.44000190928187;-2.26868332556838
3950;-2.77167259457841;-2.20934892081582;-2.66613791040217;-2.47795285324555;-1.79838690582252;-2.67948139997996;-1.7117570375055;-2.29401360750443;-3.20501828571003;-1.38309630520485;-2.16339389953586;-2.32200390252388;-2.07524085180031;-2.47959854908919;-2.17110100277175;-2.77998679083585;-1.49318146278555;-2.43949579777268;-2.790581987016;-1.84890463711352;-2.78526441560831;-1.41687241766879;-1.98835900257511;-2.09957831934034;-2.24311942066917;-2.01513968670664;-2.85490150399951;-1.10892223343083;-2.44100996444966;-2.2342219059415
3975;-2.77738709781571;-2.21295343979478;-2.67247397451016;-2.46139432370056;-1.80141216010834;-2.68711014505305;-1.71285271166522;-2.29032565251369;-3.20928007712959;-1.39978324165669;-2.14826845123567;-2.32489700301565;-2.08451455429516;-2.47180651015466;-2.1527554514649;-2.77959437220315;-1.50024519775751;-2.44364970096128;-2.79126233680407;-1.83891778293178;-2.78727701328888;-1.41339736056705;-1.96945891466313;-2.10539768430326;-2.22791046776657;-1.99630872347645;-2.85258576159246;-1.09999984535249;-2.44578884058714;-2.19610066298419
4000;-2.78423168737475;-2.21416715832245;-2.67508914010591;-2.44522504499396;-1.80236035353166;-2.68319026320957;-1.71257479725833;-2.28464971296809;-3.21348466195881;-1.41567909514121;-2.1301560185028;-2.32886513201006;-2.09460396181453;-2.46411362915652;-2.14023777082683;-2.78167777421517;-1.50908404028401;-2.44919419159482;-2.79224843147161;-1.83155043485631;-2.78435987926259;-1.40437101065609;-1.95093398016125;-2.11076718160315;-2.21587766850088;-1.98217346126759;-2.84965180496566;-1.09266263406994;-2.44994315276338;-2.15711967327873
4025;-2.79049585003748;-2.21643793489056;-2.67497887153538;-2.43068393177257;-1.80390821449342;-2.6667273128843;-1.71249622846657;-2.27920219279439;-3.21884903753181;-1.42903865322887;-2.10682299670361;-2.33061268642053;-2.10567489284208;-2.45816564533371;-2.1301937719611;-2.78797837455284;-1.51712500952969;-2.45454902803579;-2.79706138052142;-1.82650229062144;-2.77834179647148;-1.39627457528166;-1.93617195534184;-2.11561020674264;-2.20488712611793;-1.96824955644877;-2.84869049022957;-1.08725258847615;-2.45714986388656;-2.12471125792565
4050;-2.79809935908461;-2.21997948140509;-2.67615654011041;-2.41390306308924;-1.8051989878198;-2.64208473513526;-1.71348263420079;-2.27569823236055;-3.22491683308336;-1.44240235463466;-2.07514393657194;-2.3333423880394;-2.11811688685894;-2.45201018030326;-2.12483162761538;-2.79399485717776;-1.52331734238216;-2.46107890512808;-2.80148312278247;-1.82620668738383;-2.77476061250213;-1.3895331697673;-1.9218888028652;-2.11883919046244;-2.19424112971295;-1.95605517432221;-2.85091233382272;-1.08787983101016;-2.46557184752991;-2.09709270244666
4075;-2.80518245197235;-2.22229985011119;-2.67891249862466;-2.39698534026236;-1.80702599560577;-2.61313903557204;-1.7154498343909;-2.27189827626142;-3.22940602387022;-1.45388575623307;-2.03327530736188;-2.33556288304844;-2.13229238048629;-2.44601956746503;-2.12332570177515;-2.79551221004359;-1.5302159114434;-2.46354747694939;-2.80720072975396;-1.82785965338819;-2.76394367529876;-1.38467840389103;-1.90799196370843;-2.12143249951011;-2.18371720003323;-1.94689394994824;-2.8551031261241;-1.09476056404998;-2.46789566212981;-2.07475150162255
4100;-2.81361148905141;-2.22300068820857;-2.6784318327342;-2.37976728420032;-1.80713088317136;-2.58448444721239;-1.71841587039338;-2.27032429934934;-3.23148853527746;-1.46660296633795;-2.00560499805755;-2.33641382023022;-2.14828394028899;-2.43612409358161;-2.12390417515934;-2.79860157661991;-1.53959252194375;-2.46436889312957;-2.81552076026758;-1.83395562637436;-2.74806325055102;-1.3735300981486;-1.89573496452596;-2.1251889640441;-2.16980186652956;-1.93675629193967;-2.86208260708519;-1.10632049279445;-2.46634455704516;-2.05593119031887
4125;-2.82449159381322;-2.22361183538203;-2.67726478998368;-2.36500874599896;-1.80880051635633;-2.55297626979009;-1.71779329992004;-2.26708976072163;-3.23612051065652;-1.47417327157104;-1.98680880396455;-2.33291182684541;-2.16536225176824;-2.42663316747585;-2.1259011139245;-2.80011330225808;-1.54809620199936;-2.46417705964911;-2.8257978009958;-1.84120790532295;-2.73019889802854;-1.36191617063625;-1.88424145343053;-2.12525160495539;-2.15452337834721;-1.92503231000782;-2.8659007630839;-1.12317966360437;-2.4653260606903;-2.03566273644296
4150;-2.83262082794577;-2.22261607269593;-2.67825383952325;-2.35176111996395;-1.80801884033601;-2.52472323653914;-1.71739962979322;-2.26611401415186;-3.24149496030443;-1.47756176244011;-1.9787447442793;-2.32597035830445;-2.18347166095865;-2.42254873251868;-2.12786282428161;-2.80267525350547;-1.55276300373483;-2.46171123185917;-2.8333265007879;-1.85217029980514;-2.71066003570697;-1.35121697239043;-1.87385919652932;-2.12358734267197;-2.13700617495102;-1.91196672999755;-2.87126372332033;-1.14148982921834;-2.46088804196184;-2.01705153093761
4175;-2.84060337637496;-2.21991985209128;-2.67800083338616;-2.33948726637823;-1.80561647754518;-2.52865306819662;-1.71734777644741;-2.26355258747925;-3.24860716919946;-1.476816972186;-1.97743262741992;-2.31720718992778;-2.20269796620396;-2.42673000870829;-2.1278625632997;-2.80403037128374;-1.55557808770077;-2.45552999871594;-2.83899169801236;-1.86571833345537;-2.68575159007742;-1.34265941619845;-1.86048883561309;-2.12542332701089;-2.10353463735458;-1.89566172609988;-2.87376333466944;-1.15802997669962;-2.45399096816457;-2.00932090789952
4200;-2.84980750034309;-2.21551278592767;-2.67614789591433;-2.32771503747811;-1.80269776705625;-2.54436896892315;-1.71521181488269;-2.2584848916364;-3.25395477739398;-1.47205573035288;-1.97823903797823;-2.30449091263387;-2.22001045820895;-2.437082285709;-2.12336828176649;-2.8024301132841;-1.55571803994037;-2.45093325299488;-2.84609261932171;-1.87761457418918;-2.65496540555954;-1.32874818781783;-1.84487219495221;-2.12845285711741;-2.07669511292554;-1.87819224849152;-2.87430655550898;-1.17882390557761;-2.43980845956262;-1.99652106180009
4225;-2.85604095196854;-2.20981208320224;-2.67113940161993;-2.31580717294687;-1.79766886626948;-2.56717830388126;-1.71128004365167;-2.25069518947819;-3.25387416568423;-1.46274488298797;-1.97888025523194;-2.29006269501294;-2.23903322746461;-2.44625309801579;-2.11604794123268;-2.79627581310796;-1.55145103018247;-2.44925098794592;-2.85154611653777;-1.88783903310947;-2.61991200814269;-1.32529302383792;-1.82628938315415;-2.13064036516075;-2.0576800207547;-1.86319102388222;-2.86872840747386;-1.19644388596601;-2.41950891359113;-1.98099155747983
4250;-2.86156086111155;-2.20238929550983;-2.66420491675285;-2.30324081175503;-1.79226294714691;-2.59141585020146;-1.70401253499686;-2.24201775243136;-3.24865438368755;-1.44668258619903;-1.97889684381392;-2.27186973766712;-2.25733772414325;-2.45750221659285;-2.10812710558133;-2.78268967292575;-1.53293016764838;-2.45061631110798;-2.85269574099946;-1.8916478231216;-2.57825485862802;-1.31157784397416;-1.80903014475454;-2.13138418046556;-2.04030561587364;-1.84240520700184;-2.86099940869088;-1.21167314619111;-2.38755601276326;-1.95990415168914
4275;-2.8609463877207;-2.19193760792263;-2.65444317923992;-2.28854274963212;-1.78488075925139;-2.61455394955946;-1.69204944740685;-2.23116395625426;-3.23646113952698;-1.42984136801536;-1.97448252812809;-2.24882699183007;-2.2720871539879;-2.46717302038814;-2.09883665667196;-2.76145965152264;-1.52955129323902;-2.4511827620444;-2.84838892575038;-1.88797164529343;-2.53323996525668;-1.28562709791581;-1.7910837008284;-2.12644660852932;-2.03023503991827;-1.82118767274122;-2.85160980287198;-1.22492201168273;-2.34223828860047;-1.93463169883806
4300;-2.85825572999589;-2.17646852684299;-2.64100041982181;-2.2692467059028;-1.77586909001217;-2.63278350272104;-1.6752493770586;-2.21776342671926;-3.21743468197058;-1.40564769079302;-1.96554697713849;-2.21921400340961;-2.28244534749769;-2.47589045621969;-2.08554219705865;-2.73467065392721;-1.52731721129936;-2.45087254466143;-2.83785382207481;-1.87639650821968;-2.48378057708412;-1.25020822806857;-1.76949507235946;-2.11989960904681;-2.01924025713348;-1.79517632601748;-2.83458723592604;-1.22735448561238;-2.28152396435256;-1.90266681936893
4325;-2.85345690772115;-2.16034685417159;-2.6250511011815;-2.24272783593242;-1.76765366322698;-2.64209160871845;-1.65508512207926;-2.20219284411636;-3.19434833064847;-1.3770521053033;-1.94797926814075;-2.18806121835806;-2.28497515047031;-2.48100076479243;-2.06974680219142;-2.69802166490602;-1.52162110671266;-2.44860711732578;-2.82132438756976;-1.85247516088164;-2.43284827245447;-1.20710698887795;-1.75055629447552;-2.10392029307746;-2.00446776579041;-1.76310568573138;-2.80680616376469;-1.21821078422267;-2.22096893073891;-1.85926814558045
4350;-2.84687948668993;-2.14287669291123;-2.60576469248507;-2.20721339690154;-1.75658821081494;-2.64343599587388;-1.62702224631951;-2.18999603769403;-3.16743761271708;-1.34506403029373;-1.92236199132073;-2.15271754672656;-2.28192271104223;-2.48155973434901;-2.05090621901361;-2.65756863089165;-1.5121654832816;-2.44209281103518;-2.79874988129879;-1.82057342716906;-2.38080436236614;-1.16055318237735;-1.73321422181585;-2.07763768165871;-1.98910835846087;-1.72478135874054;-2.77175541118653;-1.19501464066855;-2.1558424323812;-1.80865553219483
4375;-2.83861708242039;-2.12240571456287;-2.58456465401312;-2.17494451574775;-1.73055643298473;-2.63803816931423;-1.59513690570223;-2.16630671199456;-3.13566242483522;-1.30838262094788;-1.88603130259344;-2.11104052702556;-2.2693825903985;-2.47444904413035;-2.02528080391089;-2.62689705795761;-1.49992127168714;-2.42902605522153;-2.76489254091315;-1.78951474403696;-2.32456214712449;-1.11100029418202;-1.70796242477327;-2.04618147679788;-1.96763296789937;-1.67706811691281;-2.72852515456063;-1.16125626093996;-2.09150948668245;-1.74591847530779
4400;-2.83042516152808;-2.09534837854972;-2.5573531498846;-2.14580377230442;-1.69234817894779;-2.62127872089976;-1.56033493675659;-2.13656964576946;-3.09655935040255;-1.26564152919123;-1.84029089838961;-2.06494536370464;-2.24942429676308;-2.45939650298533;-1.99345601201667;-2.59595195022018;-1.48328176792347;-2.40979259012838;-2.725743830535;-1.75892691882231;-2.27146707384205;-1.06186700269434;-1.67543665611597;-2.00568799254879;-1.94345568062295;-1.6205154860407;-2.67139963075897;-1.11598776225065;-2.02690241543412;-1.66886446957902
4425;-2.81508804743444;-2.06248109793661;-2.52319691407196;-2.11556482713458;-1.64497595433955;-2.59107518086492;-1.52274819389999;-2.10148315002913;-3.05526482806756;-1.21911035802563;-1.78463805536945;-2.01341395661602;-2.2218329963428;-2.43349605667461;-1.95944780380506;-2.56147736200438;-1.46109458624952;-2.38378845711239;-2.68962130022015;-1.72774119256931;-2.20773974263401;-1.01451330437926;-1.63842669325174;-1.95787243113713;-1.91524499106576;-1.5561995375755;-2.60374875075331;-1.05543197762322;-1.95762980305492;-1.57618078121569
4450;-2.78476228948347;-2.01905258676313;-2.48071102794697;-2.08228281472856;-1.59055198185894;-2.55034157938922;-1.48530140475123;-2.06200168813982;-3.01185877673955;-1.16728049228089;-1.71982396114305;-1.95856539592781;-2.19382546914711;-2.39796476851608;-1.92057140295074;-2.52341050220216;-1.43385881634991;-2.35203579626764;-2.65349204199084;-1.6937278945701;-2.13422445640217;-0.973197309059278;-1.59500769031322;-1.90362568633363;-1.87921129165457;-1.48227270433137;-2.52656683265792;-0.988250705345968;-1.88551696455968;-1.47529922043014
4475;-2.74292050263882;-1.96344137429583;-2.43125694323086;-2.04568934138131;-1.53009110360974;-2.50025574392118;-1.44307916566875;-2.01791413678701;-2.96333409124571;-1.11040782055957;-1.64417624294307;-1.90265555342043;-2.16619713111855;-2.35117422780637;-1.87383187235574;-2.48493441247864;-1.39930221399853;-2.31090252624374;-2.61525306876338;-1.65866418402124;-2.05201935861349;-0.93441814117272;-1.54361246589948;-1.84349469049381;-1.83455748956769;-1.41170090342175;-2.43168991458031;-0.91618223365362;-1.81669233282426;-1.36809574692276
4500;-2.69420603035181;-1.91317263143403;-2.38012301006146;-2.00734422060248;-1.46602598106185;-2.43786061324754;-1.39835891636364;-1.96889232912851;-2.90816588735654;-1.04802963984416;-1.5602695303643;-1.84231215171572;-2.13472690192859;-2.29092418517015;-1.82325291105478;-2.44754290749013;-1.35895227894632;-2.26375484102908;-2.57732519484812;-1.62156810699178;-1.96702494176441;-0.902950553299301;-1.49038061511786;-1.77392998498149;-1.78127881438275;-1.35091496456049;-2.33978565690967;-0.846204125878682;-1.73762611198249;-1.24528599818428
4525;-2.63574667764914;-1.86807588538747;-2.32880434341318;-1.96513820851213;-1.40004607950279;-2.36643157471947;-1.35128020574649;-1.92077258397373;-2.85214681043252;-0.983434854787467;-1.48154351544861;-1.78397358812118;-2.09741186338552;-2.21702700737474;-1.77052438766279;-2.40860524656343;-1.31368240843388;-2.21114952934027;-2.54090691904224;-1.58350497689714;-1.87775431777965;-0.871457264189454;-1.43362558378742;-1.69584761723357;-1.72235050637713;-1.29092100861477;-2.25269619878064;-0.775554723974348;-1.66173284257434;-1.13139355513688
4550;-2.57136168733622;-1.83062837068569;-2.27912864135767;-1.92214559966852;-1.33594619019294;-2.28609663259099;-1.3039210954499;-1.8714663501633;-2.79605538813533;-0.91717168851701;-1.41109807688659;-1.72515070455718;-2.05488566657815;-2.14200629572841;-1.71518033199795;-2.36569363694722;-1.26454875628477;-2.15195947742299;-2.5066689331129;-1.54158478463577;-1.78828946429398;-0.841811895435267;-1.37668610883883;-1.61388595710669;-1.65748641748839;-1.23409212880227;-2.17308612748198;-0.701673096150566;-1.58417377227665;-1.0363097304129
4575;-2.50292243358602;-1.79809758931557;-2.22938852056064;-1.87830543963732;-1.27195468214129;-2.20209501949954;-1.25676747960474;-1.82340323495838;-2.73681168505628;-0.851276493489357;-1.34693778511465;-1.6683412079149;-2.01108759354633;-2.07292554008223;-1.65973186464902;-2.31953136430478;-1.21010422098406;-2.08789473081076;-2.47133721861562;-1.49654655380917;-1.70341515734131;-0.816172244765077;-1.31751396640334;-1.53152546403451;-1.58844677453705;-1.18099109883842;-2.10109942312847;-0.634059481562839;-1.5064728748945;-0.959113324534481
4600;-2.43377473383184;-1.76756488450682;-2.18185514029162;-1.83504000495253;-1.21240991773061;-2.11950117686512;-1.20909769553513;-1.78007273611295;-2.67953645030831;-0.783651985100471;-1.28718629551806;-1.61333387361176;-1.96466334634122;-2.0124553324941;-1.6034090738206;-2.27110502439795;-1.1520253628926;-2.02047018942659;-2.43225677137352;-1.44776228861586;-1.62517067103183;-0.789830098787751;-1.25840762622465;-1.44718137626948;-1.51464720682383;-1.13002077607033;-2.03217346680963;-0.563955672804597;-1.42844195707519;-0.89778121189356
4625;-2.36488823137205;-1.73983398366598;-2.13355504646451;-1.79325151422419;-1.15985137025619;-2.03665190544322;-1.16160842439047;-1.7387728774211;-2.62296809104212;-0.715951917450423;-1.23746227058612;-1.55853991377411;-1.91387592319607;-1.95792732886899;-1.5455878592221;-2.22228081492189;-1.09146770926211;-1.95049442921646;-2.3911541067731;-1.39490126270682;-1.54860859490338;-0.762465981270331;-1.19877849688736;-1.36043732415554;-1.44204338909323;-1.08117700049946;-1.96604457325955;-0.498659698866174;-1.34777789027525;-0.856911241960549
4650;-2.29687735015304;-1.71313599523518;-2.08753905146643;-1.75262433904786;-1.11554758446138;-1.9563259260646;-1.11598655019545;-1.70245652730657;-2.56720292471588;-0.65092295883191;-1.19666903487547;-1.506465384342;-1.85975253338083;-1.90964230107162;-1.48770105070504;-2.16580678638489;-1.03000534086338;-1.87643555942449;-2.34816812880905;-1.33695945833047;-1.48020000414384;-0.731642021878903;-1.13833917146604;-1.26381668461758;-1.36775723567244;-1.03569016723983;-1.90523186742031;-0.439514584885294;-1.27151081413495;-0.829304848984016
4675;-2.23274892177156;-1.68738561887964;-2.04097919492232;-1.71311182736296;-1.07842559855767;-1.87591188960043;-1.07452962979368;-1.6696022048645;-2.51120309719471;-0.587390697169695;-1.16545610567632;-1.46019860692209;-1.80336260569132;-1.86821919564114;-1.4331475448915;-2.10484578874395;-0.96790729366771;-1.80952275271983;-2.31104299045043;-1.27483144395344;-1.41817368378627;-0.696750752123786;-1.07874384553956;-1.20133642396966;-1.29421650161121;-0.990711647131887;-1.85004152163058;-0.384000778176504;-1.19307085665665;-0.806899658104784
4700;-2.17232742077522;-1.66312342785465;-1.99595939561471;-1.67426337004718;-1.04915966256455;-1.79029050717829;-1.03602952203326;-1.6392505860689;-2.45570461120533;-0.528258093564905;-1.14268390620497;-1.4176653387621;-1.74579684582882;-1.83256153559967;-1.37847606136417;-2.04115598865442;-0.90777645792814;-1.74686409717957;-2.26728143190726;-1.21024352421929;-1.36345826233828;-0.66159740089247;-1.02078548507758;-1.15029148054821;-1.21822652619988;-0.946178467591951;-1.79814977098279;-0.329710587940194;-1.11527695056711;-0.786791658108971
4725;-2.11631825156454;-1.63730032665898;-1.95298626578142;-1.63802083636399;-1.02230001191401;-1.69191802514738;-0.995642912480665;-1.61268487652891;-2.40026917109236;-0.473612877208793;-1.1300594347733;-1.37475334300757;-1.68393751176254;-1.80402743334936;-1.32290907128625;-1.97375272197774;-0.850559906259588;-1.68857186555741;-2.21399422771344;-1.14246208629193;-1.31820052554407;-0.62436277045253;-0.966619544792852;-1.10362747464992;-1.1483834507633;-0.901662186598242;-1.74540111531167;-0.276961841533548;-1.03774847039224;-0.768712336943157
4750;-2.0659231933162;-1.61137265133076;-1.91031917471164;-1.60254679942153;-0.999509319360707;-1.63694367539937;-0.953664237213602;-1.58822266379371;-2.34591791760778;-0.425648503580184;-1.12375721401836;-1.3371578613449;-1.61896593972191;-1.78167226481534;-1.26862108059086;-1.90204203237648;-0.796975017889777;-1.63704860184421;-2.15416258978223;-1.07335613162962;-1.26952311932316;-0.585642832098083;-0.917594874918436;-1.06459516708212;-1.08977982435278;-0.857153776976953;-1.69059559067897;-0.230497099082221;-0.955931820383541;-0.749941711756483
4775;-2.0181035536479;-1.58486174412678;-1.8688805267647;-1.56757071624604;-0.979630852892407;-1.6185583307527;-0.908789796314336;-1.56527498612737;-2.29302213629678;-0.380549596801024;-1.11797734875966;-1.30407078498978;-1.55398767726627;-1.76346562725858;-1.21496885938314;-1.82925971970324;-0.748035876196645;-1.59739183611111;-2.09194714884415;-0.999926143530513;-1.23829149271031;-0.544089001843254;-0.873953248771488;-1.0338962008601;-1.043890942443;-0.816128079357535;-1.63342071540847;-0.18594874452881;-0.870144997202988;-0.73046456679967
4800;-1.97661126916984;-1.55379169147919;-1.82712207498928;-1.53682433567592;-0.963901157462214;-1.62023881061965;-0.852177711026449;-1.54270287794626;-2.24018702586259;-0.338830438824313;-1.1062508693597;-1.27175079481944;-1.48888550265495;-1.74877252840174;-1.16555199385888;-1.76055353984711;-0.703726228195293;-1.56549637704667;-2.03068174039141;-0.928388473260607;-1.2192131016159;-0.497578920450135;-0.838632961230414;-1.01155691386695;-1.01272756146648;-0.774123870936884;-1.57106168408092;-0.140295553888236;-0.784774258957156;-0.704823519094638
4825;-1.94093515690448;-1.52544463414601;-1.78702842213278;-1.50901793295664;-0.953269045047368;-1.64422866970204;-0.800329794011396;-1.52118832913651;-2.19360199478603;-0.301480900030173;-1.08141395783544;-1.24064931821626;-1.42443989521898;-1.73629306920698;-1.12646529964455;-1.69567433955737;-0.663428955008445;-1.53929067531546;-1.97495401567336;-0.863643468883851;-1.20855620182459;-0.449289275488374;-0.809123832365886;-0.990429246647876;-0.992789341476273;-0.720280430291127;-1.50503614184399;-0.0958117920070099;-0.701988457647737;-0.676196663284043
4850;-1.90989695905678;-1.49344823713954;-1.74752216101094;-1.48431329160661;-0.945627499074738;-1.67788598284706;-0.760173658168987;-1.50142398873581;-2.15018208741558;-0.26621771608504;-1.0370527800097;-1.21270134880688;-1.36204787929482;-1.72092935831988;-1.09757568444261;-1.63220943370178;-0.630101821497011;-1.52023371999638;-1.92526198647597;-0.80484207709836;-1.20401926336608;-0.396329523188765;-0.786228288087945;-0.969964968135197;-0.981318728184303;-0.667760863912083;-1.43396206257416;-0.0515574211311275;-0.614854302551538;-0.647874680624573
4875;-1.88139292124353;-1.46076953398764;-1.70867011980849;-1.46382423882561;-0.939449966143241;-1.71411875308998;-0.737803142521209;-1.48022120299691;-2.11127277685658;-0.239503434776921;-0.986673693501226;-1.18546400280402;-1.3031954430006;-1.69706735259504;-1.07979721713429;-1.57254086975849;-0.604862997831947;-1.50136769146482;-1.88451905676481;-0.754434069146699;-1.19423553555567;-0.340251496748697;-0.769625814269584;-0.948393075189188;-0.974836365982612;-0.623816461624933;-1.35611705363659;-0.00716192259490387;-0.547371740067114;-0.615208461784451
4900;-1.85651565931425;-1.42629290014716;-1.66993462564084;-1.44431679335735;-0.936146516858718;-1.74560027713253;-0.726310044308783;-1.46249618989423;-2.07871624908592;-0.212635555524536;-0.930755067439252;-1.15721673775443;-1.25159751430597;-1.66050378680193;-1.0702979355371;-1.52131499319399;-0.586218005449059;-1.48911196291455;-1.84499321355746;-0.712323033702317;-1.18132425866647;-0.27660795737037;-0.756982460251291;-0.924345407967956;-0.969101204556674;-0.587713758262776;-1.27970263945596;0.0401377691494537;-0.502902516465962;-0.559141911567549
4925;-1.83498781676655;-1.39003300352635;-1.63172663851757;-1.42697751410192;-0.935247736394979;-1.76356275934139;-0.722856139476485;-1.44472406639937;-2.05453581356299;-0.18289820060215;-0.876624857926577;-1.12936708604561;-1.20661988542127;-1.61947303194851;-1.06862807102698;-1.48014785992183;-0.573366153785945;-1.4794334013402;-1.80673291309722;-0.6764182830149;-1.16246408791365;-0.22049760243063;-0.747407961374759;-0.895463493511184;-0.959110365750985;-0.553073094819311;-1.21452327915739;0.089029762889672;-0.474865089880193;-0.485318115215271
4950;-1.81915384446263;-1.35219925342402;-1.59348492362938;-1.41220498437007;-0.934048796345514;-1.78894826422588;-0.727539547040912;-1.42753822621926;-2.03825588661427;-0.152843492868842;-0.833341736391744;-1.10322161917619;-1.168074738151;-1.57600884952492;-1.0711969127121;-1.45101436774765;-0.563179286881722;-1.46699797100702;-1.77076142579068;-0.650382998750434;-1.13469660760767;-0.17324791022579;-0.738055007306919;-0.86614490753352;-0.939043292762058;-0.516425815119606;-1.15783415241501;0.136992930030053;-0.460090116868568;-0.403878160063302
4975;-1.80507958423769;-1.31512741172471;-1.55234819689908;-1.39908469002867;-0.928159936406924;-1.82523396741312;-0.73656052625103;-1.40818318983394;-2.02684082924668;-0.120860636932151;-0.794297046798493;-1.07762656668062;-1.13820428671407;-1.53193749407878;-1.07450460453763;-1.42925169255701;-0.551064203139217;-1.45204824623672;-1.74246294055487;-0.631568627131955;-1.0941235314665;-0.135288998427693;-0.724948038851942;-0.843569599201507;-0.907439262861808;-0.470259409912516;-1.10528002757085;0.188276807955239;-0.456659088623092;-0.31756545886669
5000;-1.78552795332169;-1.27801053220364;-1.50325562240234;-1.38872272646965;-0.915775478003031;-1.84612329420209;-0.749002790824499;-1.38810914453719;-2.01743603976054;-0.0893174652837129;-0.759057543309188;-1.05164420592492;-1.11571745531401;-1.47717203021062;-1.0784967377966;-1.41255956825498;-0.536287043072653;-1.43295838342007;-1.72015776455015;-0.618275098319732;-1.05337977836216;-0.113131021249886;-0.724551757278158;-0.833997982241802;-0.88185368616831;-0.410953601953683;-1.0640531457688;0.240321277559673;-0.469632284196061;-0.22554294041689
5025;-1.760290517196;-1.2434317807345;-1.45403503783559;-1.3794773261742;-0.902085013085298;-1.85590403479421;-0.761451129282506;-1.36705457185752;-2.00945971511554;-0.057262046781864;-0.729866131940321;-1.02663760109951;-1.10024869256972;-1.42804641962314;-1.08155078464343;-1.39775329850541;-0.513947790395984;-1.40908675988942;-1.70206801940828;-0.609150064080407;-1.01189768533129;-0.108441880545565;-0.70852926671564;-0.798864231715541;-0.852221284000996;-0.349712695966185;-1.03472867084696;0.306771081130751;-0.486036566577372;-0.140015973244766
5050;-1.72926111202432;-1.21241853454858;-1.41682092189684;-1.37048407888631;-0.88926428683378;-1.8532326435868;-0.772524109243128;-1.34642715322779;-2.00066049335439;-0.0286987352017066;-0.71001416032227;-1.00172001041955;-1.09001512309908;-1.39132766846597;-1.08738821920383;-1.38456456671561;-0.490724339979624;-1.37630651209278;-1.68943507684508;-0.599471805779008;-0.969519764661624;-0.099009737793266;-0.666927561859118;-0.747671433575072;-0.819330627083232;-0.29896510754494;-1.0155036646559;0.335604656938674;-0.503942076030204;-0.0659829752435728
5075;-1.69013209105153;-1.18526575217276;-1.38701982524382;-1.36132775420477;-0.878578940386936;-1.83684939164551;-0.780439587720938;-1.32685028447135;-1.98932063916227;-0.00149061541136111;-0.696701497857069;-0.973724694248298;-1.08278425074328;-1.36320037516506;-1.09020026782512;-1.37208505527567;-0.479278718788692;-1.34258477971328;-1.6787881371489;-0.586573219827042;-0.932471305962989;-0.0980801957179967;-0.629295133148493;-0.688407472495239;-0.790741242041542;-0.260023182118535;-1.00532026884493;0.352918862000034;-0.520733581790496;0.000408829453544435
5100;-1.64923606918331;-1.16239385379383;-1.36575521373063;-1.34840894538526;-0.871161710541734;-1.80582326870073;-0.783723435611143;-1.30957177069818;-1.97871378043165;0.0221592620169474;-0.690912347857764;-0.945742054552864;-1.07605527989764;-1.34417107876193;-1.09233732208321;-1.3550783763131;-0.459274819668711;-1.31481163812881;-1.6674342101593;-0.57167646472336;-0.90017000953024;-0.100336425219037;-0.60202021787857;-0.630235277722882;-0.75522819221107;-0.229699800347955;-1.00457736425605;0.367586528809336;-0.538684377772538;0.0411595161989242
5125;-1.60887231868981;-1.14826299823768;-1.35251291657113;-1.3278395331546;-0.870182082008695;-1.76094929808796;-0.780936852493228;-1.29644070453626;-1.96672090840074;0.0341704485194739;-0.689803708055078;-0.922913681938012;-1.06737920216354;-1.33419327464442;-1.09276948146414;-1.32899192105765;-0.4374657389929;-1.2872067608827;-1.65145154383641;-0.551602165108296;-0.875443839196853;-0.103730647466764;-0.586740718640707;-0.571780585609007;-0.720060251893309;-0.208781336315864;-1.00979842798107;0.378549199543989;-0.567230099158884;0.0495006095513839
5150;-1.57299105647702;-1.14087987916859;-1.34369940995098;-1.30733015726165;-0.863185293167396;-1.70644257527628;-0.76867370362783;-1.2854822800127;-1.95583628079527;0.0353179133642264;-0.691069498998007;-0.901030463143288;-1.05452077525121;-1.33453476250999;-1.08587921798959;-1.308056848134;-0.415184754166477;-1.26157994100928;-1.63024876518983;-0.521812730952197;-0.861679634239609;-0.102479496376942;-0.571715708552472;-0.523976469329775;-0.686022660994006;-0.198083796523711;-1.01785217595334;0.384306267695092;-0.59472748546576;0.0324218532316804
5175;-1.54460885374403;-1.13709527670922;-1.33903643769405;-1.29160051424807;-0.850212664824513;-1.63982239048527;-0.751595781600257;-1.26930712393838;-1.94360923285278;0.027597977005937;-0.692644524101241;-0.880270216012595;-1.0319485045939;-1.34266764808925;-1.07275963193416;-1.28844527993709;-0.393960614843396;-1.24037732411566;-1.60200930573142;-0.487371428017784;-0.859299209641325;-0.0975468879276481;-0.548537823650497;-0.489095330557895;-0.653683143703548;-0.192735558504241;-1.02101204442501;0.395949037311771;-0.621048684578901;-0.00748597539759448
5200;-1.52337417442169;-1.13215619155573;-1.33588815941303;-1.2764832292731;-0.834812277311467;-1.56629512620289;-0.727366285575239;-1.25611732679673;-1.92933081239918;0.0126559105692173;-0.691533531672244;-0.861727696884908;-1.01069701605495;-1.35561527434517;-1.05447318230346;-1.26036590999581;-0.372440461955615;-1.22258210066371;-1.57734429425026;-0.447276267980729;-0.862248577530703;-0.0943159269969821;-0.527889005315542;-0.480336641716783;-0.625292175464917;-0.189082810044426;-1.01827727834944;0.410531768868064;-0.641207541845503;-0.0659626914971019
5225;-1.49907226112279;-1.12201206649909;-1.33192941499668;-1.26185362145263;-0.817027853563218;-1.49217221772617;-0.69441034000082;-1.24731954020411;-1.91449273146003;-0.00787367505928374;-0.682578735486307;-0.844058385618208;-0.991806791176252;-1.37160538302077;-1.03132096788008;-1.22771759098736;-0.352194609021717;-1.2095466189471;-1.55246325064423;-0.405353630090096;-0.860076206158848;-0.0901723008613676;-0.510961507208017;-0.49281375452462;-0.6015391692527;-0.181708759943639;-1.01032315666635;0.430975251963631;-0.64870938684179;-0.132096282482171
5250;-1.4764019650113;-1.10138962410155;-1.3237365570037;-1.2464173475623;-0.797029960655403;-1.42408220686538;-0.650305023706807;-1.23355695424974;-1.89597721147411;-0.0315617367370346;-0.66607072582746;-0.828501688795698;-0.974505471436073;-1.38669989126738;-1.0037672200179;-1.19391978992006;-0.333914768546915;-1.19766237576966;-1.52403498864034;-0.364019695722791;-0.861198891126463;-0.0803108472148527;-0.492975597905142;-0.524751103016573;-0.580053113406471;-0.176807980269645;-0.987507541861431;0.453269213503047;-0.64801862425825;-0.199130696121262
5275;-1.45678030999408;-1.07890283780026;-1.31338443909842;-1.23159801983945;-0.775599951242911;-1.36345000145876;-0.600513779767051;-1.21673772967841;-1.87187053606482;-0.0594429782797607;-0.638888633483109;-0.811591637477066;-0.957004657139514;-1.39601860978546;-0.97222057544663;-1.16008723189846;-0.319254187673709;-1.18745302178838;-1.49386991305366;-0.325624924224079;-0.861921935381598;-0.0629855222117869;-0.477707790564249;-0.56908649393042;-0.561712827174361;-0.183350182652826;-0.950082883554399;0.477949499766095;-0.633863741105974;-0.254508715073095
5300;-1.44045776307879;-1.05953850591125;-1.30560832380548;-1.20345175222362;-0.750449491688263;-1.31124603413447;-0.556818687950583;-1.19901978043362;-1.84154187381417;-0.089010658495354;-0.609195493141666;-0.794534518906578;-0.939439411482648;-1.39378223590851;-0.941305207908772;-1.12919335480392;-0.307444918149896;-1.18332792951632;-1.46502774802653;-0.29312370938549;-0.866140670072881;-0.044494941128164;-0.464344451217681;-0.619306025953847;-0.546701518917426;-0.188606068268627;-0.913062822832523;0.503415792943152;-0.601649854316691;-0.29480043429556
5325;-1.42578135352804;-1.04029384904008;-1.29812002350803;-1.18548126715238;-0.724244065858503;-1.27411834295693;-0.521375049899132;-1.18275652607886;-1.81090375928795;-0.119395598255691;-0.581278861866741;-0.777780875421013;-0.920690333756076;-1.37730404845513;-0.911485884312369;-1.105389583928;-0.297502285596134;-1.18053512775679;-1.43712821943203;-0.267954686102506;-0.868575461057862;-0.0207683418829719;-0.452536064465989;-0.672439268581291;-0.534410528582054;-0.193134741080987;-0.869416837556177;0.531224708573829;-0.573420503744583;-0.334253836346475
5350;-1.41395005485702;-1.02190489845901;-1.28860699915832;-1.19245872349542;-0.697740968418078;-1.25363928724807;-0.49275211115988;-1.16430612411593;-1.78645362891862;-0.147011954102877;-0.555031237895461;-0.760106085280256;-0.904382412737518;-1.35914067101684;-0.885164614503634;-1.08725371723812;-0.287678260007273;-1.17836813675755;-1.41106822219494;-0.254039003288746;-0.871327492895705;0.00180446183906748;-0.442821008116662;-0.722286515944444;-0.523808421368065;-0.199895509248159;-0.819379294160149;0.561679812648011;-0.551522883114155;-0.370572732652617
5375;-1.40566717881482;-1.00315111571311;-1.27579898754755;-1.21896883276242;-0.669063729383281;-1.25521352322357;-0.471967367935745;-1.14835945276911;-1.76661349833831;-0.166574058730034;-0.52618998973031;-0.741513077335477;-0.888945501730076;-1.33785765776778;-0.862840431113478;-1.07623941100684;-0.279048193319696;-1.17579999264067;-1.38304780710564;-0.24969086100605;-0.871240800869457;0.0244983371090665;-0.434963984522708;-0.761176151970605;-0.513736880652261;-0.206194142091116;-0.763043012654532;0.59357668222865;-0.537857575918296;-0.402472061611167
5400;-1.40129694251061;-0.985424798213144;-1.26143560296774;-1.25682090067503;-0.645765305631882;-1.27864949485111;-0.459051319072742;-1.13453058228997;-1.75271201436107;-0.177205065621694;-0.49828290239474;-0.721615621719344;-0.875490900600006;-1.30588839384843;-0.84501692734677;-1.07403923840154;-0.272354749342574;-1.17142521409537;-1.35815324211214;-0.252032911352113;-0.867141595379693;0.0517118029457767;-0.429308264420446;-0.784568789727073;-0.502865739618366;-0.207526040383448;-0.698938875637182;0.632432120627465;-0.527152036733068;-0.419495565428583
5425;-1.39920261018571;-0.966824803408787;-1.24431106488457;-1.30189767425563;-0.62570065286121;-1.31559058876152;-0.457328171151471;-1.12080516977877;-1.74285457495549;-0.176808159229499;-0.471625075981649;-0.701321819359083;-0.863491150246789;-1.27334527013695;-0.830664650528273;-1.07718724332824;-0.265260146009678;-1.16393963153789;-1.34628332369743;-0.260939133500097;-0.855493901533163;0.0708393657326677;-0.423654244401677;-0.789455652399759;-0.489637267585506;-0.200992638939001;-0.626882527201812;0.674351100920248;-0.525141748722102;-0.421341953071959
5450;-1.39828542794417;-0.948308901411499;-1.22652274005514;-1.34943101179071;-0.611629175548762;-1.34928213075558;-0.46700335448317;-1.10944265170447;-1.7371631706637;-0.166309033549791;-0.447143306380796;-0.681138942035962;-0.852943537867435;-1.246078143747;-0.820143669986486;-1.08500984058705;-0.258134930608405;-1.15458265747508;-1.34641463552261;-0.27312581714622;-0.837138363469587;0.0972404633958092;-0.417326508750467;-0.787916305680204;-0.472332193693194;-0.186787705992294;-0.561433408835754;0.722169120407905;-0.534176580654889;-0.398737249937065
5475;-1.39832632190336;-0.930084010034877;-1.20377505478443;-1.39230140602104;-0.603481879194556;-1.36478990171743;-0.4846055489364;-1.0997405743037;-1.73418395739685;-0.144103012307801;-0.426054695247565;-0.661930884486302;-0.843727701819878;-1.22072820818628;-0.815094427232316;-1.09758161867124;-0.251513305519393;-1.14537590035316;-1.35641625071575;-0.287091197375936;-0.809571722433389;0.125148113848734;-0.407679902946422;-0.79345412221891;-0.449161007530149;-0.163888553972061;-0.511203139892751;0.781920318950344;-0.552505077552853;-0.350773109861428
5500;-1.3958760131898;-0.913500902751455;-1.17818469097778;-1.42727954418108;-0.595450054075729;-1.3488823148226;-0.508541304846549;-1.09215554492974;-1.73319277254596;-0.112365516240171;-0.409279947179945;-0.644724864687648;-0.835461432278967;-1.19733501168897;-0.815038358810943;-1.11368584111097;-0.245070997777608;-1.12991546986545;-1.35942766463353;-0.299717141247806;-0.771688965756947;0.151560550569452;-0.407112438405982;-0.77104336524126;-0.418956066162072;-0.132527116316389;-0.471755319833499;0.838842595650332;-0.576371285168064;-0.280093285267929
5525;-1.39563749647402;-0.897740876943074;-1.15385998853348;-1.45283906262518;-0.586964537977648;-1.31832650357849;-0.532438506262953;-1.08657621881665;-1.7313187030231;-0.0821118540293299;-0.398639578247472;-0.632139995894219;-0.823883927630398;-1.17683683675543;-0.817051075302873;-1.13196600228887;-0.238348248320328;-1.10902457682823;-1.35918347064101;-0.30965166836479;-0.716261215202011;0.177659397111421;-0.402223069641607;-0.730969088447329;-0.3912574720269;-0.0939223335366911;-0.447574610995092;0.881365861323212;-0.613355278533028;-0.193670699424697
5550;-1.39442834917659;-0.883682649816422;-1.12996888271302;-1.46758384169847;-0.580073657044021;-1.30352898253285;-0.549251964643717;-1.08390000982272;-1.72705424432684;-0.0531134058305046;-0.390804695241314;-0.624549383558416;-0.811578592259134;-1.1595639086842;-0.818421361504337;-1.1506759959762;-0.230607942712607;-1.08360775437622;-1.35612085271921;-0.313828155791184;-0.66869428806285;0.199472265394936;-0.381958298822919;-0.679996720778817;-0.365858487155642;-0.0527625364838083;-0.43527103718983;0.913286286029013;-0.655768863127675;-0.0956086706795157
5575;-1.39189262997644;-0.869870512305349;-1.1081608203386;-1.47068454287218;-0.575449482952341;-1.2872222176399;-0.551317042093253;-1.07928728552315;-1.71819410525325;-0.0264745734521826;-0.385519976612146;-0.618057437836532;-0.798659813699954;-1.1456281738588;-0.817490595707222;-1.16732250071971;-0.220824648763712;-1.04921935263899;-1.35294336735833;-0.312884638126543;-0.647733730214254;0.219080833786702;-0.350978704456953;-0.617107087778211;-0.340860665208569;-0.0155667284502833;-0.435392935140263;0.935003500275353;-0.697905303839414;0.0107005153116583
5600;-1.3891504031563;-0.856791937931811;-1.08852039110864;-1.46378196119851;-0.56889524620659;-1.27197301382895;-0.534770489379738;-1.07249809663082;-1.7080114936129;-0.00685506581277875;-0.381560006189602;-0.614784211258667;-0.783159424971983;-1.13940250153952;-0.823953668791006;-1.18110881837515;-0.208620442681037;-1.01670714314166;-1.35130264308733;-0.31119674106083;-0.634437604272051;0.239237566733092;-0.312509735314904;-0.545345422549311;-0.317984762242208;0.0260763794686009;-0.441724804780207;0.946751878090874;-0.742884866744152;0.102546897322968
5625;-1.3826160861211;-0.846910832291218;-1.07239376599984;-1.44712201380302;-0.559592241406591;-1.25489564415192;-0.519566436135185;-1.0636451323286;-1.69830676644966;0.00723734241601401;-0.375488261390976;-0.616322790956513;-0.767782508740516;-1.14063761161049;-0.835383989552695;-1.19112078240918;-0.194389360985432;-0.988146559920494;-1.35067853576261;-0.306109278531419;-0.629143142412323;0.258511235473667;-0.270006694946575;-0.464923180713484;-0.298954283657512;0.0654142089076674;-0.446557779206624;0.946717222098276;-0.780282735227363;0.159783050742531
5650;-1.37310485695086;-0.835293954948646;-1.06079607547761;-1.42168042991881;-0.547607588594443;-1.23572679942886;-0.501040628787299;-1.05292605857173;-1.6873181871107;0.00842033735039602;-0.367166041879847;-0.623605411982715;-0.751754599344765;-1.14517077677278;-0.844290045911294;-1.19629164264543;-0.178699919476627;-0.966454166967349;-1.35229874672409;-0.295702619105259;-0.630369337561953;0.27731911309608;-0.229340497527268;-0.384514520548089;-0.283013580427154;0.0717948598587374;-0.448479652825946;0.935505720863836;-0.814192017776141;0.182345504109503
5675;-1.36189329113088;-0.824242234212297;-1.05503908686601;-1.38500240225528;-0.531690716346037;-1.21703318357317;-0.483159688081095;-1.04178465360676;-1.67518300342669;-0.00286744457426971;-0.351780342946439;-0.636957171619731;-0.736621012089852;-1.15149550619538;-0.851827582466567;-1.19654297521446;-0.163898090896367;-0.952054447272232;-1.35134497255423;-0.279358026908644;-0.640502649654553;0.297572380678082;-0.183982830119188;-0.306254202763399;-0.270880207819215;0.0495980123876377;-0.446862850444115;0.917135289170491;-0.863251449642706;0.187024064657173
5700;-1.35120327673634;-0.811717490921936;-1.05335114661879;-1.33557836114281;-0.51351432033336;-1.19975171515475;-0.460667441225094;-1.03301564821033;-1.65935757217067;-0.0191479666835367;-0.327876623452435;-0.657164815147355;-0.72313935828594;-1.15908581118584;-0.854911962409261;-1.1922838578612;-0.149199010352367;-0.951597707080024;-1.34458867250046;-0.255314153920041;-0.654856029313638;0.321920277996425;-0.152322608233228;-0.239224760978459;-0.263515724826175;0.0231198339598159;-0.45338834566163;0.895607087922275;-0.895316573628125;0.168820301159292
5725;-1.34358628333446;-0.800321226848691;-1.05236421520236;-1.27346665767906;-0.50780182235418;-1.18235986296924;-0.43592333840486;-1.02487937515865;-1.64086044110287;-0.0431235899900579;-0.309763823428531;-0.68160242659135;-0.711589962309597;-1.16411684488765;-0.85530335508477;-1.18428743335567;-0.134882706205649;-0.959247353841029;-1.33470521307317;-0.230739919899202;-0.671134306104304;0.320586378471603;-0.15252835850395;-0.19020216439916;-0.258850360254024;-0.00857566506765059;-0.461418877885803;0.875908132231413;-0.91642872341911;0.129343233639496
5750;-1.33935572379915;-0.789019054878567;-1.04947052445541;-1.21099616975377;-0.499770004575231;-1.1670009940478;-0.409080972024914;-1.01836660258568;-1.62047749814698;-0.0737253371080847;-0.289737888318522;-0.709177686175257;-0.70199841454799;-1.16404528489582;-0.85092009140949;-1.17028584732953;-0.12017726257684;-0.973083310597007;-1.3239988950658;-0.204242842620401;-0.686264176817309;0.336579460644125;-0.179488553675315;-0.164315027933056;-0.259079442517349;-0.0440105538648069;-0.466985090277009;0.86242655012916;-0.924247513607111;0.0740808256531127
5775;-1.33174762953598;-0.77871158431149;-1.04058167835456;-1.15206748067994;-0.490757611646617;-1.15443024367811;-0.379774223123044;-1.01367766898197;-1.5955475165948;-0.109425658861367;-0.268547470009698;-0.737053214478336;-0.69655384919483;-1.15482036126851;-0.844120042879638;-1.15202814987606;-0.106365221367248;-0.986695163504042;-1.30920898513155;-0.175415604652222;-0.709227072043469;0.365094973196227;-0.231127239573449;-0.167555547672563;-0.260509648653393;-0.0811169380977258;-0.472042603952939;0.859869433393362;-0.919321273593005;0.010334837923285
5800;-1.32369883128477;-0.767812570688195;-1.02285281529139;-1.09948327132199;-0.486664732738781;-1.14566338049551;-0.35237505747218;-1.01044807190333;-1.56813183966828;-0.146849464253165;-0.245959836056651;-0.763673081808122;-0.69403940156108;-1.13719186406278;-0.835412668103316;-1.12701122701994;-0.0958360636382791;-0.998014749171967;-1.29228441345857;-0.147582189824337;-0.745289941085164;0.396129682321748;-0.300782003813048;-0.18416974952745;-0.264365787620598;-0.120850631138606;-0.477505704777936;0.872444581242635;-0.905579829065598;-0.0626087803935638
5825;-1.31617794401247;-0.758487382192734;-1.01071793512937;-1.05553536060915;-0.482829056166099;-1.139024541238;-0.327402503076475;-1.00777939791684;-1.5354538855824;-0.181756869580683;-0.227709791307344;-0.787499776061626;-0.693278329961535;-1.12264762467347;-0.823811523082429;-1.10259778060269;-0.0878375450905937;-1.00118462760373;-1.27856773031743;-0.122848508511495;-0.779659119687597;0.428421478860353;-0.348529244569548;-0.195820930705587;-0.267570488566749;-0.1801521695195;-0.477626191709569;0.887173879921532;-0.869201850114632;-0.14357998234518
5850;-1.30772449747481;-0.749603688374731;-1.00190908230884;-1.02282191081755;-0.480948045134354;-1.13488941146375;-0.307697229673141;-1.00736842949648;-1.50732268654587;-0.209876976060028;-0.21094171447177;-0.807111321237969;-0.69418923281677;-1.10644278389228;-0.820129076713858;-1.08479357249253;-0.0814398377044105;-1.00216573917858;-1.26696539014104;-0.10160408447518;-0.799062163298563;0.453387504274492;-0.400892806139907;-0.212329851570704;-0.272457574042185;-0.252732071663997;-0.470048995817764;0.886826535912388;-0.83427093622772;-0.221277735570664
5875;-1.29801583845547;-0.739775884187436;-0.991325446456885;-1.00306588299938;-0.478494633334022;-1.13023112924013;-0.294147106206572;-1.00746057545998;-1.48298808343789;-0.227774383867848;-0.196721257253699;-0.821328587185901;-0.696274461568037;-1.08539168390937;-0.819818324406999;-1.06943347103501;-0.0776886113750061;-1.00679646932782;-1.25543399271925;-0.0880643636954705;-0.791205588910507;0.463213846746015;-0.469247392327151;-0.229882930970542;-0.275394064688152;-0.331502997779754;-0.45812141047227;0.901775173142733;-0.790505011892613;-0.286585308363014
5900;-1.28818798842915;-0.7293136949333;-0.983111723345101;-0.995056436566342;-0.474709854386496;-1.12505662047631;-0.286938961923692;-1.00840565700237;-1.4611490033105;-0.242849254669099;-0.185233070105892;-0.837340217506042;-0.697663751434639;-1.06398331191997;-0.826091419181076;-1.05299705726403;-0.076363675089252;-1.00854093244334;-1.24281312251706;-0.087854278835665;-0.751051243432755;0.460999498047717;-0.536220025215839;-0.247684097453558;-0.275192942997438;-0.416476514286853;-0.444237345259669;0.910357389355093;-0.76385530481543;-0.352295065260804
5925;-1.27699255263758;-0.720193432077566;-0.974882001680306;-0.998897314158743;-0.470033191016503;-1.11840336536879;-0.285663245907891;-1.00960096615185;-1.44503778431407;-0.249770631677609;-0.174951876906388;-0.846482314064646;-0.69652378019345;-1.03940052699889;-0.833346919145011;-1.05033639802101;-0.076400735714704;-1.00584349484707;-1.23120819266137;-0.0888182648163688;-0.706321668145822;0.449498687258665;-0.596672332429529;-0.2631466385599;-0.273549441366292;-0.497333356878045;-0.425251624359444;0.927842021848013;-0.753944859266491;-0.405643055482542
5950;-1.26544660144065;-0.712975707271136;-0.965596031320158;-1.01217961251214;-0.464035990188496;-1.10858016089199;-0.288997064592315;-1.01055516277984;-1.43578710962934;-0.24508599275246;-0.165543748324516;-0.845487376790226;-0.690145860018299;-1.01369270841722;-0.841457347275901;-1.05002206635092;-0.077578780062175;-1.00076947693581;-1.22327783600354;-0.0876021429102593;-0.690866997315687;0.431612216858191;-0.642649472226957;-0.273478814933235;-0.26638055322636;-0.568168176978506;-0.398389689419595;0.958061186970591;-0.758090629752823;-0.450334369438991
5975;-1.25408386579957;-0.70703966567527;-0.955392211555914;-1.03117796653757;-0.458002871017982;-1.09473054209335;-0.293810021833714;-1.01121371239749;-1.43154183181542;-0.238083815059702;-0.156104196625096;-0.836624158095283;-0.680088863873034;-0.988646322166682;-0.85109757778415;-1.05012999949919;-0.078041933555488;-0.996967151982814;-1.21698548861554;-0.0886019353870601;-0.694554948297372;0.404187790039512;-0.676642419388805;-0.28320831974453;-0.257075654228613;-0.625101091158471;-0.368067854313987;1.00245011298403;-0.769241789409701;-0.475170711634266
6000;-1.24467295162088;-0.69965635603162;-0.94166389781765;-1.05414735040637;-0.449687095294775;-1.08327024350209;-0.29718239109691;-1.01212016854154;-1.43130533121664;-0.223489198173419;-0.145495457218174;-0.824773271956266;-0.67202047949095;-0.967144442331727;-0.863212252179124;-1.0503485036341;-0.0776573202381467;-0.991870408998104;-1.21519029669843;-0.0896040606869965;-0.711760097015771;0.366866670058367;-0.700953033036419;-0.30285634749174;-0.244262190810253;-0.665722616805374;-0.340705741282277;1.04717543619105;-0.790534005315089;-0.477945623026819
6025;-1.23640683413435;-0.68880370720413;-0.919627694410347;-1.07500775573038;-0.440309451597269;-1.07202836561079;-0.295577627285044;-1.01323844693573;-1.43469714374117;-0.204632038509221;-0.135170003011526;-0.813774033355456;-0.661838350495431;-0.949748242457376;-0.875125965693149;-1.04758619458061;-0.0772663862571534;-0.984334080235593;-1.21464489410899;-0.0903988647115438;-0.742682655441565;0.336665376242876;-0.708999645532742;-0.319368363228995;-0.22962473634388;-0.687932071689844;-0.319847020673199;1.09476372001269;-0.813913717311562;-0.464287490743226
6050;-1.22283551145323;-0.670963795936646;-0.900294033734771;-1.0884042176171;-0.429863185877717;-1.06190135714479;-0.285484105525678;-1.00590422064774;-1.43938622978483;-0.180324231854113;-0.126374689568806;-0.805033166826074;-0.650110546999116;-0.939487179632198;-0.889153250156518;-1.03959807982483;-0.0775411565516448;-0.973686873676126;-1.21761166609098;-0.0923788636323845;-0.778129128472766;0.310029274444716;-0.701133524456787;-0.333615226550473;-0.210782371603821;-0.687883542250471;-0.308717895161543;1.13873279272959;-0.845173444037935;-0.431376499148284
6075;-1.1979148321392;-0.637575625198785;-0.889938466394574;-1.08485934041448;-0.41771387967136;-1.05131588070525;-0.277340660576913;-0.998194820917608;-1.44042978521051;-0.153754025007338;-0.118380161956745;-0.799157990989094;-0.637831197133642;-0.931122506744242;-0.901747951907812;-1.02563601352112;-0.0776973669852243;-0.961576171638359;-1.22101070369062;-0.0943897910014161;-0.815349356075443;0.284015529382206;-0.677863211079609;-0.342368242727748;-0.190704848085421;-0.675976197365597;-0.309878251492783;1.17543877439334;-0.867801089045219;-0.379403820458689
6100;-1.17781750679841;-0.607228592270275;-0.884919509978253;-1.05608980763753;-0.404515557044724;-1.03930842687181;-0.274675860273952;-0.986418872486;-1.43672764601708;-0.128991627808042;-0.110302629397506;-0.797251605553908;-0.624646034147311;-0.924213725660072;-0.915282301531733;-1.01028076583678;-0.075822052430339;-0.94877584187162;-1.22191084116505;-0.0961596672712403;-0.850987696645427;0.262073848035184;-0.638182725073911;-0.346657135307149;-0.169071202839798;-0.64998093724407;-0.32108116722429;1.19602146582536;-0.892583927064591;-0.310752605045703
6125;-1.16271171972125;-0.585058585605333;-0.884447913646141;-1.04752720472875;-0.389512620745856;-1.02441977930055;-0.272408376778997;-0.973433832781774;-1.43260786632915;-0.107283744102014;-0.104239972646428;-0.801557015127336;-0.610715992320185;-0.918045927423159;-0.928129504968814;-0.993311920062818;-0.0714435067577243;-0.933738431295093;-1.22013171920212;-0.0962854032758661;-0.88326045384108;0.24483874625764;-0.584959849063525;-0.346324755879679;-0.145454430067077;-0.617863749625664;-0.340223633766161;1.20099351305519;-0.917186827811634;-0.236934235825876
6150;-1.15091311096849;-0.573147432592;-0.886856824207607;-1.041018815452;-0.371402621471035;-1.00796283320777;-0.268628449905037;-0.957429607796323;-1.4300654773595;-0.0893610794532466;-0.100253322996844;-0.814158317999886;-0.596915815143898;-0.911169581965875;-0.940305942458934;-0.973027178641974;-0.0632689977128804;-0.918917298323607;-1.21127938352162;-0.0971269006580392;-0.912351093278196;0.231820766942644;-0.517972967485582;-0.337949264249243;-0.120909787868732;-0.583263010130615;-0.376120622443542;1.19048802562207;-0.942169460028715;-0.174371426552922
6175;-1.14572590448435;-0.569329457100503;-0.892567763912725;-1.03214666879696;-0.352313131609925;-0.991703867781384;-0.265759698707393;-0.938088783269604;-1.42563420158937;-0.0764220533256689;-0.0971208925199859;-0.832367060333426;-0.582411072485473;-0.90188582091488;-0.947467093030843;-0.948540884802834;-0.0540854218596973;-0.90388186718536;-1.1948547025901;-0.0961153667421996;-0.934626175230337;0.219913050188201;-0.44554173588012;-0.323780524371822;-0.098174607557024;-0.544410517859763;-0.42340762672002;1.1652128143332;-0.960428310476244;-0.123523915920488
6200;-1.14663068717295;-0.570285047550692;-0.898080945896967;-1.02114643432458;-0.332830307990559;-0.977219512090111;-0.261829986104609;-0.918440387358887;-1.4173241001396;-0.0680130212849545;-0.0940327582890111;-0.857707801603508;-0.568279212004107;-0.890065021859134;-0.948726299791913;-0.917845610018598;-0.0436685191169685;-0.893453414561786;-1.17934912652172;-0.0924331836334479;-0.948120168961164;0.207002189657081;-0.370555914489828;-0.308663570498447;-0.0772635725839676;-0.50274912539491;-0.473701749408861;1.13064030987834;-0.972958020253613;-0.0909385107932346
6225;-1.15133783949141;-0.573607346684557;-0.905272474145561;-1.00927584560204;-0.311281564998272;-0.962619051655186;-0.25699409442213;-0.898424350507914;-1.40666012429984;-0.0625616441628877;-0.0925437627734041;-0.888830503152806;-0.554633467043555;-0.886620979500782;-0.94322475247496;-0.882919935377216;-0.030187451038848;-0.887207801953847;-1.16347119351564;-0.0868535931182121;-0.95017784032211;0.195180635587387;-0.29679973084757;-0.295653042790028;-0.058849437714024;-0.458989564042849;-0.524469595392764;1.08960373301208;-0.969450172739743;-0.0740491894253539
6250;-1.15673838851091;-0.578550855820318;-0.9117848087744;-0.99518743229846;-0.291673030918674;-0.944639700708957;-0.250786968810088;-0.877044967694126;-1.39528642003934;-0.0611578232638236;-0.0916789910638164;-0.925366462447258;-0.541959898483014;-0.886884336919779;-0.931074652707783;-0.847644474354074;-0.0166497806647048;-0.883067698074438;-1.14596281060582;-0.0797303008368157;-0.938325410912302;0.194895131260893;-0.233240183930526;-0.281697168813014;-0.041882742590674;-0.412421752429561;-0.582458069202346;1.04888866348706;-0.947346054908265;-0.0719816532009821
6275;-1.16207158174954;-0.583933868832025;-0.91371856521655;-0.979978740359036;-0.272566354163295;-0.927008703290429;-0.245007181510271;-0.855562086079807;-1.38043549583646;-0.0606301062869023;-0.0913192616873163;-0.964188063847172;-0.529537074949682;-0.887377687543921;-0.914710255811565;-0.811434863211471;-0.0033927086212737;-0.878832941933669;-1.12788696663841;-0.0706797600301005;-0.911199222803649;0.199280978937204;-0.185676498367741;-0.26828168661585;-0.027098200730165;-0.364655007610262;-0.637870433464391;1.00930799006964;-0.906155108923659;-0.0794882065182099
6300;-1.16758542047446;-0.588588418129934;-0.915615105378919;-0.966649143531971;-0.253984835769731;-0.911479067814098;-0.240349416383836;-0.837154232914162;-1.36216000815997;-0.0639255330198309;-0.0903065655343878;-1.00290698893787;-0.518519968057626;-0.887338088884523;-0.892347780290158;-0.777351430233433;0.0115995009979277;-0.872747010899985;-1.10950976309332;-0.0613029078405189;-0.867821240903106;0.207008500601297;-0.160881843545847;-0.256970513661331;-0.015614263678096;-0.314601577501861;-0.688822357062135;0.963905755453494;-0.85009046841366;-0.0974578028076978
6325;-1.17378622784868;-0.59143722517975;-0.916555978884351;-0.955259512352166;-0.237048597233775;-0.896873346389071;-0.233749059118456;-0.821394348368172;-1.3406300821625;-0.0780393389062809;-0.0897239843076122;-1.04153667867734;-0.509088670342174;-0.889566612216548;-0.863551946772229;-0.745862569550542;0.0279743387781941;-0.863590474418247;-1.09108001433167;-0.0529236539025099;-0.813060962864951;0.21884150117507;-0.14156736628273;-0.247847631976978;-0.01081489539362;-0.26561606144958;-0.739330045429682;0.916217996408142;-0.781639276553796;-0.120395245867801
6350;-1.17951437847475;-0.591386208402331;-0.914387331521892;-0.945712571132748;-0.225153070611725;-0.883257858584999;-0.226126641751875;-0.806691651396964;-1.31909537358927;-0.0958831927814293;-0.0886505065146489;-1.07414173039006;-0.499836250293228;-0.892119713969181;-0.831480373058696;-0.718710946777692;0.0442360677279152;-0.848806201004649;-1.07326360913838;-0.0456802903575106;-0.763122447778418;0.234860897313826;-0.127631406400017;-0.242811837896224;-0.0100888530465987;-0.220342181387905;-0.783487887788334;0.875934883739996;-0.694716221543182;-0.144614179855033
6375;-1.18390024543133;-0.589596897315612;-0.90883722515111;-0.940259285744693;-0.217031139539292;-0.870842077544765;-0.21747670527472;-0.789605773527476;-1.29642126918496;-0.114464980878667;-0.0865605294568295;-1.10074097601215;-0.490684450849673;-0.893784598242592;-0.797681183064693;-0.69587469893031;0.0605077025294392;-0.827851980361815;-1.05746810222767;-0.0385234121633725;-0.70089631968189;0.255634845021573;-0.118231455839062;-0.239506056192929;-0.0101906907783146;-0.187089063680962;-0.822121798909329;0.840560287991794;-0.602263095307759;-0.166703487712363
6400;-1.18453096221282;-0.584387821898618;-0.898508897071432;-0.938587441162738;-0.209344423230663;-0.857798684723007;-0.208316211227122;-0.773809788250089;-1.27484262936626;-0.132850013171069;-0.0831169725000334;-1.12034636810437;-0.48134265155902;-0.895508405138561;-0.766299300485092;-0.67925074210144;0.0756090917998751;-0.81023815686536;-1.04178705080928;-0.031282823666854;-0.627747588824177;0.279932488681912;-0.110470510738755;-0.240938214808238;-0.0126727053286024;-0.162656303503442;-0.846825966577971;0.812822811922778;-0.515325329689366;-0.211307468077317
6425;-1.18102190634485;-0.575325455617199;-0.884838329102225;-0.939359308944744;-0.201040250143421;-0.843924026554036;-0.198343194376368;-0.75863707149773;-1.25523075895414;-0.146830533228743;-0.0801570999463591;-1.12952720816721;-0.473026182401716;-0.895006511489663;-0.733943168682074;-0.668704209696801;0.0893638173081673;-0.794258037515777;-1.02629534606849;-0.0251388194296426;-0.549442275692821;0.301162840460145;-0.0976555694631682;-0.247952129176731;-0.0175763846029739;-0.156679309907375;-0.860801853716319;0.791629172435296;-0.435567005126224;-0.25828220979103
6450;-1.17710286376681;-0.560323181218479;-0.86906740255394;-0.939742037461109;-0.190935131447169;-0.82899308701838;-0.188382793881011;-0.743346914980204;-1.23980379708852;-0.156236391826651;-0.0757617385951962;-1.13009527008379;-0.46496354029824;-0.890910197014855;-0.700651416804025;-0.665706217177037;0.10192864803375;-0.77922580805644;-1.01101029973797;-0.019012003618797;-0.470168293992861;0.316619942526732;-0.0744734436170504;-0.25743857681622;-0.0237100874943387;-0.167167674263679;-0.863635857077593;0.781644041368602;-0.367477865465062;-0.303636444289418
6475;-1.17022255687498;-0.540342693544901;-0.850592252092759;-0.936511403807331;-0.176553171311338;-0.816172091579092;-0.178479642484504;-0.729546113313579;-1.22746659957444;-0.157802912774992;-0.0709000534568181;-1.12497348773993;-0.45708505368059;-0.885688353481841;-0.667657701844537;-0.669145949295682;0.110717557153237;-0.764090477462931;-0.996074580649766;-0.0119246699866739;-0.395531631853675;0.326843641704583;-0.0408718447408449;-0.267536154789178;-0.029459577177501;-0.167987118269041;-0.854473648368623;0.781761943195931;-0.317079408932313;-0.344781030431232
6500;-1.15935172547994;-0.514611767715397;-0.829944641839438;-0.928903232573731;-0.164812904636359;-0.805334241478911;-0.168994915403899;-0.717050399380585;-1.21797237442093;-0.153546027787735;-0.0639556520221559;-1.1103979823626;-0.448721849443638;-0.880486549706301;-0.634575702298189;-0.678151070166359;0.119443026212487;-0.750140299243424;-0.980795715461819;-0.00529973831624289;-0.326353648633292;0.324332375872977;-0.0233634738612864;-0.280610054693683;-0.0364887579461323;-0.163069166464418;-0.830294155005171;0.793254952621264;-0.289376300588436;-0.389044138492137
6525;-1.146031319392;-0.485531754975681;-0.807506195359794;-0.914732578543115;-0.157521173255806;-0.795713596274489;-0.160482959601802;-0.705552745161856;-1.21133745629267;-0.142557497723718;-0.0558894171352767;-1.086055343521;-0.440367239274655;-0.872309051850501;-0.602501446915207;-0.690919443991575;0.12886365606057;-0.736423933171814;-0.965009711187929;-0.00261803030975662;-0.275930930331826;0.312723662635166;-0.0155795026695222;-0.296034271852962;-0.041948936526976;-0.158656161825841;-0.795068608826371;0.816740499462219;-0.283017153417404;-0.426029612711279
6550;-1.1296266615939;-0.452545693309676;-0.78429291873468;-0.90657691330477;-0.148331374343422;-0.787414448098957;-0.150953628907759;-0.695450560403416;-1.20675884388357;-0.129889006758138;-0.0472388420265123;-1.05467682591698;-0.430696321981233;-0.860098407172085;-0.57105419064765;-0.707171588795258;0.137279018109608;-0.723881330953102;-0.946438710074777;9.23956284458516e-05;-0.24785229603805;0.320352123492134;-0.00899845143713169;-0.309313350742074;-0.0464186880856067;-0.154616061430409;-0.754502745160224;0.851463591779028;-0.288547376235777;-0.451541907205502
6575;-1.11271214233632;-0.417482966193113;-0.760423872907229;-0.897663382962301;-0.140626383906474;-0.783212202791906;-0.140706763045966;-0.685824977338473;-1.2023798434777;-0.110550749450417;-0.0382162455665519;-1.01744854010893;-0.420563221916938;-0.847840261452594;-0.54015130027821;-0.722741008415082;0.144557828999471;-0.711274331247167;-0.927123769582421;0.00313204836042389;-0.249155385911649;0.332100169574006;-0.00264099681626413;-0.319557617966287;-0.0467457197604264;-0.154192507350332;-0.709845150329891;0.894824254024011;-0.306807309540706;-0.461681217594387
6600;-1.09381845292038;-0.381144650595376;-0.738687784562319;-0.890968258882514;-0.133544484281273;-0.783604682594883;-0.132339533621587;-0.675263349813367;-1.19654637555534;-0.0889040088805026;-0.03057038603168;-0.976439234927326;-0.411045247605679;-0.835507035176047;-0.508309880980606;-0.735855158955867;0.149938213990671;-0.700989843762159;-0.911117235453086;0.00610864618712967;-0.27737026589328;0.348326280545995;0.00391777875728621;-0.329168611737425;-0.0499053290112319;-0.158953301229717;-0.665067407794031;0.944116278554116;-0.335870059967159;-0.473575937261387
6625;-1.07312381364144;-0.344071158883681;-0.720292460284168;-0.883671889692699;-0.124422235057159;-0.786353887553315;-0.124422321211673;-0.667252654466798;-1.19050146514842;-0.0649181267514095;-0.0236360082996288;-0.933249270308116;-0.401483407181139;-0.822903839450628;-0.480559741414461;-0.749366960357502;0.155255669918948;-0.691166386725079;-0.898877267879866;0.0074133095028833;-0.307387642536008;0.367038511060925;0.00933952618315153;-0.335662398626407;-0.0491151415101271;-0.169735169509193;-0.628143739327033;0.991512625637997;-0.36397558945207;-0.478869856026197
6650;-1.05368495166457;-0.307957238838222;-0.706135692926131;-0.877366818043328;-0.117381802614082;-0.792044130758504;-0.116566222061216;-0.66079068376483;-1.19197399581559;-0.0354387354271927;-0.0149374812652137;-0.891711055542734;-0.390523173595826;-0.8086791704381;-0.458767114014827;-0.75790523918656;0.159947327736995;-0.683087877758158;-0.889991499756582;0.00977896765391493;-0.31935596053859;0.385541714199918;0.0131265551069571;-0.337002068396931;-0.0468410980379876;-0.191565730541226;-0.59882790826247;1.0347927735787;-0.397441060791315;-0.484318411836851
6675;-1.03666469730678;-0.276123195934406;-0.696296097368959;-0.871303543156474;-0.111166040947721;-0.800872177949636;-0.10913303027845;-0.656630761530218;-1.19240114016854;-0.00637688035922026;-0.00698303089995331;-0.854807911654506;-0.37969994427489;-0.792865348218823;-0.437585123677782;-0.76118188359711;0.163607813068905;-0.675551074226692;-0.885905137580317;0.0117457800635366;-0.305528439246344;0.404039657429612;0.0183796337832498;-0.335337816167104;-0.0409004246498088;-0.227915342090021;-0.577797613714667;1.07017843616256;-0.434019195612277;-0.488972231906409
6700;-1.02307863474524;-0.249770852038932;-0.694293699452933;-0.864249655325197;-0.104098024053609;-0.815109039789084;-0.101677316364635;-0.654125623863944;-1.19429504625175;0.0250411393841204;3.92550439189066e-05;-0.824253146900809;-0.367871473521049;-0.775266117587449;-0.421864633770922;-0.764514057864625;0.166943383261696;-0.665962352470977;-0.881835795138225;0.0136739035277821;-0.273365562051946;0.419771092314391;0.0254782600543036;-0.332027366296209;-0.0348886610014278;-0.275768042147358;-0.569887530890021;1.09372854414579;-0.482843083271759;-0.495353772881952
6725;-1.01354271400654;-0.23320653140924;-0.69605257709825;-0.857098982929775;-0.0953493489994743;-0.832847926025299;-0.0937912256667663;-0.650362178322313;-1.19937907490377;0.0576995622932642;0.00605965718176584;-0.789579022147762;-0.354272582493225;-0.753152871121526;-0.408002666897597;-0.773078006034092;0.171086788002278;-0.655486779500693;-0.882458360996872;0.0161747961547761;-0.253351374977372;0.435867814872746;0.0325805662587384;-0.323456316968279;-0.025050627055124;-0.322414189805584;-0.570142865165124;1.12664924626427;-0.525203436045557;-0.506578325922179
6750;-1.00922915102805;-0.226855189727276;-0.699112755895789;-0.849385211307987;-0.0858731381306761;-0.853206728947403;-0.0853988662178799;-0.646743716773478;-1.20591960242986;0.0916540949527785;0.0111279931573844;-0.754370905937759;-0.339518840765292;-0.729607260468299;-0.395963988855632;-0.773572888393886;0.176198474491868;-0.646891876733965;-0.884677806606812;0.0193797575603963;-0.255185700093971;0.452620181204453;0.0425735130673544;-0.311297589311358;-0.0150536621179591;-0.370966357399445;-0.584419147215474;1.15742849749542;-0.562193056345883;-0.52713994176163
6775;-1.01286449708866;-0.228615391971434;-0.698967312315434;-0.840197016758807;-0.0759261138412741;-0.874700841419987;-0.0761264504851293;-0.643879278719475;-1.21211247933887;0.113518949137456;0.0165806794707994;-0.721852810949157;-0.324829861863978;-0.706775854981208;-0.390435110198429;-0.772179745396461;0.183117893562256;-0.640798677503325;-0.889332766030992;0.0231643889826677;-0.257767630470642;0.470211583066943;0.0541768319733938;-0.299055075120904;-0.00577148022582858;-0.422506206210279;-0.612415743950846;1.18410378654538;-0.591648553170381;-0.545149510388356
6800;-1.02264021574768;-0.233745408669351;-0.692357774757529;-0.831403394869564;-0.0639190188030447;-0.899042021523121;-0.0659953942689399;-0.640724297842071;-1.21845863982872;0.135573337623464;0.0213556427279936;-0.692087398367669;-0.308706586166149;-0.684262364404266;-0.387384417991354;-0.767274844986126;0.190382620255055;-0.634825246235366;-0.896255615081152;0.029605081577677;-0.267939140298491;0.492911570828382;0.0678235766724336;-0.286642270062828;0.00355327028377999;-0.470636131325575;-0.650571659134871;1.20960886089461;-0.610003948620262;-0.566492440103033
6825;-1.03290122470217;-0.234266159403524;-0.679975482040797;-0.821918032414942;-0.0521587415691052;-0.923509580138431;-0.0539496539462384;-0.637909265150131;-1.22584603347073;0.154672196259613;0.0271757490169428;-0.663481252006166;-0.2933154978119;-0.662532141598599;-0.384245821290065;-0.758965874670398;0.198472687720167;-0.628144626103611;-0.905366713659436;0.035689386580544;-0.284858203922498;0.515722306477979;0.0818395353188719;-0.273964453740578;0.0115997653202702;-0.509056601055325;-0.699891318696393;1.23361192484008;-0.627447632925486;-0.594219945949531
6850;-1.03757667243397;-0.225982918744104;-0.674594759050497;-0.810545758842363;-0.0387805135643928;-0.948381062224353;-0.0403867935701131;-0.633722648999788;-1.23064239424915;0.175383556623125;0.0346215048264721;-0.636825686008773;-0.277328349389319;-0.643383151001308;-0.38184815524165;-0.747273527648028;0.206964917923081;-0.619958292827561;-0.914206068033226;0.0401312775004959;-0.305157196987434;0.539367187722224;0.0993598000529752;-0.263085412418057;0.0186683359913907;-0.541707751803332;-0.757654053079249;1.2584147753402;-0.643978930560628;-0.623167725299819
6875;-1.03820584616168;-0.211812609083788;-0.668413369724902;-0.79707145816047;-0.0248666265681949;-0.971427478565128;-0.0278112469443791;-0.629756495923252;-1.23458086324266;0.194583884975751;0.0406905308075304;-0.610375448285581;-0.261614764799717;-0.620804236548798;-0.37885717686086;-0.73228197188463;0.216295357509039;-0.612528801887772;-0.922470266311734;0.0437806829435726;-0.325505024226284;0.561039652690154;0.117782101283375;-0.253849691520686;0.021524292133067;-0.568568932986778;-0.816250058735347;1.28162938349844;-0.648946130189241;-0.655200939176747
6900;-1.04766797180329;-0.201916271755118;-0.660826562500388;-0.783549780507163;-0.0122913554609934;-0.991807946563055;-0.0164056899509989;-0.625508971241141;-1.23751283800008;0.212665007784525;0.0464613005527287;-0.584336491463745;-0.24484449021975;-0.599256487288627;-0.37771223710125;-0.717532986183018;0.227931379851568;-0.604294310152912;-0.928813788327995;0.0494050114326078;-0.345719486233596;0.585342499514784;0.136331813090143;-0.248384862981626;0.0222042352970742;-0.586871469324574;-0.873313972507627;1.30474500180295;-0.651305351263281;-0.684945692074439
6925;-1.05679972618071;-0.198919220533072;-0.652822639722722;-0.768720643807497;0.00211110831253691;-1.00780138548045;-0.00387573567832313;-0.620219391904206;-1.23844094867475;0.227740073873914;0.0526477655306689;-0.559080077880848;-0.229900025948578;-0.578025172508708;-0.37622381060729;-0.704592903002344;0.241520803022146;-0.594876162622418;-0.933691830850453;0.0576644500522379;-0.365069836336884;0.61027915636867;0.152874696441505;-0.244969010798167;0.0195929061503155;-0.603462000970662;-0.933183212938439;1.32850925128233;-0.644932489088906;-0.718403887612661
6950;-1.0664346659154;-0.198569913232994;-0.645028405051036;-0.754024473046235;0.0165716779464349;-1.01941259495017;0.00860124113539693;-0.612997312072973;-1.23884793246884;0.245273966141826;0.0555816177212755;-0.535883525901261;-0.217624074226545;-0.557510784138461;-0.374744675937365;-0.692932542851296;0.256708234897792;-0.583996427733196;-0.935358363059385;0.0660601842692879;-0.38575559512138;0.634882825487118;0.16617078790421;-0.244088164352228;0.00979983332535066;-0.617026550240753;-0.997655959908136;1.35167008021837;-0.644854054729014;-0.751651902195469
6975;-1.07819063756905;-0.199406254096629;-0.636009042141083;-0.738711045351054;0.0313964443807997;-1.02673176717604;0.0214945452556122;-0.605457328694103;-1.23565770413394;0.264944400298007;0.0564817244468706;-0.51258157209257;-0.204619497490553;-0.5388671727477;-0.369752393188493;-0.679909731814987;0.271715798625195;-0.571822040171057;-0.934315676070375;0.0753889491609082;-0.399242724673895;0.657561126799013;0.174495207114239;-0.246874089859639;-0.00387112213874326;-0.626411107911393;-1.05779037617502;1.37549938160455;-0.650277387137735;-0.790144034408156
7000;-1.09087541556543;-0.202109669702076;-0.625210433236804;-0.724216550122762;0.0453317403371667;-1.02966327264066;0.0340668422270841;-0.598913563983425;-1.22812753235126;0.285149648595932;0.0567696093038007;-0.492508759346998;-0.191002974254006;-0.521192928404284;-0.364490022237597;-0.667015035973579;0.28519757123117;-0.560373193739877;-0.929853229397292;0.0857188929384306;-0.407385704185561;0.679960376064256;0.179117848380604;-0.251858427538785;-0.021822657306147;-0.632674171718807;-1.10884401702296;1.39664113262728;-0.662402203550794;-0.831446451855528
7025;-1.10383424794054;-0.205262709241399;-0.614501516986493;-0.709055121483723;0.0584531504341532;-1.0289627399332;0.0461767434713239;-0.592227578982313;-1.21934201195869;0.306260338339422;0.0519186297499012;-0.473606724588292;-0.178450218131345;-0.504857675704747;-0.357345034820486;-0.656087480666305;0.296919092637805;-0.547036482283769;-0.922891226307311;0.0962342590703214;-0.409500488767582;0.702495214496232;0.179476776453484;-0.25726196548075;-0.043950310948714;-0.640008310261103;-1.14750926220734;1.41584241242003;-0.67230107683553;-0.870811303205705
7050;-1.11629953715822;-0.20809310571881;-0.602258319504444;-0.694711040415836;0.0693916827536274;-1.02267462244871;0.0563203527702395;-0.584101218484004;-1.20914856781016;0.328010091407113;0.0435800429922034;-0.456918783853727;-0.165767764056968;-0.489955831032974;-0.349185767671721;-0.645648813850468;0.305920250583176;-0.532467435781881;-0.911425394599986;0.107437258373034;-0.405032391620729;0.725326386878702;0.173775448245054;-0.261228831043767;-0.0675406115502155;-0.649660818011441;-1.17066607063665;1.43333228831767;-0.687033818142326;-0.910808922532544
7075;-1.12891187378135;-0.210455479267908;-0.589510370670567;-0.683437928630404;0.0796989717404983;-1.0127097758636;0.0658256043963779;-0.577718599007624;-1.19589977020143;0.352571527687569;0.0303009058205687;-0.439954023619624;-0.1533614825925;-0.4757753996681;-0.339399283517136;-0.636380796447659;0.31475194171516;-0.516781281376533;-0.898176854863925;0.119050751508395;-0.397407243117049;0.746379703236841;0.164974568791918;-0.263903312367239;-0.0936752874081263;-0.664472035769925;-1.18268995718715;1.4455890406007;-0.712239791587048;-0.947178246609585
7100;-1.14128564354719;-0.211280010736577;-0.576027491596749;-0.673401016064911;0.0900330940735445;-0.99966136477274;0.0744724085138924;-0.572710935084066;-1.18077430048058;0.373710736777832;0.0134537425867464;-0.42530476336183;-0.141130935601699;-0.464178970340925;-0.328657650715981;-0.628553895398856;0.323683947957738;-0.501363804989596;-0.881903701327944;0.131432559634887;-0.386641098439796;0.766377914414675;0.150835185441588;-0.267790937804419;-0.12224568194419;-0.683542231124299;-1.1880556492769;1.45437152980682;-0.742817440242023;-0.986941505600409
7125;-1.15293621061136;-0.211374096127876;-0.5642527918108;-0.663571705150868;0.0992614613203253;-0.984914759379526;0.0823157317126458;-0.567214801801966;-1.16506461831454;0.395583455002875;-0.0105151590359936;-0.412797743270248;-0.127349915076198;-0.455420304279558;-0.31872184190749;-0.621155871636047;0.329829615274756;-0.486705569478812;-0.863188014551727;0.145734103650722;-0.373474491775271;0.784215644432016;0.13099433460665;-0.273597912100096;-0.154409615280619;-0.704654861177895;-1.18340524438728;1.4616311124705;-0.768893735823913;-1.02799235802827
7150;-1.1619987302034;-0.210981858409172;-0.553055517984624;-0.654407395549803;0.106955216362661;-0.968952074227338;0.0895525607437463;-0.56186145298696;-1.14870274259847;0.415763152904349;-0.0377991229896134;-0.401354051355059;-0.1147244055813;-0.447244540095308;-0.307738695857775;-0.613727336436617;0.334558784499712;-0.472062657793533;-0.842310929607777;0.159242256966507;-0.356627956918653;0.802608243667512;0.108366218189644;-0.277926082742306;-0.187964922478897;-0.7278751999718;-1.17040089617735;1.46353801747483;-0.79130671904323;-1.06764099816533
7175;-1.16899083700135;-0.210628102413548;-0.54269754923382;-0.646216647088075;0.113156659078661;-0.951801844126863;0.0957227125664784;-0.557153363859128;-1.13190152811978;0.435991262793899;-0.070119581143485;-0.392413243216889;-0.107043229023669;-0.44012769724264;-0.29636872504125;-0.607143852784171;0.33848470247139;-0.458518548378992;-0.819057575384909;0.173861989673871;-0.336980341760775;0.81816596625002;0.0819225853584667;-0.278261213983711;-0.222479150870358;-0.753899648273109;-1.15320294996691;1.46297214375781;-0.817191757685535;-1.10540848838945
7200;-1.1744614630657;-0.20882747487676;-0.533636783027469;-0.639576150049038;0.11884852619631;-0.933527362201792;0.100987130833894;-0.553877534449539;-1.11767788295982;0.452420122235456;-0.107723673578522;-0.383220478237881;-0.100873094664969;-0.432723795310177;-0.284384390699078;-0.600691468277825;0.341669300456561;-0.448040326939206;-0.799183845130192;0.188191430744269;-0.316473547287036;0.832568055348984;0.0550031417076187;-0.279132615271808;-0.259343238185242;-0.780362815360348;-1.13472757899775;1.4587265934354;-0.839642570711259;-1.14479218212826
7225;-1.18093818845934;-0.20696157894831;-0.526842898169288;-0.634475479053019;0.124175349523293;-0.914082976704372;0.105785200029512;-0.550349019528188;-1.10749213026625;0.468777291199019;-0.147671932372843;-0.371226089234933;-0.0990932122296609;-0.424962876738543;-0.271104493277385;-0.596156797598848;0.345046393636746;-0.442030684019598;-0.78286168192353;0.201428657941249;-0.299658085654946;0.843311692977668;0.0290457429190556;-0.275711769777501;-0.299937569310495;-0.802893444732537;-1.11693049053819;1.45357332616471;-0.856318443240144;-1.177606391303
7250;-1.18810970460719;-0.203768933043052;-0.522635475328116;-0.631056571593727;0.127180625589667;-0.894846078496772;0.110007842362694;-0.546825006574602;-1.10029693291144;0.484751996989851;-0.186523771829559;-0.360312874420335;-0.104526966521741;-0.417405355954704;-0.256829268069017;-0.594448970485958;0.349257702191366;-0.439258952117716;-0.770495575591614;0.211762789031111;-0.283590910824984;0.851382356347181;0.00267135006333912;-0.268347296901215;-0.345738024633034;-0.814875691086973;-1.09977168253989;1.44718025686836;-0.864584433377709;-1.20813606173532
7275;-1.19334774285609;-0.200594265764693;-0.519958196098167;-0.630214651682645;0.129519336310151;-0.877466685556493;0.114837843708788;-0.543843004421613;-1.09624372794411;0.499608495218924;-0.223928903763742;-0.349771360753631;-0.112832162885584;-0.410200181495632;-0.243599596342685;-0.594836470002212;0.353001315023658;-0.438582405612918;-0.762050749159309;0.21989791267277;-0.268758812605952;0.859248939102923;-0.0266145216477693;-0.257130342804205;-0.394112216397142;-0.816622591079185;-1.08254774120157;1.43787455516478;-0.873125548017753;-1.23552390876393
7300;-1.19872399791498;-0.196824136538628;-0.51922847599462;-0.63114770766949;0.132400512099362;-0.859426977322471;0.1190448835677;-0.540210250980644;-1.0950203624475;0.511976025588732;-0.258493877542363;-0.337100439268903;-0.127735486656583;-0.402297478402489;-0.23149249100356;-0.596429419504;0.357758818449335;-0.443227900507771;-0.756980043926029;0.22694014787034;-0.254622399964509;0.862322086067023;-0.0545994100378401;-0.242284575714807;-0.444283373590565;-0.812334389851215;-1.06237113888839;1.42871077136963;-0.879460847475589;-1.25918946788723
7325;-1.20328798241297;-0.193616417561435;-0.518827507398031;-0.631400767306381;0.1334840520773;-0.841812482189598;0.124206530207799;-0.536576245215491;-1.09634026034251;0.521553671013877;-0.289422424329909;-0.325444060047896;-0.146853539653704;-0.390991826035213;-0.220448956620274;-0.598982483817278;0.36479176828211;-0.450602636741979;-0.75496033343864;0.230890227597696;-0.24424729963195;0.864382368394193;-0.0810499686404155;-0.227277966654513;-0.496250628899551;-0.798317396792265;-1.04236899041168;1.419766575127;-0.881253388568094;-1.27547019042334
7350;-1.2078487309608;-0.191243263869334;-0.520247833178919;-0.631901354849031;0.134502436126502;-0.825259288331616;0.132109726776167;-0.533005492977437;-1.10033818858427;0.531323782668517;-0.313705039988951;-0.314210993693161;-0.172717944564114;-0.380346344935758;-0.209007247805149;-0.602565984559147;0.371530795542964;-0.462436663210074;-0.755216287773648;0.232461579020306;-0.234714065193753;0.864326531510434;-0.104847131487002;-0.208739105892621;-0.547715376849328;-0.77305252142455;-1.02560816850628;1.40714055639231;-0.878403659784072;-1.27890790486361
7375;-1.2113000573933;-0.190467258424741;-0.523520261514426;-0.630410901788666;0.136524077608965;-0.810057609538995;0.142297620402946;-0.528894894042758;-1.10508070777697;0.540393100499331;-0.331138113057487;-0.303163028544296;-0.206186823601538;-0.371461133139941;-0.199089261863813;-0.605031163642091;0.379073288641404;-0.476952701511342;-0.759079000957906;0.235753849758212;-0.226967847819419;0.861853694463346;-0.126176110448191;-0.188403754908332;-0.601895337865001;-0.738120801598816;-1.01018868059479;1.39307955084422;-0.879930092685441;-1.27988412856849
7400;-1.21203641211879;-0.189566616359691;-0.528550167052471;-0.627980318179258;0.138783772111204;-0.793969266651883;0.153358754403095;-0.523968979484822;-1.1111918221599;0.544546131902599;-0.342269907708146;-0.29149927271597;-0.246026970359681;-0.364880953285184;-0.18852697177621;-0.607179257162196;0.387931077247758;-0.493940271610975;-0.762694841812396;0.2364567570007;-0.219853996886233;0.857669777421462;-0.146501077272528;-0.16753262908905;-0.657422492008177;-0.692855572302742;-0.995121438139807;1.37289482509591;-0.879650196181262;-1.27611019690998
7425;-1.21215143815998;-0.189387921127887;-0.534161719923809;-0.62363706504635;0.141936578508408;-0.777559876236799;0.164615717308561;-0.519286158783386;-1.1153612559253;0.546485250737771;-0.345028019083605;-0.280249008889209;-0.289284887946837;-0.358892429942048;-0.179741696271961;-0.610117712953266;0.398640042368601;-0.510987287987011;-0.769329658212984;0.234186049399134;-0.212670795157511;0.852489624865982;-0.166983640596475;-0.148318962236431;-0.710588217225851;-0.638077850751836;-0.979791037728001;1.34589381265068;-0.877755865746008;-1.26526979812962
7450;-1.21127883343681;-0.190538418540258;-0.540039949385105;-0.619530533222241;0.144590817843554;-0.762272860066137;0.176564505040145;-0.513530013586401;-1.11844111097695;0.545379811266402;-0.338196727808975;-0.269083712761438;-0.334752069493082;-0.35315026649882;-0.17002667040493;-0.614422778377057;0.409616666400972;-0.528427215277163;-0.776872936556316;0.23256806577784;-0.203341611790576;0.846648379703401;-0.188633968425;-0.131019492151315;-0.761872286984738;-0.58055932811884;-0.956295389639538;1.31814958512311;-0.879858526669484;-1.25602436597338
7475;-1.20780548068143;-0.193854328743762;-0.545192825451855;-0.614450940626878;0.147082338599609;-0.748297954077205;0.186848768893687;-0.507233315840484;-1.11973363821807;0.539398911930375;-0.326400874229662;-0.256749338893084;-0.379714276478831;-0.348335480520394;-0.16029461347105;-0.622890365433946;0.421282819735626;-0.544705321901276;-0.784999369118457;0.23148188425301;-0.191816919042126;0.840439500161931;-0.211470741811154;-0.116721415916118;-0.806666983634638;-0.523374990770872;-0.92959455486388;1.28633309084846;-0.884528297428776;-1.24550749522782
7500;-1.2024519742855;-0.197219490047839;-0.550272421952341;-0.609673171986209;0.151114452980375;-0.73343383895092;0.199070304363632;-0.49989825799181;-1.12025725678847;0.532365911859674;-0.310113717794981;-0.245169328896145;-0.423273603047421;-0.343989447614418;-0.152647539682199;-0.633369480571839;0.432593756720206;-0.558697408132189;-0.791518848530751;0.230097381328471;-0.178080455232547;0.830929194425837;-0.23803432177092;-0.106881794003804;-0.846052253895737;-0.469587562753372;-0.901244739646894;1.24781654752471;-0.886398137569649;-1.23413128064413
7525;-1.19469658458937;-0.201969435162461;-0.55323790266639;-0.605789136286214;0.15665108374329;-0.718590930411848;0.211915777375398;-0.49149231332523;-1.11871374172818;0.52210577626149;-0.292972815752517;-0.233345720200375;-0.463367253064712;-0.341051635986973;-0.145919209742583;-0.647616495065906;0.444303750533327;-0.569636209506048;-0.798933830886454;0.22756887814668;-0.161409160257629;0.820583482420049;-0.267513508043476;-0.0994858098711216;-0.880884688721558;-0.419116732981594;-0.868658219936014;1.19902642628303;-0.890934389986925;-1.2209163162873
7550;-1.18340257838547;-0.207861635629336;-0.554475541564588;-0.604883032047313;0.161589232590768;-0.701640799169659;0.224950997065623;-0.484147584249871;-1.11398589258555;0.509449280721994;-0.275342611785454;-0.222830050436809;-0.499042027136736;-0.339820678684853;-0.144008597343946;-0.665612291140419;0.455320337158543;-0.578023434752021;-0.804738734695709;0.223232033420916;-0.139423368792085;0.80852479474693;-0.296117248160458;-0.0952832813660044;-0.911122324260326;-0.372789978837809;-0.837026796282658;1.14936879812086;-0.900785973340054;-1.20506720398913
7575;-1.17027097803024;-0.216556557984592;-0.554173820256311;-0.60477030711063;0.16565254658788;-0.684944213648755;0.237859373919126;-0.477038618050518;-1.10574386381377;0.494029345687659;-0.255538158254345;-0.215508702842642;-0.529815251832086;-0.338802638287583;-0.147118528921788;-0.689769432556912;0.466439409609469;-0.582531083313656;-0.810183904340425;0.217687106951832;-0.114792891678287;0.798038686134489;-0.326287599998868;-0.0931123892622237;-0.933439652322501;-0.341820356152947;-0.807648764775225;1.09272721580329;-0.907185416955578;-1.18324549725727
7600;-1.15631233349002;-0.22532794936852;-0.552790411409601;-0.612068648060855;0.171404711846986;-0.66825668356265;0.251787677680766;-0.469353037720542;-1.0945039381341;0.479268857233666;-0.235092916939678;-0.210328153561787;-0.553772226639474;-0.339611836098657;-0.150501336757454;-0.720070008718959;0.476995552061154;-0.58188387218549;-0.813540825600311;0.210552398951302;-0.0923530860857886;0.785917610036576;-0.358330046563738;-0.0944124417169155;-0.947051644545907;-0.31423953993808;-0.777456697399145;1.03416099979392;-0.919625010183173;-1.16777392430859
7625;-1.14083946740991;-0.234827836325364;-0.549865403738097;-0.624717777071924;0.176282218718685;-0.652640789931698;0.26646044847591;-0.462017774445601;-1.08128040899189;0.464402900948976;-0.213847718139927;-0.206655823293028;-0.570135059745487;-0.340994771947503;-0.155199561595153;-0.758007044536743;0.487426286793205;-0.576434671745105;-0.815060338452416;0.202427367237527;-0.0711315507192822;0.769270709800916;-0.389884584326249;-0.100871459853503;-0.954091036534962;-0.296613476477575;-0.754497291392627;0.970905898073474;-0.941643048435694;-1.15108209381693
7650;-1.12295536745213;-0.245209419598735;-0.543534423567723;-0.642315959777227;0.184008411644518;-0.640227443869607;0.280813683961991;-0.454705095798977;-1.06629023786362;0.452484708645059;-0.195626112614984;-0.20588031077647;-0.577993283806368;-0.342716882725536;-0.164065497763587;-0.801192569703968;0.496984092144636;-0.567322299064928;-0.810712725669631;0.190707241301103;-0.0517813087828636;0.750818725151048;-0.415362761020717;-0.112139429401909;-0.955176174859732;-0.292262813149942;-0.739946901932931;0.906387523070908;-0.964517704143914;-1.1337671986026
7675;-1.10306428057962;-0.25616072042044;-0.535378055937522;-0.665597606733039;0.192689510733218;-0.629417339025435;0.294015802368595;-0.447444922281349;-1.05194449535394;0.441097287926114;-0.181297817498284;-0.205646458214213;-0.580304256676134;-0.343297977458857;-0.177811218263959;-0.851614650926179;0.506862206158804;-0.55470673161375;-0.807412649751192;0.177910345966075;-0.0370101208646132;0.729901446027939;-0.438034774873093;-0.12729093500179;-0.953080548780256;-0.296939129092811;-0.730839494785934;0.838514196544009;-0.99337304657861;-1.11579583231156
7700;-1.08298759076968;-0.267770579690147;-0.527694762906922;-0.696986699607128;0.201235531701121;-0.621514115504841;0.306608753665517;-0.439039669171627;-1.03600531682671;0.430439986421788;-0.169214524783894;-0.204780551454219;-0.575987644056466;-0.344706791506173;-0.194495213844673;-0.906397105349665;0.517894833640902;-0.538060668629582;-0.800671354030421;0.166362113536808;-0.0290005270014666;0.705901070910431;-0.459564804415757;-0.146368996762176;-0.944924240749906;-0.313348090243087;-0.734458292709256;0.775489740248685;-1.02495096378993;-1.1022879094472
7725;-1.06171641093406;-0.279121630779675;-0.519417918405377;-0.734388551448487;0.211154736174344;-0.613780460186433;0.32003637130147;-0.429887193205058;-1.02097516146664;0.423142597777057;-0.161274033896389;-0.205741265934372;-0.567569361650641;-0.345889182709265;-0.214555798901839;-0.964231830171139;0.52979772013098;-0.519336195671567;-0.793332173769463;0.152725138223535;-0.0311159802377656;0.679330899060621;-0.480721407940634;-0.167115494430662;-0.938008939540628;-0.339015285356112;-0.751482331636072;0.714883401051516;-1.05709440403333;-1.08577773677709
7750;-1.03994127946586;-0.289674507667851;-0.510726868062085;-0.776624830548512;0.221918547885125;-0.609397628889206;0.331519208234857;-0.420954550292572;-1.00551108725332;0.420868287192833;-0.155713405490964;-0.209097713927684;-0.555936953750468;-0.347491006065693;-0.234611939131367;-1.02663495009667;0.543039703697258;-0.4997134327283;-0.785441789851435;0.139810907208651;-0.04370282907425;0.651447996776396;-0.502328294483868;-0.187955062129932;-0.930404111748335;-0.370121697570282;-0.779814982503339;0.652560043421651;-1.09506208915777;-1.07441473765695
7775;-1.01791637781225;-0.300102699543365;-0.503353866894772;-0.82503009151847;0.232964056904391;-0.606337704202757;0.34286353640982;-0.412396438399595;-0.990907340817485;0.421021800545228;-0.152556961870023;-0.210565390919973;-0.540283334642615;-0.349636274062926;-0.25578273860039;-1.09299154959625;0.555649570414949;-0.479132502365122;-0.77651288236497;0.127760921567375;-0.0624356200417326;0.623650280374521;-0.52084189836407;-0.209535733535434;-0.921643951302284;-0.4046138159813;-0.81820281234536;0.594178751913657;-1.1361561984006;-1.05937117093109
7800;-0.995880227996421;-0.308938219155793;-0.495521344404424;-0.877760450495061;0.244060508001338;-0.6054875749364;0.35415068298248;-0.403032352057653;-0.977257617440058;0.422627450333605;-0.151836076338825;-0.212885237812461;-0.523801352188116;-0.351085978892923;-0.278272760972642;-1.16128820917547;0.567314218863302;-0.459875043412307;-0.769619086234683;0.11453133531255;-0.0917185613222993;0.596100215281762;-0.539209906170516;-0.228093026186258;-0.914422923023582;-0.437678688038155;-0.862291413129151;0.54407515404439;-1.18029358862544;-1.04744483060897
7825;-0.97544101646879;-0.315372584864855;-0.489332915236678;-0.932242435105754;0.254732577250257;-0.603822380174971;0.365100369688315;-0.393330591399153;-0.965739906789269;0.428826426338918;-0.154212927254798;-0.213025059838447;-0.50728337201059;-0.353481256457828;-0.298712737807292;-1.22841580604484;0.580166504820806;-0.443069206696171;-0.763670355461309;0.103348496683499;-0.130512137639524;0.566742104887228;-0.560200598763295;-0.244000820148302;-0.90827714891073;-0.470900912217975;-0.908754398834858;0.501057075519401;-1.22175851156708;-1.04034154920653
7850;-0.953101791962734;-0.31978872495482;-0.483838880834168;-0.988691976366792;0.265390256375541;-0.602667149023874;0.376586416623435;-0.382625671306823;-0.956973995266577;0.43868759192988;-0.154441271794483;-0.212739437503313;-0.490592568521709;-0.357796820521206;-0.31730770874254;-1.29356069417118;0.594242942477069;-0.429563740998578;-0.757924994884674;0.0928955144027669;-0.176263405106751;0.541123448160336;-0.584343199393792;-0.253313691683621;-0.900898969781193;-0.501079519620223;-0.964268694934965;0.461559425906562;-1.26547146868713;-1.03379062732831
7875;-0.930857263143424;-0.320712032899052;-0.477455005984097;-1.04608890798675;0.276365658583963;-0.59992083517659;0.387320120982589;-0.371307448499212;-0.949173528178324;0.447119784985167;-0.156235926165293;-0.211723767177199;-0.472037965253724;-0.362713612168938;-0.333415724253213;-1.3537967959579;0.609365174262955;-0.418943117764337;-0.755110206910717;0.0846068490976747;-0.225961223033776;0.517417345628491;-0.60944445073934;-0.259850109927881;-0.897604580128653;-0.532149795605459;-1.02745674103852;0.42787230825363;-1.31595778363487;-1.03131307737876
7900;-0.910663156152918;-0.319297107395964;-0.471991296565742;-1.09881799235951;0.286321582345098;-0.596384246077194;0.398809230912521;-0.359075138719379;-0.942125424370813;0.456190763356094;-0.155327544090114;-0.209430946775575;-0.452564154391772;-0.369363551807214;-0.346999853115073;-1.40761316418375;0.623531030577647;-0.411708720245919;-0.753489379201267;0.0794310493749036;-0.279313419193528;0.494180639594102;-0.637687237235196;-0.266983609121616;-0.893353430444227;-0.559590356687942;-1.0911459308118;0.395746162963588;-1.36292821547172;-1.03004258024081
7925;-0.89104946012446;-0.315068515534446;-0.467250184314132;-1.14919971114234;0.296451038160515;-0.591718778748705;0.409197479360565;-0.346847474804123;-0.937162826378065;0.468291343193231;-0.151853007648987;-0.203703345557625;-0.431886732888844;-0.377419243812032;-0.356788655938948;-1.45223160368893;0.636798088901123;-0.405866771135654;-0.752254050230523;0.076747254033587;-0.335117945265726;0.472309635629191;-0.67023558982861;-0.26984733301282;-0.888472916773777;-0.580117502099924;-1.1526983155603;0.364024055259475;-1.41019480399686;-1.03382331559885
7950;-0.870817953610494;-0.307972051714344;-0.462911051517285;-1.19568440819341;0.30628104540056;-0.585329455008256;0.420764478600385;-0.333529722874202;-0.932414138752893;0.479052841578731;-0.147209240782636;-0.19512990088822;-0.414810457642415;-0.387034479449311;-0.362021432088078;-1.48909390900047;0.649629456344991;-0.403205927501655;-0.748657535036986;0.0758585192931676;-0.38922009378589;0.452085403980426;-0.705806568603838;-0.269658952304223;-0.883683723976196;-0.601079943208905;-1.21070796914862;0.330440148212294;-1.46035739778727;-1.03727382344981
7975;-0.851943274461837;-0.298771469144472;-0.457584495546324;-1.23628914810736;0.315482177598123;-0.578487152638255;0.430760127592057;-0.320437352440447;-0.928847963432067;0.489836613503332;-0.140654839904712;-0.184367110272997;-0.399013683604502;-0.397797032154415;-0.362460250797939;-1.51869835148259;0.661812577543712;-0.403383377573184;-0.744142557223396;0.0798764337292493;-0.439016401490618;0.43692992584526;-0.746739110993052;-0.268080094122292;-0.876796180834699;-0.613812333792297;-1.2680285529557;0.298188121437404;-1.51004349089609;-1.04267836666735
8000;-0.833532783248784;-0.28676052741484;-0.452309770552695;-1.27060359898117;0.323929135037601;-0.570798667908605;0.441518632596589;-0.308363387491972;-0.927884265403634;0.498124239140583;-0.13106405357637;-0.171264684684952;-0.380898624305378;-0.409982164768095;-0.356069044402059;-1.54297597354385;0.672422960848257;-0.404496018712758;-0.742201811411089;0.0880093515857581;-0.485985322258653;0.424416096758287;-0.7899787768219;-0.265155916728351;-0.8715726752888;-0.621779996528259;-1.32098162802777;0.266780611020826;-1.55570689480579;-1.05141046225614
8025;-0.816286239390141;-0.272976681290306;-0.445972359840585;-1.2984820078526;0.331084804720718;-0.562567574502598;0.453208686329603;-0.295996929491922;-0.927579111453267;0.504722739109707;-0.118419021418457;-0.154664949413563;-0.363968916486136;-0.422229613926362;-0.34593799909341;-1.5610995006018;0.681356688849223;-0.406505783138981;-0.739256514682848;0.0968915846856982;-0.529227798353866;0.412917657430152;-0.834138697615231;-0.259317712668218;-0.867673362173711;-0.626499310296101;-1.36765618400056;0.238291052191423;-1.59661125849183;-1.0648982634056
8050;-0.79853778929219;-0.258152174368448;-0.439134542489539;-1.3212645205951;0.335869497867696;-0.556223669390729;0.464447329954094;-0.28440902315494;-0.927445299887219;0.505729826657094;-0.102418143524953;-0.136352969109298;-0.346056559296844;-0.434644418400429;-0.333535248212197;-1.5749983071023;0.687744183081479;-0.409583111346895;-0.737310263212254;0.10361176103411;-0.565087542280013;0.404153959038652;-0.87591802434686;-0.254060364416553;-0.863075420538026;-0.629480682096688;-1.41076285587539;0.21116218050623;-1.63557021012864;-1.0818711528706
8075;-0.78221916981702;-0.242382747381395;-0.429976174972763;-1.33712548069871;0.337429759358962;-0.551605843282967;0.476574475648464;-0.273630543704658;-0.928133479130226;0.506014290881694;-0.0849419665749643;-0.116049694829918;-0.327793213345568;-0.447278659867024;-0.319427641392436;-1.58608366815472;0.691003303806915;-0.411963923055588;-0.736026568401262;0.109645049883652;-0.595367494939722;0.397630804448491;-0.915403658055851;-0.24637029081226;-0.852531709258996;-0.627842982277759;-1.4477752600527;0.188118253721377;-1.66727359753229;-1.0979656420942
8100;-0.767488109537378;-0.22649111238991;-0.41891177975971;-1.34597895123768;0.337105269335606;-0.548117967507091;0.48903816084798;-0.263950193407987;-0.928016317253937;0.503707977724067;-0.0666510112286055;-0.095361884099942;-0.308550171667699;-0.459061215024306;-0.304190245261223;-1.59692125927218;0.69299827058993;-0.414060962448469;-0.734811969497366;0.113775797791709;-0.620861514878952;0.393224073897411;-0.949933441139436;-0.237889547781103;-0.840519140261539;-0.627021259986689;-1.48181420244633;0.16559238211226;-1.69450086565244;-1.11440015304931
8125;-0.753218410736271;-0.21154134206245;-0.406227055537484;-1.35090640563154;0.331263793651519;-0.549060922982018;0.503528421768489;-0.255515807665336;-0.93062359678714;0.503625462727099;-0.0458412971310432;-0.0753345844288631;-0.289063521531351;-0.470222344507258;-0.287597725004901;-1.6086356788677;0.692450934317734;-0.415892137086468;-0.735158289519144;0.115135645688037;-0.641567962067707;0.391716670222852;-0.980118390639722;-0.230123285872537;-0.829229926925358;-0.624607047131123;-1.51580897520388;0.141505127584226;-1.7161715221291;-1.12677458924418
8150;-0.740077865344794;-0.197249813828867;-0.392609750013416;-1.35099029536835;0.322921471144849;-0.553610143658399;0.520319615845046;-0.248322949955368;-0.934503227463457;0.504037318242331;-0.0226460972754717;-0.0565103728388266;-0.270408500639351;-0.480023134522427;-0.271589228033293;-1.6216379115167;0.689037634005165;-0.416311433931177;-0.739243817259763;0.113946976855648;-0.660114697841015;0.390718935502737;-1.003681018541;-0.220997071828011;-0.819036407316372;-0.622133664969993;-1.54929817954085;0.1176339048701;-1.73246594117932;-1.14044071530807
8175;-0.726501434493433;-0.183192654093832;-0.378840770116951;-1.34644854475843;0.309473636266568;-0.559774019961624;0.53918107372712;-0.240919572754785;-0.938917722680809;0.505155013307639;0.00173044434788796;-0.039008454356641;-0.252299216275744;-0.487951324272887;-0.257693753444365;-1.63743966528318;0.684833139011563;-0.414495053703965;-0.746277758187197;0.110777053297425;-0.676574992469009;0.387809547511203;-1.01890935577976;-0.213600510016918;-0.809193303317414;-0.615059570469601;-1.5831956476306;0.0954566793380872;-1.74669931671564;-1.15355171383442
8200;-0.714966544571591;-0.169453584199425;-0.364386579389562;-1.33816715940614;0.292057907263056;-0.568428792456854;0.558285382146302;-0.2343239785147;-0.942486914613596;0.506713109974328;0.0270646152723012;-0.0242971739209102;-0.234233248499615;-0.494257282839061;-0.2458932829025;-1.65502294657087;0.679485596049696;-0.410853113804852;-0.755737304794524;0.104099978598302;-0.693841737782798;0.385747040760061;-1.02426663045445;-0.205855767196006;-0.799008236732965;-0.606285911711624;-1.61616550741002;0.0742412601423915;-1.75686052349781;-1.16308352640969
8225;-0.704513919302847;-0.157507807519797;-0.349706802174337;-1.32953070680507;0.271766316888499;-0.582076705783839;0.577428279912681;-0.227580829564417;-0.944774576708977;0.508687771643233;0.0542359180406015;-0.0129784172854579;-0.217103857501083;-0.495643651823073;-0.238621676051518;-1.6737949447199;0.672813873017854;-0.405859652644559;-0.769132473465524;0.0952968533869523;-0.712807964189595;0.382998623535633;-1.02171096536949;-0.196086343150157;-0.791701337343061;-0.595844956119834;-1.65128044702556;0.0566965682263941;-1.76530094500841;-1.1703703376677
8250;-0.693679369146007;-0.145835117549279;-0.334006512741113;-1.32107077548736;0.249046330045869;-0.598513066816433;0.595551801120079;-0.219530710181264;-0.947080956422783;0.513935736699295;0.0812301484214814;-0.00154388220524186;-0.199887968127998;-0.495649233372589;-0.232035670944061;-1.69008194766974;0.665155970785522;-0.398922070210342;-0.785969818274629;0.0878005373834413;-0.733406676930662;0.380599468313697;-1.01041058685175;-0.184776694690056;-0.78570187924602;-0.582237820194252;-1.68324902524953;0.0383654857689294;-1.77238184547404;-1.17653463515152
8275;-0.683163435250912;-0.13519568581319;-0.317893184721132;-1.31353194187373;0.22429364564065;-0.615631021172095;0.613102563757696;-0.212354085618178;-0.94832531567738;0.52264796368427;0.106478176119748;0.0075765153673288;-0.183336830281476;-0.492724322150434;-0.228968511251068;-1.70736317087008;0.657979145950302;-0.391508210721863;-0.804990671858848;0.0804030993081753;-0.760568609970722;0.37613861182106;-0.993723570326807;-0.175512352734229;-0.783324556762925;-0.570416731602958;-1.72024735550532;0.0156225694473499;-1.77459931173734;-1.1823720803435
8300;-0.672030717487181;-0.12530627133283;-0.30179914871793;-1.30670751026385;0.198178231412952;-0.633824400977323;0.630079377568121;-0.206449524695531;-0.949872056129117;0.533178080812828;0.128823822479363;0.015542552670585;-0.168169026757174;-0.487693359908312;-0.229155203524711;-1.7211045194752;0.650197692414657;-0.383438848560129;-0.82746455881858;0.0728083492708665;-0.789403458844832;0.370125689583137;-0.972436604447073;-0.166936326252919;-0.784453589166581;-0.560297698463004;-1.75751900941075;-0.00639887630567002;-1.77185779998671;-1.17892997312485
8325;-0.661985713903461;-0.116048038721114;-0.28536208196471;-1.30068686429778;0.172304860592091;-0.651835908791532;0.645421720741255;-0.201301889452498;-0.950453635517995;0.545005292368156;0.14765095300235;0.0235141754539987;-0.153136403633513;-0.480677774464608;-0.232096391147606;-1.73073374073019;0.643362802192182;-0.374717935342759;-0.852565155696008;0.0660670989681032;-0.82031144876105;0.36294642983516;-0.946783310821705;-0.155453509978941;-0.790440793459116;-0.547622956239092;-1.79632836188311;-0.0252084777164606;-1.76759416012832;-1.17321343471473
8350;-0.651579129854604;-0.10761936080213;-0.269030523350161;-1.29442254432077;0.145783120175937;-0.667887834883075;0.660012746209302;-0.196753885619476;-0.949665852850368;0.558171750858777;0.163325662428254;0.0292639425433221;-0.138942847312976;-0.472223979659512;-0.238507907447464;-1.73342801756965;0.637531008109817;-0.366371158477351;-0.878086426077317;0.0602580895611194;-0.854475851983373;0.35542983147302;-0.920068162106729;-0.141363436201367;-0.79747547620491;-0.534032446783229;-1.83521631961928;-0.0352496034763957;-1.75934998815929;-1.16625281266618
8375;-0.642782739992742;-0.0996847194288443;-0.25272749606009;-1.28806378618604;0.120181180323347;-0.684500205046334;0.672588402995976;-0.193012126334725;-0.947405596598681;0.572288547090876;0.178989890230234;0.0323186787057203;-0.125729937802303;-0.465220725967105;-0.245264074786221;-1.73374439485201;0.633066726351691;-0.358689010064016;-0.904675832185201;0.0535632839923935;-0.892672738500782;0.347972677840351;-0.889832669023515;-0.12596891371726;-0.806971960468238;-0.520451352928428;-1.8730183683763;-0.0469401952205496;-1.74770585421393;-1.14940618253675
8400;-0.634238769706226;-0.0926242857092747;-0.236797783084823;-1.28358363712538;0.0974416432507477;-0.701659426962031;0.684022078013827;-0.189573470856396;-0.944113986525782;0.585825500109321;0.194690672131455;0.0339974003680183;-0.112767216492081;-0.457123321483162;-0.250826141752868;-1.72726188912735;0.629572456365474;-0.352304066113154;-0.93013529883993;0.048273447118987;-0.931756612446241;0.339622106352935;-0.859939996845661;-0.109027526552078;-0.81921016210207;-0.504363212267233;-1.90957664891092;-0.0587711359582211;-1.73476664668818;-1.14513000971638
8425;-0.625742918146529;-0.086218404596928;-0.220615496106541;-1.27683110098016;0.0769120114405197;-0.719176697196432;0.693890673954612;-0.187491138860634;-0.940716969598709;0.600564610618055;0.208809631098102;0.0345808836731589;-0.100798530720423;-0.450151888918791;-0.255718900988448;-1.715662842804;0.628062391092502;-0.347156914777827;-0.955136846376167;0.0440560961464181;-0.969826335180203;0.329915160590542;-0.82958561772892;-0.090758274022164;-0.834676888590971;-0.490269787720482;-1.94760803447093;-0.0667115665003116;-1.71662446256779;-1.1364114304053
8450;-0.616088980504522;-0.080045391208948;-0.204535653621953;-1.2685966225463;0.0619437711088358;-0.736717048421793;0.701271433083989;-0.186504118541349;-0.937105462590139;0.614886273082929;0.220498015940964;0.0342793552580762;-0.0893471746665165;-0.44371172034364;-0.259716283210908;-1.698790255315;0.627577538907399;-0.342663355604504;-0.976474568618269;0.0394455705981994;-1.00578513981702;0.322114622374482;-0.794065876500273;-0.0715060584077099;-0.850814784370168;-0.477705529230736;-1.98287153971373;-0.07074447895434;-1.69459955545499;-1.12318584705839
8475;-0.606869597055341;-0.0748946258996481;-0.190243944828256;-1.25779437449282;0.0504081505795835;-0.753826164595637;0.705650377478361;-0.186884900182062;-0.932332780112437;0.626929413877966;0.232212655442505;0.035891973879343;-0.0781355024355919;-0.437314880478306;-0.262784270074654;-1.67576928273678;0.628670492860662;-0.338123948018355;-0.99411993862288;0.0352808785858743;-1.03655423897813;0.315189971901875;-0.759746438679451;-0.0502337011621819;-0.864652020128141;-0.466031737262858;-2.01584900880979;-0.072305131451856;-1.67266045601279;-1.10813956619359
8500;-0.598455817262063;-0.0702400378287224;-0.177203816582684;-1.24718510073024;0.0422921916533925;-0.770639028263701;0.708987685907683;-0.187094907153832;-0.925110845981112;0.638356424137053;0.243903646199844;0.0374352208461463;-0.0657896279993282;-0.43185391164542;-0.263333036194912;-1.64382425192408;0.630593244926091;-0.332997843923387;-1.00739315551642;0.0323685642032484;-1.06377908604081;0.305749691674584;-0.72900905221654;-0.0259385374406172;-0.87604017879916;-0.456981415474296;-2.05262906114288;-0.0725619672716456;-1.64974177569335;-1.09568371011142
8525;-0.591177587407117;-0.0664092728049139;-0.163228168978746;-1.23406531260607;0.0375201984511424;-0.785918610871668;0.710418355258835;-0.188108960659178;-0.916694617431339;0.648815469647661;0.254882983238157;0.0372715045688478;-0.0540695857533007;-0.425851827379435;-0.26153814524093;-1.60664699209575;0.633434761384026;-0.3270398070409;-1.01666063147553;0.0294534040935018;-1.08413849613927;0.297042571684059;-0.700081775580929;-0.00176855152451414;-0.889067227617048;-0.447941393312664;-2.08358806954179;-0.0750574002993372;-1.62266865874696;-1.0815667539572
8550;-0.582990672347546;-0.0631280078294933;-0.151115272397119;-1.21641182527448;0.0361452165979816;-0.802123288893703;0.707564065268788;-0.190426494807952;-0.907159306194321;0.656140628703232;0.265377781439829;0.0372128095347588;-0.0435077744449149;-0.420868939418087;-0.256500289678567;-1.57024786105952;0.635821608932375;-0.319790135178772;-1.02040076467205;0.0280634935618104;-1.09883397460698;0.291078688089914;-0.670927031722581;0.0191791901881341;-0.901234638004406;-0.43901110851966;-2.10840448735901;-0.079687582355007;-1.5937878008113;-1.06866684641738
8575;-0.574057543309836;-0.0592543085495389;-0.140088386165821;-1.19687383929986;0.0369878776338997;-0.818432816648514;0.703906106420803;-0.193175979335703;-0.89685688025614;0.661637451465833;0.275720897524156;0.036805496286312;-0.0333834395705766;-0.418102749729279;-0.250708402906183;-1.52918460392438;0.637033357047631;-0.31251038207973;-1.01872894412217;0.0256859456094512;-1.10781968215522;0.288258535682572;-0.640897993734798;0.0356631886275693;-0.912076902974434;-0.431749473859388;-2.13214635934286;-0.0814656974786188;-1.56703596662124;-1.04369724702078
8600;-0.566368392826598;-0.055760279428294;-0.130188563451291;-1.17456834237359;0.0403428116450755;-0.832815517294903;0.700041729214442;-0.195063386269626;-0.884864113440122;0.666641425568761;0.285985701910957;0.0340531901683498;-0.0242901158021458;-0.416812403382358;-0.243826466144021;-1.48671313773567;0.637896956505875;-0.304096547457797;-1.01272630220021;0.0239407473390612;-1.11340686525954;0.287166570727372;-0.612926750081961;0.0473609011615369;-0.923303433590577;-0.422383056181944;-2.15245778461939;-0.0784329448280901;-1.54151809063082;-1.02756615121118
8625;-0.557872078521272;-0.0528007806700694;-0.122411073458204;-1.14943285609731;0.0440569988535096;-0.84302715919325;0.694849765424052;-0.196562764944453;-0.873609013908379;0.67262059429605;0.296660446840311;0.0307936621763913;-0.0155344676065466;-0.416053403846252;-0.238079645936335;-1.44481427491106;0.638175328358389;-0.293979887238424;-1.00337472529099;0.0230695443535528;-1.11420090799583;0.288598037234637;-0.586132590084586;0.0522503520244807;-0.931388352543526;-0.412525870089686;-2.1677262376938;-0.0735872042654865;-1.51514190790493;-1.01240959488856
8650;-0.547335755951902;-0.0494184299012161;-0.115384380088151;-1.12233517177139;0.0500130626085031;-0.851308334638417;0.690649504632805;-0.196205040347916;-0.862197043573092;0.676761033754336;0.306635897788294;0.0257602831804455;-0.00714704827323636;-0.416908918256696;-0.234528103756025;-1.40587323756187;0.637964430093754;-0.282540999421458;-0.989633858703157;0.0218007265464005;-1.10904076716338;0.294957356781123;-0.559750235901465;0.0501559141669451;-0.941129653703224;-0.404352609951266;-2.18356423588766;-0.0737594558219324;-1.48913458312284;-0.993131914450938
8675;-0.538896180131062;-0.0464200946895658;-0.107707254928554;-1.09312407908418;0.0556927284684985;-0.855586162433547;0.686630163991331;-0.194623133880524;-0.852165791446398;0.680593089051128;0.316577463443956;0.0200838682543997;-0.00051445215158501;-0.416736372884637;-0.2328541971706;-1.36759821864339;0.637711124628702;-0.269739229018114;-0.973018612965816;0.0216378840483003;-1.09861490668334;0.302547661041455;-0.532653958583197;0.0353628819297206;-0.951249783991799;-0.400943181570029;-2.19884501952996;-0.0742155794508002;-1.46697686389769;-0.970776429104708
8700;-0.530794144773378;-0.0426433055911506;-0.102142063457803;-1.06205620875547;0.0608545424189169;-0.856994347765063;0.682517229450965;-0.193220342057992;-0.844691242186398;0.685892649671615;0.328408956192238;0.0138452219050286;0.00367791307436911;-0.417082756212461;-0.235458872967641;-1.33167593549764;0.637677703724106;-0.256068347798179;-0.95610448862684;0.0223909186014549;-1.0859908341958;0.310569201045518;-0.508003583081373;0.014521415665879;-0.960761510579968;-0.395970325105239;-2.21419274934832;-0.0785631702193766;-1.4444674436783;-0.944108938253666
8725;-0.522740917830412;-0.0374627860739398;-0.0977391387642522;-1.03272450408688;0.0665438825542601;-0.854294363045733;0.678711488709474;-0.190069442254363;-0.835985887315611;0.693895285347483;0.339768783191951;0.00695687056034551;0.00611774785859027;-0.418194242755106;-0.243803743156736;-1.29807991802713;0.637543396900543;-0.241082227927649;-0.938812726049504;0.0241821156521203;-1.07094356483993;0.321379635058707;-0.48292154545768;-0.0122948782372968;-0.972480391983324;-0.393986273815453;-2.22688810246074;-0.0837965045531138;-1.42496274485926;-0.918554917133802
8750;-0.515715539639953;-0.0325914499013464;-0.0933146986909612;-1.00360649613508;0.0714954622195174;-0.848569106288265;0.676529620028978;-0.184863323355787;-0.829400835774911;0.704550157129604;0.353241801096283;-0.000237812228992595;0.0061562982977645;-0.419085829872489;-0.258243045802738;-1.26879362097252;0.637456317638458;-0.227271590383078;-0.922264142592106;0.0270224711851287;-1.05304861406992;0.335138292284566;-0.458644282624137;-0.0468891227382205;-0.985829749071784;-0.392509515179704;-2.23942323320792;-0.0913213730388656;-1.40909305587213;-0.898161182112739
8775;-0.50834841072004;-0.0278600725514861;-0.0882838487897988;-0.974660535596025;0.0769235099188483;-0.838734118776794;0.676228688957771;-0.178692921929406;-0.825684378709934;0.714638692801186;0.367931994661836;-0.00680574261044757;0.00670669048550683;-0.419154916877142;-0.276463532417765;-1.24500662604961;0.63772638295062;-0.21182705825104;-0.906619327896842;0.0313638168144708;-1.03408171425138;0.351761696501646;-0.437801136331806;-0.0888158787781571;-1.00289160141132;-0.386330374679029;-2.2511912176794;-0.098009486426354;-1.39749766198284;-0.876751292904659
8800;-0.500916679969478;-0.0224312439924236;-0.0843377067005527;-0.948482740113364;0.0830022663445096;-0.825053594323321;0.678650507473037;-0.171882123966256;-0.824454828775122;0.721849297352216;0.383395268202547;-0.0130044954824518;0.00647526809306904;-0.419054152625803;-0.301108246478775;-1.22554322477919;0.637365876729691;-0.197510617555536;-0.893521028580972;0.0387407864182413;-1.01708958017963;0.368983271696731;-0.418585745528996;-0.134765342013397;-1.02574255224427;-0.383724448056279;-2.26132587223819;-0.104102827694194;-1.39412011152832;-0.854914394791674
8825;-0.49405557471595;-0.0186537995312745;-0.0800903254769308;-0.924840381975587;0.0898430543721798;-0.809095475404691;0.682450990118756;-0.164056515429275;-0.82287738202857;0.72542129032327;0.398437102244492;-0.018064666779418;0.00405639076224369;-0.417355644764165;-0.330690493178645;-1.20230300299751;0.637264446075497;-0.183504611591158;-0.881841197362863;0.0470646014436954;-1.00011909363746;0.391085520457927;-0.399377789966573;-0.18334440972384;-1.04604951696644;-0.383556838196336;-2.27408201436714;-0.108662033946127;-1.39645433148596;-0.832828290666951
8850;-0.486879871469545;-0.015032723775155;-0.0763288047977946;-0.902624387999537;0.0970510404349554;-0.791305483723707;0.687878976346156;-0.155911236019425;-0.823580756558812;0.731249292822883;0.412207288196857;-0.0210420087213093;0.000792597467236655;-0.41586205581247;-0.365665931457;-1.18408846038016;0.638847598998686;-0.169737687773259;-0.87172418489105;0.0568935463669423;-0.985167913158566;0.413602523699103;-0.381283499066596;-0.235686082918882;-1.06593316692116;-0.385294990863256;-2.28414067185981;-0.111583843910011;-1.40053034528106;-0.80581315752905
8875;-0.481020026530743;-0.0117383843911351;-0.0715693020633219;-0.880573664542388;0.104255601074168;-0.771156860153769;0.696757299160087;-0.147549670656661;-0.828299767468108;0.737423627136366;0.427058687022098;-0.0229205494203686;-0.00281605678812595;-0.413699596250024;-0.402223197453139;-1.16721789938291;0.642251853095975;-0.155550245358472;-0.862862936530963;0.0698273367641774;-0.975366040060053;0.435474228685113;-0.36486551142538;-0.287410710227405;-1.08530238963627;-0.385971963920542;-2.29445779378421;-0.12043258131984;-1.40887405432422;-0.790007460514024
8900;-0.474941211747452;-0.0118143679855249;-0.0674114333056355;-0.859989690016834;0.113473298507832;-0.751469728556113;0.707438646996537;-0.139759106288953;-0.837217208922309;0.742552489533537;0.442786210018052;-0.0236082710597286;-0.00603535709538199;-0.411633285814617;-0.440224742011041;-1.15321828321695;0.646740058636784;-0.142212200902374;-0.85405097717447;0.0854243656443233;-0.969423669900303;0.460186102033128;-0.350281911931197;-0.337330650992005;-1.10267403259603;-0.38910048019198;-2.30334711524818;-0.127518689553831;-1.4175123798375;-0.769919881422513
8925;-0.468958922953748;-0.0137813064213467;-0.0626682674428148;-0.842180841695481;0.123270116172447;-0.733627260874428;0.719890318099797;-0.132487022377891;-0.85197917734869;0.746438221200452;0.459766356923208;-0.0223618613924533;-0.00973979699409049;-0.409829525760482;-0.478277353909715;-1.14177543490407;0.651386520688846;-0.130207760552506;-0.8451397801883;0.104371390473436;-0.965709406263685;0.484378757832727;-0.337498389276918;-0.384229295402522;-1.1192070355426;-0.392698240649065;-2.31074430654484;-0.132033172103966;-1.42047660438298;-0.75084702866382
8950;-0.463289727205189;-0.0166348041478805;-0.0587465175081395;-0.82355050157218;0.13341220767325;-0.717843279121648;0.734785777085789;-0.125841887161705;-0.86901609027621;0.747849113643999;0.476284468881936;-0.0199452577758954;-0.0133891858429816;-0.407800862633749;-0.513758462979256;-1.13338918392062;0.657861689196067;-0.117814573712586;-0.836779068109973;0.1245466067655;-0.964566825919248;0.508226678147465;-0.32455172897341;-0.426916416394829;-1.13542052719592;-0.39759792860482;-2.31459553747874;-0.135650113241116;-1.4217798437674;-0.73308931113884
8975;-0.457758359880951;-0.0199608721765081;-0.0553368504800511;-0.802306304475496;0.144554008837209;-0.703325253373825;0.750743966118188;-0.120089718568116;-0.888904354031353;0.747644414354591;0.493721995760012;-0.014849904739182;-0.0171905841888314;-0.405601581803102;-0.544475340581017;-1.12471424077739;0.665673630451183;-0.10588741706091;-0.826922328816099;0.145282580354689;-0.966797789207741;0.531550202899468;-0.310913948629735;-0.46481383779657;-1.14720097097542;-0.398084193753247;-2.31871867739271;-0.133113274191755;-1.42808331630793;-0.717917338657358
9000;-0.454117876510184;-0.0229710893442485;-0.0520679832259299;-0.780022972654359;0.156904907650911;-0.692103522646386;0.767831358906999;-0.114874355980853;-0.911684218198334;0.74561449123989;0.512038993138534;-0.00911830249729722;-0.0188810616766371;-0.40198776297549;-0.572165862946622;-1.12027690450159;0.673430873383988;-0.0952800697045083;-0.818185991405095;0.166384250150656;-0.972851148538142;0.555444461755848;-0.298932919065864;-0.493642070823403;-1.15425234821523;-0.400916966862071;-2.32043689943028;-0.129053183554256;-1.42963357378884;-0.710054154969469
9025;-0.448790598634665;-0.02713703691394;-0.0480728062916416;-0.757861144580085;0.169677026944951;-0.684236407703619;0.785696560525654;-0.108885185620037;-0.935925640823775;0.743648481294468;0.530903322366987;-0.000915765044290851;-0.0198354206448453;-0.397426385595459;-0.592863051259406;-1.11804529082143;0.68170363106495;-0.0845834682040452;-0.809601795058161;0.188083386247275;-0.978213221101047;0.575552215923754;-0.286309871498409;-0.51293520678958;-1.159067193811;-0.404741063792748;-2.32022561211568;-0.123973745647893;-1.43150226173848;-0.69587956165641
9050;-0.442238044327546;-0.0303598030943517;-0.0441894500406262;-0.734272025840052;0.183623747120999;-0.678813766423161;0.802600649151165;-0.103508716573578;-0.959108319958603;0.742655454761107;0.548171061068546;0.00921127771697012;-0.0209726373658792;-0.394338463972017;-0.605821097803185;-1.11673612711016;0.692713099675337;-0.0733746248024879;-0.802114508560746;0.209235871221335;-0.983202121283865;0.594423184544812;-0.274135163113423;-0.527412539332068;-1.15861015974572;-0.405042128741574;-2.31940458607182;-0.115069135683939;-1.4309748551003;-0.689708535546542
9075;-0.434022517804498;-0.0328479640692265;-0.0404454965010162;-0.710341541429066;0.197751904296146;-0.674594221615554;0.820634103659863;-0.101711813125751;-0.982182383155245;0.740926597968998;0.565024914918444;0.0199138257594688;-0.0227806918067253;-0.390226165496753;-0.612573212529738;-1.11883103615492;0.703553872361535;-0.0624357638534262;-0.796178199139491;0.226945330862231;-0.984662162331986;0.606992977174374;-0.264803660977987;-0.534882229012484;-1.15684934916641;-0.40802701241103;-2.31746767031074;-0.10370764345022;-1.42465346442496;-0.682309305475764
9100;-0.424332514181701;-0.03545924042505;-0.0382906740563536;-0.687098930303818;0.211220876965962;-0.669887788258257;0.837761008697087;-0.0999820150231476;-1.00511666154848;0.736652809364578;0.580400727480101;0.0327490453202632;-0.0236463203517539;-0.385446930816554;-0.612776523949992;-1.12318657884441;0.713559655205983;-0.0511599856879977;-0.792288972370343;0.242249798851982;-0.986321771734037;0.619472620274059;-0.256934510916352;-0.537524831138905;-1.15038357511455;-0.408158103352942;-2.31832193575347;-0.0874976692987882;-1.41115122764963;-0.675080971285196
9125;-0.414615999922174;-0.0363603651762964;-0.036432318296473;-0.665384458678444;0.225797994027324;-0.665614212924332;0.851954519286616;-0.0969981713808987;-1.02463566727694;0.731645415865318;0.595502938500213;0.046417173334132;-0.0246343857280747;-0.380746545565325;-0.607303438458428;-1.12611299048349;0.722561567015585;-0.0406011784230508;-0.791677219678214;0.257447066586318;-0.992659106957673;0.629212823236863;-0.252765934128299;-0.536433057938493;-1.14084655476;-0.403532526835839;-2.32141851393184;-0.0670778434276057;-1.39719667481852;-0.671007231962756
9150;-0.405430109142746;-0.0368591746398383;-0.0363338881572586;-0.644029560850477;0.239624668011461;-0.662205634695207;0.862808180582213;-0.0940898216003549;-1.04095390010141;0.727620051021002;0.607692071051498;0.060463413105029;-0.0254351876071711;-0.376594601826996;-0.595168877742849;-1.12889893077844;0.730217298905158;-0.0308350640313929;-0.791529372175431;0.268088478446904;-0.99987347570244;0.638208652031922;-0.251801974696355;-0.534646154976654;-1.12800815615583;-0.39698082100774;-2.3197396769449;-0.0492971686650255;-1.38183276082621;-0.661075775853062
9175;-0.39627269473691;-0.0352426774154626;-0.0362665182235034;-0.623833492680301;0.253004868944485;-0.659666159344414;0.869609990952105;-0.0906630470011673;-1.05686183276135;0.722833636197296;0.619153715458389;0.0726263139617755;-0.0256102110444628;-0.373197545130515;-0.576898388733151;-1.13045248798928;0.736394106560018;-0.0220001613044648;-0.798259758322049;0.274439772489913;-1.00648347997577;0.645956693467057;-0.25197751073788;-0.530415067130645;-1.11478662026591;-0.389279866359795;-2.31564232889812;-0.0318304333541966;-1.36056122944924;-0.644160861829244
9200;-0.385517569672283;-0.0334359103552648;-0.0367343866970902;-0.604606337162641;0.266588561549102;-0.657053099966894;0.873914750387299;-0.0872306178420376;-1.07340451875124;0.717000756526357;0.630859494926054;0.0828812941008954;-0.0248697478817408;-0.36915931104005;-0.555424213420045;-1.13139355044517;0.741202191822586;-0.0139550306385768;-0.807350108643956;0.27884529812628;-1.01672558230188;0.651745534482105;-0.25541956155653;-0.523332399726919;-1.09748948495348;-0.381422302982469;-2.30910238550608;-0.00993067936592804;-1.33368261742449;-0.639958949120986
9225;-0.375498996424318;-0.0299698691340166;-0.036588012101469;-0.585393629767058;0.279306278054273;-0.654075381041565;0.873055297065378;-0.0831758274995644;-1.09045004017115;0.71112474179535;0.640884963340412;0.0915038357709934;-0.024456214116793;-0.366824843332199;-0.529536155306716;-1.1294276260774;0.74564772750695;-0.00842294476545522;-0.819785885257957;0.281647025625611;-1.03457264669542;0.656898977359493;-0.260077070384554;-0.514440869746496;-1.07734001048425;-0.370219628234399;-2.29807396181836;0.0182575449075137;-1.3111264627847;-0.631739964378967
9250;-0.366785591405502;-0.025520519601498;-0.0357479227867248;-0.567129846477975;0.291766617146674;-0.650808703560314;0.867103527929557;-0.0786209584315;-1.10900423377665;0.704073599894076;0.649658496463865;0.100679945159292;-0.0222057380946619;-0.365050361783277;-0.502488394390255;-1.12888225812566;0.748436013612444;-0.00415170481085756;-0.834719850672005;0.28206498371717;-1.05323019499427;0.664023830953162;-0.265257296322698;-0.503117076758515;-1.05250286052203;-0.35676370341098;-2.28564712597706;0.0500803488743872;-1.28629214293022;-0.618869649144335
9275;-0.361274042601017;-0.020506891949604;-0.0360443020346322;-0.549470615255066;0.303753830252864;-0.646498558726536;0.857846656823273;-0.0734043043418439;-1.12855847970562;0.696970548652685;0.657907470022564;0.109331550198136;-0.0190589772761043;-0.363140928151093;-0.474622416660345;-1.12664091756152;0.749058885941807;0.000282208102326287;-0.852256940155041;0.279349622608243;-1.07570279663616;0.668623100142977;-0.273019248676241;-0.488196640933098;-1.02536776817656;-0.339289760995961;-2.27711980516912;0.083407830614744;-1.26380880338699;-0.61063387635896
9300;-0.357327644169081;-0.015302041514766;-0.0347003082486202;-0.535251750167621;0.313908869858634;-0.642222014574783;0.846142461231968;-0.0661443366927476;-1.15013253893539;0.691578210430258;0.663918321959899;0.115320552330937;-0.0159502542988288;-0.360768497901553;-0.445739437790847;-1.1226678952873;0.747936059142329;0.00434258724784566;-0.870519868811342;0.276443968429723;-1.10089688487632;0.673638362174395;-0.282895433698276;-0.470865589203195;-0.995505097097678;-0.321145601633162;-2.2640940153876;0.122571249779545;-1.24117983841398;-0.603605173971255
9325;-0.355163717378893;-0.0108382683290768;-0.030882625802901;-0.522596256205578;0.323167955895054;-0.636262326621475;0.829098079198098;-0.0586503440772012;-1.17385326058166;0.685582472566423;0.669341609126924;0.119917634180567;-0.0128920939106796;-0.357258917032625;-0.418263048575731;-1.11641685909235;0.746100124019937;0.00926580339295882;-0.889504842881411;0.270622238018594;-1.12661611459457;0.678661485227493;-0.293382821482121;-0.451891945390164;-0.965513515387238;-0.297763961213848;-2.24440863948448;0.164234599853844;-1.21581289292421;-0.602810734540821
9350;-0.35295716949045;-0.00570350762669221;-0.0279755648888472;-0.511121413792936;0.332849783439263;-0.632664297821143;0.809617733997101;-0.0498452367660691;-1.20139509911605;0.679567641835289;0.67467346866159;0.124053174013777;-0.0088681604743051;-0.353578633084497;-0.391593477800894;-1.10910704446831;0.743297842994245;0.0128288968491152;-0.90853054095791;0.262684785548957;-1.15351685355353;0.686118757701293;-0.304858306888661;-0.432033874752435;-0.936624264989319;-0.272622161023384;-2.22352415831421;0.205296202615498;-1.19283725154082;-0.592255637727913
9375;-0.353005510511328;-0.000486885876065335;-0.0247382796056657;-0.505061898727682;0.342844912015472;-0.628657056574958;0.789063392418479;-0.0396743173630296;-1.2295893950067;0.670642754880219;0.680305020661354;0.126675477549751;-0.00204280423538932;-0.348851096575724;-0.3649168338132;-1.09737473390956;0.740452954613243;0.0156692782579103;-0.926373534932573;0.253906547548517;-1.18202593524024;0.691520805938937;-0.316272964628343;-0.408900313917308;-0.906870443747461;-0.248471199306978;-2.19982592285305;0.248282500050054;-1.17389932862873;-0.590982146624958
9400;-0.355500500461566;0.00363613738832318;-0.0212095652109799;-0.502430158391424;0.353573967192425;-0.62223591197945;0.766122154720417;-0.0297948822934557;-1.26031351118001;0.662275727739397;0.685133213535284;0.128825190416881;0.00626406588952428;-0.342056273303487;-0.341518170859686;-1.08422742785788;0.736285606450987;0.0207068974873618;-0.943699870440258;0.247503832125913;-1.21097144717407;0.696680834473026;-0.326903840558789;-0.382201147279804;-0.878222659424168;-0.221411697583444;-2.16993626502776;0.294951630254466;-1.16043330234072;-0.595384284581335
9425;-0.358632545914953;0.0068763269293282;-0.0176896699272209;-0.501555168747856;0.365045103760676;-0.616232125149853;0.743602502774923;-0.0187102740150002;-1.29306926430475;0.653866084530253;0.689149352750003;0.130599454119453;0.016764686940784;-0.334566372115311;-0.318923312523653;-1.07139951614254;0.731342536382949;0.0267606512297188;-0.955614767719485;0.243455545797711;-1.2355944738511;0.700212972551006;-0.336348245178141;-0.351590258012806;-0.847408100898095;-0.191318796860685;-2.13475708444306;0.33721034842532;-1.14416810077521;-0.596541622609074
9450;-0.363580149555866;0.00963224790954258;-0.0133188937553903;-0.502964172743091;0.37666952240099;-0.610804782097653;0.721441227581237;-0.00580187705919561;-1.32627077782029;0.645131112908058;0.691377747388301;0.1330619290775;0.0275556616766379;-0.327266162779163;-0.297321006989834;-1.05646201092496;0.727487500317247;0.0331079460632496;-0.965770253273812;0.241038348766556;-1.25634006666105;0.703050058099101;-0.344680350946198;-0.319960029375746;-0.819000020801221;-0.1614756023965;-2.10021481972566;0.370508578035187;-1.13396768299001;-0.597262288346153
9475;-0.369139232102457;0.0122659750960459;-0.00856306487209917;-0.507070580283621;0.387002422317954;-0.607422024381274;0.699482255603367;0.00781152256982436;-1.36008800414472;0.639522532376635;0.692719544464944;0.135644864586088;0.0383157793116564;-0.317156452100643;-0.276605783769548;-1.03808814631884;0.723250602382942;0.0390151285024499;-0.972734829001618;0.241502263472302;-1.27307892261407;0.704148594560461;-0.353264991847821;-0.284120963039315;-0.789620979243181;-0.131801163599255;-2.06107292708869;0.402575144630101;-1.12166757956912;-0.592973714829645
9500;-0.374420251511421;0.0168096199771695;-0.00617755775575439;-0.514136715826056;0.397722583755566;-0.604647648161688;0.679522097841187;0.0216093732166008;-1.39129598640365;0.632776395310867;0.693599725223099;0.139686606037294;0.0482786591755872;-0.307010857116143;-0.258484630114868;-1.01804340937087;0.720103719451145;0.0446021136673455;-0.979997609680437;0.243301571321784;-1.28511356779967;0.700771008710437;-0.359768432008463;-0.244948260738495;-0.764873849691786;-0.101070416157491;-2.01708330522909;0.433941853069869;-1.10824483561833;-0.58488535952404
9525;-0.379865878427215;0.0209940818099197;-0.00374357195779567;-0.523461926366315;0.408481431222518;-0.604964550970316;0.662722146952636;0.0371399136344331;-1.41896668999066;0.628119924498007;0.693839578485747;0.144965980273734;0.0596175450446261;-0.296715751177878;-0.24319812376237;-0.993277983344098;0.716888711267472;0.0500204342892253;-0.984994404075491;0.244978836932697;-1.28823457577097;0.69743969422534;-0.362850561852545;-0.205792649450509;-0.742458870219501;-0.0702135343331308;-1.96704742881341;0.464099836601465;-1.09333963143816;-0.578431235286141
9550;-0.384436587109649;0.0252542957656985;-0.000240188565075172;-0.535323966899489;0.418733464763943;-0.606913311704411;0.648885941385797;0.0522008797131488;-1.44507374066026;0.624541399107232;0.693421548886372;0.151242390606572;0.0715033360158918;-0.285430815807803;-0.229090609597808;-0.969953607957693;0.712941115359382;0.0553504345843153;-0.988454440724965;0.246455405604319;-1.28640108501655;0.691799955377245;-0.36373228895281;-0.164753105059044;-0.72284406961293;-0.0379309697276019;-1.91378699134804;0.494671716365831;-1.08030171083918;-0.579594319389294
9575;-0.386027618899971;0.0313260295422602;0.00350353960285528;-0.547639155524851;0.429070499441038;-0.611244205754615;0.63893014578727;0.0670982537726082;-1.46693592634555;0.62069650821473;0.690522957089854;0.158801317422865;0.0837165665856987;-0.272870499389629;-0.217409892377112;-0.947015872154557;0.708441341000664;0.0602705665690339;-0.990414393015979;0.246115308686512;-1.28009721611497;0.687269997720495;-0.362828364753165;-0.122484404058921;-0.708841592711149;-0.00531076770529579;-1.85485321964677;0.52029523889228;-1.07034204934569;-0.577154608909881
9600;-0.385766895464986;0.0377030226823277;0.00549906475904223;-0.562127994173121;0.43961806258547;-0.617399230445226;0.631668037074813;0.0814112539884937;-1.48293144072342;0.618201147777685;0.68604465358724;0.166237003899067;0.0949614159256424;-0.259726830407364;-0.207731714080807;-0.922408360689838;0.703425499295582;0.063300733590656;-0.995888554051975;0.245664828069395;-1.27088875556143;0.684641019099983;-0.362435757153177;-0.0773099005324019;-0.69645471810178;0.0242197596036015;-1.79370476252219;0.540549140980599;-1.06012065675718;-0.570020310918027
9625;-0.384350671793324;0.0442263167041804;0.00621825622191192;-0.575801003186432;0.448715550607795;-0.627163820692294;0.62762092556719;0.0964971929464407;-1.49448562113594;0.617766907793301;0.678975228841476;0.173735742282692;0.105989310149943;-0.245829325128441;-0.199555587765709;-0.894873663638428;0.698685537771474;0.0669130528898577;-1.00186319921527;0.242493617926519;-1.25831005656094;0.682577951140097;-0.358395009435331;-0.0335017398898704;-0.684841125736578;0.0532754328144064;-1.73580544706529;0.558229747350841;-1.04772364402894;-0.568199552245044
9650;-0.381355962472423;0.0506934428157475;0.00614111486721498;-0.588086007375367;0.455983577834401;-0.637304447332668;0.627344806684567;0.110722793046363;-1.50421552994116;0.621150544211647;0.669786718877264;0.181031269905158;0.117987347013044;-0.234658705518819;-0.193608839664841;-0.87029559603633;0.694512965958984;0.0695866005010965;-1.00945542493734;0.238183961688076;-1.24422071466261;0.680396136337924;-0.351882609528433;0.00674127105342861;-0.6743951294915;0.0810257633402506;-1.67501179366315;0.567478904520014;-1.03718638102898;-0.562948471348031
9675;-0.377149345160232;0.0554230790808994;0.00399420520624201;-0.600578099838867;0.463905069190504;-0.64822184996745;0.629596861049634;0.124200709620092;-1.51218803639398;0.625524337197564;0.66089504497452;0.187591534927338;0.129510581290742;-0.224162999235166;-0.188705489572351;-0.842641059878587;0.689639299299729;0.0707620461214566;-1.02056334558725;0.234425506210836;-1.22901144580935;0.681792616310816;-0.346398444892989;0.0461920599135023;-0.664716000894742;0.109328870456512;-1.61580497639578;0.571512516528701;-1.01915338080713;-0.567448096127839
9700;-0.372576818431072;0.0584566203958135;0.00042668791735796;-0.614339915077158;0.471020568852697;-0.660560532776889;0.632381595649159;0.136491811605757;-1.51949634244448;0.631358917839825;0.650126611732318;0.193091968272672;0.1407762781396;-0.214929680870021;-0.184478911440155;-0.815071802468668;0.68464185573225;0.0718539037810237;-1.03217085080159;0.228904322513212;-1.21240286909927;0.686291998510262;-0.340039910871672;0.0831552289517693;-0.655619779795938;0.134887233790889;-1.56000037811053;0.577673983581587;-0.992964441674186;-0.556921442763768
9725;-0.370195742244399;0.0619904608494535;-0.00375494666231173;-0.627908955757191;0.476356419283543;-0.673616801662562;0.636618465448828;0.146525716519413;-1.52910284333158;0.640263280313746;0.638524617284516;0.198859651348469;0.152620692869755;-0.208416238900492;-0.180436179429348;-0.787199868419675;0.67988368392386;0.0716226188464052;-1.04580909094704;0.223257670237664;-1.19681238225572;0.695461209826137;-0.331329955935715;0.116309372286033;-0.649372960548774;0.156599474121287;-1.50914455081304;0.575951124934606;-0.962134008267763;-0.546136569798392
9750;-0.369027605959599;0.0658403509344368;-0.0111926849141771;-0.638866395004597;0.480676087226247;-0.685975557337043;0.64241473033507;0.152802437167836;-1.54156661522389;0.650881876186982;0.623681934115992;0.203375967217375;0.164811490954597;-0.202917611672483;-0.175491969238544;-0.755501960358515;0.6760383208144;0.0700653143928335;-1.05982477423177;0.215609618459327;-1.18476066639524;0.710038994386276;-0.320399824846643;0.147694595926988;-0.644772243704268;0.174223872415352;-1.46248497119427;0.569033309320429;-0.925671062825329;-0.536043800028556
9775;-0.370056094235141;0.0692939818777383;-0.0202550450698753;-0.647566759508105;0.484910990601247;-0.697895581707662;0.647688588805292;0.156328667765307;-1.55755257292052;0.66356138014979;0.607872607088125;0.20693419228833;0.177732650679482;-0.198958665802822;-0.170280258761882;-0.722878454779852;0.67317650749028;0.067210237836559;-1.07266465679182;0.206147350205272;-1.17620366066483;0.730146686737745;-0.307664465221481;0.174612111333026;-0.636764171942993;0.191961028008817;-1.41755287569605;0.55771546662422;-0.883489241562985;-0.520032286559029
9800;-0.374677942178511;0.0719463171507071;-0.0309363796608551;-0.654918217456272;0.487320486261031;-0.70837594348739;0.652141616694914;0.157944221213221;-1.57631576125289;0.680433356525353;0.590732374415161;0.208320553233044;0.191529582067378;-0.198475391336849;-0.164393620217035;-0.695666495609478;0.672859605903703;0.0632742820457505;-1.08607736382524;0.197929318606793;-1.17023726733839;0.752353664480694;-0.295818345923068;0.197501142564899;-0.627933352564245;0.203718749261021;-1.37716003652072;0.541387522983535;-0.842005036397777;-0.501796082279522
9825;-0.381302388334859;0.0743625660322183;-0.0428669982193302;-0.661078756306009;0.488931552658835;-0.718192123361124;0.656042648680728;0.157040228690981;-1.59793215255643;0.698997183727161;0.570170913748343;0.208590386780879;0.205536240145315;-0.201177216637339;-0.156955528777538;-0.668245932593358;0.676789974940205;0.0597612698842557;-1.0985638041453;0.189762481887544;-1.16621337983729;0.7749881708512;-0.281360044888793;0.215884867420441;-0.617524355689458;0.209845963047379;-1.34423257642561;0.529358815971607;-0.792921084300602;-0.481576214709918
9850;-0.391206069675098;0.0774543495473222;-0.0546649440031429;-0.665538703068367;0.489605520782951;-0.727318837846347;0.660985038429863;0.152345244142597;-1.62099800802429;0.719004933192667;0.547248577827527;0.208061025841246;0.21894192466213;-0.205616188147543;-0.147817373052753;-0.641998492950112;0.68372774616509;0.0571521686020841;-1.10933536682584;0.182211379968197;-1.16085601584246;0.796449860994149;-0.265489910532018;0.22888222049961;-0.606765719768023;0.210021820450681;-1.32098589878001;0.521290717175982;-0.74233007882234;-0.457861199614559
9875;-0.404598097364819;0.0803331653242286;-0.0661450237231376;-0.669795724490618;0.488829571919473;-0.733211945189808;0.668007924517024;0.143835274856389;-1.64492009191401;0.739756249600053;0.522807734815685;0.206636031339195;0.230109261514527;-0.214570813516;-0.137931739727982;-0.616572061586378;0.691767030589084;0.0560800693459255;-1.11609040098238;0.175587053186601;-1.15665076730855;0.814570119356152;-0.250542002389695;0.236394113210911;-0.597401563020244;0.204633254587513;-1.30804687676099;0.513942245953664;-0.685196099912589;-0.430610358136576
9900;-0.420419606321128;0.0830899509113819;-0.0800151814027322;-0.673907559158458;0.488201237207491;-0.736318816413151;0.673734638602779;0.135035723855667;-1.66767814977492;0.760368136685538;0.49451036689413;0.205234181107334;0.23975328920224;-0.226574517260326;-0.125369396466444;-0.596720175330477;0.703361659996671;0.0559322718308865;-1.12293426869114;0.171163837292896;-1.15410062436328;0.830552808379878;-0.234316672472141;0.237425907215432;-0.588730034958191;0.19682664021239;-1.31175712123876;0.510036489575094;-0.628110404884017;-0.39901762359953
9925;-0.437911266178086;0.0868240999759769;-0.0934042702763687;-0.67764123950575;0.487420607913887;-0.736198657581436;0.677989443669678;0.123880889726695;-1.68858343474659;0.780575534593592;0.463343929880259;0.20422289009116;0.247885495537281;-0.241671795371155;-0.110790622443673;-0.577071877697297;0.718091756236722;0.0564893247735755;-1.12783784507843;0.168066467409326;-1.15024467939674;0.841294100406335;-0.216544846840006;0.234158912057629;-0.579549453050928;0.190182892572877;-1.32092729127599;0.505263227883368;-0.580551789137246;-0.365073283442143
9950;-0.456740079958038;0.0903648524732175;-0.108621820769931;-0.681685954946006;0.486393471031388;-0.734038984273796;0.680915956225259;0.110203135337884;-1.70787589473459;0.79866582619659;0.428670205806928;0.201472562417635;0.25371364134357;-0.258387257112154;-0.0928521952304149;-0.559143892031062;0.734523351976441;0.0584323454014481;-1.12892842240147;0.166007667631962;-1.14225105961707;0.845115834496697;-0.197953569185527;0.227266511668798;-0.568612562098807;0.178692231957756;-1.33235548745922;0.501739751043722;-0.530831619845418;-0.329559850752243
9975;-0.473749610411337;0.0963338209504228;-0.122775747260393;-0.685442689434846;0.48559225290004;-0.728995282263109;0.684571850156477;0.096298537525102;-1.72480323550337;0.812670356606065;0.393138396178177;0.197862898990055;0.258351555432331;-0.276615217631229;-0.0731559845653662;-0.545009046061361;0.754002452791511;0.0617518526134337;-1.13097833863272;0.16702858189176;-1.13280100291343;0.840569420467668;-0.180242871163082;0.221073240215187;-0.555827943588803;0.163473057114132;-1.35347955299714;0.506674455211317;-0.480294632811817;-0.289139669076494
10000;-0.489385572364023;0.101855997510543;-0.136264217972845;-0.687882098019337;0.484974692401589;-0.720701243317237;0.686524629964099;0.081493675412329;-1.73801878187478;0.821956552061767;0.356847717891094;0.193912341520345;0.260271392487985;-0.295980127676494;-0.0524587664950451;-0.532163455903434;0.775540880097445;0.0643254623125497;-1.13014113904055;0.17035093186404;-1.12603080031753;0.82636008112583;-0.161616436393178;0.216441566084051;-0.539239823949841;0.147458934643376;-1.37627510505864;0.517652307320182;-0.438472683457907;-0.253766986310937
10025;-0.503873500707659;0.108497695109474;-0.149453765506395;-0.688744100166511;0.484800888157965;-0.7108421044522;0.688122804528605;0.0669180129539247;-1.74603844944517;0.826318412034502;0.319763311901466;0.190533734296017;0.260075128287722;-0.315378006141192;-0.031523044447438;-0.519588125746398;0.79965494120515;0.0653941389464551;-1.12854050375611;0.177759284402263;-1.11877555762999;0.806540087577528;-0.143102710145704;0.212531293042178;-0.522551922127626;0.134752439088885;-1.40000666794596;0.535376818437948;-0.399289295778643;-0.221951221179081
10050;-0.515777991630935;0.115636169583653;-0.162192258904705;-0.686363441724454;0.484387651320585;-0.699918573362444;0.691774845546389;0.0533310372652463;-1.74784833657745;0.826680232657264;0.282005614164933;0.186891766614669;0.258778159258702;-0.335217680379112;-0.0108421963479597;-0.512193231729251;0.82335363267506;0.0663439134514995;-1.12708468769305;0.188516932698788;-1.11160499696152;0.780436109542008;-0.121538604936388;0.208719880418557;-0.504382680450994;0.123883175113523;-1.42571510255016;0.557677094848284;-0.360206197049519;-0.186825293339408
10075;-0.524100923647414;0.123342439599597;-0.174571286812799;-0.681981764917753;0.483783650639134;-0.688377544661095;0.695458840001147;0.0402298488946314;-1.74583817254368;0.822535335825079;0.245071193472809;0.181519853843765;0.252984549761974;-0.354054534009253;0.00870412876783773;-0.50601972104661;0.847481345875135;0.0665113811795321;-1.12486364048178;0.202544138012797;-1.1078785932058;0.74967713277359;-0.101533521520849;0.203019447280543;-0.485039989566087;0.115733425261096;-1.45608204695075;0.585009104794601;-0.338202481431059;-0.152363852503862
10100;-0.529108491808106;0.128475279222349;-0.185465100619876;-0.677937033148835;0.481685266036762;-0.680079063054105;0.697367457040733;0.0271217993022026;-1.7402202042441;0.812567222491669;0.207082339741162;0.174336210066788;0.24319670679076;-0.375402327755914;0.0248316583737906;-0.500977760710434;0.870863481929037;0.0653002133227311;-1.12356126662206;0.217432820757583;-1.1081071233023;0.712673525680662;-0.0815363359781025;0.196349665036213;-0.465937789762474;0.108087978024309;-1.480523371038;0.615921024484759;-0.318364627143889;-0.122240527940565
10125;-0.5326142645366;0.130930975922527;-0.197443938522738;-0.673511551654997;0.477531867770217;-0.672384716594293;0.699235279558406;0.0149136219342563;-1.73279878490651;0.796065481001598;0.171885584667054;0.165032688266069;0.230030369740664;-0.397031648965045;0.0358025361774421;-0.499167475441947;0.894511208903454;0.0639705784153492;-1.12288231485272;0.229091768772067;-1.1125670464095;0.670450460254842;-0.0650606510686109;0.183586624041632;-0.449290921575646;0.0988853000272917;-1.5042512070483;0.643045253639147;-0.30824559962496;-0.102208848642949
10150;-0.532168133382943;0.13232935310114;-0.208145964415428;-0.668726496427755;0.473144294129685;-0.667240679307951;0.702410451110786;0.00420804126251122;-1.72023696585691;0.776430530576203;0.141758183842507;0.159203086446181;0.216431799479683;-0.417271009297285;0.048353285440492;-0.497403417684925;0.918660506083476;0.0624373262678656;-1.12266565514225;0.240824314327553;-1.12299737365771;0.624778939399708;-0.0482187986959661;0.166764857909233;-0.43325163153402;0.094172888658553;-1.52574359835753;0.67370046140951;-0.306828479800705;-0.0813751855922272
10175;-0.524373600508851;0.135168925327127;-0.214896949052103;-0.658857082465408;0.467998784082668;-0.656620576904852;0.708664677250971;-0.00257296231496502;-1.70333161234314;0.757149154075744;0.12223637894109;0.157328498275844;0.205174477321072;-0.431610352321539;0.0640278040371773;-0.495065259685154;0.943717097810109;0.066050473670153;-1.11509325912522;0.255142146199756;-1.13852784602321;0.577864613351437;-0.0309391427813205;0.151330862496053;-0.410637862884551;0.0905435814086563;-1.54373845157457;0.708872687575931;-0.30646897818919;-0.0800469635956469
10200;-0.51126536391052;0.138364149996269;-0.213381417058185;-0.64146083291882;0.467911745432531;-0.641534437230326;0.71854228850555;-0.00752200381736374;-1.67959770196146;0.741902943617445;0.112915586117658;0.162389802894626;0.200820926510756;-0.440678569869869;0.08195482331799;-0.488065821350717;0.967556820822034;0.0729767292618732;-1.10308455261197;0.276621266695256;-1.15167033119801;0.53588108287309;-0.00705364425252282;0.140864740093572;-0.383368887582698;0.0981679440100415;-1.55598003181552;0.746668083704658;-0.308001661582139;-0.0738356490175869
10225;-0.490375433512275;0.14490088578985;-0.20578556835733;-0.615606207189486;0.470549101953456;-0.621676613329629;0.735271206043218;-0.00701836469589674;-1.64776726824667;0.733052654143408;0.115642938630037;0.17272593799315;0.205970528340698;-0.443602112995506;0.10472891042134;-0.480570013244444;0.991290826532136;0.0832666397854508;-1.08051813413711;0.303537317914837;-1.15773501645016;0.499100665163334;0.0182617009106659;0.137347223097918;-0.350615321474723;0.1121221578285;-1.56139302018422;0.784886414130332;-0.302915413816249;-0.0798340872627568
10250;-0.461830394021146;0.154421092844592;-0.18895801386442;-0.587296575719786;0.475547581800218;-0.59617999589847;0.756307345927121;-0.00317867221969843;-1.6115322110947;0.729176882865469;0.130206665218465;0.190378276860094;0.217763650471415;-0.440717097330641;0.13267140231454;-0.47235474646662;1.01160315173611;0.0943156889966955;-1.0552171298418;0.335813555679576;-1.15753619738212;0.471072581324267;0.0497333139982259;0.137898237114778;-0.310911910671928;0.135630195430052;-1.56037872099093;0.821510774253187;-0.297182432631002;-0.0925387236726321
