;1;2;3;4;5;6;7;8;9;10;11;12;13;14;15;16;17;18;19;20;21;22;23;24;25;26;27;28;29;30
-500;0.185727585663234;0.592222553024981;-0.0537129971077479;0.189204009618656;-0.0655594835881994;-0.21437695585839;-0.0462531639436441;0.320495907705182;-0.146115601894395;0.309536047170945;-0.0662722232188372;0.14272270363314;-0.067295537699454;-0.220191509653359;0.171120197087344;0.154265648483116;0.262886467178973;-0.0920058607788119;-0.0678633894087812;-0.0700491592381658;-0.15530335922912;0.0823456152150906;0.0966748507258012;0.184647551229935;-0.0431188283400199;-0.0506158992695505;-0.403828099841858;-0.177634527073257;0.000648482696746822;0.13988819713495
-475;0.148510254393247;0.520850646470183;-0.040270480725614;0.142121700446113;-0.0628197235294927;-0.188431847693061;-0.0480125964714566;0.320965453161644;-0.115662938328971;0.254310099969606;-0.0646320156522519;0.145501267867936;-0.0827311755715523;-0.177255659482597;0.17589072020759;0.168808187540795;0.233178784148207;-0.0700425656052451;-0.0720853389550817;-0.0588061475262869;-0.151989717621473;0.070359168920569;0.083489721669544;0.184600785077243;-0.0363217660093551;-0.0432027899993402;-0.355541436549663;-0.155759220652477;-0.0169683602965562;0.147660940156521
-450;0.111009132500071;0.450188495371631;-0.0254322301636107;0.103393917899532;-0.0589615951985858;-0.162608286026677;-0.048235143244963;0.31868705197792;-0.0871585865489896;0.198986238750495;-0.0602917509169377;0.144331021722649;-0.0959525134914236;-0.133405029910429;0.181888080756974;0.178105892436652;0.202165281726406;-0.0485558954985066;-0.0725405887379744;-0.048991823784708;-0.143791988707863;0.0577328080653397;0.0685993559486323;0.178785650373822;-0.0297741748741207;-0.0344980469746088;-0.306861231771816;-0.133980252866164;-0.0323651393414656;0.152086360966451
-425;0.0745669128334823;0.382534967642119;-0.0105438114413254;0.0717188245605557;-0.0535630463123475;-0.133925176132253;-0.0479101242383142;0.312703872404447;-0.0615065218505217;0.145001264767521;-0.0549794626935868;0.138843623738237;-0.105145179404113;-0.0893930745584055;0.186545118205082;0.179911878757897;0.170566294754139;-0.0276040462778642;-0.0721363617562738;-0.0394826371297041;-0.130580471524973;0.0450052733554643;0.0534743013445366;0.166540831887106;-0.0234558183239311;-0.0249201163250033;-0.257081953325327;-0.113412280266837;-0.0461265838186706;0.152822227439889
-400;0.0401271799951786;0.315779947583729;0.00516487514007795;0.0454973460622307;-0.0475671288328831;-0.103915273417601;-0.0456965363811918;0.301556839599896;-0.0392825070140558;0.0949519102567261;-0.0494407278040073;0.12896303623439;-0.10962678368855;-0.043747854894284;0.187993283669608;0.176203029057286;0.137023958120687;-0.00737821943066113;-0.0699365778552115;-0.0311310651225449;-0.115606820961903;0.0324094227423713;0.0388219980813071;0.147418919759711;-0.0178942014560577;-0.0140511709621652;-0.207602001301721;-0.0945026309225128;-0.0588426322028954;0.149324974680148
-375;0.0081653545643785;0.250830664136989;0.0212261720828111;0.0247107902444121;-0.0412122442359799;-0.0760467761426583;-0.0417420445342249;0.284434931696989;-0.0204903901076376;0.0502459896602537;-0.0445996882949093;0.113822500459516;-0.109719202910918;-1.27970280443757e-05;0.186340376300576;0.162568495253339;0.103773451222893;0.0122912802055783;-0.064440347741169;-0.0230551238485361;-0.0974323082836559;0.0188428257441747;0.0238144296001998;0.121206525259892;-0.0115284444372432;-0.00227091937839901;-0.156856073828242;-0.0760166272790893;-0.0687061093958083;0.141944579326847
-350;-0.0192317081126687;0.189281339439001;0.0365306549159308;0.00693869681791632;-0.0323030927147141;-0.0500085696978755;-0.0372735925195191;0.261223618654933;-0.00367353233649772;0.0107132490849199;-0.0401656669746195;0.0933763752162372;-0.106419226779179;0.0384639831265239;0.180000628509639;0.141695886997762;0.0718713372995202;0.0296992919119578;-0.0563948779548036;-0.0151686634529637;-0.0784311617269689;0.00413731096618091;0.00994612849744239;0.0923002446031076;-0.00393734342787111;0.0110388676717918;-0.10578422627523;-0.0580037567517514;-0.073782739631947;0.130623008338994
-325;-0.0412676939825405;0.129807379013325;0.051206785735825;-0.0079067418115784;-0.0239186132027156;-0.0250244908635152;-0.0308135094665549;0.22988921696273;0.0123104799904395;-0.0241886642926733;-0.0351285360807902;0.0696179738781741;-0.0980596421015609;0.0715208919730865;0.167212706488645;0.113795360875725;0.0428370847038067;0.0465031202240304;-0.0460224442007315;-0.00701166359698302;-0.0571580387840749;-0.00943844274917889;-0.00114683762568188;0.0616922636314545;0.00468759273417563;0.0262740707210773;-0.0534616007461649;-0.0382911990305025;-0.0729445968957536;0.11697454782522
-300;-0.0577921197425149;0.0712056922838098;0.0638768765866274;-0.0206742770888331;-0.0153766354198625;-0.00141375805297885;-0.023388363530119;0.189751362203199;0.0254613735213097;-0.051297495694944;-0.0315546706990072;0.0433128998676432;-0.0844149370478164;0.0974973266141106;0.147822639209233;0.082094643399929;0.013816195772432;0.060551374430797;-0.0344991493351077;-0.000375942420282271;-0.0341878008638679;-0.0210746295968284;-0.00940982176927716;0.0286468559262778;0.0156589883329556;0.0408367212037199;-0.000674692954090683;-0.0191488134471324;-0.0678860727446559;0.0963865186444258
-275;-0.0694347090582526;0.01497193472402;0.0720436188047918;-0.0327052345140862;-0.00659867581275915;0.0207775542582383;-0.0146666720470496;0.142312695791393;0.0358308633465468;-0.0722396588168598;-0.0270217873843651;0.0148109391745312;-0.0662053514146241;0.11541917911061;0.1217454840836;0.0464163538815989;-0.0148270356360593;0.0712793496916293;-0.0211680526343039;0.00550576902290079;-0.0119355551302372;-0.0309428363648489;-0.0130614434216508;-0.00442447360845026;0.0280795005228733;0.0553111615990524;0.0482422344400803;-0.000898820329503369;-0.0583539125668017;0.0703274442121609
-250;-0.0751153918232454;-0.0404595480807269;0.0749094935233124;-0.0442531627137173;0.00337302723899295;0.0422213882085948;-0.00584253329117552;0.0865977160028902;0.0439011746747323;-0.0868812191522287;-0.0214835463682522;-0.0151019242499896;-0.0436257645915705;0.125060742978332;0.0868141207990753;0.00696453566064066;-0.0404452887384735;0.0766880927152133;-0.00737712263804591;0.0103330889385997;0.00996077332731899;-0.0391231530421505;-0.0153496735810731;-0.0367620714266817;0.0405243360215715;0.0653016914831989;0.0924762238884819;0.0172509317197348;-0.0428425956534466;0.0414437794674639
-225;-0.0763642638740942;-0.0959842861505074;0.0738603837771712;-0.0542983329407745;0.0113665086683781;0.0608987381339291;0.0034115742615453;0.0218120790732464;0.0500968601435269;-0.0952085990028174;-0.0141091905612653;-0.0446842559779169;-0.0184119691075293;0.125114776436785;0.0434400780628873;-0.0350745098516279;-0.0639267486313958;0.0766479896427425;0.00630751125949258;0.0163813537500817;0.0313753968029093;-0.0437532607394519;-0.0128784092054753;-0.0655361381112265;0.0509067069586489;0.0708408180110642;0.132188688237991;0.035585048760823;-0.0228943389784015;0.00838615692492604
-200;-0.0740043976581328;-0.152410642594436;0.0653152933185566;-0.0607972341222379;0.0179565986814472;0.0768331167230577;0.0120658050840353;-0.0498949563051417;0.0523307862790999;-0.0992622209149071;-0.00519412225099405;-0.073787675147552;0.00947088803248386;0.115399539168507;-0.00750128249466617;-0.0782509657838389;-0.0834321835924405;0.0701911110849737;0.021140342514435;0.0218267900972862;0.0513185038320296;-0.0455475969639129;-0.0101830990351147;-0.0902684881834766;0.0572086906077662;0.0703030324385625;0.164356861209155;0.0511629016164611;-0.00256004901566493;-0.0301870406976274
-175;-0.0676520796070685;-0.211588031766714;0.0490609334002561;-0.0673217157196262;0.0228855583996291;0.0874078421550167;0.0190551214119643;-0.129270061232527;0.0465763582696147;-0.10329355863231;0.00594066476489061;-0.102463454461373;0.0386971037314932;0.0968247766024159;-0.0667802713377171;-0.120587439547947;-0.103538422715072;0.0563750131226339;0.0344805506177841;0.023673842549476;0.0697679962981387;-0.0462762860958152;-0.00915632947302734;-0.111465966488059;0.0577377314773693;0.0611338321478833;0.189016906771871;0.0643198950579914;0.0150738719685751;-0.0704943279284402
-150;-0.0589248540840217;-0.272078775460335;0.0223975386028701;-0.0739708282071827;0.0267338344209696;0.0951041340650774;0.0246215772736105;-0.214904495964347;0.0389650356970356;-0.104732344234474;0.0197679321749785;-0.125352146015648;0.0681495309108926;0.0689806398518522;-0.130783578440536;-0.161300689560447;-0.123192103222986;0.034543587892011;0.0463137498895496;0.0235068620304659;0.0836265524625004;-0.0458368455769777;-0.011478466011331;-0.131212582501838;0.0509013317711182;0.0422198015763224;0.204160550172743;0.0774738000382786;0.0302524984789206;-0.113819074565935
-125;-0.0457532653134873;-0.330668651043405;-0.0101264069263895;-0.076686659692413;0.0324123484396537;0.101490489895201;0.0325190926025676;-0.304832069440414;0.030898110747091;-0.102939708216304;0.0382781536706603;-0.142079816069616;0.100812695663162;0.0343145088179497;-0.197732446195973;-0.192928322136501;-0.141340161805793;0.00759113781875094;0.0569936407959353;0.0224299507753392;0.0981848519878045;-0.0442320421275681;-0.0185444055229337;-0.145023769543596;0.035651719640001;0.012443507164503;0.211750125417455;0.090539568680648;0.047844598706819;-0.158474056212324
-100;-0.029298595070806;-0.385957588562485;-0.0458157228611448;-0.0706849609869618;0.041089160895387;0.107887395682404;0.0431763609008998;-0.39451828659736;0.0270858985195436;-0.0986173005146224;0.0621405719394926;-0.147110426766966;0.135669016800032;-0.00310738272855062;-0.264827722524711;-0.212166972866847;-0.15636846581683;-0.0232557707734287;0.0706142051040195;0.0260377785527623;0.115044673024114;-0.0345829878146437;-0.0316799048731971;-0.152503494607672;0.0123934837885682;-0.0202251239907949;0.213460083103093;0.105786293308371;0.069253945350176;-0.198617382901458
-75;-0.00921269799702373;-0.435924728954619;-0.0821490343180602;-0.0537040957038515;0.0577423868288694;0.114717264458365;0.0604404658526572;-0.483055905380634;0.0278533854814043;-0.0897987490287985;0.0927623258565108;-0.144830087236802;0.174303223743102;-0.0395377864043041;-0.330520366747419;-0.215379507390791;-0.16720719756338;-0.0555078478266678;0.0904483350137144;0.0331816774150946;0.137662951388342;-0.0158984533129373;-0.0509428913158219;-0.15222527696256;-0.0195818539316597;-0.0548504423278611;0.207894782990587;0.122756323623401;0.098470473526094;-0.233359080528112
-50;0.0145644475164077;-0.477933979626297;-0.117352116246133;-0.0278688779367194;0.0809562931077366;0.121747258866788;0.0834935041563268;-0.567782736243203;0.0352128433472608;-0.0764793961413694;0.128525849517992;-0.130957506870411;0.211617417522629;-0.0747617582632709;-0.391244409618437;-0.20782537125146;-0.171643116694323;-0.0902178951705482;0.114719867715344;0.047034250650678;0.170078491824651;0.0144370017079716;-0.0771898503554123;-0.144295962332776;-0.0599230136746249;-0.0887958765002961;0.199219997394519;0.142453574091628;0.131777398265857;-0.261341471680092
-25;0.0413809088578574;-0.514667387450263;-0.150189826098205;0.00728683578856533;0.113364522166476;0.126665951438339;0.111050778124606;-0.646172234070844;0.0473669080634636;-0.0588058850181582;0.167457890975299;-0.108935048996177;0.248887407404496;-0.107183511756927;-0.447423356020794;-0.187316133955282;-0.172198130510313;-0.127793247378585;0.143446048307209;0.0641608623374905;0.209397031886328;0.0514371076671516;-0.113799653677467;-0.132121403982212;-0.108214637380164;-0.122273118289157;0.184924862968136;0.160319791721888;0.170951861548878;-0.281576300604007
0;0.0662349675610077;-0.545920661445433;-0.180808273825301;0.0491619074172151;0.148818354715889;0.127015414975674;0.139135920290897;-0.719775063143444;0.0619523060523236;-0.0389878437216512;0.205304764253023;-0.0834099877880373;0.2812429916798;-0.135189318609838;-0.498311033676445;-0.159753948153855;-0.171648398550779;-0.170081503792279;0.17419084056409;0.0815307073969587;0.25188262372234;0.0949788903541596;-0.159268436540251;-0.114949721628276;-0.163294150411903;-0.154909578710733;0.165041589003192;0.175109253074663;0.209736838857533;-0.295064460144937
25;0.0876232411028217;-0.572608749365167;-0.209014330941241;0.0942160152437516;0.183114772307748;0.119352840753328;0.163844246492138;-0.788291076512225;0.0765860631384621;-0.0181607007134769;0.240729534914938;-0.060439415596807;0.308850118455279;-0.159726254577179;-0.544105086720743;-0.127347067473129;-0.171900024076864;-0.216756574141916;0.204109041419059;0.0970376678003975;0.293049413419885;0.139493146519541;-0.214868127222954;-0.0967410047848094;-0.225599448039003;-0.188425897301478;0.140132842184034;0.18422303338023;0.245931378077813;-0.30656468132934
50;0.102735267472755;-0.594893766475267;-0.236449894538904;0.135738224294096;0.213693134945328;0.102611938666364;0.182308569379824;-0.850402060187328;0.0835108086986132;0.000914772615663839;0.271889967399816;-0.0429498670832468;0.326027856629321;-0.181810148095891;-0.58783146618049;-0.0972608699364064;-0.175681171052516;-0.268816606513676;0.230956941876943;0.107500129491388;0.32973171466194;0.181483447919215;-0.28036471839165;-0.0792444020068482;-0.298187767191378;-0.224992755870527;0.110255532117248;0.182841052925754;0.273042294432775;-0.316695385071547
75;0.109541846519668;-0.617149238421057;-0.265477345240154;0.169903621362768;0.234570601873444;0.0751522831323498;0.187603830290354;-0.90870406330669;0.0811726565868652;0.0150628204189625;0.29482795680042;-0.0391374908972791;0.329542109582878;-0.202353554166582;-0.630190151992445;-0.074959179733336;-0.185073295880114;-0.326562886614983;0.247521753399188;0.10886450303881;0.357571801727658;0.214504934521131;-0.356883613423683;-0.0657222453186915;-0.378993882426057;-0.267588407945657;0.0725309640212885;0.167761205010904;0.287374388145268;-0.331366665508202
100;0.10388785514048;-0.639848040879116;-0.297842351552283;0.194922952026548;0.243798935566691;0.0310201074518376;0.178615862804346;-0.963789979681909;0.0636730232019838;0.0219095798910437;0.305576591019662;-0.0497194942737163;0.318932701499841;-0.22320361703035;-0.673621756776187;-0.0665186493560169;-0.203729666322694;-0.392680174440755;0.251066912446424;0.100005706590371;0.373391067133206;0.236213002598655;-0.442392985623933;-0.0585993210855185;-0.46505776234732;-0.318919656331538;0.0268176834324438;0.138523771618915;0.284911351634231;-0.35413518365833
125;0.085471074308433;-0.666429307331598;-0.336032663302014;0.203790269916791;0.237319555829932;-0.0312901740532555;0.152422200248422;-1.02049408381228;0.0272393136575734;0.0162883416950167;0.304436475070588;-0.0801981214311628;0.292536904714187;-0.246700884911106;-0.720923416277629;-0.0749159038861316;-0.232521694286983;-0.46646089975892;0.239872382699022;0.0761475449362869;0.370214656482598;0.238361678700607;-0.538307802929323;-0.0612414489933426;-0.558030522631369;-0.379411967016577;-0.0280614633466905;0.0902422832133033;0.264248158702044;-0.386393405128102
150;0.0515934375061009;-0.697009025489829;-0.379572726134211;0.197146845859589;0.211847506982274;-0.112360470951366;0.10661081905584;-1.07882378613319;-0.0294255917000116;0.000623330178646775;0.288146241430166;-0.130892644583687;0.247779009278328;-0.27536618578637;-0.772667684443467;-0.100888212814595;-0.274849098677149;-0.549411829210264;0.209881933311848;0.0346931199250626;0.344611436998566;0.21802289205168;-0.642288866555549;-0.0750677459675158;-0.657646871576457;-0.450824333108953;-0.0912303039288479;0.0234820167610089;0.220238660480711;-0.429399661042806
175;0.00129516597163692;-0.734629357160615;-0.435274774354855;0.168583624295641;0.167887010084858;-0.211859019502482;0.0404258486017262;-1.13877298244396;-0.108438528271261;-0.0290700302530177;0.255962678156729;-0.202041651748347;0.183446804570714;-0.310042292536764;-0.832921210614958;-0.147890642073608;-0.33106939156651;-0.642892022323572;0.16153454564327;-0.0247701432375447;0.294734638382909;0.174841231474865;-0.753705472376055;-0.102683892920375;-0.762562782817689;-0.537008812029016;-0.162224051874433;-0.0595466516696908;0.151001736398494;-0.487880872331432
200;-0.0659543849315132;-0.782918130539406;-0.50064463805302;0.120322132741102;0.103207646203884;-0.328832276661123;-0.0456385580856308;-1.20324044037636;-0.209755126435925;-0.0739651517776684;0.208513936421692;-0.293708080191353;0.100390932915424;-0.351964896847047;-0.903865367368951;-0.217752808130685;-0.398841406499745;-0.745144308723342;0.0916499057622366;-0.10322423276904;0.219478356368081;0.106903020051988;-0.868062056337964;-0.146275275886559;-0.870504579414169;-0.635789860448002;-0.244659001999724;-0.160735065579491;0.058931736091185;-0.560073793353511
225;-0.149950119315392;-0.842569679374865;-0.575897522624079;0.0508715468573159;0.0181954197344234;-0.461534315073388;-0.150123556098037;-1.27532586133202;-0.334196395669452;-0.132762627259753;0.145205819892973;-0.405601706694294;0.00272878168432866;-0.404795348863064;-0.987515908899351;-0.308228941920723;-0.482201562553442;-0.855060253877044;0.00159664142385152;-0.202836484778058;0.116508318379796;0.010056651606023;-0.98484265281931;-0.202969126739556;-0.981736925216143;-0.750625548202252;-0.332857563714837;-0.279972231850795;-0.0561887044916573;-0.646417927574709
250;-0.248556396521599;-0.912886892791661;-0.663934314208961;-0.0415842001081018;-0.0855512717124888;-0.605154392132349;-0.272088474542878;-1.35223708681289;-0.48004294124055;-0.206093033615497;0.0696303532632495;-0.536627072902387;-0.110042470019744;-0.468037776328031;-1.08209182030428;-0.423056992022228;-0.578477936182728;-0.974803801794762;-0.106907512976069;-0.32068352388931;-0.0112856404190583;-0.111335682110232;-1.10463382027197;-0.274950248638361;-1.09344385059051;-0.880316897971786;-0.427156720977345;-0.41539964688781;-0.193989699096678;-0.747835932245924
275;-0.361873835448322;-0.990692467636106;-0.764505663573379;-0.152203123078758;-0.206331122041265;-0.762655458005769;-0.409728047670494;-1.43408995667601;-0.644849484450414;-0.287518180922434;-0.0201176747601854;-0.686293896051312;-0.236541097039806;-0.542088137248598;-1.18667596754511;-0.555556988836856;-0.685987243568048;-1.10152175007003;-0.234551483087349;-0.455619595493243;-0.165289991088455;-0.253530089441734;-1.22246676070423;-0.358406038375257;-1.20487909365403;-1.02522517308264;-0.528014868919015;-0.56237929468343;-0.353646729050686;-0.861533335294852
300;-0.487643445037879;-1.07421075327292;-0.875269688272813;-0.27878416147982;-0.341009376884374;-0.927897619304066;-0.560918944535592;-1.52153783759361;-0.823226759775365;-0.378408775802254;-0.119860578603836;-0.84916377110873;-0.372951458723301;-0.622949854634691;-1.29944464944783;-0.704270478370214;-0.803611006005038;-1.23189063159685;-0.377715882590314;-0.60573165907048;-0.337764561825951;-0.415233449156297;-1.33888107766988;-0.452148850503226;-1.31759144892131;-1.1838030060596;-0.633405097776034;-0.720347829662805;-0.528538374732663;-0.988212999832294
325;-0.623819146873601;-1.16467050249885;-0.994489499366298;-0.418127714066062;-0.486098097162356;-1.09868194983167;-0.718985268627072;-1.61486043446149;-1.01326568278553;-0.477022385091823;-0.223942317389779;-1.02271986981004;-0.513868095960095;-0.712128278146682;-1.41786317775587;-0.863437906097267;-0.928565064569233;-1.36465197178093;-0.530020595491941;-0.768078439650067;-0.527419472225087;-0.591107496920089;-1.45535308820657;-0.556559171541306;-1.43162098172392;-1.35421736669757;-0.745032021240677;-0.886263212336433;-0.715719588723861;-1.12585004003077
350;-0.766378214477624;-1.25908803615704;-1.1207343864004;-0.565357296718798;-0.639029427403617;-1.27012447734949;-0.881264569777925;-1.70820611196696;-1.20970908851364;-0.58004143192732;-0.329859879191358;-1.20088911774649;-0.659698805372118;-0.806685901619328;-1.54023561028412;-1.02912911222104;-1.05924466638827;-1.50023474445711;-0.689372026502133;-0.937918692773555;-0.72751337582541;-0.778510076901516;-1.57036392162055;-0.665930945124172;-1.54295793385494;-1.53412928411444;-0.86052368736226;-1.05494305714873;-0.910353260114466;-1.26998637372791
375;-0.911617449075155;-1.35673359133343;-1.25119284622748;-0.717745290992026;-0.794677316618302;-1.43631172459628;-1.04168308423787;-1.80449799762037;-1.40586975785184;-0.686235633893715;-0.435329091649856;-1.37999797881163;-0.802725619004898;-0.902405106777027;-1.66337442502027;-1.19674063410937;-1.19238847189638;-1.63625521872324;-0.853340238579865;-1.11052871963002;-0.934649919627775;-0.969119323372666;-1.68118530430049;-0.777949503255949;-1.65383198106103;-1.72064148483117;-0.976684972141534;-1.22312167550825;-1.1064583632681;-1.41675013120975
400;-1.05592692397504;-1.45486278558039;-1.38323029003626;-0.869436111673943;-0.948753049029836;-1.59552496737388;-1.19666487354471;-1.89810401940448;-1.60008506849574;-0.79139213602687;-0.536746618287825;-1.55543140368658;-0.941057313227104;-0.996205895752615;-1.78357547840956;-1.3626690242014;-1.32469977880021;-1.768146441398;-1.01556628135714;-1.28352533284494;-1.1420197714352;-1.16132064094817;-1.7880491168516;-0.892038201785826;-1.76251598796116;-1.90630762311447;-1.0894529777943;-1.38649453146521;-1.29931589757469;-1.5628396173056
425;-1.19662304329234;-1.54855105641002;-1.51203967911299;-1.01528743396346;-1.09493318200043;-1.74594076522342;-1.34249963167882;-1.98860891676662;-1.785352008077;-0.890071560356896;-0.631880812912358;-1.72137053474113;-1.07047400016187;-1.08663293526657;-1.89856841954461;-1.52260174440917;-1.45362956169504;-1.89482800123747;-1.1718683467204;-1.45110732405059;-1.34349497869309;-1.34618011716536;-1.8882632985421;-1.00196814552261;-1.86744410226041;-2.08703745920159;-1.19884450284969;-1.54185520954892;-1.4834730761731;-1.70486771740548
450;-1.33101227189307;-1.6353639373145;-1.63381246536892;-1.1515408250052;-1.22981489341244;-1.88427285994862;-1.47754936290187;-2.07269641028045;-1.95623234454719;-0.980427373870112;-0.718622911044655;-1.87518452248491;-1.18597687601111;-1.17213601617748;-2.00727998747055;-1.67006907678677;-1.57671356032037;-2.01297886299147;-1.31913550775205;-1.60889403719145;-1.53506468760198;-1.52070437472081;-1.98065724398447;-1.10492467678332;-1.96706201792954;-2.25755010337951;-1.30202479751469;-1.68481303196102;-1.65500600751739;-1.83726225208572
475;-1.45583097022544;-1.71488004979404;-1.74542111579675;-1.27551177479646;-1.35300178257588;-2.00762924116177;-1.59710051449731;-2.15044333617128;-2.10814872556168;-1.05973642051138;-0.794938221205156;-2.0145123287745;-1.28664695944226;-1.2505505747217;-2.10485826452989;-1.80043497397507;-1.68867346961119;-2.11845309151045;-1.45380731577515;-1.75446710302948;-1.71174158549965;-1.67779878545378;-2.06505412422194;-1.19956606900601;-2.05920263763303;-2.41617447090023;-1.39670228401964;-1.81150638842708;-1.81171162908314;-1.96074138524184
500;-1.56984933012133;-1.7858633870054;-1.84419459459096;-1.38543375199294;-1.4588675217235;-2.11494069242406;-1.70133487135652;-2.21842330267368;-2.24218159419661;-1.12573029036131;-0.860423301264742;-2.13619755646071;-1.37240189009438;-1.31923013495504;-2.19153580234821;-1.91343703079157;-1.79140936273055;-2.21234177109216;-1.57271741690906;-1.88493605387189;-1.87234803494111;-1.81661623318147;-2.13954166736786;-1.28507779896364;-2.14048921587341;-2.55866203794221;-1.48067382578886;-1.92455919923166;-1.94894142314116;-2.07076631684417
525;-1.67134353092484;-1.84591664515083;-1.93104626815574;-1.47875610604855;-1.54898375886872;-2.20692951990694;-1.787467094132;-2.27566022072028;-2.35641817698054;-1.18058655745733;-0.915831238731866;-2.24091150234635;-1.44350773401838;-1.37684854650927;-2.26650973094642;-2.00881632013641;-1.87958304867841;-2.29264173447567;-1.67511556276874;-1.99944166075557;-2.01210036738472;-1.93615964452696;-2.20503130583578;-1.35852812902999;-2.21317901763736;-2.6808125008779;-1.55265525762854;-2.02251150532148;-2.06505699237161;-2.16394455451829
550;-1.76101900162956;-1.89580460648093;-2.00303818884932;-1.55744790515302;-1.62202561182551;-2.28352126703397;-1.85876598401466;-2.32383947061246;-2.44922049681963;-1.22434358504791;-0.961326501101552;-2.33119461053116;-1.50150545712039;-1.42411244647274;-2.33057169250129;-2.08898751646229;-1.9552700155529;-2.36108448546357;-1.76118032775528;-2.09776546412152;-2.12979734664643;-2.03348536751547;-2.26098532465061;-1.41757779939471;-2.27768877150907;-2.78546507789202;-1.61558881505996;-2.10670042146117;-2.16060497272488;-2.24067234055066
575;-1.8398658226262;-1.93817721077681;-2.06345242323972;-1.62092687644284;-1.68327517579134;-2.34579978484622;-1.91913814676301;-2.36353663248676;-2.52516736068686;-1.25698224028867;-0.999461424263098;-2.40919850820931;-1.54786330383871;-1.46246504263778;-2.38479178940362;-2.15526816701952;-2.01896776989105;-2.4181894943348;-1.83149921766087;-2.18038459699246;-2.22881385852033;-2.11155392296061;-2.30760011318896;-1.46450701971812;-2.33231116577432;-2.87239824961026;-1.66669332753488;-2.17840999487812;-2.23940408167566;-2.3066184645394
600;-1.90966044348416;-1.97521298723906;-2.11595097000327;-1.67618261436891;-1.73487502403775;-2.40286822246475;-1.97246699310932;-2.39544587552364;-2.59171702755703;-1.28270326529224;-1.03174439545986;-2.47944482387442;-1.58717682197432;-1.49422510549875;-2.43255430498363;-2.21442757664913;-2.07147306913328;-2.46834224331127;-1.89149573441262;-2.25371938672455;-2.3127218713472;-2.17900003541686;-2.34808011066868;-1.50537565902424;-2.38096799627583;-2.94614174379865;-1.7082448022064;-2.2420684071979;-2.3063662926671;-2.36067579471937
625;-1.97412162636516;-2.00704329706596;-2.16145458497417;-1.72687546339878;-1.78073885114974;-2.45393772668388;-2.02133590263291;-2.42438423397429;-2.65242647558522;-1.3041303141927;-1.0614936679041;-2.54352862711967;-1.62186540408615;-1.52189870076927;-2.47520771603915;-2.26789574627546;-2.11826972967972;-2.51230705079533;-1.94371835705085;-2.32093980900938;-2.38728304753304;-2.23992441925879;-2.38208371473145;-1.54071719031043;-2.42269474866285;-3.00924477973088;-1.74321795196679;-2.2990427254131;-2.36581280324302;-2.40823128519944
650;-2.033614003937;-2.03541515625224;-2.2017568216124;-1.77329224603536;-1.82193548030867;-2.49841662537843;-2.06649740769271;-2.44813119545662;-2.70528671611537;-1.32236494264399;-1.08786559662571;-2.59938818303892;-1.65352427467416;-1.54534406384841;-2.5129543657137;-2.31574979968561;-2.16191148523777;-2.54850848781453;-1.99099859332187;-2.38141059887402;-2.45628199998205;-2.29439132068014;-2.41152917534407;-1.57120512031279;-2.45876715596952;-3.06378169549359;-1.77400434269658;-2.35022242386298;-2.41999426761408;-2.44868516934307
675;-2.08698234084102;-2.05995240062887;-2.23766412804697;-1.81445957767446;-1.8612168366839;-2.53772969315976;-2.10912844943785;-2.46980691484051;-2.7558461149554;-1.33875874821159;-1.11099875853361;-2.64999863464122;-1.68214372666512;-1.56659095158478;-2.54532994318929;-2.35693592091138;-2.2006661631549;-2.57869045851164;-2.03359261864147;-2.43682433717864;-2.51808255609071;-2.34323835310167;-2.4367135505964;-1.59801856481116;-2.49059236385858;-3.11119519649907;-1.80015276355291;-2.39590227339817;-2.46559839566019;-2.48516471291072
700;-2.13492480671266;-2.08013008232787;-2.27215492242208;-1.85301872539968;-1.89729126738667;-2.57360636484809;-2.14822835866815;-2.4881346743934;-2.80001472059841;-1.35339788346838;-1.130746006246;-2.6960677720916;-1.70672307077768;-1.58345293180564;-2.57532421670391;-2.39440857369734;-2.23548095881326;-2.60341580223603;-2.06904185347915;-2.48368632491329;-2.57431426167999;-2.38864158166962;-2.4575316301737;-1.6206942993965;-2.5194551012247;-3.15004998418317;-1.8226120219835;-2.43725115120521;-2.50569499280882;-2.51771807855498
725;-2.17876463529575;-2.09613315834362;-2.30098174970538;-1.88722203901787;-1.92799911100465;-2.60497497356079;-2.18161402406274;-2.50573787120327;-2.84009978916934;-1.36538484343146;-1.14698434443114;-2.73796426217615;-1.72685544215739;-1.59812270785712;-2.60327939866066;-2.42766516342798;-2.2631098083235;-2.62377312404615;-2.10065975547072;-2.52656874738148;-2.62235770221517;-2.42822080045661;-2.47446600136195;-1.63859030067609;-2.54713288086094;-3.18411418768482;-1.84523566621077;-2.47202568162963;-2.53905928381305;-2.54741406430928
750;-2.21676663505775;-2.11024808543577;-2.32823204078029;-1.91674672027834;-1.95703503059722;-2.63459305544849;-2.211800902078;-2.52053522925304;-2.87563023490689;-1.37694799701573;-1.16185946739525;-2.7722599692686;-1.74770434759513;-1.61281542645077;-2.62843047605003;-2.45851086835489;-2.28773008998573;-2.64170329121717;-2.12878690261907;-2.56298498858768;-2.66589036081112;-2.46360943237171;-2.49089957401226;-1.65589568969667;-2.56972724415982;-3.21050329747811;-1.86447869979937;-2.50139774481033;-2.56935365959515;-2.5728697278276
775;-2.25077226987062;-2.12385813107176;-2.35301856414836;-1.94186232819723;-1.9824623047195;-2.65991225419667;-2.23717237175791;-2.53399925100959;-2.90819220604438;-1.3864616535209;-1.17544478190565;-2.80303289734679;-1.7651208893751;-1.62651476717562;-2.65145244408693;-2.48403334875216;-2.30976493210565;-2.65639101036626;-2.15319294184067;-2.59479764642899;-2.70283011558128;-2.49837523296617;-2.50448930264334;-1.67138229412701;-2.58961621169561;-3.23229235303193;-1.8812525066735;-2.52933802963014;-2.59151672414673;-2.59371420854543
800;-2.2819952759846;-2.13637330611931;-2.37506399132275;-1.96299277126212;-2.00586161983806;-2.68177973526082;-2.26058256718397;-2.54700043381425;-2.9348043089656;-1.39453244610109;-1.18666948279228;-2.82930058086816;-1.77874603302294;-1.63902061861516;-2.67104512810413;-2.5070734068835;-2.32950992881128;-2.66845157920216;-2.1754886620923;-2.62330346185195;-2.73572794240219;-2.52809115826136;-2.51467257806186;-1.683431221428;-2.60710880976135;-3.24847304970868;-1.89614761079125;-2.55037988700353;-2.60965488139013;-2.61216644407528
825;-2.31140692748301;-2.14683710714427;-2.39413124526709;-1.98391554357838;-2.02766150660497;-2.69897091587739;-2.28101678708033;-2.55774645875757;-2.95600366229096;-1.40200629290116;-1.19584136185112;-2.85312887330543;-1.79044059163851;-1.6502896711898;-2.68997319236183;-2.52391014477381;-2.34660762000488;-2.67849181305785;-2.19399519660442;-2.65120312399085;-2.76520087826071;-2.55253072304889;-2.52296230198702;-1.69341357226973;-2.62334818860018;-3.25973100550611;-1.90609125753934;-2.56955318317874;-2.62069200951838;-2.62657819354236
850;-2.33713620192974;-2.15649395583665;-2.41185029204236;-2.00452720051388;-2.04697449840941;-2.7134498689419;-2.29856067322313;-2.56621171030273;-2.97047019861868;-1.40902185054192;-1.20211989153636;-2.87520322605299;-1.80178010439904;-1.6601777417694;-2.7071223855967;-2.5394201854693;-2.36256032934568;-2.6869490576924;-2.20867418691335;-2.67635710848652;-2.79353918076254;-2.57337213584899;-2.52923575712786;-1.70107352913318;-2.63811224663694;-3.26583635473403;-1.91410513559143;-2.58713142887873;-2.62698714759683;-2.6410603233133
875;-2.36144496481839;-2.16505544958412;-2.4286638183025;-2.02295448733187;-2.06519090179994;-2.72615844475085;-2.31259596426947;-2.57532490162754;-2.98337891518007;-1.4149729636392;-1.20687186689352;-2.89599312220864;-1.81020022322198;-1.67167961101143;-2.72126767469209;-2.55273357327191;-2.3760418532674;-2.69514625325671;-2.22195120101745;-2.69836577081532;-2.81562701109421;-2.59310578250554;-2.53427854295133;-1.70566619127807;-2.65128340610944;-3.27126077257612;-1.920356677605;-2.60557776304546;-2.62984345425238;-2.6546540607932
900;-2.38247570436547;-2.17308968999848;-2.44412280927906;-2.03823706758998;-2.0826487769996;-2.73968142445463;-2.3258119138736;-2.58241136257282;-2.99621098874654;-1.42213100720339;-1.21089416952841;-2.91485606604435;-1.81681717602479;-1.68194382682604;-2.73212589176855;-2.56489828867987;-2.39001955171214;-2.70411069631095;-2.2344421834889;-2.71639341144394;-2.83587733351338;-2.60917631431982;-2.53877191442961;-1.70799564305464;-2.66037269708709;-3.27383730516257;-1.92563337667824;-2.62292853382022;-2.62900223079609;-2.66670680815011
925;-2.40196141902727;-2.18086400020522;-2.45837933471999;-2.05402269831659;-2.10053765626745;-2.75073493339914;-2.3345354165352;-2.58989439894936;-3.00574035968872;-1.43010654071262;-1.21413831368309;-2.9334487766901;-1.82399103171425;-1.6908783384146;-2.74090575964971;-2.57408274676123;-2.40476744194708;-2.71211337092654;-2.24567657263097;-2.73352243565446;-2.85399606508259;-2.62610617160204;-2.54490472820275;-1.71069305120009;-2.67017166729241;-3.27360339086858;-1.93039886301188;-2.63948495372952;-2.62506966260267;-2.67674161273821
950;-2.42131437095172;-2.18597905180979;-2.47066770593596;-2.06820411356241;-2.11756571580453;-2.7611038794072;-2.34232772365072;-2.59421328343034;-3.01072486400388;-1.4346860959435;-1.21749918646174;-2.95013023796939;-1.82907965423101;-1.69824568654743;-2.74776606559493;-2.58006959109526;-2.41799116896132;-2.71974696648394;-2.2529656475697;-2.74574322198723;-2.87119193606588;-2.64046526414499;-2.55103240024821;-1.71062447182427;-2.67841717693472;-3.27082830741774;-1.93554369062074;-2.65148461331107;-2.62050202299313;-2.68679606568198
975;-2.44006540453086;-2.18964827055103;-2.48341509979637;-2.08245704831243;-2.1335731880857;-2.76809153999801;-2.35025185113014;-2.59920004341928;-3.01127106634076;-1.44048044019343;-1.2208760150779;-2.964588309752;-1.83374984216649;-1.70453849071365;-2.75375084367832;-2.58470449567291;-2.42962991186961;-2.7277847022875;-2.25851237884232;-2.75557541015587;-2.88421389772463;-2.65459401985086;-2.5574909856554;-1.70896857674207;-2.68507295486336;-3.26553270871531;-1.94181943825287;-2.662354028053;-2.61324782031336;-2.69728918782139
1000;-2.4571905362535;-2.19443337617068;-2.49562702316169;-2.0936681050841;-2.14628659519402;-2.77296603256377;-2.35547943025949;-2.60403514816953;-3.00839659036777;-1.44535200327068;-1.22400441922048;-2.97882959402962;-1.83341330970662;-1.70965448469569;-2.75883275755082;-2.58900375534488;-2.439853274733;-2.73525855851458;-2.26347081060588;-2.76124050910122;-2.89837785817632;-2.66659551053855;-2.56344663919381;-1.70785799159841;-2.68923716647783;-3.25512305881422;-1.94865641291485;-2.67357100727477;-2.60467977287061;-2.70493553290816
1025;-2.47348694853011;-2.20029024606812;-2.50573098693684;-2.10450117777796;-2.15863250989459;-2.77497748352508;-2.35925893838246;-2.60922028659094;-3.00589592890048;-1.45027718199351;-1.22564467201522;-2.99088594957233;-1.83218739150397;-1.71427453923158;-2.76250605057844;-2.59159400761634;-2.44971233868805;-2.74283888101097;-2.26654889823396;-2.76255648021613;-2.90989670969711;-2.67867878726249;-2.56922688673473;-1.70695188358403;-2.6926303341215;-3.24413775979137;-1.95355150611549;-2.68546366412687;-2.59437066181789;-2.710331980543
1050;-2.48890926465307;-2.20523197622537;-2.51601509952965;-2.11520230734652;-2.16886240054391;-2.77657327392873;-2.36407979654789;-2.6139954864436;-2.99859529141803;-1.45317990911533;-1.22556430633159;-3.00216526028469;-1.83057567667949;-1.71936556330053;-2.76457640638105;-2.59434154611727;-2.45869456848846;-2.75145657767429;-2.27015996388306;-2.75802054127977;-2.9215133891552;-2.6863538466074;-2.57433317870894;-1.70572018295764;-2.69458831622938;-3.22833223915403;-1.95615211501725;-2.69574412278248;-2.58342262305726;-2.71789412916238
1075;-2.50483268259149;-2.20717703127792;-2.5242679659681;-2.12448726299655;-2.17797177252682;-2.78025071664124;-2.36927343865469;-2.61761359751491;-2.98901533053977;-1.45457928524934;-1.22803488521135;-3.01322776252676;-1.82909866746348;-1.72349802021403;-2.76494630438822;-2.59529656550673;-2.46679859729025;-2.75761928346565;-2.27441865968801;-2.74946742897712;-2.93364489006132;-2.69255112659968;-2.57827277695372;-1.70471933663775;-2.696849512766;-3.20736373490357;-1.95975834001867;-2.70567439893226;-2.57157692558444;-2.72349562701802
1100;-2.5217605152274;-2.2093521476336;-2.53081519687738;-2.13174699596522;-2.18575747040737;-2.78106175698918;-2.37385175403749;-2.62215314603073;-2.97751072937669;-1.45476687037523;-1.23091382360771;-3.02055994531679;-1.8258337839347;-1.72851263091788;-2.76550240575851;-2.59477095978108;-2.47323787048426;-2.76385377843435;-2.27844589895682;-2.73687377393687;-2.94411521873276;-2.69878952006454;-2.58229034448563;-1.70476987378051;-2.70041021807765;-3.18495035856737;-1.96211513982233;-2.71533312487341;-2.56165763092386;-2.72997291910146
1125;-2.53856142041494;-2.2123870581992;-2.53632265204481;-2.14045790307627;-2.19504328291402;-2.78127598820818;-2.37748001162638;-2.62741579400009;-2.96565558148777;-1.45344058146073;-1.23227015332645;-3.02780284330869;-1.8222499822146;-1.73554774706231;-2.76373365029884;-2.59229128115565;-2.47663645103495;-2.76945659340843;-2.28071918272329;-2.71914794830745;-2.95448333336048;-2.70310573410856;-2.58582303150286;-1.7051507213598;-2.70440272257904;-3.16427818756505;-1.96441399708357;-2.72657706923067;-2.55281838109187;-2.73653080451366
1150;-2.55357330837443;-2.21633726615958;-2.54161004762419;-2.14797255252495;-2.20206513305147;-2.78030162257669;-2.3821633887081;-2.63207524130268;-2.95198630809079;-1.45340761826128;-1.23324274760247;-3.03165233711388;-1.81998505916355;-1.74013885785991;-2.7597052780244;-2.58918069982287;-2.4798436733425;-2.77588626295563;-2.28367594903409;-2.69776370577894;-2.96406456094277;-2.7052326938626;-2.59027812207856;-1.70567571355702;-2.70711306558634;-3.14441712076016;-1.96550103783982;-2.73662000541649;-2.54231890685189;-2.74344088903288
1175;-2.56804762886833;-2.22109930822172;-2.54934871615206;-2.15672517883034;-2.20814528345757;-2.77785297860958;-2.38442382243607;-2.63804361263667;-2.93675323551435;-1.45464822464837;-1.23457720090518;-3.03526360554654;-1.81786370669438;-1.74530842186304;-2.7509616946223;-2.58530777361687;-2.48299814894696;-2.78227334813307;-2.28644702370392;-2.6747462832276;-2.97414956467833;-2.70699789877261;-2.59433142960096;-1.70703020446363;-2.71207300798349;-3.12483277035299;-1.9665234222466;-2.74620251445992;-2.53195040738171;-2.75117078751625
1200;-2.58288913743051;-2.22238962323346;-2.55667451860223;-2.16373123491789;-2.21384941906825;-2.7747189818112;-2.38873252144126;-2.64491191189399;-2.92348984758974;-1.4543482422256;-1.2350219478545;-3.03797843126358;-1.81800418991491;-1.74838354667163;-2.7401828035457;-2.5801526763852;-2.48433730693241;-2.78704619011998;-2.28834420098301;-2.6510885297377;-2.98145435178283;-2.70977138804656;-2.59953696368142;-1.71012925884851;-2.71628066874688;-3.10547091535258;-1.96521158603723;-2.75534198522386;-2.52490279458759;-2.76080956912708
1225;-2.59959238096795;-2.22320488909615;-2.56392771688193;-2.17119466161174;-2.21697258837369;-2.77166524375358;-2.39389503190819;-2.64954218143726;-2.91242651437801;-1.45164648851999;-1.23504747060473;-3.03959027615425;-1.8196299230595;-1.75038787125655;-2.72857552547732;-2.57294497239843;-2.48604804896228;-2.79006455989565;-2.28950397873646;-2.6268924292761;-2.99056896579241;-2.70973467910663;-2.60366550044374;-1.71103483986303;-2.72029630436357;-3.08964592549408;-1.96497871452148;-2.76326379978263;-2.51820570990363;-2.76954251848412
1250;-2.61546579766849;-2.21943789247638;-2.57007196710316;-2.17866838569715;-2.2206490109467;-2.7680271103796;-2.39960122370057;-2.65314408487982;-2.90022548691707;-1.4475996255322;-1.23351179398069;-3.03924696298202;-1.81961377883212;-1.75447758667155;-2.71570315877222;-2.56520497905883;-2.48521589503173;-2.79182441205998;-2.29128941956407;-2.60354744986085;-3.00229587581761;-2.71154255117077;-2.60687464017374;-1.71147244979498;-2.72369588895196;-3.0784470156615;-1.96421557826993;-2.77061028665223;-2.51631109175053;-2.78041176510911
1275;-2.63100614440781;-2.21366612632821;-2.57465920938649;-2.18607260892244;-2.2248076988558;-2.7629920263586;-2.40419099563752;-2.65773832128091;-2.88964259593959;-1.4432852488771;-1.23125610756772;-3.04206434195996;-1.82106364627699;-1.75938780408215;-2.70149974346227;-2.55409797963401;-2.48258792839902;-2.79180960204025;-2.29299845345325;-2.58061671643762;-3.01353955656493;-2.71100238659692;-2.61017155442623;-1.7134115339729;-2.72594890621467;-3.07272390465493;-1.9639843478307;-2.77671802472617;-2.51618839608813;-2.79205569453312
1300;-2.64774268585572;-2.20520079530904;-2.57937975997821;-2.19104581110658;-2.22908293042189;-2.75868544625013;-2.40842005239296;-2.66020856258281;-2.88304476376951;-1.4386683327048;-1.22921872467473;-3.04190995705978;-1.82157722737351;-1.76388711497654;-2.68716741333388;-2.54251505605546;-2.48011096391032;-2.78939375093294;-2.29576200742155;-2.5583056256875;-3.02567260189412;-2.71070720448143;-2.61183617754129;-1.7152572641327;-2.7267760235482;-3.07028335185197;-1.96446152819558;-2.78335532311451;-2.5147493100259;-2.80126264907266
1325;-2.66264285447928;-2.1909522802206;-2.58421031009487;-2.19586247611412;-2.2353789551695;-2.75365586645941;-2.41227992638574;-2.66296680612739;-2.87825095061682;-1.43574427509096;-1.22677147270055;-3.04329532368589;-1.82374188195259;-1.76746095418068;-2.6724929476054;-2.52890743590672;-2.4763682287861;-2.78489998183207;-2.29883189884797;-2.54025717837149;-3.03891009084926;-2.70950022559431;-2.61305823915225;-1.71431560331496;-2.72789110068001;-3.07347578086179;-1.96439571919131;-2.78895338313141;-2.51488305705884;-2.81203560682316
1350;-2.67788801317525;-2.17369226083983;-2.58889267111779;-2.20109883935822;-2.24040491381828;-2.74712280039225;-2.4170125193643;-2.66455078747313;-2.87447341718757;-1.43576667657593;-1.22282027273084;-3.0459828243;-1.82514487238631;-1.77267311895416;-2.6587416647327;-2.51401782523809;-2.47087305298398;-2.77968340535899;-2.30054561946836;-2.52479638718081;-3.05335599027524;-2.70975262943424;-2.61220588031333;-1.71139845576916;-2.72776488309789;-3.08435498667885;-1.96903115641982;-2.7953959134318;-2.51506274706397;-2.82176854019063
1375;-2.69247901274521;-2.15580167144375;-2.59629482010982;-2.20710511186104;-2.24382457338242;-2.74068441327896;-2.42136489027568;-2.66547126410441;-2.87182140167355;-1.43515227360014;-1.2185528458739;-3.04942171172645;-1.82734669485187;-1.77751561885199;-2.64806090452197;-2.49718180410751;-2.46314640461314;-2.77307520876889;-2.30228246358749;-2.51547300806052;-3.06680172868092;-2.7109543927486;-2.61105716162969;-1.70830681064967;-2.72616582482924;-3.09784005377074;-1.96959713651773;-2.79843446460435;-2.51432293683055;-2.83019695442252
1400;-2.70633763874753;-2.13443224120155;-2.60364174314656;-2.21246923783766;-2.24541298610065;-2.73647405521495;-2.42648165500038;-2.66427292112442;-2.86759031070807;-1.43412817199454;-1.214592889923;-3.05253660389087;-1.83169277352468;-1.78209245650689;-2.63988076417125;-2.47898660775618;-2.45471415578634;-2.76757036007989;-2.30583956338196;-2.51229333077096;-3.07963966270142;-2.71491740031531;-2.60746326356023;-1.70373081281288;-2.72485630244886;-3.11455199853014;-1.97313602574;-2.79951713618328;-2.51373459751284;-2.83724181741209
1425;-2.71940896771443;-2.1101775153638;-2.60991460105766;-2.21691685737908;-2.24730221195061;-2.72752915303824;-2.43158742768623;-2.66302868335875;-2.86149137792108;-1.43229569056553;-1.21071331968146;-3.05559483580199;-1.83660126719109;-1.78494464471817;-2.6333895860817;-2.4565793470226;-2.44785082082508;-2.76023993974804;-2.30797667300329;-2.51279852120771;-3.09375586739662;-2.71906576513715;-2.60199729851672;-1.6952532636803;-2.71964825336282;-3.13570284076144;-1.97436261203899;-2.80084031975721;-2.5116579763585;-2.8424335558739
1450;-2.73320884711659;-2.08626274338256;-2.61635360705357;-2.21933562139971;-2.24955093312635;-2.71917888966123;-2.4357780270882;-2.66022582561988;-2.85744466693686;-1.43138946753114;-1.20583522424858;-3.05819883466284;-1.84122424257368;-1.78479499396782;-2.6274271134062;-2.43302799097871;-2.44154356131858;-2.75090374320344;-2.30852865062126;-2.51816753562151;-3.10862950219008;-2.7226014674148;-2.59594878189201;-1.68552652201236;-2.71346070148892;-3.15888150593254;-1.9736738364303;-2.80049723872306;-2.5092063022292;-2.84440129543087
1475;-2.74627406501837;-2.06114450886074;-2.62345381853891;-2.22344791395039;-2.25032450186193;-2.71425751149614;-2.43949040682317;-2.65654718463917;-2.853493827615;-1.43133916011163;-1.19985644739078;-3.06106643357773;-1.84694989687036;-1.78375074336174;-2.62295508952214;-2.40924320928484;-2.43218878811396;-2.74366622590594;-2.30979441246412;-2.52543224330647;-3.12215489437531;-2.72888991184765;-2.58709139814937;-1.67416965788376;-2.70539726122104;-3.18260193443888;-1.9740526382443;-2.79805889510467;-2.50659965851191;-2.84554405515881
1500;-2.75794624961192;-2.0340312652415;-2.62942698957189;-2.22791663874814;-2.24782893825588;-2.71051786079421;-2.44323306902168;-2.65287598621262;-2.84545357532064;-1.43181003344416;-1.19518956913333;-3.06386137159478;-1.85050243805975;-1.78104208010318;-2.62263477435415;-2.38567768022292;-2.42216118679728;-2.73631822168994;-2.31259066342538;-2.53431700928701;-3.13417283123862;-2.73660233288352;-2.57433523308009;-1.66143778239739;-2.69807061494242;-3.20838428981023;-1.97390106109354;-2.79438574151693;-2.50375206895156;-2.84627019498538
1525;-2.77015338014597;-2.00852513421093;-2.63503541269427;-2.2303726296988;-2.24497896553383;-2.70773443906743;-2.44631461760686;-2.64815094474732;-2.83796138813198;-1.43461355601109;-1.19102644145854;-3.0642862359899;-1.85670295869657;-1.775703562597;-2.62422954659951;-2.36264092389176;-2.40975213264079;-2.7305025786981;-2.31571384484038;-2.54525651045121;-3.14314207968237;-2.74530808238432;-2.5604073416996;-1.64631273404928;-2.68944248276659;-3.23430408703397;-1.97723613739961;-2.78901661473375;-2.50229013354616;-2.84583166895408
1550;-2.78233683320414;-1.98557932343569;-2.64092414489205;-2.23214770759939;-2.24219429954927;-2.70294455009667;-2.44797524989452;-2.64433664893079;-2.82891484436146;-1.43718817422013;-1.18779733679884;-3.06640789883927;-1.86505357189964;-1.76789714570456;-2.62881002359089;-2.34052896447606;-2.39753615054349;-2.72684021432415;-2.31908081600054;-2.5567785779914;-3.15080213608792;-2.75581244317699;-2.54478322485763;-1.63184359968692;-2.6807206562327;-3.25759491590941;-1.98116321088672;-2.7844922772121;-2.49964325638218;-2.84485936570671
1575;-2.79400028591358;-1.96538248697417;-2.64583305116902;-2.23234547865899;-2.23872260918554;-2.69857467820276;-2.45048314895109;-2.63937058750789;-2.81725288901575;-1.43814362628956;-1.18309302043144;-3.06766331470829;-1.86974486148245;-1.75732239847698;-2.63336030529374;-2.31840413866384;-2.38387178890232;-2.72660342419431;-2.3221342555184;-2.56593911061326;-3.15421246668596;-2.76634054027105;-2.52418760538192;-1.61679537465453;-2.67285097981978;-3.27768685935802;-1.98522710145542;-2.78025904274566;-2.49602900811109;-2.84304840995424
1600;-2.80613369655321;-1.94897920978458;-2.64969942605391;-2.23204042951288;-2.23285394088092;-2.69289881572873;-2.45396842104106;-2.63252958394263;-2.80236929177721;-1.43865428539267;-1.17949239388005;-3.06900192410089;-1.87136547780969;-1.74404833994634;-2.63860885800504;-2.29767363662059;-2.37161294015681;-2.72758311933411;-2.32579847209423;-2.57675417988941;-3.15345690237978;-2.77222047347376;-2.50250661086472;-1.60031145988615;-2.66543261717034;-3.29462963758822;-1.98939090433002;-2.77312451222439;-2.48890580234319;-2.83765514691276
1625;-2.81577634434941;-1.93554966548144;-2.65224493044006;-2.23202501386013;-2.22601796464969;-2.68771653671574;-2.45619765644452;-2.6236943057497;-2.78198735936505;-1.43987186876349;-1.17679618991904;-3.06979000060615;-1.87471803026332;-1.72748734399041;-2.64453424098856;-2.27650467172864;-2.35758374987412;-2.72900132491239;-2.32764218397159;-2.58715335793193;-3.14796810019342;-2.77563701312224;-2.47935946249441;-1.58458857355227;-2.65975315138465;-3.30490958789542;-1.99073516594639;-2.76649996243814;-2.47768137947894;-2.83032895944294
1650;-2.82606301952565;-1.92576525958122;-2.65373219110445;-2.23186465675508;-2.21797106493845;-2.68505101329661;-2.45779160939435;-2.61583967269524;-2.75968969175337;-1.44316919458492;-1.17271995889822;-3.06945981850959;-1.87525566840359;-1.71047695906534;-2.64871359525782;-2.25592645435827;-2.34392688707921;-2.73231428690164;-2.33005795603537;-2.5942653174975;-3.13815901835691;-2.77713558378735;-2.45346605037368;-1.57017871432108;-2.65599506515045;-3.31110841113872;-1.99059615707084;-2.76075261594152;-2.46609708204703;-2.82289216261601
1675;-2.83427625451551;-1.91807110635937;-2.65439156361833;-2.22978320390676;-2.21012621404417;-2.68372811773263;-2.4609324427944;-2.6072342785058;-2.73987332038998;-1.44622563461299;-1.17112267012957;-3.06684249357023;-1.87534070365384;-1.69315633126548;-2.65069050235232;-2.23763965434817;-2.32965009114215;-2.73537526813497;-2.33038415013413;-2.59851748959868;-3.12062210436415;-2.77669079181036;-2.42825692528834;-1.55565976290061;-2.65622690271882;-3.31146419967857;-1.98953840481802;-2.75574493227302;-2.4512616072209;-2.81354369569698
1700;-2.84144853746161;-1.91443780002892;-2.65485365122894;-2.22646747574304;-2.20583113078404;-2.68289799253087;-2.46516616958309;-2.5964726746579;-2.71877566237921;-1.45058132361105;-1.17000440743809;-3.06488989235323;-1.87385850063811;-1.67392893862508;-2.65009563846491;-2.21991172233573;-2.31575185358673;-2.73901807034312;-2.33022407162688;-2.59866987515391;-3.09882913127016;-2.77161933572007;-2.40249635131637;-1.54380269181525;-2.65896986152415;-3.30546966293168;-1.98914393010293;-2.75052819484584;-2.43184313227775;-2.80303022900085
1725;-2.84894781877057;-1.91268837595861;-2.65350692828684;-2.22300396427467;-2.1992723040035;-2.68227653141558;-2.46691894642405;-2.58485334669124;-2.69757157998549;-1.45453001338307;-1.17239460327444;-3.06263641552584;-1.87200567618182;-1.65466710159557;-2.6472210416548;-2.20282813242729;-2.30341461591333;-2.74254563138852;-2.32899139894243;-2.59471325522109;-3.07059666532599;-2.76261057321742;-2.38061088845423;-1.53357953529756;-2.66423565885413;-3.29299332473439;-1.9881431323798;-2.74410500519265;-2.41011939264675;-2.78959970311853
1750;-2.85529595150715;-1.91051155079685;-2.6505646763399;-2.21928803410937;-2.19345182496678;-2.68170753795278;-2.46864170975517;-2.57255298507295;-2.67619630831412;-1.45862013155744;-1.17668756749536;-3.05767634763878;-1.86798999673067;-1.63531501041984;-2.64281942959936;-2.18640924620916;-2.29290381349294;-2.74259606059974;-2.32614168374768;-2.58714689432523;-3.03791535959623;-2.74767864012217;-2.36151669957093;-1.52122602759373;-2.66864333716415;-3.27424114242591;-1.98834585765081;-2.73884306343198;-2.3858840995273;-2.77817244944919
1775;-2.86142047310593;-1.90858141161462;-2.64753369635709;-2.21548930866882;-2.18634849879977;-2.68347516044692;-2.46846821734338;-2.56095342229576;-2.65931880314767;-1.46237181091111;-1.18294060123918;-3.05326700960984;-1.85893037564966;-1.61586899587422;-2.63493202119603;-2.17053314225042;-2.28410826106852;-2.7408715798505;-2.32165290743138;-2.57731987228728;-3.00088258231708;-2.73037611913476;-2.34468604282716;-1.50959210044893;-2.6739279535817;-3.25035820202395;-1.98884734294692;-2.73434201526127;-2.36126829690878;-2.76388496331677
1800;-2.8663476215604;-1.90684840821564;-2.64402181060563;-2.20813280708029;-2.17919872117135;-2.68650230062965;-2.46662729875678;-2.54768727695534;-2.64542349510602;-1.46576484880659;-1.18848185958746;-3.04706095129504;-1.84747767159573;-1.59578832237505;-2.62432271718668;-2.15585105946204;-2.27551068622816;-2.73575708498476;-2.31514456615367;-2.56187468050927;-2.9621222665523;-2.70761112165877;-2.33088212531662;-1.5002522435942;-2.67912621738559;-3.22099863588857;-1.98849680001899;-2.73072220538294;-2.33593344451721;-2.74751544903654
1825;-2.87107171091681;-1.90242321452796;-2.64032512443007;-2.19731536379273;-2.17474828034789;-2.69169404582611;-2.46429978014002;-2.53689253681929;-2.63468801368993;-1.46786009999751;-1.19392934950126;-3.03978166452105;-1.83377852626247;-1.57793511232751;-2.61280927423516;-2.13936034714094;-2.2683229891044;-2.72530658740517;-2.3080018546998;-2.53929836458224;-2.92139201617255;-2.68005835839236;-2.31936584862562;-1.48906790131224;-2.68577413083368;-3.18873845914218;-1.98709874434609;-2.72586748428931;-2.30901403441022;-2.73354047331645
1850;-2.87536002438872;-1.8939504127608;-2.63709637092255;-2.18258004415004;-2.16874624948484;-2.69628052266143;-2.45945718655568;-2.52541022803289;-2.62417449402533;-1.46988055168574;-1.19899707205818;-3.03329315138394;-1.81906085490982;-1.56127444071163;-2.60179482432643;-2.12011956211799;-2.26425259468051;-2.71188857890254;-2.30148986062001;-2.50977636546198;-2.88259153193494;-2.64882734020166;-2.31429577838706;-1.4767981439865;-2.69219934225061;-3.15165363757338;-1.98387700894346;-2.72151999433229;-2.28127312213961;-2.71944806867499
1875;-2.8810344156408;-1.8827384937409;-2.63273701669394;-2.16388478338305;-2.16550274097978;-2.70053546779843;-2.45054185670496;-2.51367464370292;-2.61860619095382;-1.47098935644817;-1.20561932337514;-3.02504050836884;-1.80244292062378;-1.54742613137432;-2.59380771977027;-2.09970012331475;-2.26175059537912;-2.69447692846046;-2.29435320988754;-2.47352151201575;-2.84431544675837;-2.61381139018689;-2.31164493169029;-1.46565272256757;-2.69857190885205;-3.11028596604331;-1.98241272810489;-2.71674244989247;-2.25581800316038;-2.70660280470861
1900;-2.88628977538246;-1.86936099894393;-2.62580887212065;-2.14110069689147;-2.16294154733078;-2.70420609265151;-2.43700254607882;-2.50415446496738;-2.616662244568;-1.46944770385177;-1.21280542757015;-3.01512936823209;-1.78213481147156;-1.53637210575855;-2.58656382285591;-2.07775886137052;-2.2596173633405;-2.67652131370892;-2.28676008757028;-2.43333711558708;-2.80751763697187;-2.57447773482822;-2.30975825428655;-1.45436274498742;-2.70449081959932;-3.07245533864976;-1.98026563345999;-2.71351562135268;-2.23326815458876;-2.69626997896203
1925;-2.89135532684824;-1.85289252418903;-2.61779471057546;-2.11333693774791;-2.16245638091387;-2.70794630783553;-2.4221006202685;-2.49670356509731;-2.61473619400627;-1.46811990253311;-1.21821873276378;-3.0033911190735;-1.75944487665828;-1.52536632146132;-2.58022635535635;-2.05821269291548;-2.25850537839472;-2.65690841806857;-2.27893962630601;-2.39022774325592;-2.7757116609644;-2.53373119598852;-2.31085501175802;-1.44113462071062;-2.7100849678554;-3.03396051875793;-1.97995900982892;-2.71098862269087;-2.21166554017829;-2.68933075763583
1950;-2.89530215958867;-1.83248336473306;-2.6101007719873;-2.08133601689765;-2.16237833111915;-2.70875785383509;-2.40602557719571;-2.49042773521664;-2.61544209849724;-1.46759102054059;-1.22454774172757;-2.9924810679928;-1.7348486874997;-1.51512103598156;-2.57680793340619;-2.03838025536627;-2.26025925789076;-2.63572777417515;-2.27070151596212;-2.3455743234757;-2.74691502335388;-2.49193756908908;-2.31620158980619;-1.43006486927931;-2.71469768708684;-2.99808981397412;-1.97868952303172;-2.70969819157273;-2.19313441750511;-2.68373202709371
1975;-2.89857959454105;-1.80792357155257;-2.60269825572469;-2.04651985100899;-2.16199737916707;-2.70944287726881;-2.38545133608785;-2.48776875489175;-2.61745481080841;-1.46517085470431;-1.2292991079624;-2.98135806124902;-1.7104696974091;-1.5076872559356;-2.57410980042829;-2.02005571793096;-2.26250082269441;-2.61440876649526;-2.2630709862279;-2.30124317750942;-2.72323420563295;-2.45186138919769;-2.32355960584725;-1.42090076115319;-2.7191678381047;-2.96439091246227;-1.97753983028097;-2.7090074885347;-2.18081444698468;-2.68214497497093
2000;-2.90268703509801;-1.78431146227941;-2.5945525178868;-2.00930144077462;-2.16234354148551;-2.70988955942728;-2.36608390556197;-2.48493605523967;-2.61965309768726;-1.46492779598175;-1.23348997522577;-2.97067124880209;-1.68563302596892;-1.50161811360422;-2.57549017852425;-2.00300509984338;-2.26435037962185;-2.59208748117336;-2.25579354974646;-2.25796484126642;-2.70572935511518;-2.40850980059337;-2.3321134756575;-1.41306991373093;-2.72135537786685;-2.93601522382122;-1.97472560697131;-2.70629833722566;-2.17074608313259;-2.6839520831706
2025;-2.90384669105791;-1.76002488140783;-2.58667379359185;-1.97311789071455;-2.16003717127705;-2.70913685441107;-2.34416766448874;-2.48271394791033;-2.62350406362952;-1.4640407188241;-1.23675909237229;-2.95834597079168;-1.66012445755848;-1.49614423198401;-2.58115690900502;-1.98921009305629;-2.26727633617592;-2.56762502003141;-2.24847414976594;-2.21927793029407;-2.69608407164042;-2.36854313842076;-2.33948395274101;-1.4063426009285;-2.722525372054;-2.91298938076772;-1.97312878055498;-2.70281984126631;-2.16333237221903;-2.68725828095184
2050;-2.90388419218775;-1.73396280029385;-2.5776515147158;-1.9357801051526;-2.15870366678883;-2.70842160645676;-2.32064671270682;-2.48200358962235;-2.62336222105184;-1.46113625201906;-1.23811990848581;-2.94500952243425;-1.63228412914279;-1.49236620708706;-2.58858672663275;-1.97916021772336;-2.26931619802458;-2.54569407564115;-2.24206872775823;-2.18486835459928;-2.68772956896598;-2.33339779085872;-2.34896593705526;-1.40168868998934;-2.72033568093954;-2.89659892703623;-1.96966843294703;-2.70109269618781;-2.16190019634152;-2.69420269039819
2075;-2.9055895752282;-1.71075490207111;-2.56778858230724;-1.89735578959135;-2.15822362936728;-2.70803169236715;-2.29551424014759;-2.48141793661405;-2.62544041219985;-1.45866075343569;-1.23926095910397;-2.93294065096247;-1.60674119590759;-1.48970756770055;-2.59950898310574;-1.9711789811984;-2.27087185241275;-2.52373701643033;-2.23526161836971;-2.15494217049239;-2.68079895682158;-2.29968665741469;-2.35872781811328;-1.4010730512612;-2.71849320044462;-2.88559149006921;-1.96606351757072;-2.70153602914645;-2.16433636863897;-2.70202184487348
2100;-2.90733322313282;-1.68921671510985;-2.55750173482111;-1.86313432313215;-2.1574385757257;-2.70850497563965;-2.27176252260427;-2.47963393166306;-2.62750564835219;-1.45525495546391;-1.23868414555458;-2.918402063449;-1.57939454104817;-1.48773173500629;-2.60998422615003;-1.96815690620396;-2.27188828286049;-2.50067050464608;-2.22661376386848;-2.13173892626523;-2.68011922119332;-2.27011160109216;-2.36356943027564;-1.40247823657316;-2.71534510594497;-2.88120239656678;-1.96313774530593;-2.7025032487127;-2.17124641693898;-2.71127203188163
2125;-2.90826497116475;-1.67213080952347;-2.54794971577089;-1.83292552496035;-2.15499757984178;-2.70729697788938;-2.24878552445333;-2.4752304791577;-2.62815640158545;-1.45418555800249;-1.23813318573753;-2.9057936654164;-1.5530710307418;-1.48688287224017;-2.62306268602906;-1.96991856033365;-2.2707368606067;-2.47717434707072;-2.21414316298438;-2.11667983424438;-2.68191416820713;-2.24714309811277;-2.37040529605923;-1.40766444279923;-2.71146472240575;-2.88285006061514;-1.96127831144778;-2.70397211784869;-2.18165806239908;-2.72183780911542
2150;-2.91086511409978;-1.65900678120791;-2.53943534539155;-1.80870601437651;-2.15149734781601;-2.70719884726144;-2.22745399797571;-2.46916490047769;-2.62388401939441;-1.45376859030216;-1.23694159242249;-2.89428762432568;-1.52690377076491;-1.48687640195568;-2.64037273192924;-1.97435820681092;-2.26735813331899;-2.4565685553189;-2.19858043438014;-2.10920971973172;-2.6843679891974;-2.22833865574197;-2.37667347608079;-1.41748970292183;-2.70822013850556;-2.88868608185245;-1.9599757535507;-2.70684250550254;-2.19440701090118;-2.73069633167935
2175;-2.9116932237079;-1.65089172571268;-2.53152675458776;-1.79305845809136;-2.14468911208259;-2.70849964298697;-2.20972516301945;-2.4590505270746;-2.61536684504714;-1.45058399321857;-1.23637581266949;-2.88307053702923;-1.50247127116735;-1.48663924408036;-2.65973698970262;-1.98141716868499;-2.2645221503384;-2.43950484900226;-2.18053290565007;-2.11010353887756;-2.68235611732491;-2.21107881895684;-2.38060241784064;-1.42800760731065;-2.70510314154923;-2.89523323719956;-1.95665629239585;-2.70691411247107;-2.20926414433813;-2.74114620666842
2200;-2.91202942572507;-1.64660963535286;-2.52372137624489;-1.78296582230664;-2.13904137486783;-2.70853615071394;-2.1969131088794;-2.44342147254646;-2.60084835839769;-1.44525590640393;-1.2365254540865;-2.87069680884792;-1.47894901973767;-1.4870897670105;-2.67922774645165;-1.99016058455138;-2.26011661627986;-2.42560038240997;-2.15846157697287;-2.11884758918395;-2.67830582451933;-2.19499611033178;-2.38317142719142;-1.44138931913417;-2.70221518325802;-2.9036180946605;-1.95256776601346;-2.70846156068347;-2.22328282779469;-2.7516398137557
2225;-2.91354104463038;-1.64776974424159;-2.51785646994179;-1.77705422594704;-2.13419594876769;-2.70812899827219;-2.18685296246144;-2.42497320780403;-2.58554033152337;-1.43928022249994;-1.23378365890357;-2.85955345258195;-1.45680798451071;-1.48555628540414;-2.69669164549261;-1.99876904257182;-2.2545027017102;-2.41555605059128;-2.132507946772;-2.13608743307641;-2.67247062276213;-2.18065556266094;-2.38460730142469;-1.45613490970363;-2.69904526090005;-2.91459871840894;-1.94242124614565;-2.71304350025281;-2.23642768198243;-2.7596816744633
2250;-2.91539842782325;-1.65453708136574;-2.51456637254914;-1.77710629256232;-2.12996129781534;-2.71012829815786;-2.1809010481449;-2.40137602320875;-2.56707564732709;-1.43125758670558;-1.22898920983732;-2.84939170813856;-1.43470181856192;-1.48443675777436;-2.71208530666648;-2.00928921630037;-2.24515501287589;-2.40685917534892;-2.10219232626989;-2.16000536644207;-2.66171756443476;-2.16985265739334;-2.38603869910362;-1.47205273398542;-2.69604122675468;-2.92249190354563;-1.93051464346763;-2.71515381584185;-2.24952773400013;-2.76715816593745
2275;-2.91766014808375;-1.66379054449842;-2.51182067988588;-1.78606743371887;-2.12260455177971;-2.71580895293572;-2.18102851193269;-2.37556567659055;-2.54421194703321;-1.4202985973726;-1.22508954149891;-2.83780292748921;-1.41490958638434;-1.4864910643462;-2.72654293092012;-2.01801102962056;-2.23198947290987;-2.39809211476689;-2.07354826960305;-2.18771768755035;-2.64661901549942;-2.15873179161503;-2.38358802226277;-1.49193604058785;-2.69315251125547;-2.92484373680181;-1.91672441880381;-2.71433727514009;-2.26205931372628;-2.77199424076165
2300;-2.91879450920622;-1.67514502935238;-2.51065003208886;-1.79950324200574;-2.11649219222077;-2.72199008066116;-2.18644188369773;-2.34687178652704;-2.51646260622514;-1.40825707399207;-1.22201093276423;-2.8264464098526;-1.39513037446744;-1.48856657486918;-2.73846993920581;-2.02406722247453;-2.21442338972536;-2.38970944728198;-2.04533617378821;-2.22146619829388;-2.62572703415713;-2.14821663232578;-2.37843230771161;-1.51229322692007;-2.69053586878399;-2.92396867210105;-1.90149104222491;-2.7145988796076;-2.27032068642003;-2.77569676448124
2325;-2.92116608667113;-1.69157745328058;-2.50886032420457;-1.81981617184683;-2.11221035592404;-2.72715571859559;-2.19419766429888;-2.3174854903088;-2.48821443305911;-1.39250118001291;-1.21802837745724;-2.81447930572679;-1.37945229960476;-1.4906503180885;-2.74695296126607;-2.02676863188942;-2.19103682691169;-2.38430209044701;-2.01662981011188;-2.25927086484801;-2.60434341264027;-2.13860259790297;-2.37441807332728;-1.53167075214533;-2.68830945372138;-2.91849199395671;-1.8845954640823;-2.71571744884512;-2.27602454045878;-2.77612721755289
2350;-2.92367215051643;-1.70747880348505;-2.50563367955446;-1.84235627083968;-2.10837067908839;-2.73170703932375;-2.20497852133445;-2.28823954849472;-2.45758864026627;-1.37218247554664;-1.21326709698631;-2.80418838486145;-1.36472529338389;-1.49481941260801;-2.75154494766768;-2.02560262352699;-2.16442963083696;-2.38188821623887;-1.98897878806569;-2.29858453789256;-2.5796762658006;-2.12934657073842;-2.36824620349873;-1.55292417002361;-2.68637287241669;-2.90684248913739;-1.86587289341026;-2.71506472665092;-2.27611247723172;-2.77794476453576
2375;-2.92488614107809;-1.7237433210921;-2.50209746028619;-1.86606581362984;-2.10525641761751;-2.73879620062962;-2.21764531665327;-2.25797591016297;-2.42657712752837;-1.34848281497751;-1.20770020768383;-2.7936674409559;-1.35132710279615;-1.50045021927659;-2.75190188640646;-2.01832782944551;-2.13570284491182;-2.38275701087819;-1.96375065648986;-2.33638386805665;-2.55092541733637;-2.11995341927704;-2.3612667929173;-1.57278744517957;-2.68259826284566;-2.88902798762851;-1.84437053603251;-2.71536570461434;-2.27130529376852;-2.77522525130117
2400;-2.92547357398391;-1.73880202291671;-2.49719650927655;-1.88934164260256;-2.1009239232045;-2.74416030929957;-2.2326910021927;-2.22967222763953;-2.39531294240372;-1.32150971825643;-1.20085276384911;-2.78530442450099;-1.34012857355974;-1.50535467009021;-2.7480651598196;-2.00510459753383;-2.10560809739582;-2.38377595736566;-1.94130781627231;-2.3775906954483;-2.52084081165686;-2.1089435329877;-2.35513308108382;-1.59003838487942;-2.67960917704618;-2.86782221046929;-1.82124539488311;-2.71283677372177;-2.26230906824775;-2.77074774106166
2425;-2.92434849028766;-1.75308709711854;-2.48984130651121;-1.91292129814824;-2.09847150804901;-2.74979375229164;-2.2494509076685;-2.20531521849784;-2.3622138496382;-1.29460542630033;-1.19235904646981;-2.77417375491398;-1.33101554664089;-1.50904063500164;-2.74067672973896;-1.98458134669688;-2.07221622319417;-2.38694956159574;-1.9245153109231;-2.41558778753053;-2.49255586443971;-2.10016857465493;-2.34799771331521;-1.60679478781498;-2.67788721174649;-2.84110393167601;-1.79490756026433;-2.70969053916823;-2.24998346684965;-2.76626640427459
2450;-2.92325727528882;-1.76424952139763;-2.47939891478138;-1.93536221396178;-2.0977130521671;-2.75501703709714;-2.26855070815827;-2.1851262275624;-2.33111675456527;-1.26871189249018;-1.18206376120232;-2.76137421919069;-1.32344319159241;-1.51373215073129;-2.73133748524669;-1.96011634964819;-2.04076270520359;-2.39080800754165;-1.91184016687531;-2.45046501598792;-2.46787691810792;-2.09457921215274;-2.33937742785038;-1.6214426192104;-2.67420955313733;-2.81120338509861;-1.76719512008726;-2.70675165675391;-2.2309388529184;-2.76171837441477
2475;-2.92058680950701;-1.7713399594223;-2.46756706509862;-1.95271079895023;-2.09829920414052;-2.75809341263006;-2.28863457965314;-2.16950451356647;-2.29987813401791;-1.2425669192136;-1.1705720121682;-2.74754207814892;-1.31934228302163;-1.5167050100544;-2.72082978404343;-1.93121792627297;-2.00875379600018;-2.39527982067424;-1.90283507537763;-2.48161374445986;-2.44435293506296;-2.08825165450166;-2.33079907008814;-1.6338923971657;-2.67169116311293;-2.77819074181596;-1.738851802154;-2.70261846736798;-2.20399656015512;-2.75764299625392
2500;-2.91726310622863;-1.77249684636226;-2.452143330104;-1.96706799716548;-2.10190397463554;-2.75839340361503;-2.30789875396935;-2.16077343154747;-2.27096975259761;-1.21804204545617;-1.1564389274368;-2.7356888543976;-1.31787913381394;-1.52064046517867;-2.70792436110033;-1.89949591482782;-1.97733334045442;-2.40377196719687;-1.89874640260026;-2.51002616133171;-2.42434843348701;-2.08399062606467;-2.3250048829037;-1.64576777996249;-2.66918161779549;-2.74650510653294;-1.71177799340274;-2.69877386617784;-2.17426706507635;-2.75106753627459
2525;-2.91041778001401;-1.76651978586284;-2.43144024038763;-1.97758843741004;-2.10302168744043;-2.75456208045493;-2.32609160313522;-2.15888526986846;-2.24889243077314;-1.19566029488426;-1.14255833720111;-2.72456517365267;-1.31730112803984;-1.52442025707711;-2.69438260963518;-1.86652664850313;-1.95209464054795;-2.41298917691647;-1.89958958815242;-2.5373509251566;-2.41073680646021;-2.07967254980062;-2.32277941473436;-1.65417992562917;-2.6654239187581;-2.713234599577;-1.68459020299016;-2.69372689155058;-2.14138844730207;-2.7435363849916
2550;-2.90310392690873;-1.75542758812693;-2.40770690970538;-1.98650389506739;-2.10405999665976;-2.74909019298421;-2.34235380460758;-2.16197071694512;-2.23232073975274;-1.17635890524611;-1.12637781932156;-2.71583748915286;-1.3162893234522;-1.52793170233614;-2.68117565703151;-1.83357009859765;-1.92943354723305;-2.42056191543392;-1.90511615756399;-2.56251132855998;-2.4030885133302;-2.07932311643838;-2.32290740369345;-1.66041046164719;-2.66050190598231;-2.68150337089491;-1.66094084371637;-2.6881779890068;-2.10890716466388;-2.73735027906373
2575;-2.89319458645092;-1.73942854126652;-2.38164185116793;-1.98980813590934;-2.10782199208512;-2.74119709339226;-2.35733028663287;-2.17051973834618;-2.22394777897688;-1.15875635051137;-1.10777299925795;-2.70735432252415;-1.31758796760177;-1.52908516431982;-2.66809719706439;-1.80209473150421;-1.90964529465738;-2.42715311689253;-1.91295192691923;-2.58572067029996;-2.39896474228618;-2.08264100441027;-2.32441915811817;-1.6650363382994;-2.65394209219984;-2.65276223031871;-1.63864887949786;-2.67892692046816;-2.0769008763684;-2.72885859590231
2600;-2.88096411678346;-1.71830235264001;-2.35634646148812;-1.98947003880154;-2.11168927151634;-2.73156279916625;-2.37169713721139;-2.18464146417251;-2.2202642680317;-1.14443517902489;-1.08697761646604;-2.69724350616623;-1.321044097478;-1.52990786280535;-2.65609455145375;-1.77271096282637;-1.89208360589345;-2.43136305591648;-1.92513065261956;-2.60583776846704;-2.40126468906198;-2.08877072318181;-2.32670497704481;-1.66651250801882;-2.64646791537573;-2.6279452960917;-1.61841716695831;-2.66943641631359;-2.04842850344708;-2.72067865952782
2625;-2.86522488705419;-1.69166787102462;-2.33266028324416;-1.98568211392612;-2.11290555493384;-2.71981159767036;-2.38394515560241;-2.2043551649636;-2.22274950082366;-1.13482896968144;-1.06646971097567;-2.68714130995239;-1.32564425546121;-1.52986782765469;-2.64708768387265;-1.74483125731771;-1.88257433687051;-2.43278864413153;-1.93874041531198;-2.62073595474806;-2.40784852676442;-2.09656300823052;-2.32976667141821;-1.6650511079951;-2.63923563292554;-2.60756992327512;-1.60211116322593;-2.65532023716699;-2.02549640496805;-2.71429922253944
2650;-2.84898029429323;-1.66161981780136;-2.30969190938119;-1.97821451573994;-2.1139652098373;-2.7034771753653;-2.39283289634813;-2.22730177157679;-2.23145970812081;-1.12991962730017;-1.04498458039501;-2.67734687771391;-1.33112674481902;-1.52786634373146;-2.64050916524038;-1.71838540025808;-1.8796121870804;-2.43052282264285;-1.95270281487097;-2.63120647337837;-2.41740345904038;-2.10606978948745;-2.3363063901076;-1.66228561804469;-2.63007811372557;-2.5903817581399;-1.58924839068808;-2.63687862869829;-2.00812258205778;-2.70911280770162
2675;-2.82962729187443;-1.63086216644919;-2.28878143129574;-1.96682417228982;-2.1133856691533;-2.68597692696399;-2.39837064516037;-2.25233445497908;-2.24779035982203;-1.12954027481033;-1.02391012785236;-2.66739297843909;-1.33842268891022;-1.5239837249105;-2.63794775131054;-1.6934822628083;-1.88185689423672;-2.42408197966478;-1.9652232976285;-2.63510402267342;-2.42961052656401;-2.11486538816783;-2.34051992916634;-1.65858508651552;-2.61892993318838;-2.5794047955271;-1.58221546113056;-2.61778447456875;-1.99960135765323;-2.70695834691105
2700;-2.8080859566826;-1.6000130272683;-2.26975914603248;-1.95242622682135;-2.11244847244056;-2.66656192657188;-2.40228607667969;-2.27690335866622;-2.26757779548916;-1.13084520528962;-1.00301544141996;-2.65766279844784;-1.34686816451456;-1.51783393390398;-2.6366909837215;-1.67470055352632;-1.88919223927502;-2.41381713700791;-1.9757749910341;-2.63639923194915;-2.44177225482009;-2.12434431321361;-2.34643965757935;-1.6500461154669;-2.60686682928877;-2.57446160596034;-1.57833136627375;-2.5970047583482;-2.00150992744449;-2.70379467380293
2725;-2.7838272811849;-1.56893596973784;-2.25577812211572;-1.93265096420995;-2.1117665221645;-2.64508853991328;-2.40574374418772;-2.30110496880584;-2.29195964806415;-1.13507547613001;-0.983884382882437;-2.64873409500681;-1.35742561481708;-1.50769855167185;-2.63805139877539;-1.66058734223426;-1.90386715203741;-2.40122717833618;-1.98179006836414;-2.63185990192925;-2.45391288650521;-2.13488329294922;-2.35524492675803;-1.63943094038513;-2.59274623347118;-2.57235511393606;-1.57696325753955;-2.57165935741954;-2.01280995062344;-2.70082862922726
2750;-2.7565533555587;-1.53773326188289;-2.24705609245451;-1.90943103384893;-2.11167167599365;-2.61818017873583;-2.40573533626449;-2.32524776297661;-2.32262768091421;-1.14065855140507;-0.96592752743611;-2.64243549736637;-1.37146565982247;-1.49466140103855;-2.64255067507369;-1.65027365477197;-1.92350536686568;-2.38407758773714;-1.98421509390696;-2.62100263747513;-2.46243928786422;-2.14358003401871;-2.36171921426319;-1.62823837017882;-2.57814567145372;-2.57545654217748;-1.58011922673824;-2.54602972601331;-2.0331784628308;-2.69762647022339
2775;-2.72704192629555;-1.51064870164675;-2.24375650120414;-1.88093869878662;-2.11143813597159;-2.58819309280133;-2.40389930865791;-2.34696105964279;-2.35638860439567;-1.14618687168866;-0.947955861211876;-2.63303879531107;-1.38552061688022;-1.47934730981158;-2.64848873343363;-1.64298022769167;-1.94512537455564;-2.36684784911717;-1.98455492844476;-2.60431278363426;-2.4700776332234;-2.148260600368;-2.36700576549232;-1.61721898215754;-2.56144753638709;-2.57854956523536;-1.58544549608684;-2.51667285013635;-2.06111636484397;-2.69779360746987
2800;-2.69740854209901;-1.48932746480991;-2.2455325566783;-1.84894383147871;-2.10951967034485;-2.55255827528108;-2.40192477333215;-2.36472658092927;-2.3897600389883;-1.15257796142636;-0.933270318714509;-2.62593338096816;-1.39964097460174;-1.46054836884975;-2.65757807904518;-1.64087514597935;-1.96902839379296;-2.34710133253673;-1.98069790123683;-2.58208271150325;-2.47204719635437;-2.14871034167614;-2.36846520225792;-1.60525351375868;-2.54509828019609;-2.58230432195249;-1.59487842621873;-2.4844942076016;-2.09328088206591;-2.69588080952644
2825;-2.66626878428298;-1.4720625142178;-2.25329483728697;-1.81386741420398;-2.10674412257043;-2.51484376032069;-2.39648357611138;-2.3792724825042;-2.42337207193619;-1.15511275249765;-0.920499989474635;-2.61633371151908;-1.4157605540616;-1.43603201384748;-2.66785724246479;-1.64403328018275;-1.99403175536164;-2.32486612523693;-1.97264748247494;-2.55562954900045;-2.46951420256;-2.14893465519623;-2.36651343831686;-1.5912163608679;-2.52453875661979;-2.58724763210656;-1.60683110190471;-2.45145665878548;-2.13237014676215;-2.69421870851778
2850;-2.63657432339067;-1.46044972861632;-2.26549605624531;-1.77530363436102;-2.10594041947256;-2.47560591052788;-2.38931293004385;-2.38963808775828;-2.45597404507329;-1.15564243179509;-0.911304374182429;-2.60513305888289;-1.43198506556199;-1.40991503947602;-2.67681333512793;-1.65187388444769;-2.01742142437447;-2.30114379434147;-1.96014437650621;-2.52537600426394;-2.45937340534821;-2.14287372420364;-2.36282267466157;-1.57722105949276;-2.50257381380421;-2.59053635736399;-1.61722501530168;-2.42053345029768;-2.17639964246501;-2.69411673666988
2875;-2.60929309695376;-1.45557536845076;-2.28082599233314;-1.73619597239219;-2.10498724690143;-2.43353026055494;-2.37948595422525;-2.39603242324235;-2.48879276181207;-1.15504892879015;-0.906306746632141;-2.59238064338611;-1.45074548530679;-1.38317131955713;-2.6840734306628;-1.66335937534037;-2.03910449016837;-2.27396762623163;-1.94320722398881;-2.49179338876697;-2.44238739535903;-2.13348878073179;-2.35272959237197;-1.56547989041079;-2.48023896438723;-2.59109423400454;-1.62985765530961;-2.39027071935448;-2.22439883111248;-2.69389202068855
2900;-2.58276882133014;-1.45780375282921;-2.30102519021052;-1.69873869662627;-2.1037466465261;-2.38842113443598;-2.36719169175949;-2.39878471416514;-2.51894063847764;-1.15148132572147;-0.904059522511568;-2.57840230265038;-1.46875411032713;-1.3563260937508;-2.68781212441522;-1.68187209383387;-2.06110009151326;-2.24396868627384;-1.92211887909636;-2.45547468075477;-2.42200305891178;-2.12611852951151;-2.33647848455812;-1.55417749773854;-2.4541604759454;-2.59251585870179;-1.64479861604833;-2.36047213900423;-2.27258964450979;-2.69376409879324
2925;-2.56098213928029;-1.46932079439744;-2.32438003873305;-1.66192443662009;-2.10214551610967;-2.34160711833495;-2.35215885104112;-2.39657536920114;-2.5430030926173;-1.1465241451205;-0.906189080835456;-2.56479025277321;-1.48876751707529;-1.32722732181587;-2.69259373824091;-1.70370080580831;-2.08180612114431;-2.21440014617906;-1.89825224099293;-2.41663844946093;-2.39696027626594;-2.11722440833089;-2.31816202809681;-1.54404191815695;-2.42876101447605;-2.59214222476457;-1.66145834055002;-2.33196492478968;-2.31826041609403;-2.69296941879599
2950;-2.54337878704556;-1.48423200162035;-2.34632548958504;-1.6305420545072;-2.09878275597873;-2.29810105100075;-2.33898935587678;-2.38960206543878;-2.56279857193266;-1.13712291108405;-0.910479602384526;-2.54979905640219;-1.50627562097441;-1.29852538676274;-2.69836004202761;-1.72633110366699;-2.0998577802243;-2.18845011173369;-1.87134828438892;-2.3749944191771;-2.36698897421782;-2.10614353305808;-2.29398382771614;-1.53423037046901;-2.400842501062;-2.59118138001932;-1.67677734584129;-2.30583212644886;-2.36273491520268;-2.69196595255427
2975;-2.52875206856869;-1.50639941390949;-2.36698998100368;-1.60131949055522;-2.0927148891628;-2.25545187738552;-2.32463003536701;-2.37706333044272;-2.58170149657113;-1.12667204028139;-0.917044457358257;-2.53126010135398;-1.52190402748812;-1.2716390138703;-2.7019314495888;-1.7540515191147;-2.11726288124356;-2.16449446405927;-1.8419900886528;-2.33199879049634;-2.32920128300129;-2.09320996685021;-2.26373282129399;-1.52454068465989;-2.37316026358728;-2.58841132652999;-1.6904448481245;-2.28176347227473;-2.40219555942473;-2.69294651836392
3000;-2.52021974692373;-1.53235414900565;-2.38852654127212;-1.57576004149126;-2.08473219247509;-2.21491395259748;-2.30840819109389;-2.35995268940356;-2.59575828188727;-1.11502996569936;-0.92330158255918;-2.51157366330792;-1.53639001746196;-1.24502965864722;-2.70432443787117;-1.78335247278952;-2.13226739049159;-2.14615094237936;-1.81225048652027;-2.29081515367647;-2.28895475046703;-2.08049023586846;-2.22928945750179;-1.51554306679719;-2.34722451629251;-2.58602629771741;-1.70296103747478;-2.26309196724482;-2.43627294673022;-2.69328391388179
3025;-2.51598412529574;-1.56340349862173;-2.41107091623773;-1.55657062290481;-2.07518437190616;-2.17678079826786;-2.29146059872888;-2.34281461006611;-2.60569761075311;-1.10487054264775;-0.927936644580695;-2.49108342120953;-1.54611737831323;-1.2195331230702;-2.70417396742299;-1.81574263662349;-2.14449055613508;-2.1339391190964;-1.78390808297698;-2.24941165527316;-2.24685725033764;-2.06860952314257;-2.19276664058214;-1.50624778013807;-2.32222483707939;-2.58481678741867;-1.71484513193073;-2.24827210315674;-2.46418256101433;-2.69206507764735
3050;-2.51594329756416;-1.59725138050349;-2.43275989342087;-1.54698421872789;-2.0613568423072;-2.14133219148859;-2.27701188717398;-2.32349091606778;-2.61245745176783;-1.09531764372397;-0.935561874651443;-2.4664939802626;-1.55631252036125;-1.19897595837148;-2.70368564169523;-1.85182299601795;-2.15272222452093;-2.12397607723968;-1.75716373945729;-2.2087246373163;-2.20490479031376;-2.05886506728222;-2.15458374673617;-1.49580933214167;-2.30016458118383;-2.58298866782631;-1.7248772876849;-2.23439779989533;-2.48637266661092;-2.69110803791311
3075;-2.52045659619278;-1.63127152372406;-2.44948932046957;-1.54512396932628;-2.04308694330118;-2.11095592609903;-2.26293958438014;-2.30456078929104;-2.61663222768811;-1.08777300059742;-0.943390752144476;-2.44071779241978;-1.56083315475968;-1.18198113185969;-2.70334425192321;-1.88939897621738;-2.15610458705647;-2.11818470373793;-1.73583205601635;-2.17284223731374;-2.16676293963983;-2.04972260500342;-2.11297170569846;-1.48636877630126;-2.28041082466711;-2.58182053413613;-1.73550400021539;-2.22515444340435;-2.50097486084008;-2.6886429987162
3100;-2.52829946096343;-1.66432884875329;-2.46257003600721;-1.55254026119505;-2.02358298546671;-2.08515451910106;-2.2514339515452;-2.28445035343752;-2.6172218261754;-1.08403916491253;-0.949345645324491;-2.41346483769315;-1.55898597463482;-1.16916098529651;-2.70174760267718;-1.92773039696463;-2.1534403786207;-2.12039052885682;-1.71984397238531;-2.14258957748919;-2.13281847443447;-2.04122955803203;-2.07248831164752;-1.47538589934103;-2.26363549204654;-2.58436929852774;-1.74603792292585;-2.21952145918813;-2.50531756393302;-2.6865583661904
3125;-2.5389843849169;-1.69640682938044;-2.47151364832967;-1.56741975122295;-2.00151952928548;-2.06537285057973;-2.24048351804726;-2.26618342734574;-2.61744024518077;-1.0812990911098;-0.954298036273426;-2.38791158053043;-1.55300740485064;-1.16217315839989;-2.6982639070702;-1.96893746146097;-2.14323769447487;-2.12767120600034;-1.70597691436557;-2.1175812141584;-2.1036348414295;-2.03445998752144;-2.03411807164097;-1.46451385843178;-2.25101075315033;-2.58723399645743;-1.75304243377791;-2.2146731593268;-2.50330581138542;-2.68497420803356
3150;-2.55098122410365;-1.72493715572642;-2.4739953236205;-1.5892068383274;-1.97669953340451;-2.05047202450807;-2.22973288236422;-2.24922646611936;-2.61327429564723;-1.07915567767658;-0.957403306914848;-2.36212988181557;-1.54369654377811;-1.16260326167635;-2.69357046337909;-2.01085070567133;-2.12795872731599;-2.14058189467284;-1.69622113263688;-2.0984355785863;-2.07929634206161;-2.02765500603504;-1.99543210471483;-1.45372105133399;-2.24089831075488;-2.58923642717597;-1.75911455400396;-2.21208376831829;-2.49403868453544;-2.68264928546058
3175;-2.56450775456704;-1.75066097471383;-2.47144705181381;-1.61648875520552;-1.9484420690229;-2.04417048609239;-2.22168614936398;-2.23449923191172;-2.60556744369521;-1.07770786485724;-0.958678067536108;-2.34022427775893;-1.52799440968273;-1.16800109926684;-2.68579827866593;-2.05120937494144;-2.10637530585894;-2.15972298432642;-1.69209087403067;-2.08753907821253;-2.06256258586329;-2.02075402145197;-1.95988125311728;-1.4402832017051;-2.23479880395568;-2.59182456393968;-1.76519207417536;-2.21409322806912;-2.48101980329598;-2.67730598074098
3200;-2.5784748506587;-1.7735953610551;-2.4654676653241;-1.64879615870204;-1.92014843161627;-2.04393757551247;-2.21746200324584;-2.22205769371862;-2.59428021519638;-1.08042485688568;-0.958421418061171;-2.31924504573199;-1.50864502899834;-1.17638859360607;-2.67603232417847;-2.08998549916808;-2.07971078799451;-2.18381066452211;-1.69114520149801;-2.08419529405965;-2.05400552912994;-2.01329697937804;-1.92887825021363;-1.42599578286724;-2.23390174612731;-2.59629568117072;-1.77039358292203;-2.21462959111394;-2.46510390506238;-2.6741373426157
3225;-2.59368060959236;-1.79404304491672;-2.45394107697747;-1.68555647851184;-1.8905576449757;-2.05058998378642;-2.2155416341374;-2.2125475000015;-2.58035989881684;-1.08631179045942;-0.956986667845414;-2.29989103063176;-1.48426976726456;-1.1885524039624;-2.66586335565476;-2.12898069103717;-2.0505650089145;-2.21247531470234;-1.69483017554542;-2.0841038309734;-2.05248054848147;-2.0078013689088;-1.90112642945361;-1.41054689151779;-2.23661701541981;-2.59817641940896;-1.77595007152425;-2.21667887978561;-2.44396202103445;-2.67128027789628
3250;-2.60738937486611;-1.81069696594294;-2.43704839577169;-1.72435114263178;-1.8624795484259;-2.06197694433646;-2.2160578031979;-2.20746768645328;-2.56264195710981;-1.09423516737154;-0.954520007082326;-2.2829700881116;-1.45798833072204;-1.2041088326124;-2.65525284380562;-2.1645174267221;-2.02141242730674;-2.24424317731984;-1.69992895821384;-2.0882349793966;-2.05856216167089;-2.00275407125845;-1.87609755861884;-1.39233453884549;-2.24143782856798;-2.59759905427532;-1.77918435439735;-2.2217018273803;-2.41747632982874;-2.66908332336132
3275;-2.62013883203652;-1.82260966388453;-2.41483900708;-1.76357532389317;-1.83607175734743;-2.07760001632278;-2.21972207099413;-2.20703035297498;-2.54118674658865;-1.10402673069268;-0.950682074844787;-2.2712298244825;-1.42877030978881;-1.22258727477973;-2.6435284558094;-2.19610348627506;-1.99185733110739;-2.27929631549479;-1.70720684765867;-2.09609163131422;-2.0732051006198;-1.99347011557067;-1.85650940288449;-1.37465535767462;-2.25189691639369;-2.59384499924361;-1.78045693330436;-2.22754101519189;-2.39079460018952;-2.66450102385774
3300;-2.63055685066503;-1.82843360692835;-2.38830589342009;-1.80289796341415;-1.81525112632153;-2.09614535191753;-2.22574819002192;-2.21019017742584;-2.51850532720954;-1.11336496099888;-0.946810876364008;-2.26665473383823;-1.39743290786592;-1.24582157026924;-2.63144771545294;-2.22588306689324;-1.96369577549154;-2.31728882135986;-1.71411453669294;-2.1073855837344;-2.09533047110521;-1.98238636563148;-1.84243431278586;-1.35794651142162;-2.26591548492075;-2.58875831145134;-1.78025450826106;-2.23269615901383;-2.36238939375577;-2.65830417856227
3325;-2.63896415499477;-1.83040853667638;-2.35950998175064;-1.83867537483808;-1.79758230058439;-2.1155027779309;-2.23274433929872;-2.21531520849157;-2.49642015882237;-1.12349299238405;-0.941246781719178;-2.26888241156051;-1.36290855905461;-1.26911805448984;-2.61941994151224;-2.25021624026613;-1.94065389600336;-2.35655057844408;-1.72198875080598;-2.12163750122145;-2.12564908595813;-1.96649234813584;-1.83331607898077;-1.34406420388841;-2.28255636108685;-2.57888172805239;-1.77842615695573;-2.23548444517695;-2.33329457733927;-2.65030560385051
3350;-2.64560790744142;-1.82755320695252;-2.32954545006029;-1.87118597168552;-1.78511378803706;-2.13601215515434;-2.24073535162403;-2.22163134641071;-2.4755212982613;-1.13451588109167;-0.934877719849015;-2.2787049354745;-1.3288089733951;-1.29387526593218;-2.60896535077421;-2.27092730211422;-1.92026530563089;-2.3968685933523;-1.72963526294977;-2.13624035690755;-2.16077720653297;-1.94978732382955;-1.82882106964038;-1.33303172553984;-2.30038507011264;-2.56691723955015;-1.77676954113523;-2.23688238994627;-2.30601625636848;-2.64109267221734
3375;-2.64952917892355;-1.82075949043153;-2.29987098949504;-1.90072180268283;-1.78023679124131;-2.15681065981982;-2.25043561297124;-2.22967124069993;-2.45894729139204;-1.14428194849491;-0.928907904102919;-2.29220744023306;-1.29507467862118;-1.31733183008106;-2.59829548479585;-2.28539296479859;-1.90610801178044;-2.43614440811923;-1.73605802093128;-2.15287950191174;-2.19984658017521;-1.93241642366174;-1.82816419320279;-1.32248000905508;-2.31786246752099;-2.55374839438395;-1.7738962457283;-2.23658036754595;-2.28054403009127;-2.63049918370631
3400;-2.65143332276631;-1.80717625616684;-2.27101694696934;-1.92722993861392;-1.78118410691477;-2.17770262457712;-2.26045692671737;-2.23844095956919;-2.44321639506517;-1.15442261884073;-0.923273062738008;-2.30937726973699;-1.26238672168348;-1.33976795889181;-2.58697950469935;-2.29667768288175;-1.89736976553761;-2.47555577605372;-1.74086085332524;-2.16962682256533;-2.24305457875313;-1.91237676430168;-1.83121872815395;-1.31571714117483;-2.33448973944205;-2.53735207242782;-1.77011030985014;-2.23431859162474;-2.25922904915727;-2.618324503769
3425;-2.651786152488;-1.78953042956555;-2.24327202528962;-1.94846886366172;-1.78639714570266;-2.19472145831114;-2.26983457610926;-2.24760444831591;-2.43279855423099;-1.1632083320585;-0.917016525446066;-2.32989651806199;-1.23085270405973;-1.36142551372904;-2.57565329819936;-2.29996845763075;-1.89719631894451;-2.51181522697097;-1.74253254397724;-2.18624102597009;-2.2882799923258;-1.89154763359567;-1.83893987142216;-1.31448129305778;-2.34964032148529;-2.51751020992389;-1.76516153784222;-2.22556502508132;-2.2413326216214;-2.60669484421521
3450;-2.65197625505681;-1.76735771299154;-2.22015158898518;-1.96564709740601;-1.79630628593594;-2.20896065309917;-2.27711995816519;-2.25714635161558;-2.42437781760354;-1.17172237092413;-0.910131076069124;-2.35480609060215;-1.20290365756469;-1.3809546961994;-2.56558195340861;-2.29662657963094;-1.90481895904563;-2.5435836644511;-1.74232368679657;-2.20236879671717;-2.33292660146836;-1.86971223121947;-1.85112241720562;-1.31652198327682;-2.3629626327244;-2.49799820903107;-1.75937397428595;-2.2134159885063;-2.22804738913599;-2.59582497873199
3475;-2.64965209567345;-1.74291162761929;-2.20165843378526;-1.97639227219497;-1.81217731561512;-2.2227898158437;-2.2848730501048;-2.26431560345767;-2.42317858996011;-1.1800879347383;-0.902397969710193;-2.37941093371504;-1.17828688140705;-1.39923410038845;-2.55495316514675;-2.28713062369895;-1.91946197806554;-2.57204930618296;-1.73845352846532;-2.21722514077766;-2.37680211073105;-1.84792586658209;-1.86428685249673;-1.32279430342458;-2.37323996868532;-2.48096821350888;-1.75231700851397;-2.1977589115017;-2.22066109280539;-2.58490264004997
3500;-2.6460800212472;-1.71513945073789;-2.18655656285098;-1.98397563194213;-1.83187511198855;-2.23490745422334;-2.29313439802668;-2.27005146358293;-2.42703837653135;-1.18770338260983;-0.894006738660786;-2.40501782118673;-1.15709312331036;-1.41575158108713;-2.54097176963683;-2.27229332020939;-1.94245092467522;-2.59467872820405;-1.72972450871853;-2.23111406785727;-2.41582210471135;-1.83000954490806;-1.88077012531709;-1.33036920249583;-2.38013191174645;-2.46373085927385;-1.74124576761912;-2.17791629061515;-2.22019533700338;-2.57292412753095
3525;-2.64214592945791;-1.68811773317484;-2.17702059509543;-1.9855502448979;-1.85508211445599;-2.2460234414872;-2.30163338752287;-2.27485313776113;-2.438407043096;-1.1948558283243;-0.883266406544189;-2.42911815178347;-1.14253055130115;-1.42841702805491;-2.52457853491559;-2.24987478130703;-1.97340703603425;-2.61536028105147;-1.71698196240475;-2.24093138362225;-2.45191958296645;-1.81544165856316;-1.89873027917651;-1.34475382896008;-2.38198662931673;-2.44869054065536;-1.7279897476802;-2.15567213224632;-2.22228974850299;-2.56047986632436
3550;-2.63751934374677;-1.65800536638183;-2.17371297750083;-1.9843902387685;-1.8812336110162;-2.25508668168339;-2.30822932745288;-2.2801565764961;-2.45824302628717;-1.20024984733041;-0.869091893806868;-2.45127441600494;-1.1328674059245;-1.4379455580058;-2.50557426615649;-2.22279858325528;-2.0077135315359;-2.63124193346673;-1.70298683990951;-2.24935143088064;-2.4819045673801;-1.80342429112451;-1.91547279743619;-1.36419614787562;-2.37941918448676;-2.43601883736731;-1.71174478497136;-2.13364828534075;-2.22865982066133;-2.5493777075801
3575;-2.63274182959971;-1.62909260212754;-2.17485715124517;-1.98018191446899;-1.90649472479822;-2.26278932491349;-2.31348213350712;-2.28104879706239;-2.48556311540689;-1.2025608483277;-0.850742848290435;-2.47070107433832;-1.12323919630223;-1.44287536264224;-2.48347203959305;-2.19068640381079;-2.04328481537745;-2.64456142268106;-1.68651690605853;-2.25726845810011;-2.50460024273214;-1.79670441157926;-1.93584140024591;-1.3868146233351;-2.37352054151395;-2.42490142722477;-1.69258776336565;-2.11161197880677;-2.23944928736399;-2.53886485348764
3600;-2.62853591640399;-1.60266054328319;-2.18119605423131;-1.97294082849052;-1.92912469519515;-2.26767317985629;-2.31758256565743;-2.27933205049369;-2.51807243360069;-1.20248036084931;-0.827767468271627;-2.48603261410152;-1.11596799152586;-1.44365779906969;-2.45981628078461;-2.15892124844228;-2.08271801869944;-2.65352175022689;-1.66895268604988;-2.26326229477505;-2.51972976415282;-1.79575656707143;-1.95573263727523;-1.4096750399795;-2.36205084679562;-2.4151531413613;-1.67214930199565;-2.08859478720335;-2.25283258045148;-2.52799386439523
3625;-2.62520644112973;-1.58075313991686;-2.19318483761306;-1.96303121779787;-1.94943985227235;-2.27206678251012;-2.32092215088244;-2.27768520199718;-2.55720443969373;-1.19872571056185;-0.80037352508088;-2.49682749392645;-1.11292273237135;-1.43889077163223;-2.43401824512838;-2.12622218791401;-2.12333853565036;-2.65800277339303;-1.64993711088588;-2.27007364709535;-2.53059929708826;-1.79829907182166;-1.97243384632086;-1.43531809717458;-2.34488969856336;-2.40511052496471;-1.64793279033109;-2.06628253157151;-2.26976146590239;-2.51900222606698
3650;-2.62131444908653;-1.56168203336486;-2.20938161491662;-1.95298408716701;-1.96767257119026;-2.275380600646;-2.3229878573117;-2.27555022290087;-2.59860960197828;-1.19162288008019;-0.771539267536385;-2.50520843575673;-1.11090638646643;-1.43029125333675;-2.40579836652827;-2.09318823352284;-2.15998152439989;-2.65874160676219;-1.63081968363519;-2.27593524799918;-2.53252744790912;-1.80378129942992;-1.98790189013065;-1.46398113036764;-2.32376330860592;-2.39541057118032;-1.62245322958431;-2.04789719212298;-2.28774801508279;-2.51212991834861
3675;-2.6181813543374;-1.54765414244088;-2.23013720480794;-1.94405969843666;-1.98564778611064;-2.2772515581924;-2.32206462202285;-2.27383882685895;-2.64159754084995;-1.18242312800013;-0.739749027386545;-2.51071792411604;-1.11127753392264;-1.41898349705626;-2.37474727378812;-2.06239897150599;-2.19656431015673;-2.65658573308385;-1.61211666709481;-2.28298361084776;-2.52701342750506;-1.81589551512188;-2.00064287538711;-1.49275732976371;-2.29665782548271;-2.38642902566707;-1.59540058704328;-2.0322427120791;-2.30663543045528;-2.50586356649785
3700;-2.61592118809637;-1.53990016677481;-2.25365770292885;-1.93545341056521;-2.00222534941858;-2.27858368691801;-2.3176619348596;-2.27319298890716;-2.68425593806806;-1.17122650091501;-0.706153028751031;-2.51448350012248;-1.11245688101002;-1.40332017305873;-2.3425565620507;-2.03616577468582;-2.23214039787411;-2.6506229646716;-1.59554312798936;-2.29026400323171;-2.51702828154318;-1.83482331843565;-2.01021970834176;-1.51984453071156;-2.26548291534248;-2.37858067525736;-1.56872839801181;-2.02063125525736;-2.32409062407339;-2.50194500973255
3725;-2.61784457613133;-1.53862353037419;-2.27629405751642;-1.92896466449222;-2.01513496161347;-2.27814680211224;-2.31335082417201;-2.27230351708672;-2.7231063892005;-1.15811508336197;-0.672943677705432;-2.51984750954049;-1.11081774396163;-1.38446664902123;-2.31278726010573;-2.01261039086519;-2.26278032341771;-2.64321954572556;-1.58162906557175;-2.29753565406247;-2.50020200025237;-1.85586376293788;-2.01649508766996;-1.5442639513522;-2.23261570078046;-2.3685001039651;-1.54176393668466;-2.01188929322507;-2.34271556366683;-2.4981271182519
3750;-2.62098387961152;-1.54364933658568;-2.29875869592104;-1.92518050321976;-2.02793838956315;-2.27724295347313;-2.31033239183232;-2.2709340769892;-2.76070597907883;-1.14325391813356;-0.639604399429704;-2.5235847225191;-1.10678195392625;-1.3633502486821;-2.28494527636718;-1.99516866238284;-2.28952414465736;-2.63420122918765;-1.57104840878735;-2.30462961140843;-2.47792911753316;-1.87965454678064;-2.01950178029167;-1.56684709365588;-2.19611472325154;-2.35681967361291;-1.5165323890525;-2.00659109293474;-2.36016619397073;-2.49613265529813
3775;-2.6261167497103;-1.55504829944327;-2.32226188669749;-1.92091627393434;-2.0372877071406;-2.27888484023797;-2.30499080981305;-2.2690391294502;-2.7939564829801;-1.1267270096768;-0.607024575073307;-2.52880146215902;-1.10034485059014;-1.33997574661874;-2.25988485856399;-1.98481600012049;-2.31463367956053;-2.62558160147826;-1.56324343635011;-2.3111343392922;-2.4476071392345;-1.90727818806567;-2.01660099804119;-1.58786043533495;-2.16043608729225;-2.34207666262381;-1.4933131827424;-2.0044645923223;-2.37354002376526;-2.49727256615943
3800;-2.63242258714812;-1.56913426405043;-2.34453270118792;-1.921427444061;-2.04421144372262;-2.27918132015153;-2.30009461543693;-2.26888355240185;-2.82020982918843;-1.10981825398829;-0.578018212352819;-2.53711739196357;-1.08862391276038;-1.312527881448;-2.23865046328299;-1.97834527706711;-2.33589141430745;-2.61633235256682;-1.56138849239047;-2.31862324476785;-2.41265245450098;-1.9376416027256;-2.01034576811934;-1.60551149325339;-2.12606944964041;-2.32767781362644;-1.47283254431481;-2.00704192326068;-2.38428638604328;-2.49865653710161
3825;-2.63903758357125;-1.59037454153004;-2.36676845635629;-1.92461413588925;-2.04990919652704;-2.27675441449813;-2.29589962155539;-2.27109607657509;-2.83990560206006;-1.09544603949052;-0.554769936121159;-2.54475026005853;-1.07457931609105;-1.28205839909606;-2.2222585730124;-1.97854041634515;-2.3518059523707;-2.60582707452841;-1.56648193120316;-2.32555517614711;-2.37386503754152;-1.96556755215179;-2.00166306120703;-1.6208334374506;-2.09620983851915;-2.30817359500374;-1.4556275137651;-2.0093121966527;-2.39021653625049;-2.5006243366746
3850;-2.64509047613145;-1.61675318177003;-2.38789577439289;-1.93131168519148;-2.05338185243728;-2.27147483276063;-2.29096868367326;-2.27302297155726;-2.85624221269003;-1.08322700591877;-0.539345706223283;-2.5525593078203;-1.06215655174616;-1.25043015242422;-2.21445558960277;-1.98425150785601;-2.36240539267309;-2.59722525670113;-1.57705033414372;-2.33255050921418;-2.33527146155436;-1.99489991169813;-1.9907362380136;-1.63237290779121;-2.07158129868304;-2.28929211920215;-1.44193862145616;-2.01359994369308;-2.39129832720278;-2.50332738777873
3875;-2.65185091263818;-1.64527140973984;-2.4055077618714;-1.94037431905862;-2.05596995891643;-2.26509254288872;-2.28596030545578;-2.27655609013149;-2.86607127795598;-1.07368225221053;-0.5286701327413;-2.56593120048777;-1.04162262738016;-1.21720399697189;-2.21407036367379;-1.9954628154829;-2.37066777523761;-2.58974896979252;-1.59305725218964;-2.33805416982823;-2.29515246037654;-2.02027926260369;-1.97783966313811;-1.64386832253128;-2.05084203496712;-2.27183086794673;-1.43320221780121;-2.01779006321847;-2.38307345272549;-2.50691348103884
3900;-2.65710519798529;-1.67464673841728;-2.42213041742543;-1.95019410345304;-2.05876926319268;-2.2556446859734;-2.28115851477794;-2.28067462690314;-2.87039887038741;-1.06949839187222;-0.525347461436036;-2.58231152101065;-1.02147825658265;-1.18489950072272;-2.22078949274726;-2.01065816176873;-2.3741324873589;-2.58265964241502;-1.61510296353028;-2.34278235576162;-2.25406196044075;-2.04172120872712;-1.96525308961331;-1.65198022251039;-2.03728311528671;-2.25520182206212;-1.42733229736168;-2.01869235299144;-2.36748158119289;-2.51186497786979
3925;-2.66021366514088;-1.70585312891005;-2.4352233318871;-1.9599023709777;-2.06098563287537;-2.23960733098568;-2.27514609955962;-2.2853005458445;-2.87154888699092;-1.06674354671783;-0.527599206934945;-2.60282015633364;-0.999560468924233;-1.15485544323144;-2.23268113119169;-2.0306434777127;-2.37263380006321;-2.57400599293847;-1.63920086211314;-2.34873112696612;-2.21639742666795;-2.06012231249577;-1.95233988435707;-1.65866474040885;-2.03076686126986;-2.24116200521891;-1.42209471025195;-2.01651363110743;-2.3439310033432;-2.51692813864617
3950;-2.65964595065474;-1.73700637372784;-2.44554517971411;-1.96971729194699;-2.06363093513261;-2.21811765647924;-2.2680640123407;-2.29177612677845;-2.86777036269423;-1.06614092927812;-0.537639879185161;-2.62282745489971;-0.978915743812302;-1.12819453569791;-2.25075907880618;-2.05252196934098;-2.36768125413254;-2.56729372397273;-1.66864345571793;-2.35568094534043;-2.1827522206997;-2.07314809487361;-1.93920025801393;-1.66261414371664;-2.03055594633566;-2.23094149018879;-1.42130292349406;-2.01179664115747;-2.31497615206514;-2.52040356680669
3975;-2.65556087022476;-1.76790321777053;-2.45427403753652;-1.97963502909246;-2.06871728174374;-2.19080767743561;-2.26142981012985;-2.29917969208953;-2.86128492967255;-1.06853740162775;-0.55440413841395;-2.64424317694594;-0.9600450466608;-1.10684798179303;-2.27364590362644;-2.07440808117827;-2.36083427476858;-2.56266260680487;-1.70172764741488;-2.36382920976029;-2.15105149247385;-2.08153934812505;-1.9272530744497;-1.66467516987022;-2.03787999422522;-2.22704089915476;-1.42250257825846;-2.00346832336795;-2.28111701251496;-2.5230498656814
4000;-2.64736783946858;-1.7964877780042;-2.46043910946574;-1.99075407245011;-2.07365797963863;-2.15809335201318;-2.25311136244673;-2.3059279825263;-2.85199652884757;-1.07690805217892;-0.576501130692788;-2.66391854127207;-0.941905707511449;-1.09041113170819;-2.30069577109842;-2.09896722241178;-2.35005505820303;-2.56024308396383;-1.7339635086092;-2.37263849277493;-2.12425029172595;-2.08761073940706;-1.91852940453096;-1.66582816645028;-2.05271521857977;-2.2312677392227;-1.42555692038435;-1.99065345721924;-2.24578917657935;-2.52535782549146
4025;-2.63476301135043;-1.82433138571631;-2.46232830847429;-1.99990112971385;-2.07765272540003;-2.11924468839626;-2.24226785945829;-2.3143057398502;-2.84162933218869;-1.08788262606547;-0.603696586486886;-2.68264082020426;-0.924783559654502;-1.07809979041108;-2.33003369268277;-2.12345067960918;-2.33732848315659;-2.55987653381377;-1.76556778455393;-2.38263121120348;-2.10342270316995;-2.09317253041126;-1.91242943784229;-1.66353304947471;-2.07232874300906;-2.24290729451957;-1.42958868798143;-1.97681420227865;-2.20730167858855;-2.5289516638199
4050;-2.61658389001966;-1.85131520059569;-2.46000164467141;-2.00897515531522;-2.08131672128847;-2.07595443246471;-2.2316295031004;-2.32466781420727;-2.82994640864301;-1.10329573919862;-0.634962823658305;-2.70112890637577;-0.910213600661768;-1.0726963844811;-2.36084254761963;-2.14639546266349;-2.32281579230399;-2.56007136252645;-1.79609842474904;-2.39481485902394;-2.09003518249745;-2.09712397896537;-1.90901637999113;-1.66161321902985;-2.09727089390904;-2.26464017200008;-1.43229139321379;-1.96295888815315;-2.16863233432697;-2.53124328888134
4075;-2.59578298771317;-1.87552684450196;-2.45361800940397;-2.01564940332697;-2.08534923389612;-2.02966562341891;-2.21922793800313;-2.33574095248311;-2.81812301313512;-1.11959654252934;-0.671600165898664;-2.71818759886376;-0.896384936450819;-1.07314707132807;-2.39375636000267;-2.16766980713336;-2.30881149557906;-2.56165685366161;-1.8244443519759;-2.40875721372408;-2.08358179294951;-2.09697235890296;-1.90932169016236;-1.66205697852512;-2.12624967255099;-2.29342619901175;-1.43360850079958;-1.94976005437893;-2.13379251051367;-2.53222309210208
4100;-2.57398271243776;-1.8986624664739;-2.44479087953567;-2.02228904658538;-2.09120819333519;-1.98193253465153;-2.20719302294236;-2.34726707264362;-2.80511123298965;-1.13654405358872;-0.708055580863669;-2.73314115324279;-0.886430899753857;-1.08129439513727;-2.4254337496687;-2.18899065623295;-2.29470380252174;-2.56343941336185;-1.85003020501944;-2.42390612107467;-2.08174581039241;-2.09566113996797;-1.91224330768574;-1.66389156598904;-2.1577218800639;-2.33236891935519;-1.43131977112951;-1.93675082549413;-2.10190826817103;-2.53213093193794
4125;-2.55070553840749;-1.92143832083562;-2.43171398602088;-2.02743546313524;-2.09634854223694;-1.93408124696337;-2.19197306592345;-2.35932328185809;-2.79316157090192;-1.15677158128309;-0.743011656524388;-2.74742129946958;-0.876414776778793;-1.0955258733629;-2.45713001179931;-2.20713914504329;-2.28079863150245;-2.56561069713461;-1.87013507726166;-2.43888762651951;-2.08805504478268;-2.09164592156056;-1.91695595496938;-1.66851277779717;-2.18973165989046;-2.37903284489705;-1.42486355798965;-1.92687128038899;-2.0765085611492;-2.52985948371533
4150;-2.52514408928562;-1.94027003617811;-2.41481851142985;-2.03963277105526;-2.0996356078221;-1.88807968176111;-2.17613283813817;-2.37091373570405;-2.7835898644911;-1.17559671097802;-0.778699280675595;-2.75831277108514;-0.866259487022839;-1.11574462838412;-2.48753142059765;-2.22450380989565;-2.26693711356335;-2.56605690985872;-1.88463310820494;-2.45379318704748;-2.09808021403036;-2.08904149373638;-1.92047489677193;-1.67244104189028;-2.22037498660991;-2.4334973199378;-1.41363851666236;-1.92119975929091;-2.05622287334855;-2.52582975126231
4175;-2.49729650634886;-1.95674684058741;-2.39550351602284;-2.05077031828158;-2.10335151883886;-1.8432934225609;-2.1575945783016;-2.37766418944414;-2.77681005769441;-1.19309799876421;-0.811723462644237;-2.76557389239415;-0.856351267922844;-1.13848525837831;-2.51329271230125;-2.24040961149384;-2.25622811217817;-2.56773958620115;-1.89211831408257;-2.47313753070919;-2.11177436287733;-2.08630071049587;-1.9260393707572;-1.67686910048297;-2.24717045834642;-2.49183809717887;-1.39788090403378;-1.9196165117121;-2.04384416750622;-2.51927685691635
4200;-2.46949642923459;-1.9694775497515;-2.37388643494255;-2.05177766864127;-2.10505699765483;-1.8009340373804;-2.13527340592425;-2.38232300468868;-2.76767326005699;-1.20764892811776;-0.841126113072763;-2.77087615760473;-0.847638504878125;-1.16460870277267;-2.53766898496587;-2.25486606976476;-2.24664363038315;-2.56947923031253;-1.89367557069855;-2.49196515239214;-2.12923068759798;-2.08283514061759;-1.93448709208871;-1.68356131850424;-2.2692734059131;-2.55274249177579;-1.37637416409348;-1.92334179744404;-2.03689890369513;-2.50886088053323
4225;-2.44266403864721;-1.9798459165871;-2.35048662511012;-2.04537867978471;-2.10362695021552;-1.75919727637881;-2.1101327399595;-2.3842763085615;-2.76005083600946;-1.21801477842752;-0.867852650771734;-2.77303688785171;-0.835961663746633;-1.19188803098701;-2.55897409434557;-2.26383922157688;-2.23897312364865;-2.56782569256083;-1.89009340678371;-2.50802601159252;-2.14968560583467;-2.08013869082107;-1.94134658072902;-1.68976496760471;-2.2868212762305;-2.61436107068703;-1.35165903082358;-1.92900916548009;-2.03480371361381;-2.49544404428623
4250;-2.41605318376225;-1.98975131758126;-2.32566162228224;-2.03315958586038;-2.10279582093382;-1.72195599943625;-2.07987102141916;-2.38329533398063;-2.74842549209896;-1.22328583613089;-0.890276915600367;-2.77012689940958;-0.820573085147723;-1.21778184723834;-2.57691683352781;-2.26762069254087;-2.23358589404006;-2.56392951200827;-1.87939317157049;-2.51987143773371;-2.17121428738865;-2.07660560055062;-1.94812813776477;-1.69318528820906;-2.29894984106045;-2.67591396750937;-1.3242745248587;-1.93801533645614;-2.03512520942224;-2.47704495165557
4275;-2.39148446009967;-1.99326391218915;-2.29711479218486;-2.01575487286488;-2.09930715423614;-1.69025575390604;-2.04531966810443;-2.37610541475275;-2.73723884758078;-1.22491781015596;-0.907131167863357;-2.75993732974327;-0.800560388816356;-1.24326010741056;-2.59059367033674;-2.26568406745193;-2.22945202005209;-2.55907241166214;-1.86231703522586;-2.52610402258173;-2.19190316682183;-2.07087029563523;-1.94993763510489;-1.69295936088383;-2.30313851088334;-2.73358707445721;-1.29319631342727;-1.94629369375982;-2.03621116290008;-2.4532666688731
4300;-2.36877699244788;-1.99293448576652;-2.26550925115835;-1.99780455496751;-2.09180043628586;-1.66149877217775;-2.00827566576819;-2.3643192240985;-2.7199119328362;-1.22221591654517;-0.917128425652645;-2.74497585120637;-0.779243030064805;-1.26475693846559;-2.59943913511454;-2.25629038166758;-2.22518566828712;-2.55056621215749;-1.8401170058818;-2.52463501443891;-2.20819318136846;-2.06182988281737;-1.94849994160861;-1.69004491863139;-2.3015875290476;-2.78407528521263;-1.25737284761118;-1.95647635499488;-2.03565862639817;-2.42337461690386
4325;-2.35011493611989;-1.9879702289924;-2.23127257556497;-1.97990499355818;-2.08033935400826;-1.63703120894363;-1.96730422994105;-2.34522547962706;-2.69657468830181;-1.21365618007265;-0.920099734588413;-2.72476341062898;-0.756688499618476;-1.28054620724868;-2.59944057427822;-2.24005017924723;-2.21715462119561;-2.53855684138032;-1.81338412557024;-2.51645963371682;-2.22035285544358;-2.04821402366082;-1.94305206652991;-1.68574865707428;-2.29162650629754;-2.82584322857435;-1.21790346490304;-1.96538912258264;-2.03119328754883;-2.38910015952528
4350;-2.33305406520944;-1.97365700974199;-2.19435269555215;-1.96422031154278;-2.06352973519267;-1.6147577021665;-1.93030342400325;-2.32148207703136;-2.66634234481884;-1.20001215225508;-0.915286772451117;-2.69911163845825;-0.729414231555559;-1.28939707619502;-2.58841468920589;-2.21797551985609;-2.20355788614425;-2.51980613158192;-1.78063220434136;-2.50311182535567;-2.22357129313007;-2.0314713200908;-1.93269966756878;-1.67576112744861;-2.27475063631037;-2.85601466393863;-1.17730056585261;-1.97254067549498;-2.02425225071888;-2.35220487345055
4375;-2.31612044022803;-1.95358556784835;-2.15528953168156;-1.94981802820523;-2.04019987232558;-1.59287441076694;-1.89679536207935;-2.2893842314219;-2.62812240593548;-1.18027113784198;-0.902191410192193;-2.66627397829065;-0.695724155543175;-1.29055043803318;-2.56644425818513;-2.19007854139724;-2.18422039851731;-2.49741195416602;-1.74024648642848;-2.48458257553842;-2.2205608319008;-2.01195898891641;-1.91954738764137;-1.65904903965385;-2.25241194474155;-2.87538194077009;-1.13657326831155;-1.97609430919744;-2.01243682209171;-2.31176305204134
4400;-2.29816352052703;-1.92644539511539;-2.11409998619139;-1.93730383047427;-2.00966939937504;-1.56990795034068;-1.85086457462163;-2.25215344199941;-2.58264065061023;-1.15312388796883;-0.881262345562693;-2.62773112193383;-0.65835433003387;-1.28468948238246;-2.53229300797017;-2.15804538660438;-2.16022675373848;-2.46892783663199;-1.69238133166377;-2.46135807310008;-2.20993536146328;-1.98693250302316;-1.89976040492058;-1.63718192230787;-2.22206558479923;-2.87972536962535;-1.09505665821884;-1.97401597934083;-1.99077699976339;-2.2697893969781
4425;-2.27723594833025;-1.89253796853757;-2.0716703872972;-1.92708111512606;-1.97284236171195;-1.54722523042416;-1.7959947192694;-2.21078884839426;-2.52928736780129;-1.120001735302;-0.854205578110656;-2.58692290257095;-0.618677717882883;-1.26924265348388;-2.48640300240994;-2.12042999539042;-2.12850473998381;-2.43290156972079;-1.63584592432757;-2.43575125515534;-2.19248625036724;-1.95499134855626;-1.8729609965078;-1.61033098810731;-2.1882273631669;-2.87034613469222;-1.05294850413305;-1.96442604354071;-1.96817959124828;-2.22660366698015
4450;-2.2520058857143;-1.85028650551175;-2.02996571475126;-1.92008799500657;-1.93344597640803;-1.52370506915545;-1.73679285257251;-2.16584717651007;-2.45441319910156;-1.07979034340143;-0.822530216413366;-2.54001152400273;-0.576235839406468;-1.24513034413355;-2.42740422726238;-2.07914860662434;-2.09065771179909;-2.3960476434046;-1.57220858676949;-2.4075837355283;-2.16676517683383;-1.91581519652136;-1.84252683506189;-1.57737744343691;-2.1492602843819;-2.84728182197924;-1.01109089361777;-1.94713181957365;-1.94561346126025;-2.18331495201051
4475;-2.22324402225382;-1.80215144398387;-1.98874119350033;-1.91411544044517;-1.8926886145424;-1.49892981143073;-1.67750942650233;-2.11916759074324;-2.39498604640767;-1.03424333890356;-0.786018670629402;-2.48595049940738;-0.532082224060097;-1.21308334553329;-2.34823587677216;-2.036185169298;-2.05025554325077;-2.35879094071766;-1.50373770055904;-2.37981170323768;-2.13557891284996;-1.87061043371544;-1.80618142162476;-1.53909542325868;-2.10824850067724;-2.81017066933423;-0.970798958968188;-1.91967285201768;-1.92218465216269;-2.1414142285378
4500;-2.18369070844401;-1.74889873132042;-1.94641180742402;-1.90936650201268;-1.84904476268555;-1.47167851289632;-1.62138269869107;-2.07221216655454;-2.34386665295336;-0.984962552513643;-0.746451926854374;-2.42735002857056;-0.487344703524243;-1.17499133668745;-2.2845507197251;-1.99357566915654;-2.0065784156584;-2.3076236890104;-1.43468786551714;-2.35146659709876;-2.10040953004148;-1.82032548435187;-1.7657494551635;-1.49569095030198;-2.06494890682638;-2.76115285991438;-0.932106642424585;-1.88310885724068;-1.8977826729808;-2.10066487083545
4525;-2.14053165668716;-1.69286347542917;-1.90482363050675;-1.90583996129659;-1.80597599069717;-1.44207375614422;-1.57173274344815;-2.02586609658364;-2.299139159055;-0.932330403282676;-0.705535408430025;-2.36650124552232;-0.442485309349903;-1.13206804329942;-2.24107726759704;-1.95141635834664;-1.96060662662931;-2.24724180830561;-1.36902358449844;-2.3246879124476;-2.06226439709375;-1.7655767278557;-1.72020875198986;-1.44819292150384;-2.02258784338922;-2.70042683028677;-0.894754680320898;-1.82570440454229;-1.87274227230852;-2.06199877308574
4550;-2.11250909278266;-1.63500929537712;-1.86444695673429;-1.90248138759347;-1.76427208456765;-1.41392107691556;-1.52073431812334;-1.98113947934162;-2.25907407367633;-0.876563587023304;-0.663313576202112;-2.30230199878787;-0.401621587293642;-1.08519301247347;-2.21503621985747;-1.91248738872815;-1.91638889572026;-2.18237704202435;-1.31074603389375;-2.29935913673442;-2.02340030593275;-1.70986089893715;-1.67090789593054;-1.39967840754805;-1.9776067325062;-2.63192034815962;-0.860618400163029;-1.76606643442133;-1.84466302946471;-2.02737181440594
4575;-2.09480464991317;-1.57402667262015;-1.82387665267539;-1.89698513068046;-1.72306553550351;-1.38772158567482;-1.49591102100273;-1.94043024277455;-2.22151111024116;-0.818868712120605;-0.623331845541891;-2.23852198628728;-0.361802017264986;-1.0304575079856;-2.20574258169692;-1.87651959709199;-1.87518482586102;-2.11620076956288;-1.26607949096333;-2.27730336404032;-1.98337779804744;-1.64959104861578;-1.61906622107915;-1.3510476359027;-1.93261258819168;-2.55886963428648;-0.828891313586388;-1.72677962502458;-1.81537924266252;-1.99689512285502
4600;-2.08392709597143;-1.51240020528848;-1.7841942857609;-1.89010291659692;-1.6848245987436;-1.36127189722097;-1.49449647762122;-1.90409190694121;-2.18412417758327;-0.763157564900423;-0.587181413893423;-2.17548660509744;-0.326443198574605;-0.978526996073027;-2.20853896420982;-1.84327723844734;-1.8363780894019;-2.0513744789039;-1.24133096031285;-2.2594146850832;-1.94586933338528;-1.59478349000029;-1.56525900202344;-1.30230650821524;-1.88813937003986;-2.48383139267045;-0.798061712314443;-1.69908966320819;-1.78247271162847;-1.9714927140684
4625;-2.0781752437275;-1.45537763363059;-1.74840551717201;-1.87972723221705;-1.65025164720828;-1.33806371050499;-1.51006285466505;-1.872250068645;-2.14383157256744;-0.709801656575516;-0.555192155745391;-2.11142791622863;-0.297561001500188;-0.934667308536858;-2.22274852136918;-1.81512714235616;-1.80086866394598;-1.99439773431662;-1.24053042680116;-2.23519189127593;-1.91200451795631;-1.5484684872506;-1.50931073091923;-1.25701537995814;-1.84769730240651;-2.40875403891809;-0.770956058848021;-1.67758324741849;-1.732968318933;-1.95017635006092
4650;-2.07537625245566;-1.40147270957731;-1.71374349445662;-1.85794268239702;-1.61903406554512;-1.31918587661195;-1.53688934358922;-1.84552343535684;-2.10267114564043;-0.659447600983192;-0.527864647559888;-2.04647118123421;-0.275270719601914;-0.89765936098595;-2.24534158049111;-1.78466850241747;-1.77107527977861;-1.94775174995325;-1.26357342199539;-2.22128547689287;-1.88202918835408;-1.50720836037417;-1.46192834260931;-1.21563216846372;-1.80893524661308;-2.33838587768501;-0.74678760104936;-1.66428972490205;-1.70766480322055;-1.93361879835134
4675;-2.07404144085594;-1.35172875729606;-1.68009818423838;-1.82864935884871;-1.5908152580282;-1.30517907170959;-1.56856575601497;-1.82138923063426;-2.04024776638058;-0.612171309760184;-0.504811140456625;-1.99905194911622;-0.25708508716219;-0.865120127294118;-2.27100690276173;-1.75851599179006;-1.738877458589;-1.91434350936705;-1.31113642830031;-2.22111062812809;-1.85593984928638;-1.46839062256817;-1.41838962754888;-1.17883944798903;-1.77329477892384;-2.27324602101705;-0.724100671095336;-1.65382373147718;-1.70561402882962;-1.92030207190513
4700;-2.07277439371791;-1.3075281572322;-1.64810752351755;-1.80174789695797;-1.56558746233408;-1.28936488077189;-1.59933517995451;-1.79427268753804;-1.99095072291934;-0.567095466557143;-0.487016647765515;-1.96379190831284;-0.247713967211096;-0.837172427793036;-2.29632688591655;-1.74899923317729;-1.70191618118251;-1.88564800998512;-1.3810148074887;-2.22787556692263;-1.83748667859669;-1.43352498844366;-1.38033095189092;-1.14587584526935;-1.74282243903245;-2.2165050728214;-0.701143582031107;-1.64589368578967;-1.71696869837274;-1.90251795258566
4725;-2.06989336208712;-1.26885791401169;-1.61909299554467;-1.7722094847623;-1.52969456469183;-1.27098592571297;-1.62302739108274;-1.78176661532418;-1.95975076310524;-0.520445845417228;-0.46947647572467;-1.93954600519605;-0.238626156907226;-0.81193876488355;-2.31887458387577;-1.74860287774627;-1.69745542972538;-1.85561622372905;-1.46680886925112;-2.23542563885729;-1.81329824504849;-1.4011615350246;-1.34521378302971;-1.11834154201942;-1.7186556921717;-2.16805138483662;-0.677575293300739;-1.63888298875008;-1.735979971245;-1.89726920698289
4750;-2.06386322642595;-1.23676392532252;-1.59205822658315;-1.73845621210224;-1.50850714306017;-1.27397385317764;-1.63650694282135;-1.78209759498402;-1.94278960290636;-0.473461136107891;-0.454650261386854;-1.92303340157798;-0.223080236151596;-0.787854940307747;-2.3335259733188;-1.75069784284669;-1.71212241532834;-1.8270464137897;-1.56317059641111;-2.23861358578249;-1.79450362264606;-1.36997404003571;-1.31376669376849;-1.09559098355291;-1.69190472780693;-2.12665503192533;-0.652981000819836;-1.63057394686283;-1.75789287830368;-1.89882511136376
4775;-2.05242733013946;-1.20586945212962;-1.56674272046814;-1.69803090643698;-1.4965962965097;-1.28734401137727;-1.62350380013751;-1.78659483738987;-1.93114112503856;-0.422781125890658;-0.452052461256859;-1.91092687848674;-0.237238232542162;-0.764729650596159;-2.33048320882813;-1.7547531345538;-1.73944791266958;-1.8010171734979;-1.65661965245248;-2.23323286164244;-1.7895459129401;-1.34153008982441;-1.28467453874947;-1.07710651120396;-1.66452374586689;-2.09473419668928;-0.626221468794418;-1.62059474867755;-1.77553933922529;-1.90488139004855
4800;-2.03320596405352;-1.18599664069097;-1.54262441066784;-1.64838510224116;-1.48860597539046;-1.30695244159645;-1.59541303170556;-1.79014672485814;-1.92410579897435;-0.358674152790245;-0.456151759132663;-1.90016427198425;-0.272733613980401;-0.739923387464826;-2.32506684517546;-1.75746085055311;-1.76947855437395;-1.77808809840161;-1.73224492273349;-2.21895742910617;-1.79962082421562;-1.31200595532824;-1.25735330524968;-1.05338458744467;-1.63741530554877;-2.07302679896567;-0.598655975680433;-1.60809031446414;-1.78646209486806;-1.91184818395848
4825;-2.01289738783405;-1.17527143973493;-1.52044691085076;-1.59010927986663;-1.4817913588765;-1.32791849744999;-1.58466768292501;-1.79149953497623;-1.91822862691646;-0.317467992114994;-0.464311436398734;-1.89059491074449;-0.321098683427023;-0.713213828874854;-2.31261445753456;-1.75300192658073;-1.79730403798364;-1.75917063289786;-1.80685941942377;-2.19536020887068;-1.81495778145577;-1.27726342073038;-1.23089161977491;-1.0394995175865;-1.61053603320776;-2.0603916554014;-0.570872962512821;-1.58919860117076;-1.78421760406488;-1.91437654610551
4850;-1.99075420288507;-1.16537645862988;-1.49829244524295;-1.52505696536002;-1.47304772142379;-1.34686323100888;-1.58225453179485;-1.78844834894247;-1.91052780906683;-0.299683423015602;-0.4737456028788;-1.87957805347356;-0.372420328823922;-0.672285179295435;-2.29189503984666;-1.73907154071037;-1.81825990563371;-1.74373200682634;-1.87188842284365;-2.16049162904932;-1.83008087961333;-1.25589080172235;-1.20210054232551;-1.03933008144584;-1.58293616689307;-2.04387135722107;-0.544340127893949;-1.56608443355729;-1.77030883324839;-1.90990508809089
4875;-1.9667092691329;-1.1555824008712;-1.47782133383924;-1.45552336204106;-1.4615787956212;-1.35974960531297;-1.58113337449228;-1.77814339174088;-1.89660341745597;-0.300024937930654;-0.479981542430909;-1.86495087217814;-0.423991232108208;-0.640442779685851;-2.257879645839;-1.71249930584469;-1.82826808669489;-1.73176858377253;-1.9196634548518;-2.11265758629146;-1.84156489529382;-1.24188689066879;-1.17208843053915;-1.04468133817948;-1.55217024277099;-2.03818599024255;-0.518563528729494;-1.53361109387416;-1.74363546191972;-1.89788764574704
4900;-1.94131606996222;-1.14571619797343;-1.45738012328608;-1.38701321685647;-1.44320777125351;-1.3651005371265;-1.57887812550303;-1.75879760498408;-1.87624160167866;-0.319665012388161;-0.477378845651847;-1.84777876749568;-0.467562445927921;-0.623284844072739;-2.20927623941524;-1.67308887345604;-1.82420531089944;-1.72187823197325;-1.94548415668743;-2.05310777085718;-1.84617445250578;-1.23267012954766;-1.13637275377019;-1.05326729611188;-1.51990629351257;-2.05099498676585;-0.493247798203879;-1.49461344660618;-1.70447447817657;-1.87807874024517
4925;-1.90977526844421;-1.13295696571659;-1.43597917087613;-1.32093266168397;-1.41722327409999;-1.36193714403822;-1.57120553155096;-1.73224426855016;-1.85047394256035;-0.336918715465685;-0.46612925342459;-1.82199148849486;-0.498887941949959;-0.61359983405769;-2.14847677150627;-1.62044255418697;-1.8045071878409;-1.71183034194287;-1.94201652677414;-1.98399202973406;-1.84255585116955;-1.22470320705818;-1.08566154062499;-1.0600466308518;-1.48528492456298;-2.07186876920256;-0.470154586635588;-1.44855902661276;-1.65558912382868;-1.85004454604916
4950;-1.8720503714836;-1.11375985590347;-1.41431239424542;-1.26373864421908;-1.38336198023777;-1.34757692426788;-1.55725243807317;-1.69523847794084;-1.8166020613163;-0.351006510449019;-0.44694183870252;-1.78561826385766;-0.516627974105603;-0.608984898398456;-2.07395710320713;-1.55734422813069;-1.76881264046293;-1.7076117011926;-1.9084527314531;-1.910475147234;-1.82529061295107;-1.21890430947311;-1.05237138588157;-1.06126730311148;-1.43631682831291;-2.09283718639109;-0.451612482396143;-1.39473362641859;-1.5979363592286;-1.81395896978413
4975;-1.82949491373049;-1.08773179282199;-1.39266549434899;-1.20010778474395;-1.34314866735848;-1.32154831527495;-1.53662917371575;-1.6497477285791;-1.77637910229251;-0.363041615164797;-0.418809914977868;-1.75603090689921;-0.520053127579726;-0.605299415522953;-1.99096466303605;-1.47085200823053;-1.71886532259054;-1.70895175087472;-1.84512917248837;-1.83584725295509;-1.7962262867842;-1.21153187693097;-1.03308403041274;-1.05690166250394;-1.39600438129376;-2.11108290045381;-0.438670638977395;-1.33780565828457;-1.53508972612685;-1.77050045523849
5000;-1.78462420600857;-1.05660154644766;-1.37037270983157;-1.13488600178061;-1.29666112240098;-1.28541205386069;-1.50901785842216;-1.59889932525279;-1.73050518563127;-0.370681929599883;-0.384241212022103;-1.72851931464152;-0.507721919718008;-0.602087006397838;-1.90396436917547;-1.38851135240195;-1.6568362645553;-1.70979362390309;-1.75444761993541;-1.75711229455686;-1.756558937064;-1.20078124220027;-1.02295407357781;-1.04529950195255;-1.36929998619151;-2.11766566652832;-0.432183025701257;-1.27752229516088;-1.465649060211;-1.72030713957842
5025;-1.73675940710272;-1.02091034383557;-1.34782762937098;-1.06989217081622;-1.24657923785312;-1.239126794128;-1.4758480204096;-1.5433329094902;-1.68257669340068;-0.374074497991007;-0.342927731776132;-1.70142690170289;-0.476497558524741;-0.597043683589071;-1.81617326275152;-1.32183893663043;-1.5841246461839;-1.70702119365928;-1.64102177166706;-1.67662371276728;-1.70751155219415;-1.18571043145305;-1.0170493259917;-1.02564506157385;-1.35086544727284;-2.11308481546635;-0.43395886406341;-1.21499552821012;-1.39063546776433;-1.6649627661451
5050;-1.68992038122238;-0.981897077405618;-1.32554512467354;-1.00593630579874;-1.19434159098753;-1.18848011865199;-1.43499260773705;-1.48336483989598;-1.63316312928356;-0.373353684789838;-0.296598896858198;-1.6719248895592;-0.430244727928987;-0.589186943718827;-1.7346657624654;-1.26624940187829;-1.50393063669118;-1.70102130501057;-1.5116887815942;-1.59660286497727;-1.64952197321982;-1.16444670264081;-1.01409918014585;-0.996617544858837;-1.33933180945745;-2.0938862916908;-0.442277913671077;-1.15410596581501;-1.31163592985589;-1.6058071753408
5075;-1.64670662106052;-0.937650575019496;-1.30376891915812;-0.943892360729101;-1.1396593695273;-1.13314774297171;-1.39067316003592;-1.42033494999674;-1.58431074928667;-0.366333847585257;-0.245772424145991;-1.64031830524246;-0.374271720678619;-0.578004023963727;-1.66477336716795;-1.22035756383376;-1.41985442485591;-1.68930516237325;-1.37594376454971;-1.51897094221537;-1.58387479486075;-1.13581303985213;-1.01111145463329;-0.959115850256845;-1.33459923548927;-2.05985419387749;-0.456109326402011;-1.09494435333693;-1.23065204962912;-1.54441779363885
5100;-1.61117515098206;-0.89336837740698;-1.28217096104868;-0.884293607249437;-1.08473423017497;-1.07415374167369;-1.34716025217067;-1.35656092761936;-1.53532228613772;-0.340403897377083;-0.191305347884152;-1.6086114863701;-0.30961222865451;-0.564375050209457;-1.60811659460709;-1.18158286493789;-1.33381598821659;-1.6687027870469;-1.24072649602864;-1.44573365249799;-1.51156233289475;-1.10063791327112;-1.00823309111762;-0.914951991207459;-1.33457945110364;-2.01182232252853;-0.472561066233761;-1.04306315937326;-1.14588497507518;-1.4808172816364
5125;-1.58547207391538;-0.847692758461736;-1.25697434267982;-0.828226692002383;-1.02820032923714;-1.01251180585353;-1.31004764154458;-1.29402437423263;-1.48493925339871;-0.326879315917364;-0.134899843374694;-1.5762966760112;-0.238780741142258;-0.547051423064854;-1.56426201987261;-1.1483725405469;-1.24717538711935;-1.64034229857879;-1.11079346324904;-1.37864363275516;-1.43547939155908;-1.06085073638629;-1.00202048048475;-0.86423038625005;-1.34683573954969;-1.95309788363741;-0.490833965918584;-0.998890149992574;-1.05273157690562;-1.4191644748419
5150;-1.56805759096927;-0.801851211229266;-1.23842821295443;-0.777383948240539;-0.971556506953281;-0.949230442835067;-1.28736907065476;-1.23462971468877;-1.43416636146749;-0.321440104589818;-0.0780834366011759;-1.5456002002396;-0.162888467998474;-0.528596631860155;-1.53050766995479;-1.12043126059059;-1.16270931087739;-1.6070279143679;-0.990740053030994;-1.31914452429324;-1.36300336189568;-1.01878804346172;-0.992828872416108;-0.808341879010233;-1.34966587896734;-1.88408155458831;-0.508629552852261;-0.961766956732245;-0.984131228452932;-1.36147014117364
5175;-1.55736870274552;-0.760150823960108;-1.22492546720362;-0.731587815177619;-0.917934174400764;-0.888124092427108;-1.25742197043178;-1.17780045232484;-1.37891825273047;-0.318634326384765;-0.0219372731330697;-1.51662299436143;-0.0847968285417182;-0.509207594955216;-1.50204233925528;-1.09746239211766;-1.08399484174558;-1.5693141498685;-0.885030547945335;-1.26372306744545;-1.2933883339704;-0.9753337621418;-0.983281550400268;-0.749127775062584;-1.34475276587242;-1.80740336883942;-0.522456119932527;-0.940314364265559;-0.937208641296554;-1.3083872324213
5200;-1.55071304900494;-0.72547180047813;-1.21342713565328;-0.692121095755441;-0.865388016111561;-0.831118159184116;-1.21737809267014;-1.12484243729382;-1.31653764707486;-0.314472635526056;0.0321145416760001;-1.4918827401115;-0.00851527206311742;-0.489778207460339;-1.4744072390295;-1.07783130181208;-1.0133283924151;-1.52715019034708;-0.794996051096406;-1.22259214885382;-1.22857631407732;-0.930136910834308;-0.969464604772119;-0.688163821495516;-1.33347947874257;-1.72181126055427;-0.530557253720112;-0.93261989658583;-0.908682055031792;-1.25997674715208
5225;-1.544415930647;-0.684452514150252;-1.20398017763882;-0.659140620015971;-0.815786481882305;-0.782495855538991;-1.1734444051115;-1.07838548807588;-1.24473584825873;-0.306329825919486;0.0829314710111509;-1.4707016764451;0.0647688469726719;-0.47017428989937;-1.43999262370682;-1.06156509855401;-0.95224584161238;-1.48559154300768;-0.719718964553835;-1.19509304250667;-1.16860088537889;-0.882700030709004;-0.954234176226457;-0.625741542594928;-1.31907359766447;-1.62927278783793;-0.530581551600855;-0.933645771620933;-0.90626786894157;-1.21622851749372
5250;-1.53417008486686;-0.640546540005807;-1.19588867516754;-0.632307917903536;-0.771025276649906;-0.741634880005976;-1.12311563621032;-1.0383560600001;-1.17494477275492;-0.291995046851897;0.128975671783099;-1.44933589810648;0.131211064743129;-0.44897936338462;-1.38948414018631;-1.04756679995306;-0.901769529346415;-1.44820555604554;-0.658123357359072;-1.179478417519;-1.11500152018038;-0.834667719414004;-0.937468642190315;-0.569675524639923;-1.30284160396491;-1.53284908694597;-0.522686877454156;-0.937687515434672;-0.92175400299192;-1.17719315520907
5275;-1.51312238718414;-0.596631500531066;-1.18713979188051;-0.613107826528591;-0.731152316234473;-0.712520328381503;-1.06631038206751;-1.00447675882235;-1.12524459658794;-0.272020931137357;0.169040498418995;-1.43046350005701;0.189201576594426;-0.4259530320665;-1.33498146126444;-1.03565551176292;-0.862364908934578;-1.40515030575283;-0.608131338352176;-1.17251774839249;-1.06920461126544;-0.788470178295652;-0.919789892755117;-0.519757277395069;-1.28570705656673;-1.43592914797496;-0.50580690850824;-0.937971295816436;-0.951504997048836;-1.14344414084242
5300;-1.46887755320954;-0.555411122796801;-1.17755347759575;-0.600676439441708;-0.698568755090351;-0.694635576063678;-1.00074072466272;-0.977691156414894;-1.08530445138633;-0.244449529420786;0.203006409395074;-1.41416439994026;0.235881151409396;-0.399653474653816;-1.29789472162557;-1.0234024434967;-0.833963058872351;-1.35166786326552;-0.566923464217375;-1.17281376063889;-1.03191936793365;-0.743796465879807;-0.897554421350739;-0.476223265447369;-1.26873483349898;-1.34000925641661;-0.476394435038812;-0.927368275440752;-0.988699802192148;-1.10869303229385
5325;-1.44851337508121;-0.519259233988266;-1.166898818833;-0.592226860071433;-0.674338511053537;-0.690297074145413;-0.925004818250935;-0.957302645040185;-1.05886083904876;-0.210488578310602;0.231083964059224;-1.39863384462357;0.271188351338623;-0.368861263839035;-1.26746086464955;-1.0093236101172;-0.81584101292265;-1.29328814961478;-0.531874874762388;-1.17705134709324;-1.00460702700864;-0.698970657043684;-0.871286442853462;-0.441093153525778;-1.25000188376273;-1.23722831555841;-0.437019417103084;-0.897798639348827;-1.02595120737681;-1.07724844112385
5350;-1.44086704944633;-0.490054369314723;-1.15360460794567;-0.589613501948952;-0.657695303597363;-0.697963383141071;-0.851743952070504;-0.942166865049735;-1.04333341822317;-0.172989845660669;0.252373529970046;-1.38230910964793;0.29424197084514;-0.331488503550231;-1.24449264999444;-0.992085776723479;-0.80550482882838;-1.23229532965645;-0.501742986948083;-1.1798052352632;-0.985258423926853;-0.652326246299039;-0.841629460268121;-0.413574852599939;-1.2309807625178;-1.16187868853023;-0.389149611371485;-0.887337832504538;-1.05582769793871;-1.06732171721064
5375;-1.44179515854671;-0.463250162667083;-1.13542091602262;-0.588528822036042;-0.648171060191052;-0.715984061577753;-0.801415921253134;-0.932260332743403;-1.03653410031626;-0.133578578065355;0.267930602645868;-1.36278735427003;0.30513203651188;-0.288573858676962;-1.2421925965715;-0.968479291103634;-0.795984889085068;-1.17215046267283;-0.476421265184652;-1.17815118855633;-0.97522699729692;-0.604136948084558;-0.80805789649526;-0.395169087824873;-1.22139652641363;-1.11342118310877;-0.329920414043134;-0.876626286076442;-1.06691707718585;-1.07405745815146
5400;-1.44965063009282;-0.437237742261142;-1.12088844679488;-0.585619947339757;-0.645737415188386;-0.739555989060564;-0.76844763527144;-0.924619392489641;-1.03230264281493;-0.0934935348576688;0.278884502442833;-1.33619295816115;0.306700419874655;-0.256098663680248;-1.2481667684847;-0.936004914488297;-0.796805209066178;-1.11601013862881;-0.45638133906575;-1.16777679293557;-0.971289482343375;-0.567432835641866;-0.769576594069336;-0.385656369303226;-1.21514981176513;-1.08728115254765;-0.259869442369134;-0.863316542761008;-1.04619010957784;-1.09208377236751
5425;-1.46152540961755;-0.437509410257562;-1.10887060963761;-0.576701015602596;-0.649147787015943;-0.767713312735142;-0.753141351108765;-0.915986077087557;-1.02534506489804;-0.0562502935321802;0.287766914227787;-1.30008464787905;0.301237268928973;-0.229602056378105;-1.24937181129316;-0.893017180158266;-0.798140872510717;-1.06798865565931;-0.44283867948079;-1.14700097513339;-0.971567048312314;-0.532844881491169;-0.733717243726127;-0.383208025465526;-1.20966111235531;-1.08238428638251;-0.207258847465772;-0.848088719498393;-1.0109837145423;-1.11664247269646
5450;-1.47487176666066;-0.455474434202483;-1.09654416590906;-0.555231002875924;-0.653760496723341;-0.794292292570596;-0.753247392631314;-0.904273471975854;-1.00968154936423;-0.0210406977243628;0.295791084909072;-1.26401514316241;0.291576543712473;-0.209276813512713;-1.2504080269165;-0.836372512057649;-0.79204551244687;-1.03125668382756;-0.436719095201235;-1.1381558247122;-0.973859909218954;-0.488424321241534;-0.701573962325088;-0.387195764830379;-1.20708499764415;-1.09285673731871;-0.168947111913392;-0.830289813274403;-0.984297382892777;-1.14248077121536
5475;-1.4871354735316;-0.483514829454273;-1.08368625896696;-0.544203909363403;-0.657687204135365;-0.813938134464453;-0.764934839924423;-0.884872004229255;-0.978712898367913;0.0142727020369199;0.304165838683223;-1.23500752242357;0.285572458244901;-0.197162841972291;-1.25333205327251;-0.785178115388081;-0.765788504102719;-1.02430415761625;-0.438763153593622;-1.12938969351814;-0.973709767110134;-0.467097763987921;-0.671377999818376;-0.395929794207044;-1.20817296932853;-1.11636201086468;-0.143560997575648;-0.810738719180548;-0.952153598757121;-1.16212262767606
5500;-1.49630244696385;-0.515385643769725;-1.06987577604931;-0.535389931035874;-0.655699189588052;-0.820776839994889;-0.781896648924734;-0.866015217698596;-0.971742085095473;0.0535585019623298;0.318497900523072;-1.20780743112085;0.290030107760764;-0.190306581198479;-1.25866835042797;-0.739630508128325;-0.754214276282975;-1.00936608240738;-0.449478977537156;-1.11900070379504;-0.964297880855442;-0.477072032015399;-0.644183390680565;-0.406513319248175;-1.21245461225351;-1.14587555755433;-0.129731881243937;-0.79054068117916;-0.911995910873706;-1.17924904739306
5525;-1.50040656007707;-0.547394151172906;-1.05448674213117;-0.524909307728275;-0.648679029342814;-0.831294118345179;-0.795119278183046;-0.858415852980023;-0.967006032896979;0.101268482852669;0.342670136135971;-1.18462816652553;0.315161593812532;-0.188818674515105;-1.26526660490772;-0.697338853745285;-0.755672254950502;-0.98289280246705;-0.464497678096675;-1.10827697153105;-0.941145075094199;-0.515885024443336;-0.623131849731504;-0.41605875893564;-1.21902481865784;-1.17826560467048;-0.125804442661833;-0.769399484888188;-0.86849212265245;-1.20374906539466
5550;-1.49775086999857;-0.575580294279893;-1.03737106717162;-0.513870864246824;-0.65182498271746;-0.846496904478575;-0.794152305539563;-0.852189055570491;-0.965997044206931;0.163222599834648;0.362008360903907;-1.16571062285645;0.341027994809651;-0.18976939686117;-1.26330464936383;-0.661802064700157;-0.758334824923773;-0.951479122716544;-0.478456811186505;-1.09567235641028;-0.928890565221045;-0.572525227412844;-0.610421321304031;-0.419747403224161;-1.21945114065753;-1.20781211804784;-0.128599772658248;-0.748825913746144;-0.819717784827418;-1.22596103902865
5575;-1.48721667657147;-0.600355590311608;-1.01942755972651;-0.502579030860911;-0.655930455119005;-0.858182831646148;-0.771202283145125;-0.846053678954678;-0.965671241596254;0.244789379612513;0.375607057241524;-1.15150140854268;0.346197058968659;-0.189129288015845;-1.26034960813347;-0.638228826265593;-0.763417997095869;-0.919830490643781;-0.484452009706451;-1.07975748357765;-0.919415489438172;-0.638342372652247;-0.603783564259932;-0.415251566697787;-1.22390321109869;-1.22902157472046;-0.136157890987706;-0.728471043693083;-0.767746067001771;-1.24644277029762
5600;-1.47265024400534;-0.625721431071491;-1.00000699998632;-0.491518874493538;-0.658635244591555;-0.866447172395264;-0.759567725077844;-0.841152816572179;-0.969411702567206;0.332152675475676;0.387291561769404;-1.1419483208104;0.349566477129907;-0.182115532707821;-1.28883541022036;-0.626347333444535;-0.768777550525221;-0.892196388710951;-0.490270233025559;-1.0645042512319;-0.912343268450241;-0.703675639659497;-0.600586281220369;-0.40194222631245;-1.22913093271089;-1.2360618187697;-0.147208444026294;-0.708416674338529;-0.716251168648158;-1.2606397554584
5625;-1.45494377516988;-0.643762745911172;-0.979579096688465;-0.481571604422809;-0.659352303859047;-0.867292332184651;-0.759749245319666;-0.835316467230107;-0.974696856540072;0.39523648170103;0.396342595382666;-1.13687754018082;0.350567449305079;-0.16386327512381;-1.33165528246607;-0.624042696123248;-0.774242853723428;-0.871391028904588;-0.507241526233698;-1.0492600859013;-0.905930958371357;-0.774093280027074;-0.597109326703981;-0.397902911280475;-1.23333289327288;-1.22499382119023;-0.158208632031744;-0.688532442002051;-0.663553565218832;-1.26515258728387
5650;-1.43421702837532;-0.653240355141475;-0.959841559203922;-0.470808344951921;-0.65631130071777;-0.865682705736897;-0.757525794290623;-0.829703770298778;-0.977945236136187;0.446584751253497;0.403940028508613;-1.13352655062097;0.350993366742431;-0.135061660610625;-1.38346953140259;-0.629421396562423;-0.777057060671521;-0.859136747175942;-0.525343012559646;-1.03337189963419;-0.90036870829679;-0.852256890032502;-0.588678329249502;-0.394135005310131;-1.23444532841266;-1.19165130617957;-0.167218673130085;-0.670646146275969;-0.615324590344968;-1.26322833938416
5675;-1.41115665524905;-0.655064282355552;-0.942211898875134;-0.459738804953941;-0.64867206805874;-0.860214247401255;-0.753560525557776;-0.822049233741048;-0.979423249817439;0.479440688872428;0.41116450506146;-1.12965317933832;0.348693799486023;-0.118122581758416;-1.43734871578674;-0.639548173490053;-0.778587693310694;-0.855978204826555;-0.545043192986284;-1.0171224521663;-0.89621936042519;-0.925379072269653;-0.569770464551427;-0.389458318108318;-1.22956864413131;-1.16123276907228;-0.17062707944812;-0.653246383375982;-0.571917923271258;-1.25446506704512
5700;-1.38548240503491;-0.649480904660607;-0.926149164886446;-0.447990306679896;-0.638042332422055;-0.851557763046386;-0.750595160520369;-0.813964355509011;-0.981253623911314;0.506178677565161;0.418495149425708;-1.12307669488526;0.347463283287058;-0.102062640590717;-1.48975041472028;-0.649536260302674;-0.778641240910018;-0.860842227585186;-0.565718507606161;-1.00222713690571;-0.894765394245441;-0.991791310289768;-0.534794350690684;-0.383348015259197;-1.21478629155197;-1.12531016885512;-0.167146087296541;-0.637498167177193;-0.538035604033787;-1.23859650714286
5725;-1.35666652615594;-0.636220696140019;-0.913188077722639;-0.434636288445477;-0.623123786711194;-0.840657333442799;-0.746759400223936;-0.80509875759666;-0.982278611833858;0.528820751076022;0.426531701892929;-1.10930379990707;0.346254841580582;-0.087150888263408;-1.53634702778218;-0.653143799730192;-0.775044731096217;-0.871394492678872;-0.584087708032719;-0.988235088884395;-0.895525707961182;-1.04970657473794;-0.493395130140254;-0.376407130792461;-1.1859948011366;-1.08226547223938;-0.155650584226988;-0.622400550664516;-0.514772453822519;-1.21534723425027
5750;-1.32695054756653;-0.614202021035481;-0.90213870958492;-0.42295044215991;-0.605517439342763;-0.826479995740864;-0.740892376026387;-0.794467831564724;-0.977869004732091;0.544250993607263;0.433628627714909;-1.09890351871311;0.346249728645855;-0.0729218255805591;-1.57376633973054;-0.643699818141834;-0.767156947805898;-0.888982966081038;-0.601947574894702;-0.976337847928284;-0.899084747848448;-1.09836932384586;-0.465579797366979;-0.36935282799598;-1.13854925396338;-1.03335994575619;-0.137480441378374;-0.61301607245033;-0.502837282902673;-1.1867692353911
5775;-1.29739930615196;-0.583554945591204;-0.893346481690274;-0.412603089875599;-0.58306409675314;-0.810766389968017;-0.734072022168882;-0.781940819237904;-0.96955745701807;0.552220412973707;0.44111617198074;-1.0933306881779;0.347664585589234;-0.0583780733401605;-1.59968474842901;-0.61885311941822;-0.756822058776187;-0.908637387015574;-0.616406353519539;-0.966606912331242;-0.905731452776997;-1.1330907681811;-0.446358451655679;-0.360981369939931;-1.1051934634248;-0.97903320435402;-0.112958877970022;-0.607928334906176;-0.50195934889496;-1.15389027514814
5800;-1.26702873002397;-0.545921486760245;-0.887353568391007;-0.401234148220744;-0.558773344129954;-0.795994044866458;-0.725095232862712;-0.768972306950388;-0.958389895332736;0.556769180506782;0.448808924369511;-1.08996805332806;0.351144589515708;-0.0452235884624268;-1.61332725841833;-0.611054410188761;-0.743380031851128;-0.926759011266492;-0.628994542645998;-0.959834890430345;-0.915927196826764;-1.15348652477459;-0.433041111581668;-0.354088534566725;-1.07096991030607;-0.921074202640097;-0.0834234575328612;-0.605209615368907;-0.507290226640575;-1.11755863145131
5825;-1.23887094999161;-0.502002837375553;-0.8825053884543;-0.389728496176356;-0.533941461725137;-0.783282182914346;-0.714982438214795;-0.75386796880244;-0.944210678601511;0.56100974293147;0.456847234710828;-1.08795008865787;0.353692478967471;-0.0328215166588062;-1.61250990416393;-0.604800821446246;-0.725183979980532;-0.941744346826778;-0.639283836264233;-0.953895926468376;-0.929110321741209;-1.15916174017555;-0.423105916004719;-0.348329228741466;-1.03773381569062;-0.862803196270804;-0.0497468898223104;-0.608304353851501;-0.515781151535734;-1.08002530974406
5850;-1.2139640265691;-0.455750094845046;-0.877865605776754;-0.377354188542538;-0.511043337437066;-0.772952266524495;-0.701950969630885;-0.737239473611527;-0.927032232131;0.570977866332739;0.464310108271752;-1.08488443587507;0.359190620281703;-0.0201481125653302;-1.59700793719049;-0.599241397906167;-0.703330029699276;-0.951745657278044;-0.647129469664319;-0.949874722707607;-0.942576044576363;-1.1509041042669;-0.41722747118812;-0.342532841661259;-1.01008339350384;-0.806831810797727;-0.0141319190209402;-0.614381290767669;-0.523395715871622;-1.04207151309707
5875;-1.19409438024691;-0.407365379322941;-0.871749155292665;-0.364798661819982;-0.489602018701894;-0.764842562646956;-0.685251208269808;-0.719116777893042;-0.909502653158215;0.593182595284729;0.472724611867133;-1.08181662719818;0.364505921848676;-0.0087513206937784;-1.56968841815753;-0.593635720540278;-0.680089374735842;-0.954986274373171;-0.651600531793817;-0.946126782979284;-0.955759967439189;-1.12778972068595;-0.417320119438927;-0.336825042457326;-0.991510043690738;-0.757810027802126;0.0214845400986054;-0.623623187792571;-0.521968822897369;-1.00719146704638
5900;-1.17867432020259;-0.362962221105767;-0.862621098064951;-0.351650138480699;-0.469036381118069;-0.75877239492904;-0.668567165295225;-0.701850524243503;-0.892886522186228;0.617859703267179;0.48165907725726;-1.07937709125454;0.369226005609928;0.00234948332243998;-1.53102114289743;-0.587263714677426;-0.653425471451551;-0.952191323486;-0.653671631151443;-0.940902136468977;-0.970314740436475;-1.09112378288915;-0.418559129444976;-0.330894269847219;-0.983974208288509;-0.720615340054825;0.0555759817798579;-0.633040949356378;-0.502589518111896;-0.976639899444819
5925;-1.16453005222369;-0.323207790033091;-0.855771320193439;-0.33944956975061;-0.448885511037528;-0.752579630392781;-0.653019471998289;-0.686160513058995;-0.875737263169436;0.626265355872441;0.490922903692897;-1.07643622854194;0.373669998452316;0.0131479082776922;-1.48151951585191;-0.579931378841428;-0.62529327875;-0.941997292970625;-0.651636700912361;-0.933628229073483;-0.98805884839087;-1.04165919037508;-0.420447028274182;-0.32572642205895;-0.986094081916084;-0.697845378772238;0.0888012371091808;-0.641807977345419;-0.481747952471432;-0.953484200225658
5950;-1.15993535199766;-0.296232949713973;-0.853756950504127;-0.326409358110792;-0.430877059504872;-0.74650862272838;-0.638238060343192;-0.671755496917875;-0.859168386630366;0.633867619974602;0.501361737007895;-1.0725283754113;0.379913918135596;0.0233815668063251;-1.42212780773294;-0.57210342885096;-0.597110868641495;-0.926403136374729;-0.646182029056324;-0.92194794248982;-1.00974874527461;-0.984621005767026;-0.422157878192598;-0.320626808467697;-0.980085969092024;-0.688136691707802;0.116261454511348;-0.647053448819786;-0.472466626655396;-0.938927610505961
5975;-1.16400431271527;-0.285215917517127;-0.853693333694075;-0.311315949476972;-0.414231169891373;-0.739245893377114;-0.623902665763223;-0.656789075603139;-0.843631288886758;0.640119811594701;0.51551849818554;-1.06590048966265;0.386681200337676;0.0325103360700782;-1.35436900357996;-0.563669630908704;-0.571388926918618;-0.904237814955138;-0.63805885620602;-0.906670661569612;-1.03214428741611;-0.924841195003515;-0.42174939116597;-0.314049729608204;-0.9756850578608;-0.689665436578589;0.135690889418357;-0.660271171679292;-0.462250646473181;-0.932663750113401
6000;-1.16788237230495;-0.277818163526836;-0.854581437484222;-0.294909910588784;-0.398328450805613;-0.732186120798659;-0.610564032089449;-0.644229123363845;-0.828817945471542;0.646995241892448;0.525104489774162;-1.05726330604165;0.395281091736285;0.0382634949042564;-1.28184372158414;-0.554327503840461;-0.549462683946235;-0.875536449164769;-0.627100870106532;-0.896050825406113;-1.05531161708266;-0.863209303905673;-0.415729379483322;-0.305061178468409;-0.971134915709297;-0.700930265858134;0.146348850359434;-0.674232722540609;-0.451109385627838;-0.930105986003622
6025;-1.1666610829194;-0.272430289632062;-0.85643088335254;-0.277738723601775;-0.384093747464975;-0.725285474253723;-0.598390818157013;-0.635278717321034;-0.814396308102913;0.65263279180537;0.531205027679256;-1.04533413811124;0.406898386330326;0.0419234483528452;-1.20617025032385;-0.545913645195982;-0.531489723460339;-0.841373339929347;-0.613646450950719;-0.88436546408558;-1.07551829328852;-0.805614234606796;-0.409392532441569;-0.294433296867456;-0.964767569296613;-0.719493697802526;0.148216421448323;-0.686924533160457;-0.439897115180005;-0.927522083562312
6050;-1.15825593602107;-0.272157685927508;-0.858698055332012;-0.258469742144839;-0.369349588495247;-0.714951829037169;-0.586864844423652;-0.629225290954746;-0.800225258517031;0.657357586302612;0.533963533286234;-1.03180537886369;0.41934339514764;0.0440212589742952;-1.13063402892213;-0.538171499003316;-0.518721986741626;-0.802603443133177;-0.598316748461923;-0.872670937748253;-1.09449678155723;-0.760020478094985;-0.40140972537183;-0.285120923235091;-0.956224059033719;-0.740115808647118;0.141184394545991;-0.698311714610015;-0.428622804032183;-0.921138718655273
6075;-1.13863159352725;-0.273708391859248;-0.860064278861756;-0.239385793070343;-0.354264423967023;-0.704361632858527;-0.57684264702405;-0.62650923403303;-0.785206472714955;0.661652367331688;0.53438741574401;-1.01770009449036;0.434536634950741;0.0446253561690679;-1.05911864144773;-0.532115805911181;-0.50879150727022;-0.763776316671531;-0.58293288693533;-0.859863411227464;-1.11189563774705;-0.728935126060318;-0.390371014062195;-0.273535440693444;-0.943860003981179;-0.75698565113638;0.128423860570188;-0.709136014830328;-0.417443355109876;-0.904513721897527
6100;-1.11568591952018;-0.274518020966129;-0.858837297613959;-0.21948243456505;-0.33931081641004;-0.690144233490803;-0.56765276756287;-0.628515514991023;-0.769223630220525;0.66723515519584;0.534729430027933;-1.0043437821788;0.45220138920343;0.0455733893700283;-0.995420105103039;-0.527463579806016;-0.499588811124674;-0.72353572786579;-0.566288359667499;-0.847758620438707;-1.12749036814885;-0.71205910692296;-0.373446961325316;-0.262038105606458;-0.926643996778653;-0.762598453576324;0.112244163090948;-0.717827722709744;-0.408428770130947;-0.872052330234237
6125;-1.09794617170457;-0.269970879880946;-0.853448377092147;-0.200459254403428;-0.324596862144283;-0.675816907474683;-0.556687990605471;-0.634708647629484;-0.753436068808445;0.672264653968492;0.534271914387047;-0.990796463366492;0.472399397022107;0.046146232582358;-0.947001954070665;-0.526192018277385;-0.489098144515725;-0.683396070310436;-0.549249323880627;-0.834947265138015;-1.13944853855709;-0.70722021130356;-0.353931392703337;-0.250171743234511;-0.904675460613253;-0.762743175968685;0.0980401392485723;-0.721183674524666;-0.400238606731561;-0.842264548557671
6150;-1.07959507444405;-0.256654707857156;-0.843054099480488;-0.18367853681154;-0.30857391075079;-0.657484523310653;-0.546716299713552;-0.644109184283789;-0.73758955204571;0.67701378305096;0.532260769562296;-0.977636659545131;0.495230055103681;0.0499772591444176;-0.91844241453171;-0.527313249321297;-0.478843099308511;-0.646426664950739;-0.531729939119766;-0.821107016273274;-1.14619925509242;-0.707936514828722;-0.330876968578904;-0.237614386411308;-0.890410587382056;-0.777360139988553;0.0915907659292795;-0.720678104673966;-0.394582885144892;-0.819230116362479
6175;-1.06224166957927;-0.226742678191108;-0.831115770109025;-0.167316031865867;-0.291683663613903;-0.635519888664466;-0.536552489706873;-0.658397461065011;-0.720875222661288;0.683432330740125;0.530048626888274;-0.963805995739966;0.519482938353297;0.0589840146864806;-0.914923906321418;-0.532620048928939;-0.472382288811476;-0.614620403545784;-0.514240321610624;-0.80734366883275;-1.14976018087804;-0.707903291601347;-0.305771099434849;-0.225065732516762;-0.877855401587459;-0.790499036062121;0.0965544949071932;-0.714613424473737;-0.389084082020018;-0.794563419665948
6200;-1.04598136895472;-0.202907665619;-0.821425777564393;-0.15151173239845;-0.2739474915377;-0.611330778697184;-0.526796339993208;-0.674313268513047;-0.703072033249378;0.689521302659349;0.530350498109799;-0.950270871297241;0.544632435760728;0.0591776238873449;-0.912036102306716;-0.54241258262633;-0.47453288062316;-0.591170923356126;-0.496640837588859;-0.793876819024829;-1.14752572916736;-0.698737008967889;-0.277976379242678;-0.212252032809395;-0.86413860261799;-0.804617558334892;0.0988691649935433;-0.704436330531013;-0.385819858873979;-0.768116335479189
6225;-1.03070515213501;-0.189829641926218;-0.811724691747587;-0.13796878314313;-0.25428094220564;-0.586777973105803;-0.518347615385825;-0.691969988336886;-0.687239402339524;0.694603194766187;0.533074533977341;-0.938762736835793;0.567666555743699;0.0548512665163372;-0.913241633887658;-0.555332786994157;-0.47941119217544;-0.580457142929687;-0.478968152219093;-0.779501434666421;-1.14242563119494;-0.670813705053475;-0.249780589746946;-0.199494850345578;-0.849908275286214;-0.818737740058026;0.093956400924187;-0.691763611971029;-0.384380407355321;-0.741672641112503
6250;-1.01727431106445;-0.177657725315175;-0.802719443853449;-0.126529685361198;-0.2336557155597;-0.558601317939002;-0.513333399930782;-0.710907893210576;-0.67254488417501;0.699670081532308;0.534086031326418;-0.928108239063857;0.588872365981909;0.0472904531328755;-0.919147292675359;-0.570393499943035;-0.486191540518285;-0.584741852096123;-0.461085144847793;-0.765108338589184;-1.13296684836886;-0.625094301637422;-0.221347613628821;-0.186191961601489;-0.837884290967267;-0.832355120834958;0.0889126340408918;-0.675152871142093;-0.384349501447583;-0.71389684368591
6275;-1.00577223031821;-0.165179655328913;-0.793375372279197;-0.116396800939713;-0.213844181624301;-0.5298028754037;-0.511157722468655;-0.729676363414966;-0.657594413603752;0.70560309232679;0.536352132732043;-0.917258494114219;0.608043085732387;0.0384819387790696;-0.925285163753724;-0.588398271082364;-0.494929788455189;-0.608499575955123;-0.443858359937369;-0.750944285738054;-1.11927020764287;-0.597500167702682;-0.192262504591143;-0.172669203666171;-0.827076258744467;-0.844566194117283;0.0841252403987904;-0.659639556584081;-0.386635975026273;-0.685748800510652
6300;-0.994738109262719;-0.151824876630035;-0.78493046659773;-0.107459541515035;-0.193346211674458;-0.501392939212793;-0.512497271740656;-0.747734256822084;-0.643407011501989;0.712112137469539;0.541092283979108;-0.906891958682117;0.622605270336816;0.0303689929973858;-0.927854055566162;-0.607083306109628;-0.503530971856663;-0.614356819018089;-0.426192216192923;-0.739343506126064;-1.10208616833297;-0.575332086983912;-0.165109385599342;-0.158708679852955;-0.815767596107795;-0.85484438197109;0.0788226056024625;-0.646040248511586;-0.391108472541724;-0.658870030155369
6325;-0.985224194827841;-0.139770478504012;-0.776169930671649;-0.0984057331829502;-0.172358443037935;-0.472975643447128;-0.51592113908556;-0.763169166988536;-0.631018487872518;0.718423820038879;0.547297525902688;-0.896966328457427;0.630010007532335;0.0226195406989204;-0.923103076780096;-0.628591046411381;-0.511392069485674;-0.616530964207831;-0.408750447370115;-0.729989046015254;-1.08518573038086;-0.556199480363524;-0.142667189272313;-0.143291125822842;-0.805098656367271;-0.863443172438955;0.0748130145773315;-0.634378027283863;-0.398650458944618;-0.633258150517551
6350;-0.976968081687188;-0.126570269064122;-0.769033538505395;-0.0930011981723593;-0.152025195050043;-0.444450667090685;-0.521800105196301;-0.775066549852372;-0.620282131393416;0.72527048955544;0.556858913680658;-0.888308215259987;0.630903179212076;0.016997541160622;-0.902929564332556;-0.6502609009823;-0.515466963878802;-0.613384949145746;-0.392317079129989;-0.720211618367011;-1.06516294549693;-0.538904773303762;-0.12471126346913;-0.125858768769419;-0.794362362038433;-0.86971046899503;0.0724281420876633;-0.626044956770877;-0.407098411602635;-0.610428938001911
6375;-0.969133810633664;-0.112838881379586;-0.761633927261358;-0.0879858423223421;-0.131982509829353;-0.417794155652005;-0.529769649383599;-0.782630377309156;-0.609755628003386;0.73201508681585;0.568734780805919;-0.880630464322153;0.624324206450466;0.0143738150611616;-0.884538312987572;-0.67154842501104;-0.515780199351645;-0.606347818011468;-0.373594484938059;-0.712743222277791;-1.04581962362979;-0.524860989524072;-0.111773098127724;-0.107545817296096;-0.784668178049896;-0.872780103229675;0.0725025723794296;-0.622498187405706;-0.416846404317022;-0.590208913240494
6400;-0.96128319780794;-0.0970238410561644;-0.754796105644808;-0.0852142720273273;-0.112744019226535;-0.389547900867653;-0.539661619756213;-0.784300752662498;-0.602956802633224;0.738851154169493;0.583752715027253;-0.873327718601423;0.609919768269769;0.0153498845364241;-0.875519848971052;-0.689854925155416;-0.511728164916036;-0.597470500175892;-0.354006031492031;-0.708110603437713;-1.02856941281451;-0.513711359945491;-0.104104668265608;-0.0886755180305665;-0.774030980858683;-0.873250950457279;0.0755887973452744;-0.623953887385545;-0.427731968656755;-0.570300784389837
6425;-0.952784158227649;-0.0791268082900914;-0.747266711245055;-0.0816750046006225;-0.093298180898935;-0.361015232634086;-0.551427237512623;-0.778865411695027;-0.597557712140835;0.74690007263052;0.600944239127217;-0.865716296770904;0.586487555496423;0.0184384804319837;-0.864763201596703;-0.704078288820901;-0.502500864415624;-0.589332605651429;-0.333822560527752;-0.704718743538308;-1.01228430328699;-0.503477400650641;-0.100095396106893;-0.0686845267352314;-0.763007755200014;-0.869537425595603;0.0807540641849491;-0.629275899509917;-0.437401130976604;-0.550557601565353
6450;-0.944666904221842;-0.0608174981035879;-0.738631578758734;-0.0766155137717462;-0.0735459388295709;-0.337035237679537;-0.562022523890117;-0.769131943707127;-0.590445253700498;0.755235894710247;0.620555469956399;-0.856601502558449;0.55579185902253;0.025267297834401;-0.852053538821343;-0.713041891758935;-0.489035215377325;-0.583773475286342;-0.312936174718881;-0.702372094458943;-0.998182632194117;-0.493299013172728;-0.0988897907783251;-0.0493175281371457;-0.751678490283571;-0.863250241701899;0.0872006063816201;-0.637764492192849;-0.447888433474457;-0.533182636516712
6475;-0.936015543993377;-0.0413158296011176;-0.728636816686127;-0.0705493146136458;-0.0547782738819731;-0.313956106403983;-0.57363373896637;-0.753415427462652;-0.583902167275009;0.764590240782788;0.641136397402141;-0.848303906426019;0.51888084882376;0.0354349881034097;-0.837305243405318;-0.715251894854502;-0.472016605427087;-0.581939766363373;-0.291656605126323;-0.70204665485496;-0.986767479421132;-0.483191943109452;-0.0986833689187597;-0.0296036198672589;-0.740207628572272;-0.853005366375247;0.0961494358946235;-0.647518004053082;-0.457322602586515;-0.51608956192506
6500;-0.926378978045929;-0.0219913866245687;-0.719293874855388;-0.0621264882169903;-0.0363699268795623;-0.294014838305542;-0.586740909018757;-0.733864789716317;-0.579056366504081;0.776693588109588;0.662116512803721;-0.839825644006442;0.479671487593597;0.0482493085970565;-0.822769863159886;-0.712654795057022;-0.45215784602149;-0.583304037783072;-0.26999706844909;-0.702335186028728;-0.978605385310775;-0.473778240868594;-0.0965248239485791;-0.00912726793937706;-0.728801713180261;-0.840777294796037;0.107538956368139;-0.65780976264032;-0.464817237856701;-0.501073208322151
6525;-0.915997148610429;-0.00398070429073631;-0.710437479551376;-0.0534915540990893;-0.0176454515217383;-0.276984663548251;-0.599055795249761;-0.709972814557604;-0.574088701192561;0.788622110506552;0.682244454465809;-0.831007597793863;0.439244389540734;0.0633522406605649;-0.805922653054444;-0.704133756852899;-0.429478169477423;-0.584079954847182;-0.247003040905646;-0.701614720154929;-0.974168648662034;-0.463779474356467;-0.0901882093746547;0.0115555878589599;-0.716499987009168;-0.828117503393198;0.120916785258216;-0.668149781777741;-0.470476550669276;-0.488605088122572
6550;-0.905605966853509;0.0145256001289295;-0.700829797161248;-0.0428909153551096;0.00293842654949987;-0.263089255586783;-0.611758622562724;-0.682130414814646;-0.568051001702457;0.803531217910591;0.700871210798343;-0.821077323575938;0.399225779291708;0.0829952752497922;-0.786648527934236;-0.689431601645943;-0.406204911612808;-0.58335396949662;-0.224752188938785;-0.701046964899224;-0.972990760074073;-0.452179336658167;-0.0900802574342173;0.034358876890592;-0.704305358907778;-0.813307309206249;0.134101173205053;-0.679746204014545;-0.474733227168673;-0.478069127771931
6575;-0.894274680899329;0.0332127692009294;-0.690682906422625;-0.0291889593288388;0.0264497120381087;-0.251579500842463;-0.622781487093871;-0.651562885922564;-0.560847067394332;0.818348643642307;0.71628971994968;-0.812268102468448;0.359885193936122;0.104376045576763;-0.766889582655751;-0.668343117977777;-0.382104831688651;-0.581695030338454;-0.203291867817483;-0.700007219394121;-0.978102459984831;-0.437676137562207;-0.0894554349630628;0.0591468866413371;-0.694326340737968;-0.798103229382349;0.149016145727639;-0.687604660498195;-0.474865912066321;-0.466793652076649
6600;-0.881812834232519;0.0506505602958764;-0.680509268499957;-0.0130530857472733;0.0487380573337191;-0.241464920924923;-0.629318339513371;-0.620085307329552;-0.554094266420159;0.834833311937628;0.72710357423989;-0.804414477814055;0.32467930742742;0.128301218418602;-0.747044642452482;-0.641097949878372;-0.358428411830478;-0.577062473239249;-0.183483224039696;-0.697667377154915;-0.988933394123696;-0.423881993673473;-0.0882746655249472;0.0829408890536995;-0.685475107523085;-0.784516787323982;0.164571215856881;-0.693232384581872;-0.470216758585864;-0.457888270119217
6625;-0.869773332565341;0.0671230164761365;-0.668900649181547;0.00498012785531028;0.0696224243853523;-0.234725411416568;-0.635617403504103;-0.587003202231715;-0.545172119575812;0.852125915855311;0.734511247131242;-0.796793897127158;0.295887116966669;0.154662704176772;-0.725701008383279;-0.609514903173544;-0.33563294438916;-0.569647000534573;-0.166064400159511;-0.69393088164363;-1.00269370546544;-0.410148493123981;-0.0845307505743963;0.106523449056465;-0.678710596515237;-0.772182726691156;0.181367610064484;-0.698020847267687;-0.464203268621035;-0.450974610005168
6650;-0.856428074390063;0.0813272365486383;-0.657258767304875;0.0246257559189395;0.0881190511157797;-0.229269684747198;-0.637247813159892;-0.553027425581345;-0.535367725202399;0.869672436236348;0.737742267852624;-0.78921443382872;0.277619372564003;0.182615411665413;-0.70552751608822;-0.575354709411682;-0.313948280679666;-0.560050067270158;-0.150298968747384;-0.68913289712042;-1.01841635368152;-0.397157934388582;-0.0810500265504287;0.130459295519275;-0.672586645018665;-0.7604466858893;0.197786371804077;-0.698168813615548;-0.455098013748554;-0.443810405357296
6675;-0.841175386784829;0.0954058235093233;-0.644746160494693;0.0441013659236138;0.105345972298547;-0.223898638179484;-0.633958231362592;-0.519488076449558;-0.524104776332117;0.886501323658878;0.73815463869068;-0.780614700437302;0.26608342349802;0.211632111692047;-0.68734083038383;-0.541030097170032;-0.294223101300554;-0.548077604024425;-0.137936358885427;-0.681101273943693;-1.03643619748843;-0.385629493430608;-0.0775100459501673;0.154249223883278;-0.667750746712633;-0.751160419629406;0.213016068702585;-0.694197415270174;-0.44203632361979;-0.438179534233242
6700;-0.823756107302882;0.106871578297686;-0.631336920831342;0.0621941510348469;0.119642222865521;-0.218487378685443;-0.626871317569419;-0.488336262863648;-0.511047965990258;0.903542401349097;0.736902295265527;-0.772834204003743;0.264831537355173;0.241893337827967;-0.670951040708405;-0.506637411245624;-0.275375063746225;-0.532800807926225;-0.128015873692728;-0.672013701944143;-1.0561088867392;-0.376112549717316;-0.0701244939108719;0.175412470173504;-0.664129966596401;-0.745321135351959;0.228369833628787;-0.684493405587555;-0.426488015212536;-0.431344072969822
6725;-0.806997295194046;0.117827823223583;-0.617414788377765;0.0771667524539403;0.129834915299997;-0.210514143206373;-0.617137082352868;-0.459466638957346;-0.495529909635217;0.91981491723207;0.735267458780336;-0.764662730716032;0.273475306251581;0.271437949575438;-0.656725008875462;-0.471846376385745;-0.257326404339435;-0.514825758954528;-0.117608514693522;-0.660912712428932;-1.07413548746398;-0.369914854323546;-0.0598862340474805;0.196518985913163;-0.661127303903187;-0.743266893118555;0.244366253939741;-0.670051613291431;-0.408771415445807;-0.424518890104252
6750;-0.799154964509591;0.12467287377859;-0.601907477483863;0.0899930773135155;0.136318468403202;-0.202003565059557;-0.604469853166361;-0.433240503381919;-0.479050021932901;0.935709946283934;0.735756276322648;-0.756948399435231;0.292253766191252;0.299372505077625;-0.644715944878094;-0.440661029419092;-0.239488691240229;-0.49579057227522;-0.109044682599702;-0.648590563475932;-1.09258149825525;-0.368287065149049;-0.0467213182085649;0.218129180661445;-0.657314410537979;-0.74557822355237;0.259100721783046;-0.651854904545829;-0.389156897895278;-0.419893321892354
6775;-0.794469237048148;0.130859362977833;-0.585633863435126;0.100395884027374;0.135321926443486;-0.19281045930374;-0.588810314949919;-0.407546192472992;-0.463063287903556;0.950358996088225;0.737246227162597;-0.749351669158555;0.319442254042795;0.322698907248131;-0.633468609415443;-0.413557632312409;-0.225029072275273;-0.472797510950312;-0.101279582081741;-0.635145044472211;-1.1077373461674;-0.373538444829604;-0.0311259468118851;0.238185425032483;-0.652437308654857;-0.752538597010259;0.273499925808796;-0.633270514854821;-0.368380866540341;-0.416332512646275
6800;-0.7866165553064;0.135422030709161;-0.568247235966621;0.107986554299866;0.125202151440194;-0.187486731932838;-0.571589767372902;-0.384022808814476;-0.446781924681264;0.965312449094321;0.735952141320278;-0.740862717379419;0.354911788014123;0.340706816181449;-0.624592500503189;-0.391409652954252;-0.211750119880573;-0.447854714287019;-0.0936217457231225;-0.621023139584505;-1.11969170442715;-0.383894949104604;-0.0131873595066575;0.257042254716377;-0.64649511896097;-0.765083615149325;0.288636821480025;-0.612923334272217;-0.347371243742389;-0.412581010187345
6825;-0.778654564054508;0.138297677764076;-0.550534513871936;0.112956110773139;0.106316261948222;-0.183218649242953;-0.552434571154693;-0.363559967775298;-0.430066118019765;0.978111676867065;0.735523773497418;-0.73093645032279;0.394844489114865;0.35427575308877;-0.615961833642903;-0.374246875333272;-0.200140034419621;-0.421243395489801;-0.0856662405632318;-0.606880071673557;-1.12619963305532;-0.401382753738787;0.00515756179519147;0.276174667575338;-0.639184898638615;-0.784486020200224;0.302993573376224;-0.590252645675461;-0.326870340815906;-0.409941326134185
6850;-0.771916783545655;0.138541557219979;-0.534224634196363;0.115541829159764;0.078605936778512;-0.182952808451789;-0.530432061008831;-0.344988956456234;-0.414012286203557;0.992208802229961;0.737003215415435;-0.720609717526923;0.437528997492964;0.362096427635714;-0.608256748307083;-0.361204332171233;-0.190208136214972;-0.395833295529559;-0.0783113945972036;-0.593206885596529;-1.12789974834408;-0.426570407157144;0.0221574399786643;0.295460936145685;-0.629775244520521;-0.810144488065011;0.317044184102912;-0.568628415862407;-0.30707690821099;-0.410323397767344
6875;-0.764628031675164;0.137404736732;-0.517690782380064;0.114546290111634;0.0404021441462151;-0.186217968184286;-0.509309395022761;-0.328993702255709;-0.397888893970737;1.00481121509921;0.740472413928552;-0.707782119599278;0.483682356079143;0.367400606786692;-0.601924286197372;-0.353181997358221;-0.178535869082557;-0.370809048668837;-0.0701273139513927;-0.579124494783991;-1.12522004196082;-0.457059591117626;0.0411319628344141;0.313140020226852;-0.617646893390157;-0.839734536505671;0.331557320488903;-0.548354785113934;-0.288825234246417;-0.412105143811317
6900;-0.756453415709581;0.136184984693515;-0.499613825159062;0.111143080158646;-0.00682754975070505;-0.195271661928945;-0.486668196020281;-0.316628074873452;-0.38044661186972;1.01894902831429;0.746240210602028;-0.693604981406613;0.530834899874878;0.371164751345117;-0.59635782005756;-0.348447149990293;-0.165467425064416;-0.346435350408502;-0.0617982206780465;-0.565716488131755;-1.11715355590092;-0.492349047384471;0.059062805908206;0.331201457081481;-0.603480789836255;-0.87250444296444;0.344779177462972;-0.529035337459847;-0.271865636410438;-0.41800660943555
6925;-0.74740269283481;0.136755805825781;-0.481269386901131;0.10531851562411;-0.0641066716536233;-0.209952284197731;-0.461987200661905;-0.304626113851516;-0.362963988914722;1.03259291995145;0.754471462783241;-0.678547540135297;0.577141491120009;0.377024135730736;-0.59272289011433;-0.34716522964237;-0.153512801113967;-0.3237265086212;-0.0539387572533419;-0.551559800416554;-1.1033975092377;-0.531581843072702;0.0771188847717898;0.34949030004097;-0.58811294098834;-0.905884806094896;0.356621645869493;-0.508585808488308;-0.25607949737036;-0.428170490149309
6950;-0.737662686742837;0.139113475643424;-0.463399561936879;0.100110560831626;-0.127059981091176;-0.230786707534447;-0.438660858133249;-0.293629108527368;-0.345667544262192;1.0457732602041;0.76647517591107;-0.661836178503463;0.623539570251873;0.387592013935252;-0.590400097924869;-0.348058784065432;-0.142112775389199;-0.303056602890654;-0.0482526641229151;-0.536816145347493;-1.08470308306144;-0.571654407096275;0.0935054456612293;0.366710343930573;-0.570272147074396;-0.93888465720726;0.367485544268506;-0.491511743306583;-0.242796787501826;-0.442733285499163
6975;-0.725726893208313;0.143386397905687;-0.445693130193776;0.0945920437369391;-0.195729374690696;-0.259621030374106;-0.414333269266289;-0.283301319245598;-0.326606832570476;1.05931816910391;0.78254800003376;-0.643007534310246;0.668702790972359;0.394356529186889;-0.588447298215446;-0.352654583131864;-0.131395319348033;-0.284534726592696;-0.0434422740939335;-0.520944195848169;-1.06465656314599;-0.612145288097908;0.107884701718737;0.383380857318009;-0.550005022184019;-0.970913833081373;0.376321860597439;-0.473677208550004;-0.230752252573406;-0.460041052171467
7000;-0.712964554444454;0.148503618702585;-0.427041877032679;0.0905012967301603;-0.268517774365984;-0.296866049330997;-0.389870531392066;-0.272722004349175;-0.3090156909468;1.07182659958166;0.804160156594223;-0.623623520970838;0.712352392307626;0.395624304448011;-0.588261808036245;-0.356599005529187;-0.122326966567227;-0.269675089274888;-0.0418482697534635;-0.505521151681216;-1.04323913808859;-0.650866313354832;0.120133130738778;0.398833641560195;-0.529248309741895;-1.00149874181994;0.382749604441196;-0.457492865653981;-0.220640690576331;-0.480496786032726
7025;-0.699706118401221;0.155400894877268;-0.409935816842721;0.0882313084821169;-0.34280613499391;-0.340506644997833;-0.367296493827304;-0.26195726978109;-0.292718897995837;1.08387492093369;0.827693139174234;-0.605183948020202;0.75313729276047;0.396806904439153;-0.58918874390381;-0.358040308954725;-0.113462230383832;-0.257672280951447;-0.0420662591951815;-0.489412264521539;-1.02019763518743;-0.685678363199502;0.130605759024626;0.414612305385609;-0.506072436056989;-1.02723783726236;0.388210655924926;-0.442220880840537;-0.209872438085666;-0.504882323228579
7050;-0.687194155123119;0.165066015372669;-0.394409186147196;0.0881329472974379;-0.41677575186829;-0.387408366379071;-0.346234753679334;-0.252185650460911;-0.27736196798574;1.09602977990856;0.852719574975417;-0.58701554869434;0.791124729920938;0.397674829501808;-0.589761201833164;-0.357220673437757;-0.105999324405559;-0.247732659917513;-0.0468227031178237;-0.474215444121782;-0.996197090573091;-0.711464573681229;0.140334960869404;0.431198026988883;-0.482906671534625;-1.04936064144179;0.39307339438876;-0.42725019195292;-0.199957771324841;-0.531755785441309
7075;-0.674492072989628;0.178469877087953;-0.380319493186418;0.0905110521348435;-0.488267180394257;-0.441067536113409;-0.327381853246116;-0.242364616530172;-0.264510140261218;1.10755482847081;0.879146485957103;-0.569463717455947;0.825487192846752;0.400593277876002;-0.591894951946767;-0.353345330413441;-0.101896959120296;-0.241269422412033;-0.0545916865217424;-0.45977362323412;-0.972676042136454;-0.730103888401012;0.148022761795487;0.447167231308716;-0.458623793628371;-1.06664110637347;0.396689170904681;-0.414804970733513;-0.190306122824963;-0.5629777720522
7100;-0.662034085714319;0.194142312521007;-0.36835440684122;0.0961750755702948;-0.553349836539916;-0.498535655273609;-0.309794037996847;-0.231954137401583;-0.25391849332712;1.11859850456607;0.904378169186938;-0.552688889695261;0.854618367395191;0.405362106338728;-0.595906003850735;-0.346437604058251;-0.0990641399277225;-0.238354847342399;-0.0642957534353639;-0.44591564529536;-0.950613642048018;-0.740543038960274;0.153695098087997;0.46294844915236;-0.433992284203848;-1.07814399797836;0.399879514118894;-0.401632744297217;-0.181077729737579;-0.59739709427966
7125;-0.650484467897345;0.209319237744999;-0.359084846768704;0.105047899937541;-0.612383549737665;-0.556991357291211;-0.291795355495732;-0.220198400845094;-0.250051588044122;1.12838262406158;0.929951620202953;-0.538252195753652;0.878604665874346;0.413442051603198;-0.600407552219506;-0.337728896637474;-0.0964928054894378;-0.237175923925181;-0.0762611668251778;-0.431342204591992;-0.929855440938524;-0.742445524625519;0.158408659885467;0.478963556865015;-0.410847853028417;-1.0829510006056;0.402483073835261;-0.388794473099147;-0.17122442869495;-0.633587871425157
7150;-0.638445575590749;0.227650890695338;-0.353951755978037;0.116596588561378;-0.662385818363018;-0.617054320051427;-0.275099486164159;-0.208702917240806;-0.249326169281386;1.13641272273479;0.955371836763126;-0.526275206547056;0.899754205668076;0.42521924493218;-0.604405521863263;-0.325804218104346;-0.0931819193170242;-0.236806689886124;-0.0900306647303943;-0.416991925361538;-0.91150804258361;-0.736024462304463;0.162616684542571;0.495468398807422;-0.389856305039805;-1.08217912535277;0.406903603021735;-0.376566958096822;-0.161609804548487;-0.673018418777132
7175;-0.627019531380904;0.247947642402272;-0.351350861345819;0.131735791734203;-0.702434459066947;-0.677056424011024;-0.2596614259041;-0.196991084630773;-0.253341463145446;1.14548088266819;0.979551187708347;-0.516726622188148;0.916693776462429;0.439789044360984;-0.609133760259405;-0.31220935806856;-0.0901620071897979;-0.23862711497715;-0.102607316862807;-0.404023538520449;-0.896852316909897;-0.721743483974932;0.166545408228197;0.51311346399672;-0.369674866690282;-1.07632322780763;0.413723706239973;-0.365535844567733;-0.154184831440808;-0.713247236541525
7200;-0.617206790442482;0.269207022679243;-0.352265981169728;0.14834173912077;-0.732867892596684;-0.733862542693343;-0.24456776198038;-0.185125149392049;-0.263501138439883;1.15373367789119;1.00295535009295;-0.509084689736099;0.929871670766099;0.457358964609456;-0.614344956615421;-0.29634852904392;-0.0864050520141863;-0.241582054538087;-0.114732113427581;-0.391732598891541;-0.884943102286813;-0.700205484031085;0.170511323937504;0.530358810074188;-0.350706471137733;-1.06755632400364;0.422335665796066;-0.35515242192153;-0.148139998359697;-0.753076341065778
7225;-0.608922512940142;0.290914280846731;-0.355489567362877;0.169114427003245;-0.752143403433314;-0.788045359948069;-0.229929902762973;-0.17256465491601;-0.277828605550079;1.16170302857036;1.02457616539617;-0.502720715638479;0.938028433487955;0.478022097552411;-0.618618069424174;-0.27817914400707;-0.0834725473775228;-0.24623001391286;-0.125412851303928;-0.380409145764148;-0.87459807437545;-0.672329448127241;0.176612147699418;0.547604154075765;-0.334226100491517;-1.05277695924433;0.430667983707968;-0.345775953813555;-0.143197685069852;-0.791240079108766
7250;-0.602565970969988;0.312079933944743;-0.360886362740615;0.19105981437567;-0.763270237633338;-0.83970174787703;-0.21515596269378;-0.160606122325346;-0.293718229301601;1.1696868412714;1.0450996721434;-0.498298659937414;0.943693244806903;0.500348183242175;-0.621893464559151;-0.258561410578821;-0.0817440815685599;-0.25056802260881;-0.134587326153659;-0.371538444748772;-0.865482744624619;-0.639987903642888;0.182792313907229;0.562776567620936;-0.317822719495;-1.03523257716832;0.439845208351403;-0.335514667492628;-0.143199988239685;-0.826903409858311
7275;-0.596328598201557;0.334179275359659;-0.368500113976185;0.214242805455145;-0.763809106541803;-0.887579276657032;-0.200674305590001;-0.149027673169767;-0.312819269045552;1.1774641198291;1.06420356885177;-0.495328584439505;0.948521976214107;0.523754597454376;-0.624551405453975;-0.238387585559484;-0.0821948935276277;-0.254306932136586;-0.141317718061376;-0.366310964967799;-0.85875792037599;-0.603874127481514;0.189700961625473;0.578109755065167;-0.30307332504151;-1.01376150863053;0.449319694685069;-0.327160027569459;-0.149377869402971;-0.858844422994683
7300;-0.592327860201579;0.354037324365129;-0.37890656697502;0.236283423013958;-0.755782144870485;-0.932753299315385;-0.185712467025103;-0.14023277039563;-0.332269180144958;1.18397476916804;1.0817820335547;-0.492491623619713;0.953203962993103;0.54810473569763;-0.625754878189779;-0.219787935626154;-0.0861003495714336;-0.258701176988103;-0.145447327441209;-0.363579415243264;-0.854523342939723;-0.567220963764909;0.197418332886597;0.593701316463342;-0.287272532517418;-0.990530819385046;0.458698307871875;-0.319975617700299;-0.162880358034161;-0.886623491040663
7325;-0.590248638834389;0.373724057897624;-0.391357142800367;0.256463985710181;-0.739987462376748;-0.974177382858539;-0.172794915798392;-0.13256000202669;-0.351982992726781;1.19163368921004;1.09827979851846;-0.491612430637092;0.957845117369715;0.572415384073622;-0.624050892074219;-0.202607357999132;-0.0926783853938961;-0.25990732469429;-0.144873509571994;-0.364146961625925;-0.851747057516282;-0.527988210043893;0.206359053767857;0.610171296342826;-0.272450656818377;-0.967149916984765;0.46801775493025;-0.315100030273885;-0.183894004452336;-0.91086135953512
7350;-0.589768764169953;0.392736535763546;-0.405770378695064;0.27643212872718;-0.717557721367059;-1.01204865173564;-0.162173508131975;-0.126022721160916;-0.369657861369984;1.19872970174104;1.11428714591685;-0.492328720976766;0.961481043513267;0.596074758685783;-0.62021542218941;-0.187105855898795;-0.103305862389187;-0.25735519005556;-0.141399268234422;-0.368269917205653;-0.848371422210922;-0.488547345283287;0.218853154482177;0.627119753680894;-0.257951972796185;-0.943381765195877;0.478262986261585;-0.311041964914321;-0.213476653797263;-0.929948258640408
7375;-0.590983824637231;0.40880233961926;-0.420301527142993;0.295081405609649;-0.69094510507747;-1.04471428789176;-0.149512502673309;-0.122197481205882;-0.383130794650421;1.20465973460336;1.12796254472901;-0.494769552411441;0.964042529193409;0.617455870553261;-0.616354332150629;-0.172502313172851;-0.116783942280992;-0.252319006260158;-0.134039211638906;-0.375373572732478;-0.846641175305826;-0.450708835601469;0.232219901509888;0.64264434294296;-0.244597158036164;-0.921063660908413;0.48880903872503;-0.306008076472929;-0.250295054406404;-0.944169655103425
7400;-0.594464253684899;0.42235296606648;-0.436684659670657;0.309869045888235;-0.661739661710878;-1.07671813907947;-0.137908389504966;-0.119502173336902;-0.391928955466484;1.20895658989863;1.13946911445784;-0.498440327496779;0.966751359042599;0.637212446963236;-0.610091474471927;-0.160001796935245;-0.13304368169916;-0.246422349481099;-0.1223918218125;-0.386247017369385;-0.844639780257144;-0.414257283788418;0.24457645726249;0.657564793440384;-0.232681631961218;-0.899651711308026;0.49959576101653;-0.300409271970072;-0.293742110168309;-0.955523775046173
7425;-0.598180696292062;0.434032020084762;-0.452939877895015;0.321604370200422;-0.628898981630423;-1.10845273136474;-0.130038978916602;-0.117673098414518;-0.395791546698438;1.21173648023617;1.15129085656603;-0.503095431498233;0.970126067776786;0.654875070073316;-0.602627435484843;-0.148448040661315;-0.15170825260993;-0.239129932612118;-0.108473738951644;-0.399585676397742;-0.841410196318191;-0.379916718836647;0.258230779093544;0.671066964507509;-0.223248918744578;-0.879441803464401;0.510351498478912;-0.292996760671182;-0.343211407316222;-0.962516138571381
7450;-0.60295425676145;0.442954044934382;-0.468939204170704;0.331276171683765;-0.594845786221056;-1.13782068330551;-0.123485927878132;-0.116069260737933;-0.394775060933936;1.21049027742433;1.16106895353035;-0.508004815772422;0.972437615487244;0.669081410646733;-0.595654122145498;-0.139720338982576;-0.171516619737202;-0.231018130482861;-0.0927156519927022;-0.414315191839759;-0.838934189146608;-0.347270932397843;0.27109810635126;0.684799818628395;-0.218545068280284;-0.858310480756363;0.518951443036796;-0.28548760075442;-0.396379313404663;-0.966602083240813
7475;-0.608861731320322;0.449754468805493;-0.483411817922589;0.338445230925307;-0.56034583894584;-1.16461141635335;-0.11995126282369;-0.113790566931454;-0.388462291600432;1.20677375243291;1.17001852109362;-0.515439939478215;0.973799357351272;0.681393044139644;-0.588245771201245;-0.132675617830795;-0.193154933080352;-0.223232778115226;-0.0748245713247893;-0.430335554953841;-0.836342513459814;-0.316778839303093;0.283980797730321;0.69666583287323;-0.217576922437698;-0.838674040292978;0.525801005711093;-0.27578128310289;-0.452969681735013;-0.967774063371057
7500;-0.615067896894352;0.456922294057404;-0.49662649067742;0.342014341147525;-0.524664474611175;-1.18824861143208;-0.118569150948292;-0.110348494648799;-0.376914240657217;1.19991823331251;1.1763032349762;-0.523767866045725;0.976990460744768;0.691618533411082;-0.580468114544864;-0.12445450673437;-0.214780886336677;-0.21728286905151;-0.0538551132007155;-0.446668640287019;-0.830768534061893;-0.288099131532996;0.296717715037744;0.708454492413489;-0.221503730574825;-0.819865427390532;0.53167429811393;-0.267415569505128;-0.510907835151911;-0.965735871996494
7525;-0.620853618096329;0.462687510205558;-0.507883048849098;0.34089632786992;-0.487891347513869;-1.20901984116723;-0.119079273140712;-0.106478237923404;-0.36445563348143;1.18933973426597;1.18122653870065;-0.535069407460134;0.980811792989717;0.698685690432342;-0.572478929597092;-0.115987264964754;-0.235500717944952;-0.213805748062445;-0.0341736315790562;-0.462071983655376;-0.825176513250635;-0.259318331256221;0.308807117715459;0.722589568910345;-0.229277767819157;-0.803145781536061;0.536360338406232;-0.261008736111003;-0.566537661872988;-0.962221509317847
7550;-0.627147586135558;0.464374940094678;-0.517794787523548;0.337733599817846;-0.450476720445824;-1.22694996411601;-0.120988308987816;-0.101629420146614;-0.351630334039992;1.17457875572848;1.18634820134764;-0.549905480686768;0.983962800245409;0.703146223765104;-0.564611679987583;-0.108425124700052;-0.255294412832829;-0.212687823696549;-0.0148945650657004;-0.477043542555972;-0.819936942254916;-0.232441955908545;0.321309911981265;0.735532924094138;-0.240775606199871;-0.789906499104541;0.538732498400737;-0.260238655151595;-0.618651334547905;-0.957778865191977
7575;-0.633497218778313;0.464862486673217;-0.524757920018546;0.332871022952873;-0.414925916554;-1.24168768328961;-0.123934407238581;-0.0936718801178963;-0.34151524134206;1.15615402128386;1.19150928151723;-0.567148947911395;0.986144171865726;0.705976194123665;-0.556665246995593;-0.0999820116013646;-0.274510930112996;-0.214860683421559;0.00365056571621247;-0.489531294346904;-0.813353427983268;-0.208062045886648;0.331266388567154;0.746978910936609;-0.255935420276077;-0.777031396765466;0.53976669244141;-0.266993508412947;-0.667662480111223;-0.953271263740932
7600;-0.64004829044145;0.464186454536413;-0.529013542811639;0.328345188110934;-0.379198787611573;-1.25699401077185;-0.127983756015328;-0.0866305605134147;-0.336337646388179;1.13549147829556;1.19520369403018;-0.586109947643628;0.988866473749086;0.706731993548178;-0.548533356127476;-0.0915806336690071;-0.290749179558949;-0.221928243175364;0.0208067828214582;-0.501105663984019;-0.805498619741194;-0.184423566499857;0.341354299347286;0.758723918030636;-0.275273159451258;-0.767248209362507;0.538966155354491;-0.280733089771584;-0.712355321124813;-0.947900507437379
7625;-0.647498749880604;0.460386079443034;-0.532060125415272;0.32185648794703;-0.344903335048545;-1.2683257815793;-0.130606629825221;-0.0803958268890915;-0.335537067272741;1.11220521734465;1.19910395635479;-0.605649667726156;0.989059961104375;0.706199679964182;-0.537590499579838;-0.0835875286327155;-0.303779505071154;-0.2316035599517;0.0349644962589859;-0.510632251365992;-0.794501110273695;-0.162293545764744;0.35037103180147;0.769027301560134;-0.298082747931031;-0.760105691920784;0.536591093276949;-0.301631655635448;-0.751805073754598;-0.943131500902784
7650;-0.656005829759758;0.452780163085575;-0.534248924894759;0.315082259291751;-0.311259807945519;-1.2776467258673;-0.133412563735088;-0.0746226110161076;-0.341486474325694;1.08887690838009;1.20251618418781;-0.624105122286808;0.988236871153593;0.703101307492696;-0.527293598167866;-0.076424483518887;-0.312852205929497;-0.245481702921705;0.0468991369375584;-0.519010954746213;-0.782335106119455;-0.142066191970324;0.358492369877385;0.77814863196294;-0.322687300783318;-0.754803518710799;0.533243857693177;-0.332686989552134;-0.785971947243159;-0.940343709745803
7675;-0.665045155479491;0.441183760502448;-0.534195461613154;0.30831856330497;-0.279380499244143;-1.28227329766474;-0.137832402880071;-0.0705342012513829;-0.355213191280186;1.06547381354823;1.20486567764523;-0.641246657000461;0.985583100071474;0.700099171178779;-0.515873109574659;-0.0700960625424627;-0.318420616068544;-0.264790887517269;0.0570193567382842;-0.524911353643359;-0.767490965290155;-0.123020928388804;0.366929051080953;0.787197670592558;-0.347762805798578;-0.749774645464506;0.529586440838657;-0.372058637673058;-0.81280915366568;-0.939206995536751
7700;-0.674837507248921;0.428642738053498;-0.5319396038424;0.303306101470604;-0.246030163563661;-1.28598537719992;-0.142590772044193;-0.0687417467372747;-0.375708355557991;1.04534256716755;1.20639503128418;-0.656897874171192;0.98152239623606;0.696442650233545;-0.50405187100732;-0.062424990162604;-0.319288704771436;-0.290637207574432;0.0635000853039229;-0.527810816061486;-0.750772344378343;-0.105643448484829;0.372579687930967;0.797306536212581;-0.372773362952209;-0.748779785495364;0.523835008159311;-0.416356694888223;-0.831825034647383;-0.938518864585585
7725;-0.684091272780846;0.412769374061161;-0.527904155791645;0.300806445747064;-0.214315471556848;-1.28729394823183;-0.146806131849866;-0.0687766130494757;-0.40429172965602;1.02736858158126;1.20840674292575;-0.670620791085698;0.976631131877352;0.692901886214138;-0.493139791490855;-0.0560680897147959;-0.315040914829668;-0.323473036621927;0.0668569707962576;-0.527856274689841;-0.73166965289676;-0.0902658972701022;0.376540138927496;0.806646998867813;-0.395884136250809;-0.749894299284134;0.517446334807571;-0.466694917644766;-0.846487222388297;-0.938160469826866
7750;-0.69294508301923;0.394837852394382;-0.521872332811276;0.302048079752148;-0.180835686648631;-1.28619133068139;-0.150866118812319;-0.0713118053181806;-0.44059083316251;1.01403682510012;1.21054613859958;-0.680087108470894;0.973428480042961;0.68857749384215;-0.481727774853973;-0.0502609945109032;-0.305172872798822;-0.358882375198675;0.066609660192682;-0.5249113313431;-0.71097620888593;-0.0761301408509771;0.375704735057219;0.814659434000421;-0.416535480761058;-0.753038765056855;0.512207572315631;-0.520303934802459;-0.855976035869243;-0.93635372035166
7775;-0.700663636435879;0.374196917582479;-0.513355273979019;0.304635633320269;-0.149424441276692;-1.28306805366368;-0.154216754325593;-0.0753877312716867;-0.481277767889369;1.00541066662931;1.21311710807558;-0.685906155950071;0.971253628035824;0.684674788629531;-0.470063788169543;-0.0452468624946901;-0.292060854134159;-0.398595374748714;0.0638496861118223;-0.519855761903245;-0.69066755132977;-0.06539826655011;0.370844603680326;0.822542076255391;-0.434910173374905;-0.761098451861054;0.508122781395873;-0.576646833173586;-0.858563320850146;-0.933679389076671
7800;-0.707386140677667;0.352816073141559;-0.500751566494276;0.31167618438271;-0.117474879459168;-1.28024173675737;-0.158628439850571;-0.0822997746997814;-0.526998774675777;1.00289244425327;1.21661178492816;-0.688162574203155;0.969584621985133;0.681420135712104;-0.458140032686139;-0.040563127935402;-0.276123466184813;-0.440992152138851;0.0577359863596727;-0.51326230076794;-0.667930917863966;-0.056744501976004;0.360277625662158;0.829658728755617;-0.448404632652507;-0.770527559308365;0.505803365549913;-0.633082648982576;-0.859149863667173;-0.929972571955816
7825;-0.713645164328092;0.331955780987593;-0.485932383039676;0.321785818608579;-0.0857630413555023;-1.27510901774111;-0.163899276760634;-0.0914254951747829;-0.576491079682248;1.00554374987538;1.21993174903062;-0.687119111655999;0.968836173157123;0.679922341052622;-0.444707073340155;-0.034979418224546;-0.257181639598686;-0.486017798437022;0.0495079532261937;-0.505471353373705;-0.64422609646853;-0.0470330909026151;0.346544986390263;0.837962290771487;-0.457360991145917;-0.780229911657248;0.506824729453206;-0.687042519620316;-0.858228086732651;-0.924973603789333
7850;-0.718657237207362;0.311728290854469;-0.469393815933046;0.333061769459894;-0.0552422631630522;-1.26935724234134;-0.16970435298906;-0.102507198189582;-0.62877278038441;1.01539714552871;1.2242504576864;-0.683414068669215;0.970155581318187;0.679350628129245;-0.430928764646486;-0.0290516459143917;-0.237883099242126;-0.532922188189597;0.0378699465742609;-0.497850275717123;-0.620115280136753;-0.0376192728044859;0.327918208389289;0.847825364437203;-0.461604480140946;-0.79113226663058;0.510076367728474;-0.735413098277394;-0.853266360453699;-0.917746594168068
7875;-0.721759189333749;0.292435590631051;-0.450255419656943;0.348151588006545;-0.0255756746014699;-1.26277818604272;-0.17568351744572;-0.114889802087922;-0.679888500169881;1.03101754201633;1.22907442580829;-0.676412224285264;0.973957400213361;0.680438825968162;-0.417895045243561;-0.0233671876219189;-0.21754120385217;-0.581723315226409;0.0255153385596203;-0.489101357001851;-0.595681840440399;-0.0313632033166353;0.304127474620878;0.861538763179398;-0.459040628396906;-0.801321072572882;0.515586585381348;-0.777794243759414;-0.844593238374288;-0.90930441996755
7900;-0.722236434118799;0.273397033192857;-0.428904527294304;0.366662020748935;0.0030689737976342;-1.25272587829776;-0.18028606296335;-0.125791070374819;-0.728266593589698;1.05306711202928;1.23499457127645;-0.666299830597792;0.978943074777854;0.684114452907064;-0.405720268709201;-0.0177137546994231;-0.196336951155791;-0.632150282424343;0.0131039026673911;-0.478879861309599;-0.570803904941224;-0.0243511277710686;0.277559839631175;0.878588521354088;-0.451484388942535;-0.808279623490642;0.523214913865099;-0.810047152281019;-0.833683027425818;-0.897823441481883
7925;-0.719701984141316;0.257707510452913;-0.407000092034388;0.386573823779251;0.0298124203319821;-1.23953218127232;-0.183641696846564;-0.134761937937265;-0.77412939034926;1.07850046623992;1.24270308044657;-0.653544076595781;0.987188401511321;0.690854442038225;-0.393447054765444;-0.0120859433008645;-0.1745540336467;-0.681141297984309;0.00138785107830097;-0.468510727769117;-0.548307914636057;-0.0186621378777145;0.247068459161832;0.898634859305353;-0.439894972093814;-0.812145033147318;0.53310079364034;-0.832444677548741;-0.821154993553537;-0.884342309711716
7950;-0.713292459931219;0.245960044484351;-0.3839474360794;0.408361482174645;0.0561812860920215;-1.22437496945526;-0.185898333928286;-0.141879212539312;-0.81458222031522;1.10699981877323;1.25123423489749;-0.637980650707894;0.997721441960997;0.698320669933958;-0.381450454232643;-0.00567495486491736;-0.151636152291886;-0.731375099749731;-0.00915819437504295;-0.458348175196273;-0.527641939394819;-0.0128196257405131;0.214371657985668;0.919556103244441;-0.425815812359272;-0.815048938156945;0.545535126434342;-0.843491665724871;-0.807388510081297;-0.869943256630282
7975;-0.704787119944141;0.236914831630961;-0.360880667759882;0.430841343769392;0.0816009923498216;-1.20747322745222;-0.188125716529974;-0.148455745913435;-0.849967060489155;1.13938297393698;1.26063661388864;-0.621484518657412;1.00975061071688;0.707711614420668;-0.369758386026369;0.00250241259106461;-0.128925255908021;-0.781200318551511;-0.0163083334278906;-0.447457260485439;-0.505643217786674;-0.00880752150437209;0.181268947209533;0.941539881443694;-0.4088147864138;-0.814895871566537;0.560290893875547;-0.842148626579771;-0.794326434631466;-0.853837454631993
8000;-0.693169042506723;0.232446923931289;-0.33855949216173;0.452982034428106;0.105333729609464;-1.18671375958845;-0.189652644077153;-0.150502937834047;-0.876922580292127;1.17011533101775;1.27006099397073;-0.604125074327026;1.0217980948538;0.719451095828878;-0.357933069776991;0.0133599055652573;-0.105921719724776;-0.829891161026653;-0.0201021233856573;-0.436161337169918;-0.487267010370942;-0.00524237620563723;0.147401293225969;0.959592853735584;-0.391897991576859;-0.81089589413519;0.576500339082698;-0.8319589726423;-0.781017485782818;-0.836798189949335
8025;-0.679355482328863;0.231076564963306;-0.316470090209096;0.475553194090016;0.127781514659034;-1.16543339381129;-0.191383220987414;-0.149578796138938;-0.897424420284048;1.1994310148504;1.28097891819914;-0.587154742246622;1.03408871942067;0.732243386384751;-0.346512086605132;0.0251129341027174;-0.0833442542808513;-0.875288841790641;-0.0218502423118072;-0.423921909849899;-0.467498309801699;-0.00130679435489429;0.114502225035268;0.972429446257554;-0.374724848497492;-0.802364663077503;0.593680773802112;-0.809438385946074;-0.764727984493921;-0.81899443858628
8050;-0.66374052104432;0.23377704424243;-0.295037984789274;0.497703121698702;0.148916523846103;-1.14155738168877;-0.192120292247227;-0.144426325592233;-0.913619225700684;1.22565025143737;1.29124646437295;-0.569277102464744;1.04625156993108;0.745705495798048;-0.336013469007471;0.0391084970452726;-0.0625206100906683;-0.916241782444321;-0.0195227448798376;-0.41147754997537;-0.451094934769539;0.00304481154844543;0.081508539457695;0.976486450527794;-0.358166223205621;-0.79266076779804;0.611770568161959;-0.778867731775072;-0.750051866294624;-0.800345889563406
8075;-0.645156199947732;0.241244701504956;-0.274474291265286;0.518371210074355;0.169868340821256;-1.11396523781963;-0.192789783439677;-0.136499442415579;-0.926828666452159;1.24816085208258;1.30107996535542;-0.550846223605882;1.05929657452074;0.761354981425822;-0.326607826966477;0.0543479723116546;-0.0426233320628974;-0.954308142520812;-0.0138134188310377;-0.398897842375182;-0.435496963844009;0.00796647555976109;0.049114688383015;0.972938223896228;-0.341900249014882;-0.778977455143127;0.628602967453684;-0.743468496176262;-0.737053100462718;-0.78141781773159
8100;-0.626592038426087;0.251992469946131;-0.25475547134504;0.535323846346605;0.189327762807927;-1.08375985334508;-0.19315378187747;-0.127396377611052;-0.935346030879071;1.26598759924591;1.31018504633587;-0.531990013329381;1.07390101861677;0.777021530248811;-0.317052252783377;0.0706418105848691;-0.023765887565561;-0.986456103560611;-0.0048178018380125;-0.386488618540429;-0.423325697013142;0.0130216608942693;0.0178383719327889;0.958700089782205;-0.325732777239674;-0.763973274835622;0.646068013010673;-0.706460011167734;-0.725540305750745;-0.762086366639803
8125;-0.606924741525605;0.266992742050307;-0.235620415227543;0.549834342266444;0.206246866949038;-1.05167028273597;-0.1957384834076;-0.118305636924013;-0.941910903999944;1.27703810063197;1.31948684584551;-0.514411745570655;1.08643348063893;0.793443766282758;-0.306364341035249;0.0870574856145043;-0.00846008034549541;-1.01189638627136;0.00677863510127574;-0.374065959448196;-0.411502459047175;0.0201027486908343;-0.0110759113133188;0.933119392423711;-0.312001268245203;-0.748464521278394;0.663145228573835;-0.668673566633444;-0.713537999598691;-0.744094606256448
8150;-0.587619585105723;0.283499800086361;-0.218510683892073;0.561848244602271;0.221548556266601;-1.01661555081529;-0.198308701286757;-0.110549240430648;-0.942799197933719;1.28219148712549;1.32857542182271;-0.497093231955275;1.0947240996837;0.810845504378822;-0.296808277594952;0.102646837118935;0.00516235515435746;-1.03084283680762;0.0206156132744533;-0.361555394740246;-0.398656318968366;0.0274857142521628;-0.0374057338126262;0.895207433212589;-0.299122635572637;-0.732474361851488;0.679487204505059;-0.632191031286775;-0.706481449011492;-0.725452171749939
8175;-0.569089859116251;0.300434574145519;-0.202989700433478;0.568860120712624;0.234359854725483;-0.980992740403247;-0.200772019572805;-0.106838739763187;-0.940872205626736;1.28212761834572;1.33722461191822;-0.481022371305454;1.10156658502769;0.828019336312556;-0.288918682699511;0.117247040297929;0.0156504493110049;-1.04520555984755;0.0357686675939477;-0.349350431831427;-0.387879170200752;0.0358167574062041;-0.0617987626036925;0.845313222063978;-0.287868599719429;-0.716729674860817;0.694138223415043;-0.596495362774022;-0.700082547054213;-0.707349435469071
8200;-0.550765794787795;0.317939595105218;-0.188359956580849;0.570752438887441;0.248028518103523;-0.944340886275515;-0.204271907453072;-0.10949293412513;-0.937330478011645;1.27664047541223;1.34518445337533;-0.465650694064104;1.10565801365393;0.845454910695365;-0.280345828650472;0.131287311372942;0.0241520535838063;-1.05254517466064;0.0504563036969432;-0.337882425092278;-0.37734503588246;0.04476880330086;-0.0853830987873206;0.787032728668621;-0.277744689700705;-0.699959665943966;0.708414300579587;-0.563200227977968;-0.694919246878796;-0.688236855488742
8225;-0.533784764128798;0.335644923623798;-0.174647832589535;0.569253042228323;0.26135304788882;-0.905187829712537;-0.210005170842086;-0.119748353785676;-0.932448124338676;1.26644117365886;1.35240708013576;-0.450384557044003;1.10624683100829;0.861254820141207;-0.273048985857981;0.142338273054556;0.0303058741325716;-1.05265407045862;0.065300927613245;-0.325698100829758;-0.366883961853403;0.0514456471767879;-0.107133374221419;0.720823266031665;-0.271057732175992;-0.682798919304951;0.721367559859501;-0.531803818562414;-0.692110741505957;-0.670585449690912
8250;-0.518597158379863;0.351602707612183;-0.161223109857575;0.565669995707684;0.273028675132644;-0.865814167139376;-0.220616981072262;-0.137413979576738;-0.925329353235255;1.25118318634875;1.35696249063536;-0.436747800075021;1.10365115599438;0.87596414920119;-0.267302648141725;0.150835302333564;0.0329603739993228;-1.0466167348404;0.0797668787398549;-0.314561785754648;-0.357929750804794;0.0598901458032995;-0.13033314596157;0.647317878491171;-0.267512057120552;-0.666291498284341;0.732890346739699;-0.502299575399827;-0.688942821045256;-0.654450699188947
8275;-0.503889096198902;0.369063752648878;-0.148739883633855;0.557951010013733;0.284138499881195;-0.824164789654087;-0.234983339877241;-0.162763587634683;-0.914986517016821;1.23447401680225;1.36140905767735;-0.423231559813921;1.09726128143984;0.890377319165473;-0.261348619404459;0.157328508696939;0.0327290922223217;-1.03595544242084;0.0944574552120341;-0.303817010065755;-0.348999706152618;0.0682655843987359;-0.153963090058048;0.570576848932987;-0.265401276777595;-0.650532783330495;0.744528727058122;-0.473989836072383;-0.6851744969699;-0.636345683512817
8300;-0.489790703750866;0.386796015420106;-0.137534131538154;0.548712744650925;0.295287682493085;-0.781766337681046;-0.251399225657871;-0.19644386868461;-0.903180346400271;1.21646980855755;1.3656903829996;-0.410671524391371;1.08905613846333;0.901637210171673;-0.255785188506373;0.160488068574392;0.0303709924072027;-1.02022066649389;0.107421302834848;-0.293500257110585;-0.339365852840785;0.0772848470781007;-0.179392097113395;0.494518976453076;-0.265003501810123;-0.635271145789785;0.756324583953213;-0.449254725629221;-0.677228943009625;-0.618907897535453
8325;-0.47674483645551;0.402454470780822;-0.126973757620463;0.537020219159945;0.305328021097213;-0.738455442586979;-0.26935168230111;-0.238196527716599;-0.890881557107815;1.19886465353079;1.3708685719413;-0.401228253348877;1.07786198523187;0.910819683575241;-0.250110356983002;0.162419428429105;0.0257999870156894;-1.00010757204433;0.119018723684925;-0.282936157780841;-0.331924250652277;0.0888523765550753;-0.203948678797092;0.421337806830336;-0.265590767404674;-0.623174025674843;0.766586440619312;-0.42748669371888;-0.666481743193393;-0.601038430740427
8350;-0.46404292195986;0.418543326762689;-0.117591925780117;0.524769493098202;0.315630745180136;-0.694499886011149;-0.288549263175764;-0.286216102935797;-0.877391963647542;1.1823482641083;1.37606607103945;-0.393093578900491;1.06534752546384;0.918940484390066;-0.244865894567455;0.163882620234508;0.0185024531616019;-0.977118045385035;0.130528005549249;-0.273370074756192;-0.323277685535699;0.0984950299260153;-0.228777727466459;0.354705476260112;-0.266709395213209;-0.611252009862311;0.777519903688121;-0.408601206338807;-0.652037028717478;-0.583283193295956
8375;-0.452186060446149;0.434082492500324;-0.106216942823135;0.5121505755503;0.325409403323899;-0.651747229303277;-0.306663510623121;-0.337998672723736;-0.865123501842829;1.16724470286272;1.38109604776946;-0.386399919162834;1.05446652659926;0.925692474240591;-0.24135871613233;0.164256903192908;0.00887006125170906;-0.951674780705131;0.139868978572285;-0.264378123319551;-0.314865773342376;0.108084566164466;-0.250881117070829;0.296991712238893;-0.267382170798147;-0.599175047373562;0.789153735639485;-0.392152925701777;-0.633956652692577;-0.566267354525357
8400;-0.44104913242944;0.450555285415019;-0.0964332749878669;0.499960246289969;0.335402576593013;-0.611109348039083;-0.324006757476586;-0.394467805673064;-0.851487794124403;1.15514296416577;1.38626479446851;-0.38093859191443;1.04361383822318;0.929570747844088;-0.237509538673105;0.16367695890742;-0.000109419814208778;-0.922827697521129;0.149122385276042;-0.255710859105454;-0.305267012434099;0.1176330497855;-0.265121668413464;0.250542319762548;-0.26839251265961;-0.589409430790484;0.802624784944557;-0.378519772478164;-0.612350520814338;-0.548148142998931
8425;-0.43020266677229;0.46529226197427;-0.0865970486368072;0.488227663759911;0.344087931656227;-0.571743725943273;-0.339964880175872;-0.45144302537729;-0.834266595690574;1.14379013371954;1.39122171080112;-0.376085007138782;1.03308782135263;0.930409952989072;-0.232245463579602;0.161833298421099;-0.0094746124898494;-0.890767518571406;0.157209804563572;-0.247566997577359;-0.294541248829686;0.127191672856708;-0.272289567793793;0.216057700612336;-0.269499293105255;-0.579411920863333;0.816228437441491;-0.369623063243072;-0.590578758730791;-0.529752400757384
8450;-0.420018735221697;0.477935786320722;-0.0767918008693642;0.478482906513388;0.35351536827318;-0.535926829700888;-0.354337844980978;-0.506672941706167;-0.817591563851318;1.13654682739949;1.39708601481191;-0.371348604706639;1.02405831138143;0.929344726965102;-0.228293458753058;0.160330935728963;-0.0203244917402573;-0.856608890872842;0.166319492843149;-0.240909170765534;-0.28211324199731;0.136357962022313;-0.271487870998356;0.195457838497713;-0.269073999434872;-0.571124762776284;0.830242244805471;-0.363515581176934;-0.56528824819582;-0.511413506074358
8475;-0.410845705367114;0.489599217679671;-0.0661465983781259;0.471697576198192;0.363770388317338;-0.502796736873154;-0.366471692214172;-0.558802468429167;-0.799340906594759;1.13296441732338;1.40299153481116;-0.366636422115637;1.01762725796335;0.927399345197101;-0.223181368432996;0.158859350922959;-0.0302635626740852;-0.821591703464305;0.175447157790507;-0.234297712034865;-0.268519465210647;0.145462818108863;-0.263401511555611;0.189061086796775;-0.267103109299919;-0.563207001014782;0.843365449057049;-0.358587770226808;-0.535596599915496;-0.494804714840431
8500;-0.401320047133472;0.498347672466897;-0.056131483013138;0.469387096650089;0.375142462248564;-0.474887087581492;-0.37466986145305;-0.606180323926169;-0.778834973804106;1.1326004358634;1.40727930587539;-0.361403745045468;1.01478850250802;0.923687282051152;-0.218249286062702;0.159035125634597;-0.0378420552654632;-0.786399630242011;0.184946013334791;-0.227775425913828;-0.255020088372752;0.154197981129216;-0.24841395501189;0.195002784997257;-0.263523979661975;-0.557009517481293;0.853574433834308;-0.355656304798311;-0.50202466508524;-0.477288270424178
8525;-0.391318933085791;0.501345641684386;-0.046948533793365;0.470936335236914;0.385449185367179;-0.449775332525021;-0.376603818388309;-0.646563522943117;-0.75736796483257;1.1356929958312;1.41032510796602;-0.354266325697549;1.01549490857447;0.918656495598503;-0.212200941436744;0.161870305111175;-0.0431622752299917;-0.75351605172345;0.195862026656259;-0.222105666405552;-0.24127152684809;0.162752162403764;-0.232051021664074;0.212349967513377;-0.257290933820137;-0.551450810482449;0.861255359344326;-0.355243574974004;-0.467725716121761;-0.462138856385396
8550;-0.382557293360174;0.500708138377678;-0.0370147350379039;0.475871668584582;0.397090476433147;-0.428555801917244;-0.373817219976125;-0.677922352587001;-0.732791848202376;1.14155692072313;1.41386105943099;-0.344968661563016;1.02072922921221;0.911842088150498;-0.205498573316274;0.167832448382171;-0.0431750103855769;-0.71978099066132;0.205936131193521;-0.216478953050089;-0.227999659795755;0.17055631429828;-0.216677759694131;0.238110402756071;-0.248547463733691;-0.550943786228717;0.865165526753848;-0.356121969746639;-0.430871621378027;-0.449145757551571
8575;-0.373682421696192;0.495333024585202;-0.0263320283246959;0.482310874302483;0.409140216409937;-0.411630744571129;-0.367300665046177;-0.699760524390741;-0.702817946818714;1.15018544143184;1.41614637731977;-0.333024136704638;1.02966674422474;0.904509710977905;-0.196546444294221;0.174270377502701;-0.0416881617667006;-0.689395943462476;0.216153128900757;-0.211225291619104;-0.216923151669504;0.178149095425568;-0.202995838960053;0.268564946306864;-0.23700014371634;-0.551722791676416;0.866369038299775;-0.360195055662382;-0.393611079955295;-0.43768479597435
8600;-0.364730911830437;0.486165217851033;-0.0156198306469259;0.490543483978555;0.422624748701951;-0.398747026322067;-0.35657785344563;-0.712747009948907;-0.669453095282995;1.15911651808677;1.41681240260242;-0.319307051553141;1.04325839505372;0.897826150300981;-0.186001017593171;0.182068820971784;-0.0392407576598529;-0.658954407094607;0.226544553659811;-0.206354634531229;-0.209659528294687;0.183978205393768;-0.194204734964607;0.301055987192422;-0.222806681133022;-0.555321400453491;0.864546537059202;-0.365086565588601;-0.357770102805793;-0.42792655490471
8625;-0.357356453074927;0.471798081990332;-0.00502193557388293;0.497978883267536;0.435360410134964;-0.392242742353273;-0.342163007636465;-0.716442468596855;-0.633596840933862;1.16959732922219;1.41611120924266;-0.304138717527095;1.06360156712149;0.891182907559814;-0.175063264719508;0.192233776461472;-0.0341976813384809;-0.630737248921127;0.236709311004244;-0.200466475119414;-0.205420983346204;0.189687420003827;-0.193002973307837;0.336361524201096;-0.207153821220989;-0.558850033038361;0.858761178094724;-0.370462556553116;-0.321885746390205;-0.420332865798425
8650;-0.350547024261128;0.450381658433016;0.0060415104973655;0.506147841269199;0.449112791039688;-0.388618261555904;-0.324742372939358;-0.710852321123095;-0.596100922116788;1.18239137391647;1.41581227962303;-0.290469416238688;1.08924181624136;0.885199947298872;-0.164086435473928;0.20221822651903;-0.0274125705764691;-0.603368387542844;0.246452081433529;-0.194503098260448;-0.2054023694415;0.19357313466928;-0.200918739624442;0.374362709129678;-0.18941580340597;-0.564100663218468;0.849804841494312;-0.375905220643336;-0.285505981838004;-0.412985472228922
8675;-0.343716664426821;0.423490583845975;0.0175366235189478;0.516612540438224;0.464040762911654;-0.386170431241718;-0.305067607982589;-0.694985132944424;-0.558315658041428;1.19625778333913;1.41601307064186;-0.276749990693324;1.12010244049994;0.881342814096911;-0.15356856927551;0.211171800896866;-0.0182947825184327;-0.577400214877495;0.255480670611109;-0.187521260858269;-0.210893580855523;0.195730804132833;-0.22015941222677;0.41506620637192;-0.171581507044344;-0.568264865099349;0.836803680781817;-0.381726927437764;-0.249774450066161;-0.407082078934081
8700;-0.337223721175526;0.392761181758508;0.0301674128019731;0.52620733094756;0.478162902478292;-0.386122247866081;-0.283547699819603;-0.66933592732369;-0.520319598531294;1.21204944147055;1.41642541279947;-0.262771332844578;1.1541768326162;0.880146077119282;-0.145398334756785;0.219156209551498;-0.00835927942624206;-0.551290560732842;0.263189980491672;-0.180122990792833;-0.221119713296612;0.196380206489677;-0.248949198716424;0.455726243548622;-0.156050094332981;-0.573043853171102;0.820048519009493;-0.385511418477477;-0.216212916673277;-0.403034904154363
8725;-0.331698133229328;0.359181528198435;0.0429405772756959;0.536524134347626;0.491239915078665;-0.386446695792944;-0.259809071155243;-0.637555467934774;-0.485834457196922;1.22660045429655;1.41772253743222;-0.248609378496961;1.18792520353072;0.88020107558999;-0.139312575816674;0.226765138410405;0.00296846506739055;-0.526784626896496;0.270726006640066;-0.173096518978795;-0.236423067422511;0.196202331367124;-0.290633738289864;0.49511661946877;-0.144453905248443;-0.577030972809099;0.798344994244982;-0.389723479421597;-0.183500427520872;-0.40082545407053
8750;-0.325838744302354;0.321924437916119;0.0559591817013767;0.546669252875898;0.501975183056779;-0.386144198178236;-0.234326770747257;-0.601565263261317;-0.456528666017087;1.24030758413737;1.41871069229104;-0.237882694195864;1.21802785666256;0.882860965645206;-0.135789114957319;0.233822511977286;0.0155865650352039;-0.50578845108648;0.277687463552799;-0.164872888814609;-0.255591441884888;0.194840071019382;-0.339673238712735;0.53519121175267;-0.137282196652998;-0.580710094129372;0.771771702735112;-0.393347182181171;-0.156317259132649;-0.398896970720083
8775;-0.320568273402367;0.284102282532954;0.0690509867972176;0.555755048349458;0.511127354876858;-0.384993170959833;-0.207980407819608;-0.564022644078248;-0.432001631635514;1.25336669338325;1.42010801240364;-0.233029311822852;1.24083485915373;0.887746838298498;-0.134924917463417;0.240358115211607;0.0291347988645732;-0.487225278849937;0.283528082314791;-0.156827004549059;-0.2765941033341;0.189986477047632;-0.396865367352709;0.574871626447237;-0.136006929446218;-0.583772508656785;0.740483138124636;-0.396978111610503;-0.134300692582118;-0.397477372352187
8800;-0.315413033526532;0.247320388152546;0.0826078284125971;0.562736951227602;0.518174437022412;-0.380510814739816;-0.18122016302451;-0.523981170943868;-0.413160217135996;1.26638124414091;1.42184334170893;-0.235140630389004;1.25109745524737;0.89476066939772;-0.139301221290738;0.244940573250509;0.0422191295243014;-0.471141017088258;0.287980669437426;-0.148530816499009;-0.302151454457346;0.184385488630116;-0.461133973130339;0.610847617144525;-0.14151745225036;-0.586897099297749;0.703534143582834;-0.400141727444942;-0.117004624381046;-0.396093247878942
8825;-0.310501199767634;0.211833364883285;0.0952369591557294;0.567630684129568;0.523846154854473;-0.373436650677179;-0.155857893681362;-0.485080100440563;-0.402900952248686;1.28033878912675;1.42421349921758;-0.245167544245895;1.24955880678191;0.90230929157647;-0.149862688849272;0.246659414268561;0.0544731179257264;-0.455717484338956;0.292209677610351;-0.140248424611544;-0.326985453348927;0.178132884631951;-0.52580319613692;0.644544460360376;-0.153903677313159;-0.590919183969685;0.661176399023704;-0.400596282077086;-0.10282420710312;-0.393439200375806
8850;-0.305867722417341;0.180604905110486;0.107761814778546;0.567947408930648;0.528502589727112;-0.360509351561151;-0.131361923268779;-0.44549767559583;-0.402073301578024;1.29297058096288;1.42593513796891;-0.263403162944583;1.23457327781155;0.911710418455174;-0.167257110146006;0.247385268549052;0.0653264555450624;-0.443129449048931;0.297010097532418;-0.131272060355876;-0.352355827125127;0.169047269432915;-0.588745753813031;0.675500244063813;-0.17241214951059;-0.596621760665102;0.614054173290158;-0.399867560584312;-0.0927293401690601;-0.390728300623338
8875;-0.30219368268302;0.153261224189212;0.120481495080362;0.561485972904747;0.532415648312071;-0.34385135268541;-0.109244053393947;-0.406970616969629;-0.410125464834418;1.30587291175419;1.42801667060926;-0.292113042542086;1.20307197307088;0.922515199270769;-0.191027043194904;0.246641301803248;0.0755268687839848;-0.429822917891057;0.301587950426207;-0.12209480737237;-0.37547593659538;0.1575157172305;-0.650684025180267;0.703946860275161;-0.19605892157608;-0.603515871488935;0.564673857142674;-0.396456229480971;-0.0880715703651267;-0.387593661968747
8900;-0.299585042526851;0.131145550723715;0.132764201620776;0.547897991578723;0.535862647936901;-0.325149782391246;-0.0866197803970565;-0.368273934322049;-0.427701796626378;1.31698678812437;1.43001835660702;-0.331156026195318;1.15556590321053;0.933458697115537;-0.220297634721442;0.2448658142282;0.0836384677164933;-0.417603271592581;0.306133745526032;-0.113644471247;-0.397468972519721;0.144457791724108;-0.705433826829994;0.728834162462955;-0.224097707327387;-0.614505383633104;0.512354701918486;-0.389786589726471;-0.0878136908430844;-0.38325994476389
8925;-0.296371674371144;0.114881659535152;0.145419962937497;0.526892439475372;0.537012924153038;-0.305170121179564;-0.0658456274531125;-0.330282997173825;-0.452831095078769;1.32781464510706;1.43182256538263;-0.380252979429305;1.0892757775707;0.946351831665178;-0.254917422754085;0.241803059464308;0.0918965156909094;-0.406063209472677;0.311701878525073;-0.104126519567926;-0.414067398582073;0.129983464883062;-0.750524908277869;0.75178848416241;-0.256652809277409;-0.63053468179972;0.457100992969509;-0.381063768635388;-0.0899024653114677;-0.378721852784602
8950;-0.294535095107166;0.10478560744171;0.157285196382259;0.495828694747616;0.535068371383255;-0.283632038690328;-0.0462235694609094;-0.292213604938364;-0.48512840170248;1.3374415262976;1.43417215312019;-0.437972870721421;1.00895361992028;0.958682253821147;-0.295814128087922;0.238397111578408;0.101203390612228;-0.395340820109967;0.318408575087405;-0.0946342489927945;-0.425209860561677;0.112510890377568;-0.78143261870361;0.771837095721198;-0.292441095909483;-0.65090603168085;0.400720507371648;-0.369837390317826;-0.0977453954144571;-0.375357041758145
8975;-0.292525722425613;0.0991831388104014;0.169668364357066;0.455536305299875;0.531243659849468;-0.260585396408035;-0.0274604223977106;-0.255816312312824;-0.52634813030582;1.34601153705043;1.43583590181585;-0.505540998882089;0.916582375055414;0.971606580119797;-0.340755444164077;0.235560278572954;0.110111181094112;-0.384671657049326;0.324982904628304;-0.0854665495400235;-0.432637961069558;0.0925160408306161;-0.797636317927229;0.790264825945252;-0.327932954156237;-0.676708308895927;0.342779128339953;-0.356292138691007;-0.107487852019984;-0.372338828620935
9000;-0.288887912633696;0.0996601343423364;0.182784357075826;0.406676697153985;0.523647975459863;-0.236894717035767;-0.00774789185991893;-0.2217264291763;-0.573249982711;1.3510197499753;1.4363375292387;-0.580032638484216;0.813135298247212;0.984202718624424;-0.388125048921769;0.23423526875485;0.118475415585267;-0.372946622271557;0.332361904450674;-0.0767043249020309;-0.433579408920808;0.0698829701886812;-0.799914923314856;0.806600737887326;-0.36325193423612;-0.707445270306364;0.286003534376503;-0.341151206529838;-0.11875806204514;-0.369422180069291
9025;-0.285793537039505;0.105607902355156;0.195456984451934;0.35019719807041;0.512652924188602;-0.214824515281062;0.0110835931908038;-0.191049380229966;-0.622965723186021;1.3517048476304;1.43533069780528;-0.659604185336;0.70307007819202;0.99534984292639;-0.438651799203097;0.234270159081232;0.124534331567622;-0.361103046407817;0.341994834942218;-0.0678405875156178;-0.429430510025094;0.044925866853415;-0.78658698305302;0.820596791999366;-0.397093624674307;-0.743093476384197;0.231297282589598;-0.325114878935059;-0.13051035054155;-0.368352885057455
9050;-0.282810073250378;0.116650335019377;0.20712966242757;0.286226990112156;0.496138002377905;-0.192224319600121;0.027965218117616;-0.164545228061417;-0.674323017102132;1.34760195877382;1.43352667280921;-0.742524904920325;0.588926790964909;1.00725408275704;-0.488980539062277;0.237812687447482;0.129392730506514;-0.348790735043394;0.351366102083989;-0.0605691518000464;-0.420750419220907;0.0198746021055989;-0.75983712107777;0.831817102950086;-0.427416897048573;-0.784202576955563;0.179970516255499;-0.3082939654046;-0.140637256657884;-0.367979534589223
9075;-0.279498839842;0.132040675652474;0.218409112483333;0.217759418311001;0.474914678463616;-0.169888422998834;0.0442372320083791;-0.145001377801177;-0.724914384447851;1.33956380189973;1.43215066614523;-0.826061473244288;0.470422909118382;1.01910661145464;-0.538827737402951;0.242115757806413;0.132300024487973;-0.33634922414436;0.361819287375886;-0.0527751650731636;-0.408567514644415;-0.00853399588183108;-0.722425703782272;0.842289211785013;-0.451588361982686;-0.827553730929721;0.1334569632276;-0.291794695436803;-0.14720103269806;-0.370258443660148
9100;-0.276531419506729;0.149598556272418;0.228986282760805;0.147798252002411;0.450140815327947;-0.148969401352903;0.0593519134909522;-0.132368352221214;-0.771493725655156;1.32411052108517;1.43101229160995;-0.907787498534518;0.355296264609852;1.02895488767756;-0.585021179828982;0.247994507529014;0.132322035823564;-0.326423440099133;0.371166013656677;-0.0455102521614084;-0.391914833183555;-0.0324654606008296;-0.678662002706045;0.851393063993714;-0.470217981243326;-0.874287076160765;0.0895333532379738;-0.277310852184101;-0.151288697296757;-0.375081237185105
9125;-0.273565251137292;0.170509515586101;0.238955256090417;0.0756368570191672;0.420620249999982;-0.129245710292515;0.0751326033289135;-0.129355398874802;-0.812022209144979;1.30039748797909;1.42924977731076;-0.984528055749716;0.246372510954134;1.03914381965218;-0.627149915775718;0.256634405904399;0.128612285865838;-0.317719738093378;0.380778849765333;-0.0385551639943591;-0.373396148733867;-0.0557773822264335;-0.632552411836922;0.859051329706362;-0.483325780718315;-0.923503448446572;0.0507413819049466;-0.265011030309957;-0.151469511355811;-0.380303313372394
9150;-0.270305948473885;0.193740781333275;0.248450250462415;0.00485874669767146;0.387479987679517;-0.111790635772025;0.0901331559442747;-0.134351640408806;-0.84626326179684;1.2671257377834;1.42703103026914;-1.05579161090425;0.148250213415576;1.05011313750414;-0.664820333666612;0.267438248096957;0.122177429587125;-0.311122532502336;0.388790153093977;-0.0315898710579807;-0.354321716330651;-0.0793247217854906;-0.584165966870961;0.866475144609028;-0.489458258090014;-0.975762113744281;0.0183584709826369;-0.253596480088522;-0.146621964382348;-0.387919770028987
9175;-0.266247135379911;0.217680522623405;0.258096533886748;-0.063336553555766;0.350944703633989;-0.0956478129442803;0.104774570949615;-0.14671466034204;-0.873060108620008;1.2253173750867;1.42506071608285;-1.1212277940284;0.0622630099592167;1.06061121214763;-0.698129245933024;0.279934210939463;0.113696487826232;-0.306459799596521;0.395940307617677;-0.0255774775421527;-0.338213042531955;-0.100790128455966;-0.532464862679993;0.873166398157306;-0.48862896218983;-1.02997078681038;-0.007174650499374;-0.242804349243949;-0.136480200514683;-0.396218409650377
9200;-0.262320760217108;0.244101319568736;0.265910640251284;-0.12662690349899;0.312670057895729;-0.0826401390079256;0.117196767862158;-0.16709630317896;-0.88889939280721;1.17306922455807;1.42442639831095;-1.17801309265439;-0.0093488660525467;1.06932638929896;-0.724712657781713;0.293295209397163;0.102879118001685;-0.303962003632263;0.401445430524155;-0.0189482685552189;-0.323061597349021;-0.118306774082545;-0.481507484550203;0.879721164368533;-0.482503084279775;-1.08485110061417;-0.0248080840676424;-0.234485012156803;-0.122800876833318;-0.405188180554676
9225;-0.258969566649056;0.270070570344998;0.274702218206227;-0.181951053953647;0.271415179992847;-0.0727184428957254;0.128489125165335;-0.193091684741456;-0.89716888088597;1.11020291498151;1.42445847168123;-1.22457312129521;-0.0663096405986265;1.07871170941627;-0.743775023098085;0.306506507839003;0.0892580822179788;-0.302566176158541;0.404573048926639;-0.0134686185915713;-0.309853252176412;-0.131751869599677;-0.433137415496681;0.886020601337092;-0.470548551938351;-1.14176690838276;-0.0362032488298141;-0.228429919983766;-0.107039434640283;-0.412239668791555
9250;-0.255561806302285;0.295975623253679;0.283096688640579;-0.227071754695175;0.231562287390905;-0.0631728064120524;0.138794034481099;-0.224900202990724;-0.897857694419344;1.03841696344197;1.42644772412684;-1.26101888480078;-0.108039955762834;1.08839782711926;-0.756870834759291;0.318833047444259;0.0738023300908242;-0.300757116957646;0.405657184583488;-0.00913537878979387;-0.298065489565039;-0.140788013145425;-0.389723575523118;0.892557497911312;-0.455374654745684;-1.20235077111561;-0.0395531726784784;-0.22201049042182;-0.0867749277159324;-0.419394375243045
9275;-0.25182821923419;0.323878257774065;0.290360745251247;-0.260803315711607;0.192287924804156;-0.0563238692609484;0.147485862283641;-0.260563488482851;-0.891131762797398;0.960948557465283;1.42883361063153;-1.29031394517002;-0.135296333635591;1.09794063030705;-0.763219475866268;0.33024911242414;0.0577085633600168;-0.300056537942898;0.404060818685383;-0.00632598481358748;-0.289289398566784;-0.145420998595621;-0.351784794240498;0.898893459768816;-0.438042762431145;-1.26413266624113;-0.0359735259387067;-0.215465863600124;-0.0632474282530573;-0.427055539665186
9300;-0.247653206419322;0.349766650463955;0.29593493594669;-0.283318163466811;0.154197763657043;-0.0500053968176503;0.155373642223144;-0.297844104064375;-0.87729329087957;0.876978307244122;1.43108600826094;-1.31209598349187;-0.154228325222908;1.10604058702708;-0.763965710853795;0.342050169236805;0.0417028272177898;-0.300025176847026;0.402686907030783;-0.00622881636337613;-0.282593991838731;-0.145363413049957;-0.320734257768137;0.905289790693559;-0.42001354435701;-1.32764153477116;-0.0256123568490714;-0.207994696217011;-0.0389151590386294;-0.432939169458378
9325;-0.244628554944053;0.376022792564307;0.300405110210144;-0.293528289263381;0.11758646641517;-0.0447500057042695;0.164316126035234;-0.33554588169088;-0.860886526621369;0.790478420372991;1.43392888990202;-1.32682707069525;-0.163568914021467;1.11308420822064;-0.758715171820088;0.354174984140516;0.0282207822261352;-0.301125116845893;0.40022923581036;-0.0086061417815273;-0.277662597847295;-0.140708604303897;-0.297097400829003;0.911758879217232;-0.400522482620081;-1.39353740006529;-0.0106467516447411;-0.200719694461567;-0.0136176816545441;-0.440519226127674
9350;-0.24189599084347;0.40213952444697;0.303718077919577;-0.292358621595265;0.0850062496814068;-0.0401399090171272;0.17299834572494;-0.37161873192715;-0.841654866468867;0.703229026397125;1.43725505217239;-1.33753463849281;-0.167800897630622;1.1189817525029;-0.747147159397873;0.363957341792195;0.0168827837460178;-0.301037224847526;0.395968587788742;-0.0145987974784791;-0.27430211601936;-0.131444662591575;-0.280674492536068;0.917336883384097;-0.380296120267549;-1.46119237521869;0.0076869214856367;-0.193517492198111;0.0138861706109073;-0.447230977440827
9375;-0.237768924467816;0.42766546556948;0.302128428642167;-0.283294209479509;0.056230286696916;-0.0360944594925553;0.181778374003419;-0.402828575910719;-0.818250585393742;0.616220394654199;1.43878397354218;-1.34474599253177;-0.168733220739628;1.12454726578281;-0.731059252858274;0.37204347777139;0.00504859690445123;-0.301437406982527;0.390510966855592;-0.0237525042686446;-0.274796558218129;-0.119677083974518;-0.271345959107296;0.921071851388922;-0.359967705995482;-1.52976439823867;0.0312243833944605;-0.185843318077233;0.040321518398452;-0.452397977951943
9400;-0.233623993590344;0.451715035231385;0.29546272421554;-0.267184402380454;0.0325699209290791;-0.0331231005920668;0.191017403620941;-0.428748041967256;-0.794246988281743;0.529669862227345;1.4396547540863;-1.35084591788227;-0.166435270109903;1.1283143901796;-0.711853713275467;0.379167971535204;-0.00399922523876342;-0.301934150337434;0.386564858268783;-0.0366464180099895;-0.278102041459663;-0.106639621938359;-0.26874987366384;0.924767819322749;-0.339806630703707;-1.59726003190287;0.0567900003469392;-0.176838865278344;0.0670775308697531;-0.455950001960774
9425;-0.230608388178524;0.475508713945234;0.283053356748182;-0.247543820501279;0.0139031674469361;-0.0313929856438201;0.199520483109127;-0.446527797155615;-0.770210603455408;0.446611320773844;1.43963967556212;-1.35646896501498;-0.163192211968174;1.13117313961969;-0.688796074352733;0.383083478026896;-0.0105599706230381;-0.301785125489489;0.383860875888672;-0.0530634645798074;-0.28174049322207;-0.0914977680959658;-0.272018764855672;0.928575100331437;-0.319208501753605;-1.66242705322213;0.0859588171321736;-0.164380854673597;0.0917463831683894;-0.456486098468894
9450;-0.227520549020596;0.496923282735063;0.263652765345917;-0.224295160841572;0.00183133546469776;-0.0288095628735005;0.207979982814149;-0.454098551144142;-0.749607917760802;0.368133045192863;1.43862775854879;-1.36537925282827;-0.15882573128349;1.13387771388469;-0.663134844362415;0.384772897620508;-0.0143013785054013;-0.299694992935522;0.382795054866612;-0.0740765965607642;-0.287143108877351;-0.07595293880967;-0.280450803412624;0.932630041812528;-0.299670449859996;-1.72324209623651;0.117841850347548;-0.14902784953323;0.115452434927007;-0.454722482860229
9475;-0.225356230233003;0.517239175837312;0.235670892540203;-0.19900279175157;-0.00530183909189592;-0.0269839707508623;0.217006269576434;-0.452037872433274;-0.733039954124546;0.296753593211826;1.43759412196521;-1.37426282439539;-0.152308992947542;1.13644709382562;-0.635633038612133;0.383503748204393;-0.0148111737227609;-0.296295721052558;0.38372022478131;-0.0966985300230121;-0.294207212290441;-0.0601714152697479;-0.291277790695447;0.935282753277241;-0.280846911688781;-1.78068536329375;0.151338101854361;-0.130547372845166;0.13746680648598;-0.451730332316372
9500;-0.225820084995841;0.535345965311853;0.199787014196604;-0.173976461202478;-0.00877320540064836;-0.0251341867280334;0.226546415113454;-0.441310014134656;-0.720720485379423;0.233398445823502;1.43637661249028;-1.38480678662995;-0.143486624334418;1.13729370043364;-0.607931816695302;0.379465846815128;-0.0142235783019297;-0.291868495374869;0.385068010029218;-0.121997906140348;-0.301163813362964;-0.0452722185999006;-0.303124168269534;0.936935455084052;-0.262894331656884;-1.83357293844716;0.18615478914982;-0.109351895103544;0.157591733201495;-0.448461020534649
9525;-0.231266696908633;0.551139269988521;0.156282020843328;-0.1499364169328;-0.0101472766581765;-0.0253863305385202;0.236907491087675;-0.420805455296479;-0.713795349309834;0.176821873660487;1.435026123974;-1.39557700033366;-0.133434260792185;1.13896483496073;-0.57818519319007;0.372906124817284;-0.0111198828912279;-0.288162682529499;0.387897221574472;-0.150504788725121;-0.308199768258834;-0.0307731457717919;-0.314407190937481;0.940003914162063;-0.245424943028253;-1.87919513351246;0.22137512042042;-0.0878184514284595;0.17628158516933;-0.444947350645086
9550;-0.239911682888803;0.565897082330725;0.105692533371595;-0.127749992027323;-0.0100175270548439;-0.0247404751793584;0.248352715785198;-0.392943494818207;-0.712769818590218;0.127742495373192;1.43311819216061;-1.40795520185522;-0.121772887418256;1.14081752050464;-0.54744536286613;0.363209365920093;-0.00411665732215418;-0.283245794552563;0.393218263508125;-0.181761097014435;-0.316918965276764;-0.0183837131132413;-0.322788765377809;0.943522608231655;-0.228771301255971;-1.91726765448965;0.25688438622205;-0.0681130221474798;0.191662139672802;-0.439302310551346
9575;-0.254376300737795;0.579965649908138;0.0478588197202288;-0.109031364602832;-0.00761412252839762;-0.025836348451353;0.261142826969747;-0.360172362637067;-0.719646920104568;0.0869942252042525;1.43198827264268;-1.42130005598858;-0.108680547136231;1.14260885756942;-0.516606836446631;0.351663595156074;0.00632227581864839;-0.280970524212717;0.400768300021256;-0.214427105367313;-0.324957433067529;-0.00882519026951107;-0.328539316740846;0.946100372595015;-0.214414002146908;-1.94620352324193;0.291430038148058;-0.0513791225135859;0.207040010067374;-0.431970634807177
9600;-0.274679405657583;0.594419833590003;-0.0157832256344403;-0.0930608131894679;-0.00558525290385443;-0.0269253763901291;0.274247947585837;-0.323695193260984;-0.735065080668835;0.0535786346769741;1.43136686748589;-1.4373626847037;-0.0923270344080094;1.14509979744714;-0.486881079442536;0.336963898830914;0.0183905529448372;-0.281100826805066;0.41124636764971;-0.245442818062172;-0.332130827002331;-0.000564565813725393;-0.328291411628307;0.949658758291885;-0.202417649165969;-1.96195989054252;0.32588417509298;-0.0385284117064374;0.221994298178674;-0.423837812985635
9625;-0.300630578481281;0.608073747946903;-0.0845428701744741;-0.0799014169564261;-0.000626786285827308;-0.0272259039088664;0.286245330421193;-0.287108974209557;-0.759026298944293;0.0273528276157836;1.43220667720915;-1.45331945010047;-0.0705522770902802;1.14707972623037;-0.457796744530188;0.320746321643666;0.0320598289266215;-0.282870233087054;0.423186208309617;-0.275704535117905;-0.339107278666102;0.00582110830023734;-0.320999517408213;0.953505080814607;-0.191170992335169;-1.96751433946934;0.3598265715005;-0.0288162676049915;0.235755895763439;-0.413571160991691
9650;-0.333228111574943;0.621874012629226;-0.154164619423115;-0.0704925063027753;0.0053943653143758;-0.02894871296614;0.297620553111683;-0.249550358704474;-0.791973311011216;0.00709383713323062;1.43464759777806;-1.46946975914985;-0.0465200037466516;1.15035452137127;-0.429445502233736;0.302324014524827;0.0462318357134116;-0.287009519181804;0.435850398819786;-0.303955232345586;-0.346791112604734;0.00911241262666356;-0.31003375283659;0.957282444395795;-0.180920387665714;-1.96060516747985;0.393005140175225;-0.0241566634889071;0.249505091942418;-0.402156817335804
9675;-0.372826377157124;0.633754919383632;-0.225298068398299;-0.065250584376815;0.0149723659700214;-0.0315843641425041;0.308927916655917;-0.212572208175948;-0.833981766415398;-0.00849646916710025;1.43921849307771;-1.48664436113331;-0.0214880907235435;1.15323737082979;-0.402027836563186;0.282832833936698;0.0600610324156904;-0.292127317629809;0.449251619687409;-0.329544216371586;-0.354536513290306;0.00950666689801509;-0.29614524090606;0.960804810810843;-0.172232276211594;-1.94121694616456;0.425707462817429;-0.0242800314429871;0.260806624004289;-0.389415627433793
9700;-0.418334403276672;0.645986422901349;-0.294822633873286;-0.0611361634456056;0.0266036281403224;-0.0347776477958338;0.321172106675426;-0.176615822099698;-0.883998820287189;-0.0189116619287194;1.44557848641879;-1.50514183708689;0.0108436806499932;1.1580481897262;-0.375455413089384;0.26014199371455;0.0744738607785967;-0.299328399238106;0.463675644715412;-0.350633619946945;-0.361282503146609;0.00919302845852337;-0.280709993947663;0.965250850190874;-0.164646227351539;-1.91204637665355;0.456234710547278;-0.0283109155202555;0.272589466578455;-0.376620709387727
9725;-0.470113108437437;0.658734446209643;-0.360428321991733;-0.0589594319278966;0.0398890797916652;-0.0368400146124132;0.330813358096535;-0.144218010180715;-0.939974780961482;-0.0255705157796164;1.45328993814458;-1.52230774497078;0.0479362955475824;1.16182754853084;-0.349072740717175;0.234091927565637;0.0916539075474493;-0.308204174504316;0.477449344932551;-0.366769442577376;-0.368339525233749;0.007381065344009;-0.265161608443024;0.970780151165118;-0.158293800428009;-1.8733815712331;0.485216582480934;-0.0365917627204376;0.284579421189033;-0.364909026557383
9750;-0.526467032588769;0.672266658789646;-0.422009488836026;-0.0566674838783959;0.0561064813426658;-0.0392733431163411;0.338586626346007;-0.1130907133822;-1.00351806326511;-0.0289160093032711;1.4618162250664;-1.53763848419914;0.0898452364251416;1.16524486791092;-0.325421814332503;0.206367304653216;0.109635288586892;-0.316153691722398;0.491217814014637;-0.378189097263283;-0.376741028379422;0.00170775931323424;-0.25194243420373;0.97612345713948;-0.152396554105448;-1.82596897131021;0.511120031325345;-0.0469311905942283;0.294113482415124;-0.354235716100214
9775;-0.584191241822196;0.684496184450836;-0.477578854108236;-0.054692178700085;0.0748341679856431;-0.0412438677866786;0.344934318341096;-0.0847555074033391;-1.07003616189021;-0.0308739383313078;1.46848243374626;-1.55284551860449;0.137277069737291;1.1694925260351;-0.304068383518852;0.177134024199632;0.128581233149685;-0.323645925672619;0.504173285152673;-0.384988793292574;-0.387041761023149;-0.00637706698320968;-0.243010207558622;0.982694543191705;-0.146458165657662;-1.77496022473389;0.534741191130305;-0.0611156273358607;0.304860461273414;-0.344503280956263
9800;-0.642074883131891;0.69895631060204;-0.524818845100485;-0.0532907786614539;0.0960953499090527;-0.044910946309808;0.350337296398187;-0.058106305682922;-1.1366982975866;-0.0313249087491395;1.47337166953777;-1.56767770443178;0.189602309892781;1.1743581504882;-0.286569654246593;0.146581943459136;0.148424990169396;-0.330531238805855;0.517362515216905;-0.386819645820826;-0.398047952546313;-0.0164785760278558;-0.237522746638096;0.989531646644679;-0.141496080160171;-1.71821448203242;0.557379410478101;-0.0779559127323167;0.314365793013119;-0.336871022387674
9825;-0.700958575076132;0.714505909857283;-0.566892172366749;-0.0505781404700086;0.119470308914451;-0.0469466419983417;0.350790622735024;-0.0329312766761277;-1.20292182810108;-0.0293977536744067;1.47566108654551;-1.58126658720542;0.247124646897188;1.17886477728949;-0.273400599174753;0.114686927309438;0.170010838993432;-0.335138482836362;0.528447320351005;-0.384077013395701;-0.40971796998864;-0.0307167099191447;-0.237578996687314;0.996239153025648;-0.135950670654438;-1.6583043128874;0.578362413280371;-0.0945563062843569;0.322664391921308;-0.330010233365997
9850;-0.759256700182401;0.731670021347203;-0.601499792468977;-0.0467582051349218;0.142735761942384;-0.0472041326950085;0.348590922475448;-0.00936690499680715;-1.26926277103259;-0.0242981776324801;1.47469685422915;-1.592906093949;0.305872538975108;1.18453037519302;-0.264981024894797;0.0821897850619355;0.191128253706966;-0.33563527864636;0.538123541366005;-0.377291923216074;-0.422011008958913;-0.0467962659037688;-0.244573405986591;1.00270047516498;-0.129439048748594;-1.59790586943715;0.59925300714454;-0.109064728234673;0.327389209427772;-0.325818317192755
9875;-0.815072632221532;0.748892164738711;-0.629805043244939;-0.041413098419955;0.16857749340317;-0.0468280797460786;0.342814414916161;0.0118394985573743;-1.33399820343452;-0.0180565266264504;1.47017547512392;-1.60099892823935;0.364836563628473;1.18892979413498;-0.263345606675934;0.0476940562638073;0.211720038604757;-0.335194161970761;0.547498919045557;-0.36635702448494;-0.434402550906584;-0.0631292537453998;-0.259301400548961;1.00893558304187;-0.122274234939223;-1.5361437846644;0.618982002861771;-0.122032170485987;0.328174860091391;-0.326880761248996
9900;-0.87014727190251;0.76706315104985;-0.653236877104709;-0.0354765366776729;0.195614584219711;-0.0442669180159746;0.332052424829052;0.0302119544495644;-1.39401428507079;-0.0115488130495182;1.46203429746298;-1.60494434311392;0.425988717311638;1.19029784982418;-0.266704170525534;0.0134984520373957;0.231598278059021;-0.332793626119863;0.555732971507227;-0.35396364450625;-0.446665885071184;-0.0789517348745176;-0.282301122279418;1.01442392179985;-0.114143671806344;-1.47475307980074;0.637120319077766;-0.134014533482874;0.324441004764758;-0.329783763123389
9925;-0.923732131591535;0.785642018568351;-0.671811997591186;-0.0291845613621698;0.220722399426831;-0.0396914984554301;0.315521944803173;0.045747281505662;-1.44762285218155;-0.00586085376497305;1.449559149444;-1.60502570508867;0.48458177480284;1.1887363781655;-0.279050977766754;-0.0193104331041992;0.25092975096584;-0.326795810867568;0.563695271786807;-0.338920977349014;-0.459874338995877;-0.0951578537911377;-0.313829233870364;1.02070580561174;-0.105331401983873;-1.41179165544305;0.654852270292138;-0.143308911780743;0.316561297349894;-0.335099063603086
9950;-0.974511936277148;0.803345443142939;-0.687693357619627;-0.0203636047265128;0.244181234300153;-0.0345214175589116;0.293112400914025;0.0596496740265017;-1.49502806267558;-0.000651118812548113;1.43271242469019;-1.60212054566594;0.53613017331115;1.18274733323524;-0.297952252607444;-0.0491699421283634;0.268038600346201;-0.318016112711691;0.571470757477208;-0.323194122477124;-0.474191644537555;-0.11013371994332;-0.348597535645791;1.0281968886682;-0.0953749563229382;-1.34842585592747;0.672130387703697;-0.148092632670469;0.304473778647934;-0.343044089632866
9975;-1.02357951108994;0.820322023001912;-0.700959423130157;-0.0120621261837639;0.266690364530769;-0.0270469830406198;0.262860357494966;0.0728635583591847;-1.53688027241946;0.00526723723085585;1.41313652739079;-1.594761120862;0.580417421460037;1.17066681488118;-0.323217686901769;-0.0790157076454539;0.284553649419802;-0.306697092204408;0.579512975719041;-0.305586799877055;-0.487409013452259;-0.12211260435459;-0.385412632399141;1.03670818539141;-0.0839781946225826;-1.28350819270876;0.691038861301669;-0.147302848752949;0.289901947416187;-0.352815402280241
10000;-1.07192743726093;0.834978120837832;-0.712368648793557;-0.0036047085020197;0.287962193810371;-0.0184559530746523;0.224108951393113;0.0837353208699955;-1.56938750162161;0.00946633553233109;1.39146228172267;-1.58274889959894;0.615218763966385;1.15234936946115;-0.3519243998492;-0.108473081273502;0.298360479822639;-0.294122183172644;0.586055322027392;-0.286574810412833;-0.498738017907593;-0.131035495748078;-0.425159451473769;1.0475350253418;-0.0730845388741579;-1.21801448577505;0.709400420340514;-0.142536189270733;0.267921059072477;-0.364416327016755
10025;-1.11832175985725;0.844424980719074;-0.723119659480483;0.00508635493527638;0.307955211848502;-0.00836479614300236;0.178308919526244;0.0923077141049974;-1.59450004470734;0.0147922279748168;1.36797789624485;-1.56671795053313;0.639229161686397;1.12771475325067;-0.384233019250012;-0.13481949598396;0.308904091349884;-0.279574492580576;0.591854268686303;-0.268157088188418;-0.50834571499125;-0.13497874710231;-0.464937449170204;1.05979188878013;-0.0622568690756027;-1.15732233613312;0.726905988004923;-0.133554011793554;0.240098988275611;-0.37614841272646
10050;-1.16405418477126;0.847740074569208;-0.733439029344222;0.0149593445228026;0.327274797502725;0.00184489416134079;0.124518456117679;0.0989793906676876;-1.61205729572403;0.0212993612771687;1.34333098781036;-1.54683983723725;0.652146229447788;1.09471572693522;-0.419958772832341;-0.158968382243795;0.31421988337073;-0.264525004375279;0.596613660738607;-0.250033951310763;-0.516310080405502;-0.137449722338497;-0.503832918739127;1.072072755051;-0.0547834085656524;-1.10244039546606;0.744315403479346;-0.118937660534138;0.209261232794743;-0.390219161930765
10075;-1.20986354772103;0.846526519334197;-0.7424155163058;0.0228736956131661;0.344101949891227;0.0125520662458102;0.0619706557614151;0.104101325603158;-1.62204297313814;0.0299638300345638;1.31895642322824;-1.52464267804305;0.652218619555222;1.05374105423204;-0.45802740055429;-0.179028230842258;0.314180469482564;-0.249591512834773;0.602576817102117;-0.232309511654869;-0.520817958408681;-0.134781095212407;-0.538442194338192;1.08231833114288;-0.0506398402218644;-1.05316839582617;0.761901663614421;-0.100140370258647;0.17396713525704;-0.403332225195517
10100;-1.25641676944041;0.836642006014364;-0.748223013879395;0.029398547962079;0.358457852511633;0.0225651699564811;-0.00725946291223107;0.105948098550991;-1.62690382511069;0.0404385525548957;1.29497646192448;-1.50009578984774;0.639202849516873;1.00561767342117;-0.497126014883125;-0.199705960587326;0.307834554476564;-0.233405039617739;0.607945627730957;-0.215803015638651;-0.522564926152276;-0.131870529307409;-0.56819011732896;1.08853728184288;-0.051042133121793;-1.01325674005226;0.776844088823728;-0.080979319887077;0.132784312823888;-0.415304495658713
10125;-1.30523966520276;0.817839813352284;-0.754053370425495;0.0342787141405527;0.367985034741528;0.0306519370757946;-0.0838927793624084;0.101190948433562;-1.63173795525914;0.053521324358227;1.27134885740514;-1.47436626559084;0.614317730255136;0.949617886156872;-0.535463979961698;-0.219918268396852;0.294255890637813;-0.218847406117892;0.609766689296103;-0.200532753414794;-0.523274378701463;-0.130761758779784;-0.593686317664193;1.08905935223682;-0.0579011943602707;-0.982660558828346;0.789464402566663;-0.0643628337030747;0.0897500829674034;-0.42644883851911
10150;-1.3551461128384;0.786996994039472;-0.759995098659214;0.0380888946976185;0.374918924041386;0.0370924285517909;-0.16656921477423;0.0948987150421178;-1.6334632577131;0.0697676148289608;1.25248956343126;-1.44843759431361;0.577014175966756;0.889155120986243;-0.572332028205664;-0.238582159166487;0.27279964552899;-0.205934310850228;0.609602058451463;-0.189062313939965;-0.522846538923625;-0.133269348262234;-0.617437429499102;1.08231302677712;-0.0720499194228785;-0.963871556322041;0.802081753828081;-0.0500599774111184;0.043494250998472;-0.435642105990765
10175;-1.40348429450427;0.749374996431087;-0.762421998887479;0.0437111950697943;0.380672640879711;0.046229998564364;-0.253390494596064;0.0882298379774183;-1.63131363978771;0.09151612277183;1.23870668526639;-1.41968232546678;0.530571008682533;0.825909738008868;-0.600972558826489;-0.254037620875243;0.246310382050032;-0.194279774696892;0.608540301004641;-0.177012711399775;-0.521284100500599;-0.140899595369008;-0.634049442806736;1.06726433872621;-0.0943242094755514;-0.954455027913399;0.814614563872572;-0.0334828990264696;-0.00418181148133607;-0.442533326659972
10200;-1.44909911582473;0.708091464040026;-0.75705880752695;0.0523021126476417;0.386435862585492;0.0585606533541974;-0.339978755070114;0.0850783056589927;-1.62613047656762;0.119553172105725;1.23456167917093;-1.38899629449261;0.480435873397707;0.762526045503637;-0.618394196820442;-0.265184427817483;0.215993587584646;-0.179416199726993;0.6120973610607;-0.163058187244454;-0.511889770490939;-0.155084135973807;-0.643046011452588;1.04431254605545;-0.118762124949952;-0.952333451329042;0.829239367723779;-0.0133088201573513;-0.0470409882364399;-0.444507619856886
10225;-1.49032331515204;0.666062991341132;-0.741884498643704;0.068790482325989;0.392589157520052;0.0785355392683381;-0.425458092252354;0.085712782393209;-1.61555581659328;0.155532074813303;1.23644058052524;-1.35498437263024;0.431629061628313;0.700467394148413;-0.621303320454094;-0.269746431502068;0.184295772933854;-0.157772010087912;0.61914073420804;-0.144337507404162;-0.493698486921233;-0.175885523578429;-0.642711372930277;1.01275850530104;-0.144663749011668;-0.959238423599863;0.845517182845793;0.0142219846598842;-0.0841330949988881;-0.443355536450878
10250;-1.52498204706444;0.625341908995378;-0.718797832097076;0.0917745858224121;0.398922753435626;0.105208327193162;-0.507258274403316;0.0917968007861872;-1.59958407473872;0.197552278547665;1.24787098801208;-1.32213453453062;0.38443853967878;0.643102490512679;-0.61446264191478;-0.270317220779059;0.150182229008903;-0.131285460941713;0.632798380295881;-0.117507836967442;-0.464163854177187;-0.204228645246055;-0.633174040639276;0.972948867956544;-0.170056782686827;-0.97000139285314;0.8644109735805;0.0456071800038193;-0.114008602270631;-0.438541696933208
