;1;2;3;4;5;6;7;8;9;10;11;12;13;14;15;16;17;18;19;20;21;22;23;24;25;26;27;28;29;30
-500;-0.0185888718965842;-0.0673913964633858;-0.109926156459232;-0.0247800266702698;-0.0842782132836752;-0.151097134037323;-0.118997121201592;0.0437290612199561;-0.00846525041758506;-0.0390949800690666;-0.00528241601043495;0.068381475014266;-0.030861165547491;-0.108036317650671;-0.225863793006366;0.0195242049197102;0.00389009532309679;-0.0642032387592506;0.0197184163164698;0.0195396467315353;0.0416724402010289;-0.0199759819828911;0.0194444283832795;-0.0840497969617772;-0.0496328528342541;0.042172204895908;-0.0572289504252996;-0.00729248904715418;-0.0497458218076587;-0.0439176689180962
-475;-0.0206837823762097;-0.0614237925142195;-0.111929015537357;-0.0208368543659474;-0.0788288960479534;-0.147020504316946;-0.10874842419668;0.0428516168257653;-0.00182002909984158;-0.0333813566326893;-0.000565183199463259;0.0586810852478651;-0.0248652214279463;-0.0992333498612165;-0.20333565744043;0.0192557733694496;0.0104299853743065;-0.063903293149294;0.0133295394873189;0.028574318052565;0.0314125618774616;-0.00799376193571177;0.0186622723500149;-0.070639592412879;-0.040641309981717;0.0463141560878614;-0.0449701899343555;-0.0155883659831637;-0.0597588032690568;-0.044698052496378
-450;-0.0200073277816811;-0.0557571950318505;-0.111925022822047;-0.0172003333243862;-0.0723749213014428;-0.140108414811538;-0.0957717207734849;0.0417326080918858;0.00662130551272488;-0.0321130902382072;0.00359516724510049;0.0478127177965429;-0.0206350944890738;-0.0878771720966035;-0.180704445720865;0.0201240019878526;0.0151292738455849;-0.0638683762207881;0.00665285269320877;0.0301199755024543;0.020345726444525;0.00343640212044516;0.0184605686602475;-0.0594898629158646;-0.0331802380726594;0.0481474520497426;-0.033721626998469;-0.0202964426310686;-0.0666317357207606;-0.0445505230156245
-425;-0.0191583672885761;-0.0512056861010346;-0.109914083914587;-0.0133713825657602;-0.0668911550120394;-0.13081814562448;-0.0809178369426191;0.0365643850698403;0.0146900832889947;-0.0316058468996386;0.00613794787877291;0.0386207131868511;-0.0155626323719424;-0.0777330305593732;-0.156106408338501;0.0214598128582066;0.0171833612150568;-0.0601893214025351;-0.00049546881189193;0.0261851569917798;0.00867956857368863;0.0154540546776341;0.0200010088233289;-0.0488075379995546;-0.0266961162120859;0.0471861172398949;-0.0277918321083535;-0.0235922575356191;-0.0682209521902217;-0.0456469953681242
-400;-0.0186130588959715;-0.0469042038623315;-0.105275161501578;-0.0136802806990617;-0.0606802970221191;-0.119262847812236;-0.0666394651666624;0.0286148454178079;0.021683035138087;-0.0306977800212398;0.00783771299182794;0.031364936496986;-0.0101904478335068;-0.0662891823898334;-0.128985878246256;0.020623970942383;0.0185791316792253;-0.0531962378664819;-0.00629437775013346;0.0204646013518927;-0.0047740338346081;0.0253353247126586;0.0220284688362233;-0.0384993707459;-0.0229120292317576;0.0439289109585238;-0.0217142173563376;-0.0269522180373067;-0.0649120718977494;-0.0442021181404335
-375;-0.0193458764783095;-0.0424853759961956;-0.0966856545821159;-0.0137353784764751;-0.0528593421279219;-0.104390328239846;-0.0537511457418094;0.0203670211143487;0.0266174719501495;-0.0303146974046167;0.00787271792963411;0.0254547589295842;-0.00646702823265062;-0.0549984079430611;-0.104167618470449;0.0207169869403767;0.018264114942078;-0.0434384020826943;-0.0104999230417602;0.0131721021052179;-0.0143370055098664;0.0297550962159949;0.0220631556288375;-0.0268088710186024;-0.0206025676439217;0.0369256026441976;-0.016794022201478;-0.0283626826410612;-0.0593408730114386;-0.0415499987452204
-350;-0.0185689201065072;-0.0379166217620929;-0.0849338647558223;-0.0135696636967073;-0.0443505054986467;-0.0890607378885155;-0.0397365355603462;0.0110512521991488;0.0300747082879602;-0.0301658156811729;0.00621689592016788;0.0205536192883183;-0.00268333631524871;-0.0412763051885562;-0.0795929917148663;0.0217779545794823;0.0162087175762254;-0.0334106096695237;-0.0114281279527089;0.00565565517838742;-0.0199815279626206;0.031072757711061;0.0197400154093734;-0.0121186411882123;-0.0169085161357477;0.0310052177948864;-0.0140313954782778;-0.0286328580492998;-0.0535426340782015;-0.0381133282371546
-325;-0.0164554522295305;-0.0315331083619079;-0.0697803806676282;-0.0147964027163039;-0.0353073093536379;-0.0705687389865046;-0.0253612936837917;0.00247337851238782;0.0317485750129651;-0.0278935544872819;0.00455512699849985;0.0146038940768335;0.00110381208350501;-0.0265753417089504;-0.0539006217842821;0.0226084549005341;0.0132124755147403;-0.0231872319704616;-0.010359033882796;-0.00200117953358401;-0.0242205739278248;0.0326750836739818;0.0171111993961479;0.000236654580156959;-0.0126518616495253;0.0222796491991922;-0.0114162164316882;-0.0271457440167768;-0.0463985160305691;-0.0318710705652234
-300;-0.0130576710644533;-0.0249776912568351;-0.0512869063248699;-0.0154842758349614;-0.0237454964804821;-0.0492570753805284;-0.0111750129101646;-0.0047738289260657;0.0304777038557096;-0.0256221696679371;0.00430236531904287;0.00798306926527945;0.00344014472787895;-0.0125744968743852;-0.0293412459845148;0.0214306587856816;0.011117795421821;-0.011703352406534;-0.00877513016567071;-0.00704727935706249;-0.0276783830838461;0.030695968358577;0.0122377518369894;0.012440447684965;-0.00747653968329618;0.0134890837918248;-0.00837942405918035;-0.0251660716537854;-0.0332347823754142;-0.0245036110696695
-275;-0.00934170531989373;-0.0154261799855697;-0.0337978142754251;-0.0133435001765974;-0.0151792654818502;-0.0271981739726552;0.00292873208136473;-0.00984992466664725;0.0267085366546351;-0.0202088331928663;0.00372104894862018;0.00107015111054785;0.00774788679923604;0.000946959479278897;-0.00459672343804103;0.0187119922592007;0.0084365295706915;0.000559051821552359;-0.00724818363731088;-0.0107783385860879;-0.0274874439409068;0.0294637038500118;0.00704406031633065;0.0238138244309583;-0.00280954095494166;0.00483418029235492;-0.00648645651161939;-0.0219987609310459;-0.0214099918200856;-0.0152426530408707
-250;-0.0036429836945123;-0.00360886768342845;-0.0126107141218149;-0.00892824143992454;-0.00451423221145988;-0.00401445421576607;0.0178848989774756;-0.0152893001360841;0.0216771347494187;-0.0132699477145322;0.00299474348267053;-0.00558341513233676;0.0113478182526157;0.0102841968091968;0.0193337138363463;0.0139049282568964;0.00547539238242898;0.0118251403754615;-0.00444845112419183;-0.013538136747092;-0.026294411981829;0.0264400123104256;0.00196834266108725;0.0323700848244513;0.00291591345863709;-0.00217898951109166;-0.0036426631105293;-0.0150672255406545;-0.00884851462881442;-0.00664913946426071
-225;0.00224841040363124;0.00617165525126988;0.0105639791356268;-0.00488326390611205;0.00797950408140955;0.0198503498355356;0.0310517843218157;-0.0201489369327126;0.014422168838252;-0.00432760345626653;0.00158213185473093;-0.0119040197546211;0.0129672838869528;0.0194117778124941;0.0452488651694154;0.0077693161211867;0.00239727695448764;0.0208589178060521;-0.00220180573238742;-0.0178744859635712;-0.0243336937901811;0.0194187452723504;-0.00374917479277892;0.0395902065607029;0.00805987640863184;-0.00969710766067791;0.000284466535258154;-0.00865087423732525;0.00458955797377691;-0.000411477962627194
-200;0.00786848240918516;0.0161502630023827;0.0327430492241941;0.000381959257210962;0.0210476995589029;0.0422103211538367;0.0424846084437581;-0.0225314941730623;0.00539429194389163;0.00516869849146646;0.00121150280155407;-0.0189616549218693;0.0148644437308834;0.0317353109827926;0.0706723132195582;0.00110249351454783;-0.00046869210402658;0.0268861879495201;0.000758562561912379;-0.0206975718399512;-0.0204607690692312;0.0106818848955985;-0.00994579818967223;0.0420224507480787;0.0129191514755022;-0.0147408904649728;0.00353456351143855;-0.00103723449243787;0.0188206516580751;0.00851768297446243
-175;0.0137079486681072;0.0280219088423235;0.0547977082483643;0.0053913116641584;0.0344338878818812;0.0665692059280483;0.0513155618208674;-0.0235910913388162;-0.00387324110048892;0.015535951962099;0.000165505490181506;-0.0258962660206829;0.014192359142033;0.0447606777760717;0.0936604354256228;-0.00750331706210083;-0.00380095857902631;0.0331557844302841;0.00457179269963377;-0.0208707033434058;-0.016385933999829;-8.43204866214364e-05;-0.0137039726584223;0.0406244210806449;0.0163665671146541;-0.01796056773106;0.0102015039786965;0.00808670755144569;0.0323262824789483;0.0173969809584256
-150;0.0197393714089364;0.0405597848391906;0.0788058815972873;0.012257500850493;0.050569248531905;0.0905424379162429;0.0601225413285227;-0.022804923409641;-0.0131627384214137;0.0253791948937169;-0.00215465792985077;-0.0309764357644019;0.0126839731813427;0.0565500328062159;0.114629953727174;-0.0174336265714601;-0.00773050473348427;0.0381786627570397;0.00585745204974892;-0.0207506008579973;-0.00977560441477436;-0.0101702953869545;-0.017068376738361;0.038065327493968;0.0207212008157957;-0.023625639057273;0.0183593834133582;0.0187487163787534;0.045213804120624;0.0255011952289206
-125;0.0263682130051256;0.0517279405621376;0.101395050020151;0.0148425972356914;0.0637791463883385;0.11513655290287;0.0685180933550123;-0.0227461459790828;-0.0221144443657555;0.0348265575228559;-0.00503766210802477;-0.0367412465499527;0.0104570883728555;0.0658011363326735;0.134472683110867;-0.026039908407391;-0.0143037753615912;0.0449945406181707;0.004994822016211;-0.0184886425105605;3.70084225327361e-06;-0.0197993783989672;-0.0193546155020416;0.0350209002324867;0.0273233968145773;-0.0313882512660558;0.029156110446892;0.0299871524766104;0.0606429537107414;0.0362930870616298
-100;0.0301523575823802;0.0621494641768261;0.12515817157012;0.0129973128166703;0.0758395543697213;0.138684638200497;0.0760595348668765;-0.0223556749770282;-0.0311968710661286;0.0444230293853367;-0.00598782377455871;-0.0417586794796897;0.00826772900257837;0.0760430887521027;0.152363258563347;-0.0337460136769545;-0.020032288470912;0.0516050099921337;0.00301788013977107;-0.0133709894126511;0.0127598887678293;-0.0293257402478595;-0.0209349512431136;0.0302955988921495;0.0324744704319337;-0.0416799903616908;0.0381057860591802;0.0400580828802675;0.0756327078854071;0.0491043882576536
-75;0.0311632211264307;0.0723029091314511;0.147039856251293;0.0227151030230348;0.0866861930436696;0.162154238481867;0.080018140462808;-0.0207625530269988;-0.0411805924577178;0.0557585046960234;-0.00775768322522703;-0.0455072453459217;0.00503555421112538;0.0851103890988208;0.167161937551087;-0.0414639933694154;-0.0247904064681158;0.0594942516331578;0.00100800531177421;-0.00596849150703136;0.0245404530092099;-0.0415663902965644;-0.0244555504296229;0.0242455484239082;0.0374914064166442;-0.0524884037659358;0.0460971435004565;0.0458033880807582;0.0881141683106919;0.0649897168734619
-50;0.0271894513728611;0.0788233983691318;0.165481675265026;0.042384700252629;0.0952630792024423;0.187570333374195;0.0835597747228687;-0.020541261033947;-0.0493830746355965;0.0656820847648471;-0.00929249187196541;-0.0481070153849853;0.00456455550256245;0.0907802568484007;0.179426358285279;-0.0484394797034895;-0.0306505060860619;0.064557025940144;0.00190770201518515;0.0011618788916671;0.0340966574559928;-0.0539800609176098;-0.0309864394766328;0.0152752363134306;0.0379503346787657;-0.0639291871313203;0.0490904959780778;0.051647609328515;0.0985476840566337;0.081427643864201
-25;0.0190265611555715;0.0827227948441381;0.182079403650414;0.0636391187726191;0.103411320762958;0.210078477493245;0.0871548857957803;-0.0219890338510549;-0.0589187736682608;0.0719216537491698;-0.0141149487412783;-0.049090442058613;0.00459227732429039;0.0931697775746024;0.189625865255874;-0.054384210644697;-0.038547017996525;0.0649854902040472;-6.65231923826948e-05;0.00651308485349524;0.0422183843435279;-0.0715331041455594;-0.0385623932712149;0.00641297197688893;0.0372892547847649;-0.0785935480043084;0.0513475411922304;0.0554515681003489;0.108156886635072;0.0981259418049281
0;0.013217291125731;0.089393698297259;0.197210843130276;0.0779925978154545;0.114020812263685;0.228584286923343;0.0883395572788133;-0.0240433198088281;-0.0679862734576022;0.0783411859277387;-0.0194486624204361;-0.0449721933262183;0.00455150014815424;0.091626221068786;0.200519772875025;-0.0613386961599351;-0.0462163578471481;0.0667204083438895;-0.00356264119908771;0.0126216063977584;0.0496909377818319;-0.0890531665182666;-0.0496804915172375;0.000321338112493663;0.0369102717883442;-0.0860994922682902;0.0515718811997745;0.0573522860698719;0.121289424464417;0.11942110024958
25;0.0119131070740192;0.103563089569352;0.217083482600451;0.0863834935873702;0.128993923788469;0.253677188028242;0.0929202890117318;-0.0212969553911382;-0.0722627134550158;0.0868694814360642;-0.0214163447359092;-0.0395824635834888;0.0110087373575861;0.0926220537529464;0.212932011234048;-0.0637490950879709;-0.0474687940069479;0.0668102235398242;-0.00192201966322485;0.030097851007452;0.0613027327262607;-0.101709758334452;-0.0573037576876687;0.00237206884740324;0.0410784943859058;-0.091758670268627;0.0545114971088578;0.0651164109085383;0.136137722112722;0.143064783705714
50;0.0142755522499231;0.122292138219728;0.237996241051886;0.0910916737804368;0.152098815245186;0.278657172900103;0.105710725940784;-0.0106356521346713;-0.0681592647827372;0.103180966420262;-0.0175407830805685;-0.0247825774486824;0.0219001056003157;0.0966327501970861;0.232330579798647;-0.0605209196523209;-0.0417751560076306;0.0707509744086199;0.00708396861246059;0.0503435883476623;0.0743369901137713;-0.106733556787884;-0.0616366124824279;0.0108012782652361;0.0518123546382473;-0.0854856480979064;0.0611188221193242;0.0759351029208031;0.159956258143824;0.167320940883515
75;0.0175286621009873;0.138748422791063;0.256251929405592;0.0606055286761555;0.172794519562397;0.307375700598062;0.125085867687156;0.00221332342911307;-0.0592622129610247;0.124120493272301;-0.00564987129020951;-0.00391538021040607;0.0414502811856501;0.106273720862418;0.253829352058974;-0.052614821878076;-0.0288585517531516;0.0807743311653502;0.0167915468053929;0.0814907332817384;0.0885763426438386;-0.106290964930905;-0.0628523966257259;0.0215727789739978;0.0680551823218651;-0.0755740686524745;0.0722551628199781;0.0923220915986296;0.184286663058349;0.19240249168573
100;0.0178938761410151;0.150736476111829;0.266499841450062;0.00777440096316218;0.188980671857281;0.342807401237191;0.145014620248424;0.016528317652984;-0.0494718725337253;0.147023410104568;0.00501860439459927;0.0208068897312138;0.0594555472710852;0.116049428971087;0.27409141349165;-0.0481352915089621;-0.0191085841854267;0.0888797371502879;0.0247556339438292;0.110756511636043;0.0946719273490164;-0.109871746278679;-0.0635765179395151;0.0324602140460893;0.0786504177616531;-0.0627414278785353;0.0795807243376805;0.103894754068234;0.206690046625995;0.213519009416849
125;0.00729057303833649;0.150346266468972;0.265747561303003;-0.058625206324193;0.188280548604097;0.372556611965524;0.160431236215544;0.0244970620057092;-0.0423427822146167;0.160156990560408;0.00859109408639496;0.0377791686640995;0.0703648292037986;0.121280108420729;0.278716655965244;-0.0476715197984721;-0.01416693051191;0.0926862280428535;0.0227296845800455;0.134771636174952;0.0922386507503827;-0.122493635095939;-0.0664303233043415;0.0349748791826233;0.0790807637189503;-0.055900924097026;0.0758872956241881;0.109560578697133;0.212295569938762;0.217311685592627
150;-0.0179680768944005;0.127242541216292;0.241521756050069;-0.135263734620187;0.167152574058343;0.384487816334577;0.162198675431867;0.0195670184848504;-0.0455734485244119;0.159502836957965;-0.000528280232663558;0.042720740414769;0.0668663299600274;0.114393280556836;0.265305691443383;-0.0590042553643073;-0.0238765646669833;0.0821992520224617;0.00615167584057503;0.137236311434528;0.0658351271998294;-0.148139835124522;-0.0810886702378544;0.0212600833780764;0.0625036159924127;-0.0610537465487343;0.053754462800188;0.098883628402769;0.197438442898884;0.197560559372978
175;-0.0636665807268036;0.0745833278099446;0.192981403485955;-0.223296469137527;0.116770607597169;0.373982762279483;0.146013222126363;-0.007504073806472;-0.0656078020207089;0.137395381377533;-0.0314664533586241;0.0278788079297655;0.0407255470089841;0.0901159663933394;0.224207851038665;-0.0869338938724811;-0.0536451803233632;0.050778480145409;-0.0317973459649097;0.112866618706502;0.0105996160184054;-0.195285011802591;-0.11061698314787;-0.017143678307208;0.0219595737574588;-0.0906424052555847;0.00614240267973454;0.0672750402298903;0.149875963591839;0.146997764968106
200;-0.13206820663163;-0.0105923444042157;0.117190678349307;-0.319168463873896;0.0351970947179939;0.331511237261412;0.102121608565656;-0.0586229804648548;-0.108379788633869;0.0891801836871939;-0.0879929302652253;-0.0125993943660184;-0.0164559795322958;0.0411407314145754;0.148907451516517;-0.139238475411294;-0.106861694063327;-0.00848742879185505;-0.0977561995255143;0.0594390941670428;-0.0773934141219302;-0.267954920113219;-0.157768042469896;-0.0807539298785111;-0.0484966340045604;-0.143575186181207;-0.0772190420681333;0.00968455854896022;0.0714992097302123;0.064413341146442
225;-0.226244216541165;-0.127948533149086;0.0132509627282055;-0.421937377234585;-0.0806324539536508;0.254708515873931;0.0306591854051877;-0.137633973922774;-0.175527326933096;0.00893481439439165;-0.172237363541801;-0.0809594903499692;-0.100563598333247;-0.0337041108135542;0.039236241310656;-0.219121828325788;-0.188541843242138;-0.0943709926054748;-0.194237096211639;-0.0265570290235889;-0.196332646953163;-0.365967355804911;-0.225127082830594;-0.173359247880994;-0.14701599112261;-0.227243646689188;-0.194461508614999;-0.072858356291676;-0.0450862666069243;-0.0494055639247948
250;-0.342973885524271;-0.277387270606101;-0.114712252441099;-0.528501647965855;-0.223947666897646;0.144258507652168;-0.0702492119600664;-0.245459598251872;-0.268910267866196;-0.101708845903467;-0.285574419127546;-0.176317108990704;-0.213890167811834;-0.137977549601279;-0.101015765122207;-0.326263688053861;-0.297536645647194;-0.207607915514864;-0.317598680572338;-0.151842451861216;-0.345979454921818;-0.490309164028004;-0.317758269626854;-0.294001881173118;-0.274183423059695;-0.336554099339379;-0.342138106042181;-0.185605785468309;-0.191334524902951;-0.194050180097744
275;-0.479589296505019;-0.454397262378346;-0.261534141949692;-0.636065999353497;-0.392457826496271;0.00133198038539017;-0.195969730159337;-0.380150656114858;-0.385773384152372;-0.242683952310293;-0.424247106711888;-0.297059705210625;-0.35223437412141;-0.265606058968836;-0.268695913411757;-0.457520351621796;-0.429062205579993;-0.343239968644895;-0.464949445661165;-0.311764484386095;-0.523870168884778;-0.641926863097964;-0.430899094962054;-0.436742386532393;-0.426341980762733;-0.472256044962284;-0.51786685543312;-0.320508952607187;-0.365747532624032;-0.363848727558285
300;-0.628459672275974;-0.648840781941853;-0.4220649590928;-0.74546986808071;-0.574379272834523;-0.164930619238143;-0.338877876702834;-0.533919542559349;-0.521725828086461;-0.404855425944027;-0.580979082777135;-0.436918432080149;-0.507745201036916;-0.410790290779236;-0.455543687707203;-0.611814883249242;-0.578516346918726;-0.497822290704557;-0.627539559405042;-0.494961810857755;-0.712853307174914;-0.808247699480432;-0.555450141209099;-0.597349842356492;-0.595789111955488;-0.621730207586456;-0.714374803154601;-0.472023745240568;-0.558548792410433;-0.549959255735104
325;-0.782725103759283;-0.849350881976218;-0.586942203917157;-0.856101117672529;-0.762127468183687;-0.346976936923428;-0.493975873663019;-0.696230664290219;-0.668970259081117;-0.584381216631264;-0.750276644862394;-0.582904294525804;-0.674738855402786;-0.569508573328986;-0.651733141879455;-0.780144340846711;-0.738490941110693;-0.663725923105194;-0.80047584854175;-0.689984136120806;-0.909694618081411;-0.978825490031247;-0.685785258834886;-0.767673012364038;-0.775686159114641;-0.78159614794761;-0.919051988571892;-0.630059227632648;-0.762513853280398;-0.743258096486932
350;-0.931857592431807;-1.04420127400699;-0.747091802088603;-0.971557911341206;-0.946582462686299;-0.53368068413058;-0.654732453225903;-0.860554724473863;-0.820650550300993;-0.771700486120524;-0.925143840104497;-0.734715817725854;-0.843744219697635;-0.733160912870986;-0.847440869909209;-0.952925085484099;-0.902233241023229;-0.837363853074223;-0.974136492220353;-0.889623751793716;-1.10592166481508;-1.14876778493283;-0.820794735819456;-0.938933023646326;-0.952470463422144;-0.941840363091482;-1.12597613066421;-0.789859604693627;-0.959525263262804;-0.932629901653413
375;-1.07311992211672;-1.22564112953194;-0.896286686112898;-1.09977356140996;-1.11815852953587;-0.715212707926537;-0.814098709520535;-1.0215103938242;-0.965555190370762;-0.955577284035318;-1.09252221387326;-0.879975963812978;-1.00544740922553;-0.891917493837923;-1.03543441076704;-1.118016677318;-1.06121214741294;-1.00073304490937;-1.13673789729844;-1.08338691203023;-1.29062338225316;-1.31139824061362;-0.948493094823547;-1.09891362881863;-1.1193766972343;-1.09517647642839;-1.31855773117439;-0.940746119379017;-1.14570635389921;-1.10899968189085
400;-1.20198682989888;-1.38720242060022;-1.02923761439259;-1.23721751710871;-1.26945880845171;-0.88546357735684;-0.963880352251727;-1.16597512987503;-1.10036507263971;-1.13032674706186;-1.24475538409276;-1.01228322684812;-1.1569918851577;-1.0411491448004;-1.20406514353383;-1.26875444561201;-1.2041383225395;-1.1531382197924;-1.28771029678335;-1.26056064803304;-1.45701789894997;-1.46008185680355;-1.06125060339246;-1.24584274184812;-1.27168605056661;-1.23076860941813;-1.4931017125035;-1.07703233997833;-1.31020031029596;-1.272218441828
425;-1.31598777500248;-1.53027962971515;-1.14565352289484;-1.36968064249268;-1.4071405556159;-1.03464466311353;-1.09998883126894;-1.29549270252869;-1.22112409492379;-1.28724723095064;-1.37925294761677;-1.12654615510463;-1.29119418815883;-1.17456729456388;-1.3519135101422;-1.40134940277631;-1.33035588644215;-1.28787443085715;-1.41932130295132;-1.41644070023614;-1.6059086649603;-1.59221965365264;-1.16210752412611;-1.37738947274885;-1.40607855248052;-1.35246316667763;-1.64910670474136;-1.19656566525746;-1.45489492057236;-1.4160489396882
450;-1.42242391130848;-1.66305841648772;-1.25060916993381;-1.49288409948747;-1.53144270950677;-1.1640455323876;-1.22071361905982;-1.41028408668945;-1.32626335784257;-1.4273891468946;-1.49824355543544;-1.2296322051541;-1.40827225487704;-1.29185041268845;-1.48369463996387;-1.51758938140145;-1.44374985030293;-1.40625511207002;-1.537017090841;-1.55187012059577;-1.73759432324143;-1.70982466809152;-1.25377061483849;-1.49517849027736;-1.52730105612642;-1.45728973500111;-1.78595978034976;-1.30262564323004;-1.58084015231361;-1.5466632353954
475;-1.51946017350667;-1.78643655866141;-1.34612709793337;-1.60864156698666;-1.64138599986431;-1.28315696867952;-1.32735475177384;-1.511376059677;-1.42333323233863;-1.55683246777968;-1.60289494327159;-1.32718594858795;-1.51238656817914;-1.39542559302251;-1.6028667589396;-1.61725721816039;-1.54382473298473;-1.51187040177356;-1.63969915567373;-1.67342134735771;-1.85585913180103;-1.81679355363201;-1.33275262368117;-1.60101180823847;-1.63742769642238;-1.55167335854346;-1.90815357204887;-1.40067795990616;-1.69456385956131;-1.66296810291607
500;-1.60772835859851;-1.89576874848543;-1.43512006440642;-1.71632163603228;-1.74172457767725;-1.38675990747984;-1.4250564053477;-1.60297322344969;-1.51237948912113;-1.67629769851683;-1.69815026228163;-1.4142554049035;-1.60845252054218;-1.48963868269673;-1.70941481126206;-1.70374010464388;-1.63825787354698;-1.6046030725787;-1.73565366607054;-1.78189388265396;-1.96659211038192;-1.90962179470149;-1.40384072888166;-1.69426679974563;-1.73957516654663;-1.63444621636194;-2.02150707878404;-1.48893562641602;-1.79496561713963;-1.76768980669748
525;-1.68985108312724;-1.98920184844927;-1.51729400266537;-1.79887171788488;-1.83535472157443;-1.47627376641584;-1.51791852468373;-1.6843045732499;-1.59309385700235;-1.7878313050868;-1.78499119821939;-1.49353107718435;-1.69431503529554;-1.57673227164797;-1.80738145721651;-1.77882635417222;-1.72451406124018;-1.69275172349778;-1.82235678721659;-1.87510485347265;-2.06866700918163;-1.99640557770966;-1.46837605305196;-1.77290937249309;-1.82947878485933;-1.71459296919055;-2.12689005781847;-1.56334851939699;-1.88849223103327;-1.86185118282028
550;-1.76773862144722;-2.08076549918337;-1.5900140827912;-1.86424311280939;-1.91867690828016;-1.5653858830157;-1.60467738816815;-1.76112358074158;-1.66495827042636;-1.88293859769917;-1.86035602083028;-1.56107930333429;-1.77396959980267;-1.65752683562473;-1.89217609229893;-1.84643660700511;-1.80205882670922;-1.76962723024013;-1.89993943268502;-1.95946483978398;-2.16338346091174;-2.07268003479565;-1.5281303173119;-1.8424057865772;-1.91078107797318;-1.78113457524069;-2.22421943015859;-1.63173844576213;-1.96883463375109;-1.94423049450933
575;-1.83772229664327;-2.1658909776233;-1.65487848605798;-1.93941175470589;-2.00127634549938;-1.64747118199547;-1.68441348455913;-1.83219806850942;-1.73124310081829;-1.97013105908763;-1.92702704662716;-1.62615779895697;-1.8434661864603;-1.72786132417679;-1.97103061539676;-1.90593650526769;-1.86884255919351;-1.84114655686674;-1.97078945671286;-2.03154570312236;-2.23985899225164;-2.14162003029898;-1.57984188088196;-1.90319844201986;-1.9820364075663;-1.84542055945594;-2.31125664600889;-1.6955383721937;-2.04338900437016;-2.01257174239732
600;-1.89914718959222;-2.24191932865943;-1.71428134913259;-2.00610690054058;-2.0738415470422;-1.71555360898545;-1.75488778940881;-1.89306898590472;-1.79074592193917;-2.04924410672476;-1.98791047675135;-1.68043701158509;-1.9097541382128;-1.7909407509225;-2.03909894582623;-1.96325811588237;-1.93104935982528;-1.90536749143238;-2.03622452693926;-2.09952920913567;-2.31044958236534;-2.20053387366849;-1.62234711763351;-1.95940364863781;-2.04968244435979;-1.90326744502964;-2.39230369286538;-1.74943306011445;-2.10296407816537;-2.06943306846459
625;-1.95543355510741;-2.30945469410111;-1.76514826162326;-2.06639835666943;-2.13746837457217;-1.77566376719208;-1.81828096311382;-1.94866121044785;-1.84552833112941;-2.12526789994628;-2.0428736933617;-1.72824517586271;-1.96827514378374;-1.84597637748728;-2.09940867336902;-2.01722629055498;-1.98396722348895;-1.9633008391265;-2.09318566312427;-2.15732062347494;-2.3682552227765;-2.2554373563134;-1.65932890613006;-2.0102139546367;-2.10748773245313;-1.95737745171877;-2.4605544098537;-1.79306779917386;-2.16095051631051;-2.11634936076455
650;-2.0082390231172;-2.3707299032182;-1.8127381954803;-2.12072504098017;-2.19430076180409;-1.83178557661737;-1.87368067673524;-1.99791803503087;-1.89591230249259;-2.19359368745753;-2.09023931222856;-1.7676346042121;-2.0192279836529;-1.89933578866999;-2.1522084277063;-2.06707709118232;-2.03672532951712;-2.01231675314705;-2.14636332223063;-2.21310347649412;-2.41936577673349;-2.30349623687777;-1.69272397697581;-2.05674943097485;-2.15889523573028;-2.00526324030903;-2.51982790379276;-1.83512168339444;-2.21516136068418;-2.15551619041593
675;-2.05394877296658;-2.42323090821062;-1.85422218865276;-2.1676962918006;-2.2454272295739;-1.88499276973846;-1.92363917342786;-2.04675535543663;-1.94289239817378;-2.256897767542;-2.13445735119515;-1.79993251467493;-2.06460478879382;-1.94836449255573;-2.20148474294996;-2.1113759595004;-2.08170879576645;-2.05552021909153;-2.19452172901747;-2.26434386208235;-2.46338252170204;-2.3418562247171;-1.71914831313867;-2.10029502124738;-2.20321229989111;-2.04635903032082;-2.57180957881008;-1.87042647556006;-2.27180320777688;-2.19264414464714
700;-2.09854531199293;-2.47343026545458;-1.89213706033151;-2.20706019466069;-2.2935072413496;-1.93499416728657;-1.96737365667473;-2.089504772076;-1.98613651290349;-2.31324043817705;-2.17311363187995;-1.82373375755147;-2.10375967512786;-1.99642460539406;-2.24788226209136;-2.15557869139349;-2.12066309156923;-2.0924339102998;-2.23656902260993;-2.30765526384153;-2.49981364071511;-2.37135842615583;-1.74246647026556;-2.14214069142764;-2.24172745832558;-2.07850397064425;-2.62053812169499;-1.90018389785578;-2.32378044975017;-2.22360581539246
725;-2.14034408686348;-2.5180720906516;-1.92744820699411;-2.24624004741643;-2.33837766068325;-1.98305080690568;-2.01031711832838;-2.12465505092808;-2.02709244417151;-2.36230870129869;-2.21024535296743;-1.84714630350147;-2.13805563483595;-2.04106846941705;-2.29103851754189;-2.19553994879651;-2.15820903669366;-2.12812776698892;-2.27180884071259;-2.3441245260092;-2.53587448752604;-2.39749455847777;-1.76756309077646;-2.18077474556677;-2.27496803657717;-2.10849385466786;-2.66307511671704;-1.92707032055711;-2.36965900039405;-2.25083657188176
750;-2.18013120709678;-2.55990732850609;-1.95839283314033;-2.28147650592673;-2.38098613341381;-2.02705656255937;-2.05258554483262;-2.15686918474834;-2.0681638629489;-2.40652405014074;-2.24521442632864;-1.86603158241265;-2.1731488018175;-2.08298924060866;-2.33011862394291;-2.2286301168279;-2.19101290804552;-2.16214026077588;-2.30628867042502;-2.38719455936239;-2.57117951362871;-2.42480066201494;-1.794979124129;-2.21503055997697;-2.30536688682065;-2.13388326022182;-2.70261203267875;-1.95157476377964;-2.41435690540303;-2.27719094076785
775;-2.21729702551616;-2.59833980433949;-1.98643446374791;-2.31421575183153;-2.42036136474371;-2.07151483020345;-2.08937674672473;-2.19024122899791;-2.10504924600599;-2.4479555253973;-2.28091390673429;-1.88406679294881;-2.2059768143647;-2.11851877709434;-2.36935506811746;-2.25784191240864;-2.21680360110739;-2.19244009000075;-2.33641116921654;-2.4271616399906;-2.60578470550061;-2.45680936460233;-1.82048145221197;-2.24419110805358;-2.33417856587679;-2.15804635057734;-2.73616170970521;-1.96988309308098;-2.45913646076211;-2.30622700606387
800;-2.25522213403122;-2.63704549661648;-2.01338026352157;-2.34568379459235;-2.45240947121867;-2.1115665100555;-2.12143413090295;-2.22105903498786;-2.13929984528141;-2.48183255374307;-2.31743428280677;-1.9009017494784;-2.2357710179764;-2.14942667083056;-2.40156556631561;-2.28692670116799;-2.24036897109504;-2.22046841738281;-2.36536336129509;-2.46419145905316;-2.63413774772633;-2.48325225998057;-1.8460213293606;-2.26940217819021;-2.35946965746853;-2.17567655032543;-2.77154198809278;-1.98994808016294;-2.50201782385481;-2.33316261832509
825;-2.28928426122968;-2.67758234112815;-2.03764847435079;-2.37836651462705;-2.48303836439164;-2.14839262760113;-2.15178915034043;-2.24337016920687;-2.17106946948831;-2.51361869974377;-2.35218636100035;-1.91792698939388;-2.26490247873351;-2.17843053862913;-2.42824456334155;-2.3110990277433;-2.26149013851489;-2.24800442681767;-2.39427128395382;-2.49772140743548;-2.66174492436942;-2.50439379602653;-1.86914398604837;-2.29095912243426;-2.38385835416213;-2.19226983641924;-2.80463805519508;-2.00504910920853;-2.53697673339697;-2.35596458084401
850;-2.32339193962895;-2.71934939613942;-2.06025142786531;-2.40994932639766;-2.51435545039903;-2.18165350532051;-2.18084909883273;-2.26563667930158;-2.1989269496627;-2.54514071919627;-2.38767412076512;-1.93918904059025;-2.28886535786988;-2.19981278377713;-2.45458105639449;-2.33442040160295;-2.2824664964471;-2.2762590000373;-2.41923432557617;-2.5303063388259;-2.68671091013921;-2.52345639158427;-1.88896225542641;-2.30731110934263;-2.40601617610544;-2.20999684798733;-2.83895312221442;-2.02237619175866;-2.56626816243016;-2.37616867796216
875;-2.35857177843856;-2.75986569993172;-2.07940543175282;-2.44130137402452;-2.53975044413536;-2.21608034329517;-2.20813087435163;-2.28906300552903;-2.22352807525089;-2.57437283677244;-2.42133822550919;-1.95774924102411;-2.31167164341378;-2.21926900234832;-2.48274191344743;-2.35451666029454;-2.30333012051238;-2.29833216343866;-2.43693190250747;-2.56323748621512;-2.70613491992496;-2.5386719876092;-1.90175928490077;-2.31678610245567;-2.42686805892931;-2.22835911846881;-2.86952021440742;-2.04112532386354;-2.59419087134777;-2.39060149668963
900;-2.38782016994837;-2.79228266268857;-2.09812076262077;-2.475966828836;-2.56014340479366;-2.244943663449;-2.23681635053872;-2.31010780111225;-2.24650887370738;-2.60171669309688;-2.45094434353;-1.97698461449452;-2.33408390616079;-2.24106641463499;-2.50234594853541;-2.37202817425263;-2.32212582042224;-2.31982641732296;-2.45859512179334;-2.59165270551073;-2.72147289779762;-2.55315916801874;-1.91182971900113;-2.32930744727167;-2.44540714113131;-2.24146229263914;-2.9010418616142;-2.05816335819905;-2.61542400379204;-2.40227416157123
925;-2.41387304433305;-2.82361205393628;-2.11389500647992;-2.50921321720947;-2.58077235498103;-2.26844258786182;-2.26427996348124;-2.33454932820578;-2.26569420155938;-2.62772754200834;-2.47967737933864;-1.99570421269517;-2.35733226710444;-2.26439667662448;-2.52099270143277;-2.39169630499971;-2.34307614739265;-2.33824204348379;-2.47848048716453;-2.61336745891858;-2.73794664143767;-2.56634631855136;-1.92170388345651;-2.34188392667783;-2.46241952932815;-2.25767559568365;-2.92974406538075;-2.07419074063203;-2.63662426424527;-2.41423976166075
950;-2.43840402326926;-2.85659450381512;-2.12788283526927;-2.53654653099724;-2.59918534941202;-2.29035787779214;-2.2907067708288;-2.35547860508555;-2.28201766409857;-2.65416993466105;-2.51061499191687;-2.01379894679015;-2.37699850048444;-2.28547300306771;-2.54123816154238;-2.41212327217633;-2.35979217811011;-2.35586222020014;-2.49933192818663;-2.63360019617472;-2.75289085156044;-2.58060367942195;-1.93203137300103;-2.35346204609191;-2.47844682506653;-2.27308397645002;-2.95300937258341;-2.08880205213012;-2.65162108007683;-2.43257401980324
975;-2.45808198743156;-2.8845774578216;-2.13966924775399;-2.56349665523547;-2.60996264162533;-2.31577083152647;-2.31204064974145;-2.3732937156114;-2.29895616297822;-2.68484803759775;-2.53755255625581;-2.03345328337146;-2.39298436614879;-2.30347495669087;-2.55723673005478;-2.42921794662234;-2.37712807749744;-2.36563367714634;-2.51234053477583;-2.65362311861856;-2.76149807913438;-2.5958447513341;-1.94061327866624;-2.36585325249968;-2.49333376342507;-2.28233581917794;-2.97364383598599;-2.09995563263193;-2.6652509841207;-2.44544808025999
1000;-2.47436814821365;-2.90453465305764;-2.15561498461031;-2.59060135180788;-2.61725079603008;-2.33514369870582;-2.32969746008353;-2.39229759630975;-2.31736799205475;-2.71491588072263;-2.56535146863764;-2.04979525871148;-2.41021698394416;-2.3203568053089;-2.57086224223263;-2.44225612712873;-2.39649002980094;-2.37113333814558;-2.52663099027153;-2.66878556967788;-2.7656665250885;-2.61083814816712;-1.95061618352844;-2.37489892405401;-2.50546800842633;-2.29049347086078;-2.99192895236749;-2.10595832951268;-2.6815577640667;-2.45752230086911
1025;-2.48932612305507;-2.92311467714641;-2.17417993875746;-2.61374042453739;-2.62748204344798;-2.35319668172271;-2.35076302301831;-2.40753264422956;-2.33569770146267;-2.74473242544309;-2.58962944848428;-2.060597782337;-2.42294950036034;-2.33617540009907;-2.58224460457916;-2.45686015533908;-2.41492571895557;-2.37489600219947;-2.54152255372156;-2.68289047013325;-2.76727602184204;-2.6258276250735;-1.96305753669747;-2.37816879547593;-2.51593555689625;-2.2983290009603;-3.00784111047372;-2.11006254415714;-2.69575945883801;-2.46710425758248
1050;-2.5046040957307;-2.94471375211016;-2.19034111357898;-2.63643499906345;-2.63791711748816;-2.3729834226318;-2.37332195943832;-2.42277886915341;-2.34805852180686;-2.76791493736792;-2.61155686540073;-2.06889829003263;-2.4337747189155;-2.35035711699779;-2.59687963604373;-2.46579243921262;-2.42953694708041;-2.37648061253961;-2.5524582431764;-2.69098740997116;-2.76964533612625;-2.64012556003165;-1.97370613862937;-2.37979315506052;-2.52368173685387;-2.30170344992861;-3.02186164561087;-2.11780041883873;-2.7153258434639;-2.4745900953148
1075;-2.51875000682894;-2.96374476306147;-2.20903622861539;-2.65575290738431;-2.65362569874746;-2.3940519522343;-2.39453552979;-2.4379309112094;-2.35652759556688;-2.79226156727329;-2.62997873681748;-2.07592858500149;-2.44382455004528;-2.36674232907046;-2.61232227799383;-2.47358778918042;-2.44012234682952;-2.38009284662717;-2.56434789623083;-2.69862481147354;-2.76869338405155;-2.65541071291815;-1.98571971799234;-2.37870249502223;-2.53228336135115;-2.30804543848765;-3.03627419627281;-2.12814368588733;-2.73382648559848;-2.48489338705172
1100;-2.53504229886566;-2.98336075716149;-2.23292166364564;-2.67245133926187;-2.67035660199017;-2.41429558899356;-2.41613955074741;-2.44852922912685;-2.36394734453577;-2.8138904286334;-2.65186882749656;-2.07981324533466;-2.45553912585398;-2.38197356975259;-2.62506788826663;-2.48182461023992;-2.45213186869801;-2.38122447591823;-2.57209381480671;-2.70797123936674;-2.77507159862998;-2.66728950945729;-2.0003149658236;-2.37734398990354;-2.54464614792593;-2.31434350027708;-3.05153644057121;-2.13180627180236;-2.74578727859741;-2.49391021480745
1125;-2.55222788877074;-3.00225886345317;-2.25085448227367;-2.69022545340965;-2.6875972484162;-2.43254737751562;-2.43627305562242;-2.45826527117725;-2.37056482347159;-2.83285099126344;-2.67136796627772;-2.08263714892918;-2.46775298501592;-2.39552691891651;-2.63347810466443;-2.4884697651969;-2.46275649941686;-2.3872761108217;-2.58101289228883;-2.71940853921345;-2.78251306226563;-2.68616009664224;-2.01839417884785;-2.37352433375146;-2.55520700577391;-2.32065981250997;-3.0687523068172;-2.13076150808249;-2.76223312219524;-2.50358401341364
1150;-2.56700962494465;-3.02189603921377;-2.2681230958292;-2.71052614118821;-2.701676485812;-2.44825715156305;-2.45890993167607;-2.46402585747614;-2.37373322561655;-2.85268236431607;-2.68505344928787;-2.08549711139814;-2.4816375587762;-2.41161651723215;-2.64498555640029;-2.49288627150405;-2.47578777064459;-2.39560180862557;-2.59114228626387;-2.73323478640797;-2.79076684399527;-2.70146469545027;-2.02829651902986;-2.36973584144098;-2.56635512844138;-2.32540426857681;-3.08638258327925;-2.13060816860942;-2.77772411611414;-2.51230602011394
1175;-2.57984525922055;-3.0374392469393;-2.28454196518555;-2.72726615473437;-2.71315053473583;-2.46473484105212;-2.48016857542685;-2.47466035866442;-2.37531507059514;-2.8701505154649;-2.696148412576;-2.08329513575577;-2.49233818189787;-2.42563683404004;-2.65494776615291;-2.49887610504878;-2.48612544208309;-2.40382286958379;-2.59734220314788;-2.74706746929255;-2.80122000006393;-2.70901270997936;-2.0321466626124;-2.36781357417646;-2.57401009539536;-2.32681531202291;-3.10176953616334;-2.12959239537113;-2.79431299118014;-2.52565564490368
1200;-2.59723496753364;-3.05829349094747;-2.29920119614214;-2.73899598557007;-2.73025610431024;-2.47934461424645;-2.49595714616424;-2.47799395956606;-2.37834606140161;-2.88625263124481;-2.70491729985065;-2.08340837056487;-2.49937825693746;-2.43797936746649;-2.66158448161965;-2.50783232073316;-2.49528570935309;-2.40950597689578;-2.60309432733905;-2.75817049429579;-2.8035153045481;-2.7152157078084;-2.03469912897973;-2.36749348306481;-2.58391098095419;-2.32640461934451;-3.1182394863808;-2.12931562082551;-2.80407478940073;-2.53769396927183
1225;-2.61068698063817;-3.07779876781614;-2.30714550588169;-2.75326985885614;-2.745573097041;-2.49137894159486;-2.50816918630528;-2.47936141727181;-2.38117829991049;-2.90098653012133;-2.71325130438921;-2.0869462793431;-2.5080923383553;-2.44914288290435;-2.6688688260318;-2.5172750525722;-2.50892445307246;-2.41606804548077;-2.60223485195605;-2.76938907392511;-2.80858230262235;-2.71537277761193;-2.03494553950217;-2.36696180265154;-2.59672017489664;-2.32723960041184;-3.13524557652586;-2.12800078479346;-2.80790341949139;-2.54678527251099
1250;-2.62289765973227;-3.09672822676386;-2.30649738280393;-2.76533318685197;-2.7581949517272;-2.499962186486;-2.51697925790856;-2.48671965107028;-2.38710028426048;-2.91918852876559;-2.71665086011109;-2.0888760608068;-2.51854721874369;-2.4602752854442;-2.67746497542488;-2.52302472207221;-2.51881017132251;-2.42378420418332;-2.6036631057621;-2.782492699318;-2.81327012366978;-2.71680282789398;-2.03415175490046;-2.36548330743681;-2.60738127305496;-2.33134132228158;-3.147661419663;-2.12380450312277;-2.8118036670863;-2.56013873094717
1275;-2.6310286133457;-3.11066373489139;-2.3076386882858;-2.77784642294728;-2.76709976810992;-2.51036202192018;-2.526314302246;-2.49737626790466;-2.3907095229174;-2.93718646954779;-2.71915249178254;-2.09096976028135;-2.53050578700161;-2.46819219395712;-2.68474085541065;-2.5297144427952;-2.52594052075255;-2.42766220474366;-2.59922096307332;-2.79228993598851;-2.81634907045878;-2.72127469025484;-2.03329938700148;-2.36319874614849;-2.61327468243825;-2.33148185465998;-3.15963210060627;-2.11912233119558;-2.81766713017556;-2.57311849944456
1300;-2.63792595947257;-3.12253867589265;-2.30804479113802;-2.79237886019111;-2.7759055703686;-2.52024101229975;-2.5343098872544;-2.50860936068685;-2.39653135461672;-2.95461885361182;-2.72102602434035;-2.09546210543779;-2.54381608320151;-2.47535751995068;-2.69111107778154;-2.53774460775486;-2.5353871001471;-2.42850297931295;-2.59614334706856;-2.79978903450034;-2.82007024330112;-2.7220270750721;-2.03497860362768;-2.36565020745079;-2.61333134671739;-2.3327170357163;-3.17213019376352;-2.11803321026758;-2.82060898555147;-2.58039235896335
1325;-2.64313925120825;-3.13331395838033;-2.31257791818398;-2.806521490867;-2.7796353532375;-2.53204177447742;-2.53999940674432;-2.51515634359757;-2.40135906108332;-2.97252457668961;-2.72263297747531;-2.09947888412479;-2.55871334135401;-2.47562747377257;-2.69544015110487;-2.54495214798249;-2.54365925105416;-2.42979904221112;-2.59526433533016;-2.81220114032495;-2.82082546259578;-2.72506938192762;-2.03465281251105;-2.36868624614717;-2.61403085312534;-2.33838685512115;-3.180884219926;-2.11293996234953;-2.81697912485013;-2.58241824822009
1350;-2.64891041151408;-3.14742277056066;-2.31527349169763;-2.81496075274998;-2.78455425348033;-2.54555282806014;-2.54185635445145;-2.52124011886214;-2.40092951812496;-2.99378083996986;-2.72610314222239;-2.10007026965833;-2.56978516815366;-2.47370209340756;-2.70146359006161;-2.55487625587018;-2.54786066580447;-2.43298517442722;-2.59024712610864;-2.82764487330372;-2.81781900227952;-2.72775741573746;-2.0329743089885;-2.36816948258743;-2.61651483407863;-2.346442397849;-3.18633258592457;-2.10756628914191;-2.81849283931712;-2.57989216033359
1375;-2.65475867567286;-3.15767552543398;-2.31628529599553;-2.8256421879098;-2.78836881757262;-2.56377096846543;-2.54515556067898;-2.52766774526677;-2.40031155562786;-3.01097313756419;-2.72889842494261;-2.10182769774372;-2.57785217873911;-2.46820888620589;-2.71038227474437;-2.56325261993613;-2.54879531836766;-2.43222137635452;-2.58771292296005;-2.84193719328835;-2.81336328220573;-2.72247667967216;-2.03261799068438;-2.36823287524715;-2.6180955102724;-2.35641027557113;-3.18905160264188;-2.10322884131986;-2.81721693854307;-2.56763314985465
1400;-2.66150261854231;-3.16258703060292;-2.31789397029529;-2.83453427443388;-2.79138814839078;-2.58128847838329;-2.55221181399126;-2.5332892821345;-2.39939280956186;-3.024830332475;-2.7297779222632;-2.10322471097577;-2.58744329423626;-2.46348122619389;-2.71288151478057;-2.56641089508775;-2.54951911589356;-2.43209446934472;-2.59012517369347;-2.85563128957958;-2.81025457580751;-2.7205501758734;-2.03444506774278;-2.36876616977171;-2.61839022703389;-2.36102943701565;-3.19186104731267;-2.10282107060753;-2.82125554930482;-2.55103089633882
1425;-2.66833090155688;-3.16886120353192;-2.31911426859193;-2.84053433815029;-2.80214543922071;-2.59993110797573;-2.55462114617288;-2.53859721135762;-2.39674982905684;-3.0399036533412;-2.73040923528957;-2.10367233895672;-2.59914057465135;-2.46007028629785;-2.71951315952027;-2.56929586373588;-2.54897350022241;-2.43540111280894;-2.5930544706313;-2.86605202411362;-2.81130194415125;-2.72129924171939;-2.03481085179133;-2.36828745756054;-2.61897454780237;-2.36902798750267;-3.19358636584492;-2.1054765268211;-2.8260045871031;-2.54126191964052
1450;-2.67645671721215;-3.17541567888481;-2.32331318388674;-2.8454386231639;-2.80942096294554;-2.61601271980561;-2.55771369633633;-2.54108824533972;-2.39204745563956;-3.05501656609376;-2.73282901587308;-2.10083555558393;-2.60307286949439;-2.45863965441257;-2.72826923291823;-2.5702971695077;-2.54671455467142;-2.44086528169179;-2.59829523762179;-2.87320596071296;-2.82039523703021;-2.72431112511771;-2.03374496697297;-2.36628691227467;-2.62225514985206;-2.37714670282601;-3.19708935666889;-2.1053070261027;-2.82619054637303;-2.54147856015732
1475;-2.68706900273065;-3.17947631398434;-2.32477709354037;-2.84808991845276;-2.8131533030992;-2.62915343259565;-2.56033501635217;-2.54637330174525;-2.38742414328378;-3.07026481411109;-2.73306315637274;-2.10101420648514;-2.60694556209768;-2.45922849863643;-2.73275560984385;-2.57161154680028;-2.54791433300133;-2.44254509913034;-2.60002826072998;-2.87838278493063;-2.82389299039401;-2.7314416766778;-2.03618496753028;-2.36687507943583;-2.62553871772522;-2.38190554955673;-3.20264251793073;-2.10635793189704;-2.82966474695157;-2.54023580985069
1500;-2.69663487766435;-3.18174658326338;-2.32918606486647;-2.85204540659537;-2.81515948137108;-2.63657423974571;-2.55789310540579;-2.54980358589839;-2.38717709604241;-3.0800351913367;-2.73164195882679;-2.10566769243601;-2.61236825784893;-2.46396870259368;-2.73369883660824;-2.57548744776097;-2.55067939185364;-2.44493507338453;-2.60000453036418;-2.88431703726985;-2.82049004783039;-2.73592183643338;-2.04147035369062;-2.36882936908268;-2.62996799011767;-2.38453133906782;-3.20957882036672;-2.10514520280262;-2.83304777125527;-2.5384111331853
1525;-2.70336356810252;-3.18769091954081;-2.33216074714594;-2.85535545577647;-2.8209475159167;-2.64066952090127;-2.55680478750031;-2.55233684564461;-2.38686877536216;-3.08758557375012;-2.72843310410802;-2.11052649654073;-2.61326110004574;-2.46688958574351;-2.73189699308074;-2.58132830821852;-2.55051147933642;-2.44821953869513;-2.59985849212765;-2.8921981135474;-2.81856993024599;-2.73236411729479;-2.04373023740235;-2.37223450127523;-2.63797519616132;-2.38757746521734;-3.21564861966712;-2.09837227388353;-2.83330324425196;-2.53819846952476
1550;-2.71161455850955;-3.19425417025538;-2.33337927628868;-2.85973451014495;-2.82316939110291;-2.64466033971166;-2.55617463519488;-2.55639907356322;-2.3849107054785;-3.09613872103921;-2.72327270197665;-2.11540856260176;-2.61565295511941;-2.46815443657569;-2.73097659974081;-2.58489717972203;-2.54637067347329;-2.45520357544619;-2.59902657941789;-2.89290022003132;-2.81507590197719;-2.73080342120726;-2.03988502727188;-2.37327575374759;-2.64772902148756;-2.386276763436;-3.21851005572254;-2.09789659477072;-2.84136456892862;-2.54100496075121
1575;-2.71745751421574;-3.20102461621788;-2.33643230895124;-2.86129134917822;-2.82915055779658;-2.64942011979422;-2.55588281249521;-2.56202047783035;-2.38357611481241;-3.10584223257727;-2.71917173134544;-2.12067055328017;-2.61306855619356;-2.4732376001479;-2.72661536893082;-2.5911861827279;-2.54379190845629;-2.46404227396567;-2.598986585569;-2.89395604608035;-2.81130320714261;-2.72457557177253;-2.0326617129819;-2.37504837687142;-2.659459574154;-2.38717818224065;-3.22160048287596;-2.09877239228457;-2.83982842480678;-2.54468111436317
1600;-2.72361645069446;-3.20899577859912;-2.33724353209154;-2.86469395465249;-2.83551269557351;-2.65708236406764;-2.55602235432037;-2.56887395548508;-2.38067053161923;-3.10889550557385;-2.71906428746725;-2.12811658683167;-2.60921160907048;-2.47546779566034;-2.71919095683252;-2.59943956220015;-2.54389205471436;-2.46941054731042;-2.59491668538075;-2.89948081551222;-2.81051079089363;-2.71271512290847;-2.02914405752345;-2.37732780634474;-2.66976377586469;-2.38472343342752;-3.22473418136498;-2.09795334043392;-2.83749111839185;-2.5469569656373
1625;-2.72791400845714;-3.21537011927069;-2.33556622797749;-2.86733770762914;-2.83492553084023;-2.66195041410009;-2.55602218850483;-2.57511460563888;-2.38192866787606;-3.11048799216245;-2.71771873652404;-2.13403566756461;-2.6093741172703;-2.47885382248061;-2.7144156417739;-2.60443838285459;-2.54042295507357;-2.47707361736298;-2.59474093233953;-2.90922048652455;-2.81037813840678;-2.70588902940068;-2.02584358351971;-2.37849215235365;-2.68097091786143;-2.38274647639274;-3.22970394133281;-2.0946122699955;-2.83564943160406;-2.54940829504573
1650;-2.72833731005443;-3.21975917681235;-2.33398584093467;-2.86792358489645;-2.82791881989316;-2.66616058525628;-2.55945556426329;-2.57992481947065;-2.38454666494269;-3.1117072612417;-2.7154173801967;-2.13827342096974;-2.61359060492635;-2.4803415911562;-2.71539388009771;-2.61174193081875;-2.53850332434388;-2.48681468296176;-2.59265750368601;-2.91944309007236;-2.81239374310549;-2.69458805050047;-2.02164324773184;-2.38089864083886;-2.69048350425975;-2.38570481933439;-3.23519920278309;-2.08989028868836;-2.83529193666118;-2.5489644159548
1675;-2.72835478472429;-3.21854913424689;-2.33307575886096;-2.86692338673447;-2.81744775712072;-2.67528213208096;-2.56242251213485;-2.58246932857606;-2.38911748183914;-3.107597402786;-2.7129360359905;-2.13956028039487;-2.61351007758955;-2.48318045261607;-2.7117804864089;-2.6202161804432;-2.53752329542881;-2.49879399130854;-2.58892045970276;-2.92701616295299;-2.81514278160272;-2.68743491338969;-2.01628997822027;-2.38770175576256;-2.69405641577;-2.38733820552968;-3.24374347132894;-2.08608064115759;-2.84373903204898;-2.55014031644771
1700;-2.72961975826602;-3.2164911033489;-2.32997557166666;-2.8646030278246;-2.80889123379138;-2.68406508962736;-2.56116694160768;-2.58108227785399;-2.39499123425139;-3.1053119773697;-2.71235956846548;-2.14247562425382;-2.61447058791711;-2.48554114025076;-2.71036763851173;-2.62928710016643;-2.53390983558053;-2.51045252425759;-2.58496822602059;-2.93134355582707;-2.81580579841242;-2.68283081590243;-2.01207292424998;-2.39465546581809;-2.7015177563495;-2.38943305785781;-3.25572559792445;-2.08154753189975;-2.85308495750075;-2.54274748377621
1725;-2.73222779742649;-3.2111411778742;-2.32461090535694;-2.85949334661853;-2.79931824822748;-2.68777850409648;-2.55377767602021;-2.5813733950886;-2.40014102288853;-3.10580678923528;-2.71219203432666;-2.13838332838141;-2.61586919547128;-2.49125831327663;-2.70973207833164;-2.63773658372929;-2.52905987818637;-2.52210349327562;-2.58236908801316;-2.93512355479106;-2.82350274623258;-2.67507792652815;-2.00965175696385;-2.39875909128531;-2.71022489180626;-2.3866201608248;-3.26506635891383;-2.07602334675526;-2.86200951567129;-2.53177524617852
1750;-2.73808519347817;-3.20566419480363;-2.31628235675896;-2.85357941477998;-2.78930793227936;-2.68920076873555;-2.5470064702328;-2.5791064439336;-2.40443894938392;-3.11001986206168;-2.70720347661789;-2.13630879107012;-2.6184992461596;-2.49910876277817;-2.70778071981807;-2.640435100667;-2.5210335182748;-2.53649793522536;-2.58075952021973;-2.93640213066611;-2.8323372527944;-2.67146033915287;-2.00637431491639;-2.39812475763278;-2.72005370102567;-2.38856897092684;-3.27446920472074;-2.07095959501414;-2.87178421783244;-2.52478374260844
1775;-2.73902323729416;-3.19852165985251;-2.30813492778342;-2.84677180494146;-2.77869247142701;-2.69000693530419;-2.53945190303504;-2.57391869811893;-2.41084739889081;-3.1124104004899;-2.6977581312557;-2.13393071731621;-2.62595180629619;-2.50542142767421;-2.70089075974412;-2.64086859290854;-2.51610173472268;-2.54714832838355;-2.57682004835217;-2.93079324364489;-2.83674539003436;-2.66800816750679;-1.99987945065402;-2.397872160277;-2.7291698831581;-2.38741671474387;-3.2867347222251;-2.07100720924705;-2.88499752370402;-2.51710822942993
1800;-2.73859431225498;-3.19454449187856;-2.30005682822914;-2.84721680777565;-2.77227997272108;-2.68915904760368;-2.53169052468557;-2.57097565949647;-2.41864807858422;-3.11840157793962;-2.68842690240248;-2.1314946874783;-2.63567977092806;-2.5112370560381;-2.69321802809197;-2.63851052289473;-2.51634745981277;-2.55456936482602;-2.57348990836053;-2.91835402302263;-2.83517336066178;-2.66480386735046;-1.99623836392072;-2.40177081612245;-2.73949367350287;-2.38870464639828;-3.29673586346807;-2.07852338809257;-2.89161017304665;-2.51570517419825
1825;-2.74060496538915;-3.19469365853378;-2.29649373568337;-2.84980442455785;-2.76156946060924;-2.68848448577871;-2.5222169970013;-2.56632715566315;-2.42497979497357;-3.12394590391522;-2.68427718529353;-2.12897254482728;-2.64514704734638;-2.51544523488713;-2.68287779718294;-2.63315336259404;-2.51874184942181;-2.56171687914908;-2.56874556562959;-2.9059544384786;-2.82936561045976;-2.66288125471752;-1.99185431790845;-2.40405121958219;-2.75160567033014;-2.38909765946636;-3.30642723414729;-2.08623085856868;-2.89603233617974;-2.51638407361198
1850;-2.74066210559327;-3.2027781649636;-2.29548543388057;-2.85260364464986;-2.7546544953777;-2.68236366557642;-2.51154559653991;-2.55978758604831;-2.42716992371198;-3.13124769938982;-2.68037875577012;-2.12531769337392;-2.65327238865471;-2.5251777405483;-2.67647659135568;-2.62857114923493;-2.51818480101131;-2.56482350710708;-2.56306576120079;-2.89167537248333;-2.8199771092419;-2.66059667129593;-1.98910484908586;-2.40595078357437;-2.76341242698174;-2.38977537752023;-3.3135540011555;-2.09704975214959;-2.89858556011267;-2.51575738568071
1875;-2.74429985241336;-3.21009802136277;-2.2959489393728;-2.85711724926867;-2.7507878925199;-2.67923835660103;-2.50601395143536;-2.55211228973047;-2.42836862158256;-3.13574495148237;-2.67711880910629;-2.1251718421413;-2.65995377360954;-2.53122130787723;-2.66884821373313;-2.62390214002969;-2.51760235517149;-2.56787672135197;-2.5553154899829;-2.87569574685598;-2.80992746253592;-2.65200484423554;-1.98796003360608;-2.40977041480087;-2.7744986608152;-2.39025728293248;-3.31380245701044;-2.10341816823171;-2.89378367201123;-2.51118188404351
1900;-2.74951152932091;-3.21698105103126;-2.29322638837869;-2.86298462865834;-2.75008562202121;-2.67533707285099;-2.50311770132862;-2.54378271602797;-2.42820348423937;-3.1390885492724;-2.67686526715747;-2.12132642381072;-2.66631460268511;-2.53582311012264;-2.65607154190683;-2.61432045548763;-2.519038996411;-2.57206137149032;-2.54645337158994;-2.86358628587377;-2.79697549469185;-2.64669535925961;-1.98772388190819;-2.4120251809713;-2.78330695763509;-2.38880204392002;-3.30981737046442;-2.10885628497772;-2.8913629935937;-2.50489958835543
1925;-2.7503134367217;-3.22303734407687;-2.2932686519962;-2.8686438140233;-2.75684887836587;-2.67557019480222;-2.50157095658762;-2.5334081216103;-2.42763524491974;-3.14012791314739;-2.68072761793168;-2.11874709498958;-2.67075371595043;-2.53881660362854;-2.65053588410749;-2.60634177809471;-2.52002608085666;-2.5794166263166;-2.53785988665648;-2.85386574331507;-2.78358719618882;-2.64032161643451;-1.98342500653683;-2.41364891986124;-2.79162572181105;-2.38946789741564;-3.30599879181391;-2.11294403912131;-2.8807397633824;-2.50492584868806
1950;-2.75245771264201;-3.22884323429654;-2.29548917678281;-2.8705387924681;-2.76085951880099;-2.67451999390288;-2.50122214587474;-2.5262706535206;-2.42417177638694;-3.14087787948955;-2.68659969863407;-2.11743818678684;-2.67339692447817;-2.54326794476984;-2.64429145735544;-2.59556159920703;-2.51960347749316;-2.58598118604082;-2.52975211814902;-2.84120600253534;-2.77325849335251;-2.6329644999335;-1.97062671405961;-2.41429298377674;-2.79871128597288;-2.38953926265528;-3.30501118056728;-2.1142298528103;-2.87175203839695;-2.506322181322
1975;-2.75476778606952;-3.23201325496094;-2.29277501215849;-2.86974637004624;-2.76154977663312;-2.67389608338607;-2.50286391661477;-2.51577868123944;-2.42276629683631;-3.13907829107398;-2.69323396517896;-2.11499444968533;-2.67695852497702;-2.54547577449277;-2.64429359296485;-2.58421121199733;-2.52324842198252;-2.58991331206353;-2.52494375142793;-2.83319126517194;-2.75620055478305;-2.62753945771553;-1.96051559621458;-2.41772740405709;-2.80032989573806;-2.3900069288537;-3.30579384629125;-2.11493646351922;-2.86414129700904;-2.50444073713809
2000;-2.75283541535944;-3.23228904812879;-2.29026881555338;-2.86938051903026;-2.7603642540308;-2.67162759175225;-2.50303690666927;-2.50535818866355;-2.42141638206666;-3.12736410670093;-2.69923999642354;-2.11367014616783;-2.68213828064964;-2.54882228096337;-2.64468814384624;-2.57575113228277;-2.52925201103552;-2.59504805116267;-2.51882116724638;-2.82958647551372;-2.73978623307224;-2.62249044127001;-1.95875389565458;-2.42035785674992;-2.80097146829452;-2.38913727416107;-3.30473435799751;-2.11137775298434;-2.86150555280486;-2.49825990686378
2025;-2.75151177503186;-3.23151831059329;-2.28704441879578;-2.86212578815599;-2.7624540208485;-2.66432079576949;-2.50362795545042;-2.50027578738266;-2.41742859710066;-3.11557867205531;-2.70605698031201;-2.11112956678832;-2.68656116344196;-2.54950105641649;-2.64579516559546;-2.56809982938338;-2.53139151745124;-2.60016777428543;-2.50876620151378;-2.8235868611123;-2.7237009157124;-2.61611788203369;-1.95955334089981;-2.42174672991346;-2.80445885272055;-2.39159293698874;-3.30447378340743;-2.10502574112903;-2.86009289133629;-2.4870916163988
2050;-2.75331773261484;-3.23068085242765;-2.28289885512886;-2.85292534413714;-2.76284232912149;-2.65780005173204;-2.50159428568268;-2.49517641068618;-2.4125397938764;-3.11082191178832;-2.71268089627198;-2.10894761024303;-2.69411214650461;-2.5514090532545;-2.64806559580462;-2.560286605452;-2.53333877421584;-2.60447807055528;-2.50062367912491;-2.81675081768859;-2.70408345091839;-2.60923917734773;-1.95699843486229;-2.41809537257647;-2.80718354653047;-2.38623403434551;-3.29935005296155;-2.10019478292207;-2.86161611146434;-2.47277480306969
2075;-2.75186145507476;-3.23013209540766;-2.27603398213308;-2.84485172743832;-2.7630779686577;-2.65455107657507;-2.4957778124824;-2.49155894386525;-2.40319384692793;-3.10613897831566;-2.71901979822243;-2.10797903908112;-2.70162313622172;-2.55529453363041;-2.64855019437963;-2.55720451834642;-2.53506763810092;-2.60242622459067;-2.49739676301344;-2.81254950231379;-2.69178769732581;-2.59452085088157;-1.95083527005476;-2.41755023870686;-2.81113441087695;-2.38139061609773;-3.29705381253454;-2.08941918253328;-2.86013206607544;-2.45617347134372
2100;-2.75114735252006;-3.2288220394867;-2.27025602994956;-2.83604919679194;-2.7666642423735;-2.65114109039463;-2.49124804600897;-2.48797973909274;-2.38989220133619;-3.10099299985099;-2.72178833814335;-2.10684436267991;-2.70681256530499;-2.55751612924877;-2.64333811870242;-2.55693556041604;-2.53628058064502;-2.59657652334558;-2.49451586344392;-2.81073560189332;-2.67625165017367;-2.57787716867684;-1.94869809291215;-2.41250378082961;-2.81189895390783;-2.37553460111552;-3.28948495185403;-2.08025571529295;-2.86536765553316;-2.43723772195824
2125;-2.75162975612308;-3.2263408974402;-2.26651175833409;-2.82693817702545;-2.76565536774433;-2.64631604911863;-2.48666026602864;-2.48476710555457;-2.37941162439458;-3.09801216353775;-2.72519046722068;-2.10584054490022;-2.71561813865636;-2.5627640995508;-2.64263018318505;-2.55709227827794;-2.53521988713334;-2.58911144638321;-2.49371476412292;-2.80854937789033;-2.65837363103881;-2.56229665609362;-1.94080318779875;-2.40430761361279;-2.81768910882486;-2.36902298468465;-3.27979881512989;-2.07037548340946;-2.86825113191491;-2.42617141409867
2150;-2.74909308565289;-3.22801264982776;-2.26086486643378;-2.81704849304455;-2.76135828347297;-2.64197164967229;-2.48396129169941;-2.47907773852297;-2.36948021448003;-3.0964523688278;-2.72816728840324;-2.09964142283579;-2.72715270526415;-2.56369472428413;-2.64161645320338;-2.55957817435437;-2.53067592767756;-2.57816907453239;-2.49492436986924;-2.80391548796598;-2.63826891096477;-2.54662070796946;-1.93110428374052;-2.39702878409015;-2.82627577815619;-2.36690739217301;-3.27210052009272;-2.05763326550873;-2.86605758467453;-2.41663633038538
2175;-2.74431667096403;-3.22927496695365;-2.25463629917281;-2.80840240392714;-2.75287314574291;-2.640994315588;-2.48300002577762;-2.47195407798549;-2.35957820231749;-3.09390868486985;-2.73133824683433;-2.09350990768944;-2.73614063259557;-2.56481828634275;-2.63883533347991;-2.56141040841657;-2.52625569680752;-2.56750192297932;-2.49146030433777;-2.79831239022978;-2.6133799975459;-2.53307449875345;-1.92529450113861;-2.39079130180253;-2.82976206128606;-2.36540545863015;-3.2628203503336;-2.04524622318444;-2.86484595935111;-2.40835394676322
2200;-2.73975538343422;-3.23361253779697;-2.24917641145289;-2.80007980159015;-2.74655211922375;-2.6396664130148;-2.48443620868127;-2.4707344001731;-2.34956625879023;-3.09767809806383;-2.7344432972994;-2.08439169264388;-2.74616541082426;-2.563783727512;-2.64317201676232;-2.56347799579479;-2.5181068469491;-2.55537059143743;-2.48998270570109;-2.79123458387994;-2.58675445981003;-2.52332409024298;-1.92003500938989;-2.38195500582828;-2.83085913705606;-2.35981264782939;-3.25531895096637;-2.03318503114344;-2.85878635770535;-2.40121870005884
2225;-2.74002448529659;-3.237058246654;-2.24718934079852;-2.78989574596163;-2.74521469613557;-2.63742919733513;-2.48404403781036;-2.47182961211315;-2.33787327344206;-3.10145049379942;-2.74094089875111;-2.07033258558671;-2.7505270874645;-2.56320522965086;-2.64667309468936;-2.56554927368346;-2.50950003943563;-2.54564144492851;-2.49432743702884;-2.78861479159104;-2.56708557828965;-2.51761396146515;-1.91412016997782;-2.36780276657836;-2.83074328159601;-2.35261823837048;-3.24714340682241;-2.02250711534318;-2.84648008674195;-2.39817975213835
2250;-2.73949953334317;-3.24260120638769;-2.24690053778368;-2.77865457732849;-2.73676944734207;-2.63783561710067;-2.4842730108941;-2.46703201147644;-2.32691144568109;-3.10731740185383;-2.74327301466595;-2.06145045049458;-2.75082272715286;-2.56129614580897;-2.647625105102;-2.56242274544685;-2.50111978060527;-2.539803135107;-2.49547017152474;-2.78955955721347;-2.54884284350695;-2.51457632556439;-1.90502758111907;-2.35167985462737;-2.83141205534732;-2.35599865499146;-3.24335485669764;-2.0147185895875;-2.83618055025854;-2.39469401183851
2275;-2.7367350330756;-3.24424770811706;-2.24383610707807;-2.76558894316217;-2.72578895478062;-2.63825796846294;-2.48375933379399;-2.46133852500493;-2.31982749213601;-3.11114441320885;-2.74520690319364;-2.05088371056028;-2.74878309625708;-2.55768143987669;-2.64541161905729;-2.56014373363907;-2.49211067291473;-2.535764504213;-2.49842296862586;-2.79248359041125;-2.53197206255026;-2.51237064381068;-1.89739683881778;-2.33759857344684;-2.83147520120174;-2.35392996182739;-3.24310086936307;-2.00667018767683;-2.8276795264603;-2.39199708265237
2300;-2.73212756986648;-3.24545929928652;-2.24080976303722;-2.75980774636734;-2.7176552156571;-2.63660135655254;-2.48378222698729;-2.45973278629927;-2.30965924909452;-3.11399092466015;-2.74734016489629;-2.04443541943018;-2.74430707553067;-2.55352964233792;-2.64304473862482;-2.55846473252203;-2.48576344418766;-2.53273906687838;-2.5048494905205;-2.79693172364574;-2.5165771114587;-2.51308801625614;-1.89001562809371;-2.32630951461994;-2.83335312695123;-2.34983055675406;-3.23896323978243;-1.99893928081572;-2.81998615327791;-2.39271537389653
2325;-2.72525380527875;-3.24842113148401;-2.23764558854991;-2.75009945815374;-2.70877068354788;-2.6350163264496;-2.48358714279266;-2.45869299094637;-2.29839787926007;-3.11322974315296;-2.75049097657687;-2.03894865246767;-2.73786954700874;-2.5525011388596;-2.63930060269975;-2.5551638174086;-2.48116616454229;-2.52854244779481;-2.51433002312736;-2.80098750824404;-2.50240892773947;-2.51205285514372;-1.88228698278986;-2.31675097446047;-2.83504823190071;-2.3457708167307;-3.23826222489222;-1.99103576233807;-2.81643058121431;-2.39152282681292
2350;-2.71634231547021;-3.25363579002576;-2.23881548501769;-2.74187930525464;-2.69840235245708;-2.63520610648057;-2.48259491400513;-2.45765962895688;-2.29105557422627;-3.11572076168178;-2.75353813461654;-2.03448146459465;-2.73430937131415;-2.5489603223741;-2.63497730219919;-2.55395742733865;-2.47816616702658;-2.52368765975613;-2.52329107801955;-2.80487791174331;-2.49242678122678;-2.51437829332249;-1.87544870072538;-2.30904438225348;-2.83549743822673;-2.34081341524621;-3.23641525180227;-1.99126463683892;-2.81017453071202;-2.38896828667866
2375;-2.71205752204865;-3.25960279688969;-2.23902881083419;-2.73721601184477;-2.68977812945976;-2.63064312337322;-2.48146445031367;-2.46086750982368;-2.2824601471804;-3.11688412583011;-2.75732394316132;-2.03057424383811;-2.72685510750119;-2.54615177485434;-2.62671043207332;-2.55253058835918;-2.47650597848108;-2.52046504922538;-2.52908857778228;-2.81096828166059;-2.48759234146068;-2.52022236882306;-1.87154664613613;-2.29846933656137;-2.84058046911231;-2.33603566265836;-3.22669362504092;-1.99013170997473;-2.80289182954408;-2.3898800905899
2400;-2.7077798401154;-3.26209041811358;-2.23872560869027;-2.7333222287107;-2.68515564684472;-2.62159909793446;-2.4793736802238;-2.46209239345249;-2.27131448955814;-3.11900179322892;-2.76319787697066;-2.02738350623836;-2.7210740873718;-2.54085251378426;-2.616781099341;-2.5510534060371;-2.47613835750276;-2.51761366410076;-2.53417398001595;-2.81799506152014;-2.48013059656866;-2.52437102087722;-1.87400994191904;-2.2894021634501;-2.84444736365336;-2.33380321391309;-3.2176022848154;-1.98928894566118;-2.79464894369129;-2.38874147349344
2425;-2.7041355229027;-3.26119698231694;-2.24239591753419;-2.7282743866085;-2.68139991240095;-2.61778050859438;-2.47442303336792;-2.46375103933703;-2.26054045495984;-3.12047983883631;-2.7694210165198;-2.02864333462648;-2.71504942944437;-2.53567019960683;-2.60840446207141;-2.55363195487847;-2.47205279965811;-2.51767612535589;-2.53994324669491;-2.82559767116848;-2.47260893412701;-2.52130864809268;-1.87577495165826;-2.28276364770259;-2.84773272512292;-2.33407381907921;-3.20855151375577;-1.98841614744645;-2.78965584757499;-2.39201550968931
2450;-2.69823122893343;-3.25686705223462;-2.2441461151249;-2.72306726862033;-2.67855080280779;-2.61568932694362;-2.46707784140272;-2.46505125066446;-2.24854690042286;-3.12486594306288;-2.7731781422237;-2.03215983283155;-2.70869575022783;-2.53489272826165;-2.5970370623715;-2.5534586838166;-2.46574842167954;-2.52162687384344;-2.54296766770595;-2.83133420673641;-2.46753023538883;-2.51707256387159;-1.87010273017895;-2.27845135919165;-2.84513828469416;-2.33461716978912;-3.19597909756184;-1.98936049861302;-2.7921134244476;-2.39496093284478
2475;-2.69041911479494;-3.2514925318686;-2.24369707205025;-2.7214535073065;-2.67481411890748;-2.61644864533961;-2.46175620142791;-2.46552757686525;-2.23960251943579;-3.12538261356123;-2.77284033069639;-2.03389029033433;-2.70246846221323;-2.53224529842434;-2.58851908778556;-2.55336784097336;-2.46237042805561;-2.52170813010608;-2.54809255839802;-2.83741927874919;-2.46320744648612;-2.50864103270434;-1.86153236200898;-2.27581557120717;-2.84186884746884;-2.34048430370566;-3.1815365277639;-1.98650511819265;-2.79542216268893;-2.39765295621645
2500;-2.67861775932838;-3.24737412829071;-2.24144934916839;-2.72098767380382;-2.67509908351122;-2.61783416821795;-2.45889834267352;-2.46603997873309;-2.23296619604496;-3.11993342714011;-2.76908216007554;-2.03265093559173;-2.69828234149091;-2.52765740525945;-2.58144495334545;-2.55432248102239;-2.45738795191191;-2.52346342451763;-2.54734757012163;-2.83973081600567;-2.46127264125238;-2.50403513058981;-1.85359537699844;-2.27283831446095;-2.84108587627779;-2.34769970930505;-3.16875098934795;-1.98583560096752;-2.80058394533231;-2.40203002852524
2525;-2.67102510214791;-3.24358662726523;-2.23865767639118;-2.71896042111068;-2.68034402610776;-2.61377934811786;-2.45806217205464;-2.46361866594925;-2.22684192593479;-3.11596030331332;-2.76319259281361;-2.03309315988732;-2.69214636843073;-2.52422268642242;-2.57990649841818;-2.55510220737214;-2.45500514958716;-2.52537644204881;-2.53983769613399;-2.83777466999137;-2.45817083378681;-2.49895938573058;-1.84490282466904;-2.26873341401165;-2.84338586185314;-2.35602017582824;-3.15759422360894;-1.98689635421579;-2.79529939081797;-2.40483804548162
2550;-2.6612418070411;-3.23798920070657;-2.23554631472275;-2.71874478042014;-2.68366337150039;-2.61237023628466;-2.45629586624399;-2.46381841065672;-2.22133104902241;-3.11165791060061;-2.7568094019688;-2.03354193900243;-2.68552486647638;-2.52146282766523;-2.58134850560833;-2.55390479791508;-2.45328422471158;-2.52495679541149;-2.53099878934798;-2.83463638900954;-2.45925362627924;-2.49679312343886;-1.83545149286779;-2.26421305523613;-2.84255908180818;-2.35834971675644;-3.14788544471527;-1.9920421189188;-2.78294944896884;-2.40763024940053
2575;-2.6488186389214;-3.23106044972154;-2.23077205736701;-2.71788447308056;-2.68917271192631;-2.61379373449267;-2.45158085816421;-2.46684507322489;-2.21686519115701;-3.1041153637464;-2.74800738159378;-2.0329330086343;-2.68094381673471;-2.51624800128593;-2.58189214175909;-2.55211209525884;-2.44909493437571;-2.5250953761063;-2.52410682020464;-2.83105472646951;-2.46086440462534;-2.49429902129527;-1.82580259548249;-2.26321832039012;-2.84225385600935;-2.36484219171979;-3.14242961676749;-1.99587637703536;-2.76634884829505;-2.4081166804603
2600;-2.64149238116491;-3.21960573858663;-2.22633014036715;-2.71772479048344;-2.70071854113237;-2.61206154677318;-2.44678024502855;-2.46647241477356;-2.21338709270895;-3.09419668813055;-2.73712979559697;-2.03807677225802;-2.67212897529382;-2.51182431462941;-2.57914687705501;-2.5488532655954;-2.44858496485614;-2.528373607278;-2.51660469325661;-2.82927529736388;-2.46371814758925;-2.49611056189041;-1.81645169196067;-2.26182675122618;-2.83993080681903;-2.36927740908826;-3.13675738604163;-2.0040483374307;-2.7524547650487;-2.40837703023126
2625;-2.63886295280177;-3.20548054264405;-2.2230680744133;-2.72227392649957;-2.71051754178271;-2.6112907832807;-2.4391943692483;-2.46779609144774;-2.21131229181826;-3.08358986140935;-2.72380037985817;-2.04020686528195;-2.663355520076;-2.50956373103028;-2.58044526882321;-2.54535880949715;-2.44713993395103;-2.53292157160697;-2.50921090663492;-2.82674241535996;-2.46681418322605;-2.50005005154683;-1.80265084203114;-2.26463736934883;-2.84095182826921;-2.37001492738984;-3.13104819025672;-2.00532371693968;-2.73545469443018;-2.41514979489214
2650;-2.63787953742689;-3.18932062075374;-2.22290388538802;-2.72648467564723;-2.71977830163301;-2.60645824529115;-2.43105414308876;-2.46437118383054;-2.20871362769491;-3.07189709368747;-2.70754287047222;-2.04278780801781;-2.65431621091609;-2.50820388661479;-2.58105436104925;-2.53524018901581;-2.44358050270235;-2.53361595026982;-2.50479976103051;-2.82177420062088;-2.46919451338387;-2.50019977728215;-1.78816153282412;-2.26747739544869;-2.84476053629493;-2.36766809641473;-3.12946995184136;-2.0062199947647;-2.72043724110745;-2.41788134088355
2675;-2.63795867969782;-3.17272662402607;-2.22287281590213;-2.73148101065379;-2.73026677664836;-2.60365003525208;-2.42140312299806;-2.46464257862498;-2.20714803169452;-3.05976690369715;-2.69099223401648;-2.04931369119666;-2.64470103593349;-2.51061648408103;-2.58048959555756;-2.5290746710422;-2.44159557389193;-2.53338962045966;-2.49679068861766;-2.81816296164494;-2.46705860420085;-2.50009096423721;-1.77802453533055;-2.26964953794266;-2.84488607978935;-2.36156612175187;-3.12803212656984;-2.0056605486379;-2.70374849224718;-2.42121420800478
2700;-2.64264454464584;-3.15604339518022;-2.2206649744121;-2.73332411997868;-2.74252995719708;-2.59666724647654;-2.41296969879457;-2.46442268469794;-2.20757320258632;-3.04888787067178;-2.6715407045405;-2.05326259792972;-2.63475013543338;-2.51360854548186;-2.58250020832608;-2.52401278055556;-2.44106541927691;-2.52827259256115;-2.49026070579772;-2.81419836990651;-2.46087818317378;-2.50304389398595;-1.76515101513143;-2.27109371045027;-2.84235038470037;-2.35174802126372;-3.12823041114387;-2.00062075563231;-2.6865489198682;-2.42495492367947
2725;-2.64735678567096;-3.14088896904708;-2.22072750287397;-2.73181479765055;-2.75426789828238;-2.59106281366767;-2.40200610646561;-2.4637610963458;-2.20607313930483;-3.03798733909069;-2.65405703154628;-2.05433530791151;-2.62276286433214;-2.5164150559774;-2.58186634949739;-2.51888486298274;-2.44650698834276;-2.52339365381007;-2.48467634603605;-2.80799936501225;-2.45291809681274;-2.50097427982529;-1.75270991223747;-2.26832233360941;-2.84077328361914;-2.34833583274575;-3.12709044530764;-1.99616116916207;-2.66655086881731;-2.42565826709108
2750;-2.65410576634465;-3.13109615859605;-2.22193942673206;-2.730212121246;-2.76396153392746;-2.58791701225698;-2.39249702457306;-2.45747847642592;-2.20416897989789;-3.02876513129344;-2.63596046575918;-2.05574779975544;-2.61014017824286;-2.51735535905402;-2.58350131236376;-2.50805116891505;-2.45449267511215;-2.51939600591057;-2.47516302430787;-2.80278728876986;-2.44336523534466;-2.4974175874969;-1.74272339958254;-2.26296845015179;-2.83804281276704;-2.34558477436214;-3.13328751157069;-1.99425935668132;-2.6525270602979;-2.42642137267193
2775;-2.66444647344895;-3.12268562164255;-2.21958007960825;-2.73006435045459;-2.77056474266617;-2.58753848719514;-2.38620577489453;-2.45214494363908;-2.20175343064651;-3.02221576525052;-2.62156643348797;-2.0534219520709;-2.59455034192096;-2.51500345267906;-2.5825956808492;-2.50391200099608;-2.45969525178918;-2.51568337773797;-2.47001225155879;-2.79831133326325;-2.43401357063837;-2.49198981282633;-1.73587984308012;-2.25367610935434;-2.83411539207438;-2.3338871776544;-3.13706738701743;-1.98601962979842;-2.64032867949658;-2.42656694293018
2800;-2.66970456570463;-3.11508926578179;-2.21223058606662;-2.73180460801031;-2.77583561879007;-2.58253170829646;-2.3848050934174;-2.44868080875109;-2.1969128541284;-3.01385626483995;-2.60549341849038;-2.05588321910891;-2.57809211039488;-2.50949553844262;-2.5871728521033;-2.49589150423898;-2.46483450068888;-2.51039838479347;-2.46543638937634;-2.79158798927559;-2.42295956626547;-2.48534111680598;-1.73217152190957;-2.24466413527233;-2.82950479017978;-2.3262250902457;-3.14271785258062;-1.97654763392001;-2.63428559189927;-2.42222362308273
2825;-2.66717169446428;-3.10754485283564;-2.20372030943223;-2.73084389715027;-2.78217622101027;-2.58391392598972;-2.38793817462968;-2.446100284373;-2.19230358150998;-3.00775391150926;-2.58600876446807;-2.05498857101019;-2.56402401981503;-2.50449151279693;-2.58776028914583;-2.48837888537188;-2.47003457009804;-2.50330849035245;-2.46333023780959;-2.78361142909395;-2.41276256677522;-2.47567628872391;-1.73107330505933;-2.23623744744357;-2.8219907113253;-2.31865890898722;-3.14581020978142;-1.96142793140831;-2.63457553791446;-2.41333716523949
2850;-2.66163741516989;-3.10077577023377;-2.1957393620888;-2.7323904427879;-2.78609151027811;-2.58540888677565;-2.38977968119717;-2.44232826811593;-2.18922366237894;-3.00236161044113;-2.56708745682452;-2.05014319539117;-2.55010576751524;-2.49527799562592;-2.58849342720654;-2.4809493763051;-2.4769893928748;-2.49272084289548;-2.45850040399937;-2.77084846719314;-2.40918479963003;-2.46398899719305;-1.72755708191535;-2.22723235727146;-2.81677695409867;-2.31085129477611;-3.1457103048895;-1.95580347969481;-2.63420235010113;-2.40285940965852
2875;-2.65764061321441;-3.09570874474286;-2.18453700334171;-2.73399874178396;-2.79357660909437;-2.58335165960181;-2.39325328904939;-2.43836320490706;-2.18475872494489;-2.99636843541755;-2.55074753198986;-2.04370941652168;-2.53532907306101;-2.48792956389158;-2.58605935375868;-2.47094726125555;-2.48070990420285;-2.48264036065969;-2.4473917831022;-2.75719440733295;-2.40965199494755;-2.45406793013157;-1.72299578513551;-2.21607949632085;-2.81579801781515;-2.30511922970806;-3.14889680934875;-1.95146498596002;-2.63424573514096;-2.39632070660132
2900;-2.65283964467853;-3.09052116739169;-2.17728430151102;-2.73200276978694;-2.79916564374625;-2.5798777812639;-2.39600952416476;-2.43089568877905;-2.17970746618923;-2.9917515967666;-2.53410110978258;-2.03853941385902;-2.52565474609974;-2.47911634298841;-2.58711069608883;-2.46297509571408;-2.48204451811743;-2.47052166585233;-2.43746310364423;-2.74037672548455;-2.41176409656985;-2.44254168444923;-1.72348403697843;-2.20985389632862;-2.81744731926663;-2.29613945650823;-3.15551152740576;-1.94538447263358;-2.62581125156724;-2.38696020348935
2925;-2.64829884214427;-3.08409702619823;-2.17158291352735;-2.72606651958156;-2.80158638691163;-2.57720600775632;-2.3998979623667;-2.42220464747617;-2.17527748357286;-2.98611429510296;-2.51761453008224;-2.03141598546626;-2.51365196431313;-2.47088656520741;-2.58761904384671;-2.45626436602571;-2.47853959010089;-2.46290159351484;-2.42872047159366;-2.72506265933023;-2.41386286635612;-2.43353059059197;-1.72951488931957;-2.20804873406971;-2.81967176943709;-2.28639650429641;-3.16290648085559;-1.93984579236634;-2.62184839072437;-2.38253585465169
2950;-2.64165830238966;-3.07707254226412;-2.16621306039109;-2.72264242014845;-2.80025175198107;-2.57192649471867;-2.40442997036782;-2.41343860255773;-2.16767007478155;-2.98320736203875;-2.50113996903487;-2.02587463823174;-2.50254419833253;-2.46564889932806;-2.58662984570902;-2.44638378112555;-2.47015671739989;-2.45939391273173;-2.41859685551776;-2.71439512894553;-2.41839354538876;-2.42526369212372;-1.73136629723932;-2.20944205023914;-2.81536007100805;-2.27465363685488;-3.16250513478435;-1.9353288293551;-2.62010983706711;-2.37723211043349
2975;-2.63781516077198;-3.06799930638486;-2.15950517281067;-2.71624100732471;-2.80031970181802;-2.56811532299882;-2.40702547494267;-2.40702601032172;-2.16378809704006;-2.97826817091656;-2.48405387072228;-2.01612024603622;-2.48989733122004;-2.4606580437633;-2.57425750463048;-2.43424485374098;-2.46099882789917;-2.45568947539419;-2.41353854757398;-2.70666489327621;-2.4167261565734;-2.4166972092175;-1.73019723046624;-2.21220113896728;-2.81525444051643;-2.26706759917787;-3.16161404416676;-1.92941316260194;-2.61862502325842;-2.3685430638941
3000;-2.63216909108691;-3.05952779031122;-2.14976953845208;-2.70979590044068;-2.79669689089897;-2.56431391126617;-2.40859423210876;-2.39680359510253;-2.16085434139553;-2.97191344223292;-2.46727971612281;-2.00756994958462;-2.48146133524515;-2.45905815984548;-2.55832496161103;-2.42442109907687;-2.45093723324872;-2.45347195491046;-2.40984105096358;-2.69771107293224;-2.41632316005089;-2.41371882891155;-1.72722438429635;-2.21496987312568;-2.81858824942561;-2.25718712388159;-3.16252330289106;-1.92477636718314;-2.61991921717404;-2.36559270824334
3025;-2.63274418461366;-3.0524050482827;-2.13654655912953;-2.70213381861713;-2.7918019905906;-2.55982989543563;-2.41019863503976;-2.38565748190066;-2.15898924882793;-2.96846550320164;-2.45402015077477;-1.99802922168002;-2.47249876261591;-2.46133464616007;-2.543644387296;-2.41671737934487;-2.44394537010969;-2.44957081127409;-2.40632002677592;-2.69022285921892;-2.41176071139471;-2.41164882782887;-1.72592626408023;-2.21551252408905;-2.82399576731744;-2.24663477035869;-3.16144730430393;-1.91986295728587;-2.61591522403134;-2.36207506992147
3050;-2.63246308117347;-3.04266979675067;-2.12337393963075;-2.69443640985978;-2.78349046333716;-2.55994957534203;-2.41105587885807;-2.37768849902685;-2.15844242977244;-2.96599187240925;-2.44775163495442;-1.98711407892579;-2.46569603352087;-2.4675214255762;-2.52236152259077;-2.40958226976885;-2.43922555635637;-2.4424368201238;-2.39930183625651;-2.68243753858571;-2.40427971589138;-2.41187874859203;-1.72496194164732;-2.21597064468791;-2.82609205109092;-2.23916865000179;-3.16599514487895;-1.91662090664232;-2.61188128774072;-2.35408000983287
3075;-2.63322923542817;-3.03591261374582;-2.10617851240808;-2.68684089287941;-2.77432160450376;-2.55639408392332;-2.41205491172657;-2.37086729136859;-2.16069498980249;-2.96134308231027;-2.4448701784091;-1.98051208869928;-2.4617380876415;-2.47448492953295;-2.497923100068;-2.40514813849802;-2.4326348414184;-2.43688222394041;-2.39321935064488;-2.67580846727019;-2.39451908668666;-2.41026202630434;-1.72370271170946;-2.21840046715309;-2.82817745319539;-2.23863708816134;-3.16612422172466;-1.91353751332044;-2.60455490553175;-2.34267471315094
3100;-2.63652625998188;-3.03312443466941;-2.08781810699364;-2.68388861753775;-2.7644397814892;-2.55062295522085;-2.41326057141277;-2.35964044182749;-2.16319630484698;-2.95410364172118;-2.44664866974975;-1.97237938175457;-2.45838622875994;-2.48005662329187;-2.47508540585717;-2.40281758655657;-2.42805886013648;-2.43375934191932;-2.38280633070717;-2.6697673552997;-2.38541131132438;-2.41210436602447;-1.72231628636194;-2.21751990884112;-2.82854919646384;-2.23833041460416;-3.1647375209801;-1.90882296546949;-2.59541391598632;-2.3323914044543
3125;-2.63615054282066;-3.02607945935956;-2.0703407543345;-2.68357928245596;-2.75117536298294;-2.54805106725914;-2.41443702149315;-2.35039879238741;-2.16442372569002;-2.9491681080869;-2.44695577284608;-1.95844640493277;-2.45708907194537;-2.48177541562527;-2.45713430398732;-2.39782248293314;-2.42554721116327;-2.43320503986179;-2.37622590465823;-2.66217687014244;-2.38174373409545;-2.41184976001077;-1.72682885896625;-2.21740284089622;-2.82693921419827;-2.23792230619506;-3.15925746379011;-1.89897520240785;-2.58410562475278;-2.32580616991631
3150;-2.63560314908257;-3.01752203381285;-2.05354996532712;-2.68257840422458;-2.73925234676675;-2.54308136321771;-2.41596216050718;-2.34556576462397;-2.16367493196268;-2.94313336092487;-2.44643862972127;-1.94985225539929;-2.45622924859541;-2.48352753363925;-2.44097479855448;-2.38423337011454;-2.41862030593951;-2.43238393097283;-2.36794591927205;-2.65358339865315;-2.37710059107445;-2.40624554847318;-1.73279161812092;-2.21556578036714;-2.82539461913176;-2.23539663964439;-3.15308437219783;-1.89292371803628;-2.57838356531144;-2.31791562490282
3175;-2.62848476495039;-3.01084997203358;-2.03444158323937;-2.68469098770584;-2.72702464512059;-2.54284948023845;-2.41240422836302;-2.34604608579846;-2.16341960460629;-2.93599414211919;-2.44589554869041;-1.94358882390261;-2.45261987489367;-2.4877976592081;-2.42662136960471;-2.37385475563619;-2.41094920107841;-2.43392615923124;-2.35715999862735;-2.64884876718767;-2.37091457489536;-2.40577457123534;-1.74063396256188;-2.21412779603973;-2.82168197548945;-2.23003875799116;-3.15064891030821;-1.88615500795523;-2.57488172070385;-2.30797301919846
3200;-2.62087303651169;-3.00112219194111;-2.01757428862209;-2.68702501664981;-2.7147996730493;-2.53841011561033;-2.40643509461819;-2.34257053311304;-2.1650837770414;-2.92941738572288;-2.44361265154685;-1.93464939450095;-2.44786639551458;-2.49232575865639;-2.41434572260874;-2.36085985450039;-2.40262321492773;-2.43545617427393;-2.34422754241195;-2.64605933770876;-2.36296492407809;-2.40690346123013;-1.7473387048755;-2.21172898292775;-2.81824325892859;-2.2279495560814;-3.14686413102277;-1.87736264202242;-2.57146759244677;-2.29722998499482
3225;-2.61323682338741;-2.9917180282647;-2.00752349925234;-2.68577240482286;-2.70821161088724;-2.53748928403061;-2.39625975483215;-2.33909155177371;-2.16565623503039;-2.92408162707555;-2.43670660634165;-1.92591741789667;-2.44566309819973;-2.49807730891442;-2.40619952772463;-2.34986513833176;-2.39234166702626;-2.43577474538908;-2.3331747059286;-2.64329456072725;-2.36217199275335;-2.40554641308725;-1.75148730440927;-2.21266630099379;-2.81652538124456;-2.22811923915631;-3.14106338400056;-1.87224063195891;-2.5661254561004;-2.2884580132773
3250;-2.6095022926525;-2.98639348100528;-2.00786712471906;-2.68616099104925;-2.70746832735694;-2.53740969911965;-2.38754985788026;-2.32808153582634;-2.16352607079603;-2.91179357842875;-2.43072759513365;-1.91793771695352;-2.44403354262408;-2.50205057189013;-2.4048829140774;-2.34199973416258;-2.38800085297063;-2.43525785958512;-2.32353231437145;-2.64591825892088;-2.36304808733348;-2.40570861851321;-1.75278547690892;-2.21217800557969;-2.816699461731;-2.22831550048728;-3.13984117601104;-1.87087564711445;-2.55993284190676;-2.28387030375023
3275;-2.60866809610204;-2.98260390321877;-2.01025834097095;-2.68387110077601;-2.70486212102542;-2.53427851155906;-2.37827682826971;-2.3194032967993;-2.159599331469;-2.89969310491294;-2.4250987133814;-1.9114297089168;-2.44221970635937;-2.50279904177855;-2.40222651129468;-2.34072893869992;-2.3829797531914;-2.43529412431051;-2.31525681455626;-2.6466209672839;-2.36029577435947;-2.40844858751173;-1.74874136906212;-2.21042599865555;-2.81760522851956;-2.22432856974232;-3.13808221040729;-1.86598438241632;-2.55050239635008;-2.27717234056794
3300;-2.60631916753404;-2.98011502937509;-2.01015864527571;-2.68107078382399;-2.69993696933969;-2.52598040559164;-2.37083908461689;-2.31076929071196;-2.15804807666334;-2.88831390614154;-2.41732109381067;-1.90985633352961;-2.44141120654819;-2.50105707464187;-2.40308384645364;-2.33888774210135;-2.37884890904905;-2.43399137808512;-2.30932559296234;-2.65113327055123;-2.35737811675212;-2.4140118846475;-1.74456857082881;-2.20782196386592;-2.82057387744339;-2.2216080412762;-3.13507241649557;-1.85752174953971;-2.53709822590484;-2.2740965389982
3325;-2.60580398007306;-2.97371566537883;-2.01016937138721;-2.67667849811452;-2.69284446575028;-2.51720677271863;-2.36222966485676;-2.3027709144777;-2.15579366644093;-2.87847465174158;-2.40651155785359;-1.90467000917767;-2.44251989099155;-2.49851812224223;-2.40161684775762;-2.34174070744441;-2.3780223230457;-2.43025429477814;-2.30985561689727;-2.65838525666761;-2.35525413960126;-2.42023502030419;-1.7393462731181;-2.20396837877901;-2.8239190026279;-2.218545871065;-3.12810839533774;-1.8497408856892;-2.52289569295266;-2.26878040730934
3350;-2.60505586677328;-2.96397857426135;-2.00739513733908;-2.67176358587857;-2.68611429671778;-2.50338591993652;-2.35179196591751;-2.29640659172386;-2.15477516793864;-2.86589368176496;-2.40364731960673;-1.89973345346679;-2.44436226103482;-2.49294961641784;-2.40078912119887;-2.34411387920912;-2.38185008584473;-2.42550110506425;-2.30733242462987;-2.6610850831377;-2.35022282630145;-2.4210714468437;-1.7283777481345;-2.20041797386698;-2.82615187650442;-2.21521393888068;-3.11952604866672;-1.85058106749075;-2.50652332335082;-2.26638276652462
3375;-2.60507069780857;-2.95451771623233;-2.00385369115643;-2.66923231011829;-2.68316040265713;-2.48984806153702;-2.34255921416057;-2.2891305473356;-2.1550133234249;-2.85313149819981;-2.40764248946542;-1.89273536221527;-2.44501107404563;-2.48632716849744;-2.39943727126693;-2.34660700624515;-2.38353419185273;-2.42189263498327;-2.3032490249665;-2.65619049758148;-2.34388381252538;-2.42314530270144;-1.7175573082008;-2.19693454715489;-2.82729690535378;-2.21248119897899;-3.11584171986066;-1.84888967377455;-2.49368124849539;-2.26508574992637
3400;-2.60393082310767;-2.94272711049337;-2.00311826313289;-2.66691792335442;-2.6793071473411;-2.47592140185909;-2.33071524534049;-2.27887830931266;-2.15565743166274;-2.84575741633832;-2.41055476456804;-1.88775274009251;-2.44681343686143;-2.47655914853545;-2.39885425746654;-2.34974605465732;-2.38834754899516;-2.41732661103536;-2.2986285322341;-2.64418159871531;-2.33649023462331;-2.42460114910359;-1.7114062211473;-2.19262828558334;-2.82833060577056;-2.20680490632727;-3.11401861716777;-1.84610303071716;-2.47468757427017;-2.26384042995102
3425;-2.60450790661498;-2.93181054637201;-2.00295743546751;-2.66599175484231;-2.678827409537;-2.462210595485;-2.31871783632998;-2.27067443938669;-2.15354740206183;-2.83731280745335;-2.41460754503134;-1.88341766333841;-2.44807395072827;-2.4669186302506;-2.40281632846311;-2.34975831317736;-2.39283988805174;-2.41523327189912;-2.29244925134606;-2.63329191156847;-2.33127836948302;-2.43050970973241;-1.70860942162993;-2.19061778675209;-2.82699299979743;-2.19843369190647;-3.11018311230668;-1.84308505523139;-2.4594018890787;-2.2652491782269
3450;-2.60151440089791;-2.92874616384044;-2.00338087895394;-2.666748809822;-2.67324473530394;-2.44464097409656;-2.30389018145329;-2.2609678999582;-2.14963157471452;-2.83333415242515;-2.42027272051028;-1.87874053659388;-2.44436668966039;-2.4570820822615;-2.41069978557274;-2.34664688925852;-2.39658226975187;-2.41115929088483;-2.28460727699163;-2.62569845607829;-2.32459565620492;-2.42887969030396;-1.70682308461942;-2.18823008332715;-2.81980026359788;-2.18862883510562;-3.10171554295867;-1.83783147170208;-2.44504539776099;-2.26435805569901
3475;-2.60132127807511;-2.92441309435365;-2.00151761730052;-2.66664042721342;-2.66984094576161;-2.42853964055766;-2.28825778890047;-2.24912716508206;-2.14703635833088;-2.82811860835424;-2.4203667817571;-1.87495123740796;-2.43523305860289;-2.44838041934947;-2.4181290279051;-2.33975653144774;-2.40002187309698;-2.41332642719161;-2.28166026968514;-2.61871744671365;-2.31502885615714;-2.42784290445954;-1.70673293301609;-2.18315856307426;-2.81353677841729;-2.18103264905795;-3.09783637810812;-1.83185250371847;-2.43402674112052;-2.25897653729088
3500;-2.59682076073485;-2.92152087012908;-2.00432846399641;-2.67029175032852;-2.66775088602151;-2.41803500830815;-2.27124272351884;-2.23830822500543;-2.14474282750851;-2.82153702438783;-2.41498571009453;-1.8721648258636;-2.42297628569069;-2.43903749566682;-2.42716743328518;-2.33370241059528;-2.40569106879597;-2.41891519814124;-2.28071937863901;-2.61146009732218;-2.30996230372489;-2.42766816820138;-1.70801248595347;-2.17635917746566;-2.80862773667967;-2.16806877558906;-3.08992483745917;-1.82686551306712;-2.42931308546744;-2.25726371971257
3525;-2.59493360538918;-2.91881826173029;-2.00476824164159;-2.67093489025903;-2.67104385381228;-2.41271781782015;-2.25559873435222;-2.22496876018359;-2.14037828051877;-2.82108142061411;-2.40841278156043;-1.86062601615098;-2.40593870381534;-2.43190080920255;-2.44167600754747;-2.32586429651963;-2.41168476137682;-2.42314126213217;-2.28093934188728;-2.60465005041822;-2.30465766836734;-2.42858990952972;-1.71025783743615;-2.17232496836732;-2.80457331964927;-2.15613301753124;-3.08144303107687;-1.82085109815234;-2.43162118410237;-2.25599793304861
3550;-2.59207765113838;-2.91523590336908;-2.00899545048327;-2.66725367519913;-2.6760069133374;-2.41394063893913;-2.24018394364614;-2.21544172161612;-2.13710742580508;-2.82067497725569;-2.40152781575119;-1.84841595800904;-2.38689321297621;-2.42678699629504;-2.45272495124254;-2.32095924446848;-2.41717151452774;-2.42502532661262;-2.28440748404006;-2.60181052125451;-2.30071843335871;-2.43270223959785;-1.70808714546282;-2.16868691987585;-2.80185709264477;-2.14562343649254;-3.07723308658822;-1.81848064594783;-2.4352095764012;-2.25039862922767
3575;-2.59075935473417;-2.91609621028612;-2.01385079258059;-2.66678359031086;-2.68201660352023;-2.41331895212535;-2.22450636803658;-2.20391515944739;-2.13126996177244;-2.81537594429001;-2.39559937826446;-1.84111692465518;-2.36820356153209;-2.42149992571832;-2.46428781143447;-2.32154243718639;-2.42016229162222;-2.42427924316058;-2.29239596631483;-2.60260687236096;-2.29404815023717;-2.43916904634129;-1.70406467224466;-2.17176812236608;-2.8032706197859;-2.13953105670127;-3.07276012473731;-1.81991807418345;-2.43666826548314;-2.24691366518557
3600;-2.58943257366237;-2.92131167322094;-2.02460124877312;-2.66827997607187;-2.68491463224724;-2.4129649482428;-2.21378854206024;-2.1899079834699;-2.12571913118959;-2.81267750207044;-2.39235816043101;-1.83045678832407;-2.34974223668883;-2.41494848837648;-2.47539480856232;-2.32487617035951;-2.4242190119376;-2.42297882563929;-2.30435453162728;-2.60277861558216;-2.29010961186816;-2.44688617242685;-1.70032564679033;-2.1707855830697;-2.80591481059973;-2.13586605121882;-3.07404115742742;-1.82328877984117;-2.43603574800763;-2.24564845101866
3625;-2.5828505714761;-2.92512793443566;-2.03346554958258;-2.6659136715274;-2.68617154835352;-2.41279756886168;-2.2064532506312;-2.17618325305098;-2.12397910584459;-2.80932544738772;-2.38825173080753;-1.8203736065194;-2.33182603504768;-2.40694571602255;-2.48559462742585;-2.32896957805933;-2.42985104142405;-2.42038387799274;-2.32142711219676;-2.600630700748;-2.29059199107443;-2.45100616536213;-1.69750291613786;-2.17337723224865;-2.81053235205912;-2.13382780993075;-3.07336903231017;-1.82621690496605;-2.43204682240636;-2.245994816857
3650;-2.57584235509945;-2.9242063779008;-2.03609622597947;-2.66177453696839;-2.68613090659352;-2.41057432230559;-2.19972843726397;-2.16947412002286;-2.12139410786598;-2.80413234631419;-2.38505824884053;-1.81503598908037;-2.31549805126424;-2.40078067920486;-2.49350253622539;-2.33370273885285;-2.43251756292353;-2.41689258002206;-2.33713817029564;-2.60073873658913;-2.28615600947793;-2.45271103759306;-1.69394523513804;-2.1789075495463;-2.81187030519361;-2.13120270138017;-3.07489654000597;-1.83109718799871;-2.4316692204975;-2.24169004276902
3675;-2.56393811897911;-2.92430241905675;-2.03196899146525;-2.65664117768456;-2.68482789233066;-2.40785330835275;-2.19236122867848;-2.16560451676411;-2.11748543625024;-2.79572265177388;-2.38560569095274;-1.81164332895691;-2.30414083939711;-2.39472176005755;-2.49986830934598;-2.33622236267022;-2.44035417963835;-2.4165457675871;-2.35557545052621;-2.60238911491299;-2.28096173828411;-2.45869053271614;-1.68789476124269;-2.18021396698843;-2.81168347928951;-2.12689588180389;-3.07876277517635;-1.83527577476431;-2.43436980836073;-2.23216112624263
3700;-2.55107135517218;-2.92231554862266;-2.0237924675967;-2.65074876169675;-2.67993586086444;-2.40586906292629;-2.18980614010624;-2.16187795223689;-2.11532233192631;-2.79078087743868;-2.38520026328153;-1.80714060681144;-2.29546978389621;-2.38847111350449;-2.5045536901448;-2.33672722930191;-2.44288574392387;-2.41415691334095;-2.37208570034104;-2.59983430448192;-2.27579771740213;-2.46043062347832;-1.68113385767575;-2.18106930844302;-2.80624161075257;-2.12251767210033;-3.07614279938486;-1.83751997902202;-2.43665919110777;-2.2274168881315
3725;-2.53799248774638;-2.92494115222651;-2.01397359871818;-2.64213400130201;-2.67995466820376;-2.40419188755489;-2.18728954307047;-2.1595187672786;-2.11137638631954;-2.78775872938493;-2.38274599155975;-1.80471857601269;-2.29192614212971;-2.38505386900647;-2.50799069802975;-2.33495951305389;-2.44264863014605;-2.40815578234079;-2.38773259104448;-2.59406443717166;-2.27286757404925;-2.46345255268975;-1.67712142305572;-2.1833334625535;-2.80198708701888;-2.1220691519779;-3.06911134197273;-1.8390608182054;-2.44159924855074;-2.22524546132786
3750;-2.52405020609033;-2.92770309604553;-2.00736551176966;-2.63463974676475;-2.6788172264614;-2.40209155354024;-2.18230153660654;-2.15378441231214;-2.10421363616102;-2.78635153189167;-2.384860024093;-1.80237806552549;-2.29237904480752;-2.37830444783956;-2.5116422800205;-2.33676442406099;-2.44315198530955;-2.40184251709929;-2.40089512903634;-2.59205021773582;-2.27329848926147;-2.46460201401228;-1.67411256398446;-2.1842469893686;-2.79475824228344;-2.12581001982522;-3.06778636773367;-1.84599851934767;-2.44541885085932;-2.21679035399899
3775;-2.50664664543612;-2.92959222456616;-2.00133550581395;-2.62740928839826;-2.67932401676939;-2.39722347256929;-2.17600389492294;-2.15035821600091;-2.09724467282825;-2.78856934886776;-2.38215885924733;-1.80287718026821;-2.29467171058714;-2.37172389110506;-2.51021952872975;-2.34122079576751;-2.43851379357942;-2.3984904234715;-2.40865673501973;-2.58553021220398;-2.27318873651224;-2.46773094058403;-1.66953742815337;-2.1874374068925;-2.7861870044397;-2.12903912711815;-3.06661328416969;-1.8476765889191;-2.4503564436982;-2.20669885439342
3800;-2.49637015643501;-2.93204688847402;-1.99632927114223;-2.61578777915953;-2.6745908376613;-2.38933881095708;-2.16621702245697;-2.14308790561995;-2.08951869336693;-2.79554524950492;-2.36967247462038;-1.80836901803987;-2.298920214308;-2.36561982254078;-2.5081607236243;-2.3492544297972;-2.43154596789646;-2.39404158572988;-2.41508767653151;-2.58226100426679;-2.27556225419346;-2.47005455345687;-1.6639300670109;-2.18953490005142;-2.77888513852638;-2.13318936048452;-3.05930229538068;-1.84822413077984;-2.44696971057566;-2.19967705065045
3825;-2.49396945745181;-2.93273672780209;-1.98873295061935;-2.60135354816828;-2.66235081636644;-2.38486990802738;-2.15981658740566;-2.13630756761878;-2.0798811907281;-2.80230858790594;-2.35388484634938;-1.81405508756713;-2.30688897228129;-2.35839530497453;-2.50603311931473;-2.35690582027491;-2.42439536727749;-2.38973182063433;-2.41728569106403;-2.57952037281082;-2.28251840956412;-2.47180041714143;-1.65745738455443;-2.193635352617;-2.77179591312151;-2.13871758489138;-3.04922060773513;-1.85171971301549;-2.44111192671024;-2.18731344172189
3850;-2.49064490424552;-2.93563982617449;-1.98302046183933;-2.58407932048502;-2.65125061295813;-2.3801757618573;-2.15843579061983;-2.12977230893663;-2.07001463258395;-2.80454538237359;-2.34111122882274;-1.81878189567127;-2.31208557743899;-2.35197110553845;-2.50495717896091;-2.3647007996486;-2.42137462743656;-2.38480388985438;-2.41833465087949;-2.5803355492777;-2.29403884884209;-2.47193984474322;-1.64858249649843;-2.19950751360576;-2.76666015132571;-2.1422011132001;-3.02950643469834;-1.85571489010072;-2.43510542682861;-2.17834207575283
3875;-2.48623998970832;-2.93887590632833;-1.98134600900188;-2.56696394811036;-2.64071619566837;-2.37447446908576;-2.16014204537636;-2.11912520754592;-2.06085609617498;-2.805135552924;-2.32314368881195;-1.81725769061534;-2.31241963189931;-2.34707325247714;-2.50425701759158;-2.37097514584295;-2.41461445644743;-2.38019268653805;-2.41833455237013;-2.57837664824518;-2.30761992500816;-2.47322013384914;-1.64257428017694;-2.20269514639961;-2.76327986529165;-2.14701910366687;-3.01568069802804;-1.85690174758596;-2.43706958136124;-2.1709699711981
3900;-2.48341019590752;-2.93694856407794;-1.98375552202257;-2.55215842632854;-2.63790688729501;-2.368808695584;-2.15932030364375;-2.1081299107425;-2.05350971995239;-2.81153553378452;-2.30183427895284;-1.81571181683426;-2.31274356354556;-2.34030988170138;-2.50214812517312;-2.38003727921628;-2.40548524011177;-2.37458868433472;-2.41465646518355;-2.57871216356722;-2.3221068728328;-2.47821139473777;-1.63702794126549;-2.20905613606041;-2.76127786480703;-2.14650448711696;-3.00073425517462;-1.85942190602903;-2.43905636093722;-2.1701562169402
3925;-2.4777105680532;-2.93233745393336;-1.98768687964548;-2.53733583379333;-2.63581031157328;-2.36469753906261;-2.15922765817371;-2.10238497572835;-2.04638041422308;-2.8134251968556;-2.28275771326875;-1.81607902806425;-2.3109920285533;-2.33516498612651;-2.49917473870266;-2.39040747120053;-2.39642951998231;-2.36392061711648;-2.41178874795787;-2.5819924423934;-2.33530790585128;-2.48382444228591;-1.6314548983288;-2.21862161318424;-2.76163094873061;-2.14478577628199;-2.98332210756625;-1.86319050083925;-2.44206290795346;-2.17288262731913
3950;-2.46989677179586;-2.92831354564526;-1.98858383939175;-2.52463104666274;-2.62868305152677;-2.35657528670301;-2.15910133828224;-2.09942424551079;-2.04040676750301;-2.81756747288718;-2.26977658945005;-1.81424485210278;-2.3025179186402;-2.33287796105384;-2.49489347203705;-2.39938458495066;-2.38637362732249;-2.35450935596194;-2.40787248459841;-2.58842933018337;-2.34789840927316;-2.48674364042331;-1.6284782041878;-2.2242373196454;-2.7606461316129;-2.14191068589698;-2.97251002733332;-1.86349286838122;-2.44078142085705;-2.17103607310572
3975;-2.46596475205052;-2.923324036014;-1.98676627400037;-2.51695876209216;-2.62690600655745;-2.34997089657347;-2.16040261901868;-2.09640013915737;-2.03830358937395;-2.81915619647981;-2.25666297455709;-1.81821496202597;-2.2943013055188;-2.33316311880699;-2.48938972394787;-2.40355613061616;-2.37675380698658;-2.35020914423207;-2.39948507047939;-2.59493585808077;-2.35767748938103;-2.48772743107047;-1.62608827959677;-2.23031299737991;-2.76036301854005;-2.14042993651655;-2.9678858958017;-1.86139178081075;-2.43744646852658;-2.16621490193254
4000;-2.45994259220455;-2.91977868764557;-1.98340179479352;-2.51210276137704;-2.62998193548553;-2.34669497325923;-2.16154193868435;-2.0943978170273;-2.04014726875354;-2.82281696209754;-2.24700903647654;-1.82157969834269;-2.28311540540487;-2.33196960515312;-2.48204011694701;-2.40760144261488;-2.3678473668274;-2.34733556498106;-2.39094106868708;-2.60188849740833;-2.3655276279124;-2.48121319196733;-1.62610654293919;-2.23371297181574;-2.76138553562727;-2.1360513475787;-2.95885176295384;-1.86086655258426;-2.4404802705596;-2.16254375690139
4025;-2.45351377333005;-2.9146066712491;-1.97447511023446;-2.50933196598749;-2.63745374955815;-2.34845580438857;-2.16623185417109;-2.09222290635675;-2.04398783578585;-2.82618912520716;-2.24037262833689;-1.82061664818428;-2.27082025953735;-2.32977987725907;-2.47697603272038;-2.40871790324381;-2.35819361175617;-2.34008063622749;-2.38264908006876;-2.60509473545128;-2.37152681726384;-2.47131762013786;-1.62411558334314;-2.23479437023548;-2.7584675250156;-2.13179011170413;-2.94899702529561;-1.85635513685192;-2.44698295986773;-2.15893068917131
4050;-2.44846366789018;-2.90862092040626;-1.96509495122542;-2.50749782224571;-2.64739702415873;-2.35200532525782;-2.17044907759182;-2.09086849050041;-2.04629887605159;-2.82650896613931;-2.23713995686625;-1.81791331719182;-2.2621747551879;-2.325060863412;-2.47175667145854;-2.4099686538323;-2.34591750447358;-2.3344567932604;-2.37338659400616;-2.6083969104979;-2.37904174979874;-2.46184030696073;-1.61738295914898;-2.23296317094789;-2.75493491141713;-2.12891770050326;-2.93748330897649;-1.85385566283316;-2.45393143241079;-2.15661686345867
4075;-2.44868392689633;-2.90296628362367;-1.95510500066555;-2.50933285977496;-2.65705069000764;-2.35229906833238;-2.17396162928359;-2.086741470661;-2.04459147969165;-2.82648137220007;-2.23927267724379;-1.81914627951319;-2.26036562677572;-2.31693145685129;-2.46980548041819;-2.41240049996249;-2.33386258722847;-2.3285147838502;-2.3631219056702;-2.61037728285491;-2.38032400326257;-2.45336096273683;-1.60742224610271;-2.25719128334465;-2.75400471427107;-2.12987074345709;-2.93229383147874;-1.8494965927378;-2.45636909564753;-2.15403286171774
4100;-2.45292355260966;-2.89844601308302;-1.9500943633327;-2.50901739713386;-2.66207808590655;-2.35167637364043;-2.17868206540878;-2.08443489143118;-2.04532133013993;-2.83089291298434;-2.24397863388907;-1.81879048149624;-2.26002355851033;-2.3064560183451;-2.4672615143753;-2.41178995475941;-2.32095347010256;-2.324877563362;-2.3508976978674;-2.61308878591596;-2.38216897984017;-2.44104685326019;-1.59447248510971;-2.24429958319633;-2.75074660506633;-2.13521733827568;-2.9321126892471;-1.84468821009215;-2.45857180712851;-2.15127986522049
4125;-2.45696549021741;-2.89527022162645;-1.94814116024041;-2.50436720081024;-2.66615858089774;-2.35105183163801;-2.18112768794965;-2.07740815630828;-2.04597405439794;-2.83786311972361;-2.24683629106432;-1.82087741902071;-2.26098451079176;-2.29427769554327;-2.46155779903036;-2.40375168844669;-2.30673546223945;-2.32312572322355;-2.33369385518199;-2.61513927408932;-2.38228699566651;-2.43195980043209;-1.58227957913878;-2.20843594008396;-2.74751690753182;-2.13989085419757;-2.9359812213168;-1.83921980723547;-2.45476892475489;-2.14567692618047
4150;-2.46634404042006;-2.88802078712446;-1.95055720641078;-2.49674879799254;-2.66856273070043;-2.35228453733428;-2.17981129345154;-2.06978038718327;-2.04423063715212;-2.84573847074133;-2.25227817708941;-1.82312143483402;-2.26241348430951;-2.28231666731809;-2.4506759628775;-2.39337095102888;-2.29428948963681;-2.3247525612683;-2.3160965604211;-2.62034258010387;-2.3833807410914;-2.42166058834455;-1.5712032277329;-2.17541566258021;-2.74193881847979;-2.14158931468742;-2.94237599118581;-1.83352233603367;-2.44475924845335;-2.13937315264897
4175;-2.47657848840032;-2.88506939349125;-1.95683386832079;-2.4845751024855;-2.67046881170907;-2.35380852691148;-2.17812108555524;-2.06394734319404;-2.0440676237061;-2.85109423874986;-2.25970261213071;-1.82659111033952;-2.26246280803546;-2.27014533401364;-2.45423776316112;-2.38064698666296;-2.28581900402772;-2.32876453006572;-2.30193896745891;-2.62445641574385;-2.38797830511671;-2.41276752590109;-1.55961223236906;-2.16330432930897;-2.73333953016135;-2.13721581716467;-2.94408124171522;-1.83086320218075;-2.43578088371194;-2.13203343111856
4200;-2.48502413065535;-2.88443010438768;-1.96762659309392;-2.46781120155683;-2.67185151979077;-2.35937663283189;-2.17870631805068;-2.05986510826557;-2.04544591694712;-2.85624328839215;-2.26590041194947;-1.82659798363509;-2.2560177672828;-2.26005397958433;-2.46808918586139;-2.36909629018493;-2.27977781244132;-2.33062787256593;-2.28503338975622;-2.62576342068145;-2.39279729969916;-2.40396314766412;-1.54969867871075;-2.18427395009594;-2.71934886653836;-2.12538574465286;-2.93999742297374;-1.82663269093997;-2.42793929486653;-2.1301480711868
4225;-2.4886562476252;-2.8787160828688;-1.98138460730239;-2.45023000436277;-2.67801014248431;-2.36483908522557;-2.17603144674104;-2.05598378639946;-2.0445564231914;-2.85980224792559;-2.2724033962144;-1.82863314341589;-2.24462978506207;-2.2532678406155;-2.48115495212634;-2.35887614285715;-2.27708539329352;-2.32950770062667;-2.27210771342655;-2.62685584254389;-2.40112427505967;-2.40222198726333;-1.5401144184162;-2.23733278586717;-2.70905867426667;-2.1094268919214;-2.88888336471283;-1.82301162484361;-2.42692692915577;-2.13454421220389
4250;-2.48535632208834;-2.90225045024556;-1.99803449334105;-2.43323625127324;-2.68476983714273;-2.37125728370342;-2.16901107291235;-2.05015036485887;-2.04181241145134;-2.87041772482473;-2.27852444331136;-1.83210229391301;-2.22694361063174;-2.24817435296368;-2.49333530942319;-2.35856990039797;-2.27415019496033;-2.32537620271244;-2.26129797831149;-2.630151274429;-2.41195666213547;-2.4019803666367;-1.52913004858557;-2.31733474189009;-2.69871638886102;-2.09101667945651;-2.81424338890112;-1.81880151090492;-2.42707674425948;-2.13464199600627
4275;-2.46969563369785;-2.94092780338021;-2.01675270097179;-2.41859954393097;-2.69780314117987;-2.37459931543231;-2.15981817727996;-2.04107164883297;-2.03704396435355;-2.87377192171373;-2.27710875975676;-1.83791762358655;-2.19979219110131;-2.24207167916048;-2.50343411196985;-2.36191372322741;-2.26813633299359;-2.31822469477054;-2.2514648615432;-2.62271863166969;-2.42251596050168;-2.40392273431738;-1.51329670950308;-2.40800202093713;-2.68887363962459;-2.07007135688271;-2.73695634625264;-1.81032570252297;-2.42424792957179;-2.13621244779879
4300;-2.45491567421462;-2.98245802261335;-2.03237597171545;-2.40553470740542;-2.68857032422879;-2.37663485425087;-2.14860391431012;-2.02849527041359;-2.02548569654871;-2.87075350889181;-2.26943367735778;-1.84606454608758;-2.16968575550581;-2.23671253274092;-2.50943677385974;-2.37956914003601;-2.25768653944599;-2.30690105294736;-2.23948352678553;-2.62059759418809;-2.4272895425468;-2.40687318068199;-1.48996457493819;-2.49367643519948;-2.6752136549967;-2.04704760527138;-2.66436367945135;-1.80412368153874;-2.41467070738272;-2.13296767588313
4325;-2.43396171037321;-3.02187183863668;-2.04681001797493;-2.39425868113459;-2.6964566236327;-2.382207254497;-2.14035105770896;-2.01287973075263;-2.00754982026008;-2.85755949850346;-2.25948664979453;-1.85354611239713;-2.13529305682793;-2.24980999824185;-2.50718545961729;-2.39854599835545;-2.24120116513357;-2.29228871185185;-2.22588105672521;-2.6280299089609;-2.43089613735283;-2.41202976027784;-1.4609195110821;-2.55105626489775;-2.65758660231875;-2.02280660578291;-2.60334620549772;-1.79420655411103;-2.40020456888433;-2.12048330839796
4350;-2.40648905848682;-3.05414144331108;-2.0622985573663;-2.38764470672451;-2.73573613273339;-2.38726922393011;-2.13502673393299;-1.99137901194902;-1.98174006238983;-2.83278688535246;-2.2453226533061;-1.85433363670108;-2.09597225673124;-2.26551901265872;-2.49161629350867;-2.40965846839811;-2.22157948289954;-2.27516251722019;-2.20920287760039;-2.62686713705989;-2.42944587490849;-2.41581647246645;-1.42334836640066;-2.56265485093831;-2.63808153687498;-2.01122448756974;-2.55550879535844;-1.78039387596827;-2.38186108601515;-2.10209612830149
4375;-2.37458130677355;-3.06969144957967;-2.07831265000223;-2.38435787215991;-2.77341223612107;-2.39109195343884;-2.13265748595503;-1.9635583781314;-1.94108365888566;-2.80306714121309;-2.22413090007574;-1.84600566888936;-2.05377809716487;-2.27684083294165;-2.46467284192289;-2.40712715187709;-2.19016583240081;-2.25624919756233;-2.19021060288425;-2.61323162127929;-2.42200532419487;-2.41755337830379;-1.37681238253808;-2.52811436729373;-2.62495946590518;-1.99571798948401;-2.5292817965993;-1.76039593662637;-2.36422436384178;-2.08006396388426
4400;-2.34110170586363;-3.06489557174331;-2.09318511102589;-2.38461966241663;-2.79648345828102;-2.39259926413375;-2.12868584209989;-1.93192233650654;-1.89288902011313;-2.77081547280731;-2.2008277201888;-1.82996536728236;-2.02441742542272;-2.27249775202417;-2.42619434345964;-2.39285441645522;-2.1476352997845;-2.23222643563636;-2.17009154730196;-2.59415595309649;-2.40883874783154;-2.41216280446077;-1.32555859375244;-2.44888508289306;-2.60899866829923;-1.97688745671429;-2.52027448797978;-1.73791564563228;-2.34164762953803;-2.05791883307721
4425;-2.3043423334742;-3.03545233044178;-2.10376727803965;-2.38459230611181;-2.79221752555374;-2.3933895578867;-2.12853174260727;-1.8996782834461;-1.84213145103019;-2.73578368961102;-2.17498329562475;-1.80987521339801;-2.00573035905051;-2.24997163277951;-2.37337421016992;-2.36287851237581;-2.10107449461999;-2.20465887555373;-2.14578450846702;-2.57056753863747;-2.38906685169211;-2.41595622874317;-1.27295779087664;-2.33074167837343;-2.58221404767942;-1.95862009877786;-2.5262182965289;-1.70617297503588;-2.31398662109459;-2.03378071436522
4450;-2.27296592243159;-2.9845249759076;-2.10655153472202;-2.38548047223974;-2.76253060185445;-2.39137436387485;-2.12691954904915;-1.8688732058911;-1.79127335703763;-2.70282376826364;-2.14964987137201;-1.78156796663018;-1.99125809399399;-2.23038646438895;-2.31145886036283;-2.31468097409627;-2.0539710196233;-2.18018406461016;-2.11589287094122;-2.53977076157461;-2.3677050357373;-2.4236772105687;-1.22316623697579;-2.18472121486605;-2.54238803424061;-1.93971745858618;-2.54911232038102;-1.66927015445478;-2.27806852599558;-2.00809094152614
4475;-2.24352251339986;-2.91929568164664;-2.09912488972421;-2.3843215007549;-2.71473011120831;-2.38804164045069;-2.12649344652628;-1.83804086500663;-1.7457150779819;-2.6751219815204;-2.12462554070295;-1.74878963459667;-1.9798908609164;-2.20667429261104;-2.24159309780828;-2.25377333095586;-2.00915698218884;-2.15776273173637;-2.0797929641765;-2.50540359609936;-2.34542385839812;-2.41929500166711;-1.18157409707767;-2.03145588648616;-2.49171119358391;-1.92132830553467;-2.57800777052692;-1.63147161759972;-2.23664590810338;-1.98459094480416
4500;-2.21326851377793;-2.84542122149242;-2.0800664705798;-2.36902692546735;-2.6490798062983;-2.38527031172938;-2.12287049878351;-1.81395753634491;-1.70867806322797;-2.65404379555566;-2.10172575876695;-1.70764197669042;-1.96479596149337;-2.17167749777109;-2.17024542630529;-2.18455018863607;-1.96747052370477;-2.13531709465575;-2.04047793755341;-2.456244608151;-2.32117844824214;-2.3954104532363;-1.15201946425317;-1.88709806679766;-2.43068342538385;-1.89764302315528;-2.60336045530982;-1.59507652505773;-2.1955996387744;-1.96604651564832
4525;-2.18259932945671;-2.7698100768259;-2.04871483538843;-2.35425578691435;-2.56950366364984;-2.38616608406477;-2.11932760167326;-1.79370008975321;-1.68104762166476;-2.63594139509754;-2.08185035192682;-1.66191275698534;-1.94663706579687;-2.12288953662136;-2.10086470692913;-2.11316648422698;-1.931729708647;-2.10916726929421;-2.00083603526627;-2.39545287190554;-2.29936481008629;-2.35209207092091;-1.13411543595537;-1.77836611964372;-2.36145356417685;-1.8677040997175;-2.61652563962559;-1.55740184446841;-2.15246669794404;-1.94919963283627
4550;-2.15276008597745;-2.6994482414691;-2.00592862155014;-2.37890064680552;-2.47870563608814;-2.38520023326127;-2.11503748595041;-1.77819603862227;-1.66162071068953;-2.62110867503129;-2.06697978920953;-1.61116082240502;-1.92571494684346;-2.06085052447534;-2.05229821869813;-2.04878435477269;-1.90039728507018;-2.08576936130141;-1.95951453175537;-2.33011012970781;-2.28073039113971;-2.29204246237272;-1.12680987339413;-1.71070839712083;-2.2929802720291;-1.83423995516858;-2.61438106992325;-1.51867096849113;-2.10905252273234;-1.92831453812334
4575;-2.12395201127408;-2.64067465532065;-1.95330553575666;-2.4189825083122;-2.38288597143228;-2.38382469449624;-2.10993688860988;-1.76762046417614;-1.64729382020425;-2.60768653440154;-2.05721101144993;-1.5638021742461;-1.90232515702992;-1.98835155507571;-2.00426882981713;-1.9988702155096;-1.87648032148321;-2.06527364294071;-1.92082892830201;-2.26853234176211;-2.26019751890644;-2.21493944346663;-1.12565845332581;-1.7345961884292;-2.22899929897259;-1.79739518117323;-2.59552689641952;-1.4798908349436;-2.06566780877924;-1.94360557812143
4600;-2.10070022869696;-2.59726260097534;-1.89396716644482;-2.45034532645382;-2.28501661415287;-2.38225792078405;-2.10403902455956;-1.7625847926438;-1.65477986234935;-2.59317740111928;-2.04169081976837;-1.52144673664508;-1.87753876062954;-1.9103418288289;-1.94222760269121;-1.95936891454537;-1.85607054360386;-2.04366884863855;-1.88095720877933;-2.21657844523244;-2.22188179362962;-2.12790958029642;-1.12778764621279;-1.77452847156519;-2.170051765935;-1.75838907525032;-2.56343670922161;-1.44375866949732;-2.02739254819554;-1.9819655709305
4625;-2.06225697543933;-2.57159360773673;-1.83149045043426;-2.45640632848754;-2.16168392230439;-2.38047277473584;-2.09736484335853;-1.75733810621722;-1.66104760866414;-2.57480489656045;-2.01771473284457;-1.48065949331187;-1.85279422652617;-1.83239085565349;-1.87618918139617;-1.92788217424788;-1.83681153819422;-2.01723330842708;-1.84391309816993;-2.17804608742323;-2.19578937971931;-2.03891567268471;-1.13283910934382;-1.81731781407543;-2.12263759795285;-1.7186338507672;-2.5275802567485;-1.40811377343401;-1.98453493929815;-2.00859313728426
4650;-2.03317471192192;-2.54558104895751;-1.76997670142981;-2.43074267430222;-2.03160373265684;-2.37845444624039;-2.08992491479557;-1.74928621868018;-1.65627770426793;-2.5499509145292;-2.02427531372862;-1.43771740176816;-1.82984711879397;-1.76042248497986;-1.82374657502791;-1.90540564878738;-1.81745057222471;-1.98349477659003;-1.80711196454735;-2.15483692234752;-2.19610989141614;-1.94759547067702;-1.13820116679989;-1.84853573043119;-2.08666207099669;-1.67956618621576;-2.5001615316442;-1.37061045812976;-1.94101479631987;-2.00901600233093
4675;-2.01956682159018;-2.53559952916102;-1.71296746900906;-2.37067463374049;-1.91072795529851;-2.37619006885321;-2.08170031752932;-1.74484659893409;-1.64498866367548;-2.51662600772242;-2.03752910980586;-1.39149350405987;-1.81047718002169;-1.69913780081003;-1.80201879663964;-1.8894606920703;-1.79655328802698;-1.94152931493893;-1.77417715830392;-2.14589600602842;-2.20472278125315;-1.8619333040188;-1.14216292169734;-1.85752221045048;-2.06070345310845;-1.64333044240912;-2.50056373453453;-1.33511838153679;-1.89810075059609;-1.97475822458607
4700;-2.01283803167577;-2.53558062226877;-1.66334185438567;-2.2798404705049;-1.81009622620494;-2.37366483734579;-2.07262574073042;-1.74120861040688;-1.63084822610049;-2.47366256215368;-2.04214157873315;-1.34072835042544;-1.79646972125391;-1.64899387771299;-1.80496148361022;-1.87645385770381;-1.77322431536659;-1.89179464912501;-1.73702341473612;-2.14788341715476;-2.20584979871163;-1.78790037293813;-1.14332481222185;-1.84345025975358;-2.04509730160747;-1.60936693377953;-2.51204393578965;-1.29830920939101;-1.85838155625015;-1.90760652209017
4725;-2.00751655945611;-2.52636228618533;-1.62223879012643;-2.1651609683636;-1.73618612479595;-2.37086588176423;-2.06258315562616;-1.73815859598171;-1.61702019463472;-2.43204795554804;-2.03116290113972;-1.27612551876584;-1.78972993685747;-1.61727821845012;-1.82605636492496;-1.86237329375128;-1.74742572250775;-1.83630477565937;-1.70090822524662;-2.15490201951875;-2.18907923013652;-1.72599253638269;-1.14157101306908;-1.80877884447533;-2.04158282946953;-1.57557040614361;-2.50883190613887;-1.26202749106021;-1.82218464162285;-1.80600469601072
4750;-1.99973299526737;-2.53059361036156;-1.58867950775289;-2.03649033809841;-1.68729728863529;-2.36777839931646;-2.05140189463356;-1.73537024861575;-1.60606461364381;-2.39131514270311;-1.99975360074479;-1.24823342920025;-1.77264172290504;-1.59473765320506;-1.86324291124654;-1.84334603155652;-1.72005538686327;-1.77672994432215;-1.66660539161171;-2.15764271321711;-2.14547500450576;-1.67329420819659;-1.13691072548855;-1.76118423033415;-2.04479460706292;-1.54424236816284;-2.50271259266737;-1.22280215222913;-1.78816338020149;-1.69844600718458
4775;-1.98503060823334;-2.52026522546257;-1.55863641734497;-1.90514947991427;-1.6532543329389;-2.36438951847778;-2.03887443878366;-1.73253119568833;-1.6008326343789;-2.3422741856261;-1.94766617611523;-1.24730297764631;-1.77959051362965;-1.56819224916238;-1.9099018617574;-1.82102451358213;-1.6927849319298;-1.7222845518775;-1.63606737769801;-2.12873832030548;-2.07357052218312;-1.6273813352426;-1.13049204227657;-1.70981115298161;-2.05040436511727;-1.51563558919282;-2.49908098617408;-1.18451573324524;-1.75498367184792;-1.66343050025386
4800;-1.96116431324481;-2.4920154902661;-1.53012490303337;-1.78280359871116;-1.60946857768585;-2.36068443733437;-2.02479055836853;-1.72931212806298;-1.6025672552898;-2.28658357526442;-1.87828394146843;-1.25682723383661;-1.8137993647456;-1.55389027627119;-1.95727943194646;-1.80350751757814;-1.66786490622919;-1.67437105059747;-1.60602670026849;-2.13042392785134;-1.97406254284626;-1.58572485896058;-1.12401625891972;-1.65904204611075;-2.05242767498931;-1.48725462079261;-2.49203904653056;-1.14610585037433;-1.7242086863482;-1.66433145127118
4825;-1.9279286346785;-2.44773465553288;-1.50481997481382;-1.68040585973877;-1.61784281555949;-2.35665028405164;-2.00898525064497;-1.72539870715511;-1.61344479753739;-2.22589503850295;-1.79637832119327;-1.2672051811652;-1.85168264927246;-1.55450396923446;-1.98421521481332;-1.77021640190071;-1.64734495133071;-1.62984610256243;-1.57293514184525;-2.1487591380356;-1.85239045135999;-1.54551079755163;-1.11934010240085;-1.60659456024455;-2.04459720678446;-1.45984688760958;-2.48853591600367;-1.10719952380142;-1.69433943143265;-1.68214061589924
4850;-1.88684625569191;-2.3879356535784;-1.48182760029604;-1.60652925901465;-1.66184802963132;-2.3522722565624;-1.99134261710702;-1.72046747868168;-1.63157911925059;-2.16303994221339;-1.70873043188264;-1.27065894886069;-1.87395644193589;-1.55552129497124;-1.98753057683181;-1.76970455493958;-1.63252763994146;-1.59814419407037;-1.54119644317969;-2.15454420792352;-1.71510435293037;-1.50304023666043;-1.11184326756443;-1.56199517431603;-2.03768962713161;-1.44215817106233;-2.4908816867485;-1.07011967476809;-1.66602736089598;-1.70257636243778
4875;-1.84075578664746;-2.31465265944146;-1.46055818887662;-1.56663241243728;-1.71991246361913;-2.34753748356947;-1.97171262259537;-1.71445723140588;-1.64495339648277;-2.10133599241349;-1.62228108102163;-1.26261780983093;-1.87249384959226;-1.5539178898823;-1.96288808369289;-1.77981988874463;-1.62064623036849;-1.55802592200633;-1.51532618737369;-2.14373547236403;-1.57315239478565;-1.45337254484706;-1.08827302208056;-1.52691474834767;-2.03570627336485;-1.41685541737586;-2.4916273729521;-1.03664043971997;-1.63904091258826;-1.71479262217902
4900;-1.79342100591092;-2.23170873914279;-1.44051090125508;-1.56120684437062;-1.78257911837184;-2.34243116215159;-1.94994398530822;-1.68944568015407;-1.65835934851258;-2.04313407068335;-1.54427776942434;-1.2430104166615;-1.8520958591618;-1.53989190000363;-1.90632916164579;-1.78548463722661;-1.60208811563813;-1.51308000843918;-1.48928182750233;-2.11277399472894;-1.43587257046298;-1.40067926172659;-1.08855340211744;-1.4969218202459;-2.03400028511141;-1.39143353040575;-2.48544871163972;-1.00751728098534;-1.61053859439509;-1.71326284730367
4925;-1.73961619473043;-2.16540162129985;-1.42136541739183;-1.58344420639125;-1.83954135146071;-2.33694042213055;-1.92588302983618;-1.68958747436918;-1.66770486197687;-1.98510009114673;-1.48064966346672;-1.21470860545713;-1.80897951784713;-1.51433192389624;-1.82312032196403;-1.77909077882919;-1.59854158629329;-1.47362725378883;-1.463683854455;-2.06162683328109;-1.33894436981266;-1.36971742273892;-1.09941620587309;-1.46897442694794;-2.02109893262365;-1.36657048392803;-2.46989672259249;-0.978359788201163;-1.5784841416609;-1.69348715615853
4950;-1.70810368053562;-2.10435926225844;-1.40297360428697;-1.62169545861801;-1.88303377612735;-2.33105045924692;-1.89937885296431;-1.70049969269586;-1.67002158427863;-1.95163989930874;-1.43626438364788;-1.1779950906668;-1.74638201863985;-1.49433887941979;-1.72081688532666;-1.75649128613156;-1.60522339058103;-1.44515851163838;-1.44027968364648;-1.99719177370128;-1.23934393298376;-1.35362551971707;-1.10683188883405;-1.4408630265014;-2.00747437871759;-1.34699060302385;-2.44418254132499;-0.954883690147944;-1.54602638113309;-1.65139629851014
4975;-1.69313411364381;-2.05188598244529;-1.38534636743463;-1.65837810585745;-1.9081499783673;-2.32474840484351;-1.87027760302048;-1.70237493275012;-1.66372610197207;-1.93363764718318;-1.41293706742158;-1.12359562283124;-1.66905664474892;-1.47209197045604;-1.61273574916331;-1.71545763197699;-1.6091020865119;-1.43039945342403;-1.41727812508857;-1.92021352638703;-1.15693752442751;-1.35363109281092;-1.10127463730015;-1.41005299756124;-2.02601312515463;-1.32319285260754;-2.4097627107817;-0.934242614691794;-1.51220474532873;-1.58446183673691
5000;-1.68974789251109;-2.010034625392;-1.36858364250755;-1.63773669027149;-1.91533181527627;-2.31801945298814;-1.83842924211774;-1.68740132741711;-1.64377233049621;-1.92355329631061;-1.41077835972862;-1.08206018368889;-1.58416340435733;-1.44819742025981;-1.51456343223335;-1.65963490363162;-1.60941447034742;-1.42832908331593;-1.39355841570109;-1.83275158835958;-1.10676439435242;-1.37182268953502;-1.07610369018175;-1.37305686776318;-2.05254851991096;-1.31260538348216;-2.36885971406446;-0.918986844388167;-1.48432536160735;-1.4830097209873
5025;-1.694642919202;-1.98057235561727;-1.35272588521143;-1.64196676763598;-1.91054289516212;-2.31085073682423;-1.80262786847501;-1.65027263037092;-1.6112829036935;-1.91552300017931;-1.42525459723504;-1.04860130106639;-1.49676404895428;-1.42417814436641;-1.44469978797785;-1.59034390227266;-1.61114778734863;-1.43592382306167;-1.37111926189516;-1.74212430123152;-1.09742469386142;-1.40593274228904;-1.03040392537344;-1.32400426221963;-2.07326532846869;-1.3353168065077;-2.32482350201736;-0.90494279052906;-1.4555974008414;-1.3460440033249
5050;-1.70381860393663;-1.96328632584445;-1.33764610779697;-1.64498384850977;-1.90385451308406;-2.30322744851193;-1.75983392126881;-1.59227212868081;-1.57323709220392;-1.90525540599507;-1.44783784118015;-1.0180552519991;-1.41206521278706;-1.40309644009413;-1.42638716199384;-1.51176906183422;-1.5683943404221;-1.45642889976597;-1.35003844537811;-1.65403438595791;-1.12272022334302;-1.45031767885778;-0.966685738184077;-1.25094708351122;-2.07520285263925;-1.36978095435234;-2.28104956244871;-0.891563985564811;-1.42446603950926;-1.20470107113021
5075;-1.71207093767192;-1.95605613811207;-1.32321572438541;-1.64474366398612;-1.91141297232692;-2.2951367231913;-1.72569631927585;-1.51632373387458;-1.52571993125978;-1.89005957765585;-1.46628484699472;-1.00251311511468;-1.33862559486146;-1.38477418249304;-1.41946450600415;-1.42994079804447;-1.505064595369;-1.4853172922753;-1.32901420412044;-1.57109035555147;-1.16553743241224;-1.49836627221656;-0.889211160562738;-1.2036401801047;-2.05455350714534;-1.40455953533878;-2.24170373967299;-0.876486574774574;-1.39704357675223;-1.11215803555151
5100;-1.71404690801391;-1.95273262425297;-1.30934421733188;-1.64357331175014;-1.9227907342894;-2.28656375095245;-1.69114559893069;-1.4283782208878;-1.48769864393022;-1.86895035102281;-1.45957396233989;-0.999311001055199;-1.28151890460475;-1.36779326019184;-1.42284539891528;-1.35012082181294;-1.44171968083607;-1.51728010265017;-1.30985963813228;-1.50112055845188;-1.19306145440074;-1.54269555387589;-0.804213581993603;-1.1756595016507;-2.00896089163586;-1.43036382921013;-2.18844541861047;-0.861718031340935;-1.3704162685098;-1.06021563901912
5125;-1.68270269476876;-1.94338027523845;-1.29590303078347;-1.64462732414425;-1.92346928639817;-2.27749566906573;-1.64798311124864;-1.3350815424552;-1.43177699077109;-1.84242859699134;-1.4473761649837;-1.00134390271276;-1.24549135170893;-1.35216539609161;-1.47405989871249;-1.27639714419571;-1.39216055882663;-1.54680373315948;-1.29161345802524;-1.45207902504828;-1.24244710825355;-1.57720792875495;-0.71841198828554;-1.16004078009235;-1.94365232741267;-1.43868432043009;-2.16340984785604;-0.846479001347528;-1.34443179805569;-1.05046360521796
5150;-1.65581216167813;-1.90672304826924;-1.28271555407184;-1.6491093412456;-1.9221546540493;-2.26791766544411;-1.59260538446734;-1.24404035250991;-1.36279315204254;-1.81269641990657;-1.4470248551443;-1.00104644523272;-1.22796872575005;-1.33641970054996;-1.54301787508397;-1.21330584814411;-1.36672856654874;-1.56115330526102;-1.27317899648849;-1.42326306714636;-1.30427586614504;-1.59833497043147;-0.638802133248924;-1.16093393253212;-1.86310454162998;-1.42639702803894;-2.17629360405008;-0.826456105948626;-1.32186465482867;-1.0747182302515
5175;-1.6274050798446;-1.88127614438776;-1.26959797761658;-1.6554241561663;-1.91915875743107;-2.25781687957235;-1.52485756755812;-1.16217754319241;-1.28693793857704;-1.78355685324521;-1.446738695311;-0.987815988700032;-1.22421854758966;-1.31853103948541;-1.60606532866942;-1.16510434263563;-1.36906813356724;-1.55409614632822;-1.25761487461521;-1.41172751960686;-1.37598144035384;-1.60654549540109;-0.57149191291547;-1.17817043095601;-1.77360890492577;-1.39276572441401;-2.20325551751172;-0.804908953767226;-1.29859672436401;-1.10772458298045
5200;-1.59796593709489;-1.86259745998842;-1.25636322320361;-1.66007377721632;-1.91488387307829;-2.24717849711869;-1.44744373559975;-1.09330218988379;-1.20894733531374;-1.76047505338302;-1.44650185955648;-0.94649250095832;-1.2254570293327;-1.29649645574511;-1.6505833015652;-1.1331356462135;-1.40022705289636;-1.52205819022332;-1.2401454972266;-1.41175969544915;-1.43651683518099;-1.60608088544571;-0.519162230580153;-1.21087761830978;-1.68075373795494;-1.33839934937774;-2.22651270227675;-0.779912390305986;-1.27454378853577;-1.11620152406576
5225;-1.57177001905316;-1.85205648049766;-1.2428721573683;-1.65868706460644;-1.90970480192739;-2.23598965983463;-1.36477860875784;-1.04824564308366;-1.13438784950929;-1.75383381221327;-1.44629554063023;-0.872704335680614;-1.21881353672423;-1.27941370757882;-1.66860755492892;-1.11609463733381;-1.45783804007135;-1.4670325458981;-1.22003743962953;-1.41548710269317;-1.4680622109201;-1.59689606115671;-0.488181605103061;-1.22994369383956;-1.59497267036867;-1.2683126929647;-2.23198645595466;-0.75841869396268;-1.24670220419459;-1.07004161136961
5250;-1.55103683956333;-1.84956218421139;-1.22905693861161;-1.64059741503285;-1.90384356134943;-2.22423555110778;-1.28237355201537;-1.0262715530986;-1.06532551287374;-1.7620125446928;-1.44610047096201;-0.819123239606047;-1.17908836931178;-1.26196402430341;-1.6638627063806;-1.11085166573619;-1.53459939283371;-1.39306652102376;-1.20304399099562;-1.40812992443109;-1.46511622442772;-1.58222173532242;-0.48489559625717;-1.29057955556413;-1.52241575524018;-1.19357214969102;-2.21014402612027;-0.738267629319233;-1.22077114821504;-1.01128879944323
5275;-1.5370263722624;-1.8540038240801;-1.21523537876578;-1.61250877337622;-1.89742368218892;-2.21190331498012;-1.20525392098816;-1.02159442313344;-1.00605350143166;-1.78972628426055;-1.44589815429122;-0.769878599870443;-1.15345503047933;-1.24516365877521;-1.64158626566381;-1.10649209933758;-1.62193016933255;-1.31897236808214;-1.18717012007204;-1.3733253946877;-1.42723025094677;-1.56375667432588;-0.497301538796001;-1.36574848993835;-1.46651929190419;-1.12349035300315;-2.17124935606592;-0.717078211415808;-1.19387065343914;-0.974208519825682
5300;-1.53042968247274;-1.86438300288756;-1.20142930031132;-1.56764903166109;-1.8904383881218;-2.19897813254142;-1.13669578751298;-1.03125498035342;-0.973311388562511;-1.83452286127815;-1.44568181003539;-0.729335664730797;-1.13282806072213;-1.23044219006243;-1.60655677281538;-1.0893668320724;-1.69959821491662;-1.25118077728464;-1.16984167309172;-1.35484396732629;-1.35553245427903;-1.539312537994;-0.514023792250642;-1.43185580578854;-1.42973301797915;-1.06585749866861;-2.08606593407246;-0.694810142003941;-1.1705826831822;-0.934904207659365
5325;-1.53053670646258;-1.87691611439399;-1.18224723419589;-1.50754997212897;-1.88281223700672;-2.18544715013459;-1.08811188753668;-1.04733218182872;-0.965767905392538;-1.89152911354234;-1.43436422598738;-0.702749767737704;-1.11463206982962;-1.21600861130434;-1.55770731308707;-1.05984522357826;-1.77760960898984;-1.20227710422752;-1.15057699617358;-1.33867515135114;-1.25878452288163;-1.49056431606509;-0.525450924815162;-1.47150205259796;-1.41251324229801;-1.02772484465327;-1.97611121526628;-0.675450870739869;-1.14653414714902;-0.895997612552968
5350;-1.53493278891618;-1.88674086011566;-1.15017819809728;-1.43605024984392;-1.87448745738612;-2.17129554655117;-1.05992048497191;-1.05922095663966;-0.966473581610889;-1.95208033154984;-1.42334456406689;-0.692381903997969;-1.0963223118741;-1.20255532959937;-1.49901192067483;-1.05174852837476;-1.83972614616635;-1.17697227131998;-1.13384924778337;-1.32623748515352;-1.14592190938332;-1.48645212516213;-0.520255643198982;-1.48744478542624;-1.41420536195191;-1.00519295999079;-1.86014666988623;-0.657077792022964;-1.12436054287778;-0.860335287022731
5375;-1.53844594294591;-1.88520236684552;-1.14904601305271;-1.35944574737615;-1.86556431937281;-2.15651047042523;-1.05118518987319;-1.05533708128747;-0.968257560803187;-2.00493919629168;-1.44550770781341;-0.698536925345903;-1.07846422426687;-1.1911064684799;-1.48086041613914;-1.04738038829539;-1.85476326377898;-1.15649528510653;-1.12226041717156;-1.31551684688389;-1.03523071681494;-1.50407733882071;-0.4898188296875;-1.47483854965714;-1.4272022357089;-1.00520974886777;-1.75223289897569;-0.638989542778312;-1.10560099280111;-0.832399272508784
5400;-1.5373314414006;-1.88118872697579;-1.1651295936264;-1.28482052209417;-1.8561566105327;-2.14107709826819;-1.0556345500548;-1.02750511760778;-0.967085766848783;-2.03521679789621;-1.48392546940062;-0.703051268028947;-1.06263048618749;-1.18411128703544;-1.48508613222338;-1.04477746068814;-1.8126751453239;-1.14609357480516;-1.11168140987076;-1.30741400258554;-0.946781777238154;-1.52118129110203;-0.475336266622429;-1.43344058204376;-1.43105110361926;-1.05605395727754;-1.66567496621572;-0.621411259843544;-1.08888913741931;-0.813100552143058
5425;-1.51962246204361;-1.88415125903703;-1.17882613765016;-1.21887580472853;-1.84633227470377;-2.12498258097813;-1.06906536077326;-1.01949482834583;-0.960660639429415;-2.04071264300633;-1.50044759365632;-0.72523067316347;-1.04667922054964;-1.18019648500556;-1.49539848516225;-1.04380859823343;-1.73677167328592;-1.14579317780551;-1.10425725442353;-1.29908657276715;-0.905352634856863;-1.52621970572775;-0.460062657704919;-1.36793788650421;-1.40456603222642;-1.12751183239592;-1.6115667769594;-0.602877486239584;-1.07183993282704;-0.799030652142853
5450;-1.51525066503092;-1.87852862492466;-1.17739722882289;-1.16644089343039;-1.83615242467001;-2.10821209282173;-1.08401542087653;-1.01314642945482;-0.94857224723882;-2.02603418243935;-1.48383825756581;-0.774854676935885;-1.03299361895382;-1.177640585102;-1.507138539404;-1.04456014433749;-1.63298615902842;-1.15060493317115;-1.09780230122744;-1.29030860056124;-0.860874703587789;-1.51575212225734;-0.44869535503656;-1.28662688213575;-1.37724727291063;-1.1929203858545;-1.59643470987396;-0.58567011681732;-1.05815298442362;-0.787840999596822
5475;-1.51136744659582;-1.87839937575162;-1.155703723454;-1.12931455431806;-1.82568322292899;-2.09075278692357;-1.09465012163633;-1.00935605793453;-0.931888099775205;-2.00170852184506;-1.44054864124721;-0.820736130191313;-1.01979197946843;-1.17366980773489;-1.51763512882446;-1.04547210579355;-1.51734928996814;-1.15632372145926;-1.09481472952189;-1.2825799978261;-0.832166071151262;-1.48402838414587;-0.440186812816053;-1.19798409406687;-1.36497038486426;-1.21968581346385;-1.61814816816519;-0.566476052341411;-1.04508925260989;-0.775750175152273
5500;-1.50996285010709;-1.8769874429;-1.11455138931749;-1.11188251816589;-1.81498622798059;-2.07258983534163;-1.09566490498696;-1.00881430185755;-0.913071462323933;-1.96090972753712;-1.38009924579324;-0.87018455431013;-1.00791690051646;-1.16966893298767;-1.52176740705454;-1.04963340109259;-1.4228326274769;-1.16212780683321;-1.09202437564736;-1.27605133472549;-0.818204972630003;-1.43424267567329;-0.435917990413893;-1.1111036990313;-1.35228032311671;-1.23167117131191;-1.67627876993185;-0.54642301462974;-1.03375113084959;-0.755122398135479
5525;-1.51267227741106;-1.86832955258571;-1.05656824807176;-1.13175564110511;-1.8041272591083;-2.05371039338822;-1.08047626032205;-1.0104603295214;-0.893030136449168;-1.90165477930103;-1.31020814069051;-0.897568558003557;-0.99476850233291;-1.16501469763623;-1.51106685031342;-1.05513431481588;-1.34108010627751;-1.16448974612222;-1.08789065294278;-1.27050515157603;-0.813311187616794;-1.37224783962402;-0.43648297283059;-1.03666651464442;-1.34352398481729;-1.22941317198299;-1.75893803582345;-0.526589297363699;-1.02108474848516;-0.738924080174524
5550;-1.51517329152411;-1.8501159940509;-0.987867736408067;-1.15614841557723;-1.79316813062097;-2.03409963095561;-1.05261765824716;-1.01309265620579;-0.898834635975137;-1.8311352638685;-1.23917366138403;-0.900463159815826;-0.98157205896885;-1.15979811997804;-1.4760021359459;-1.05535274082912;-1.25502635340991;-1.1625077425851;-1.08336728968593;-1.26231918495481;-0.812651558125156;-1.29748355496133;-0.439539373751046;-0.979192946726179;-1.33565761205003;-1.20303680340531;-1.83140766030364;-0.506396896632827;-1.00571475503392;-0.728656346521887
5575;-1.51765967755227;-1.82311377643476;-0.915209819615422;-1.18751123663931;-1.78217448294359;-2.01374470550058;-1.03079148071878;-1.01547638441331;-0.942113413182136;-1.75431324037384;-1.17435347565355;-0.883702888080961;-0.968756765347522;-1.1535462805069;-1.40828540069946;-1.06527986224701;-1.18337630964055;-1.15595221755317;-1.0777029783197;-1.24654216944211;-0.810401535461373;-1.21930137962585;-0.445819427331072;-0.944739588859611;-1.32967780701532;-1.16000248726713;-1.89987949639404;-0.484634525252837;-0.990050557939756;-0.721806370016294
5600;-1.52170649072938;-1.78937110910931;-0.846394727549699;-1.22147773020609;-1.77120823923597;-1.99263078479712;-1.00933958154192;-1.01640243202554;-1.0029537165843;-1.68032697513969;-1.11275019452838;-0.845291134460548;-0.955063109300163;-1.14455948048641;-1.32430190787636;-1.09473495977135;-1.13043018288597;-1.14972648940211;-1.0732013431781;-1.22995228379828;-0.799979944596336;-1.14486853217738;-0.451868152831632;-0.936649959991965;-1.32153449522144;-1.10420621286471;-1.94120407766652;-0.465020935927263;-0.975047130861586;-0.717485023757371
5625;-1.52381433290028;-1.75234610777661;-0.788270184571103;-1.25528034891797;-1.7603335974724;-1.97074502838723;-0.990798037468581;-1.01544332464;-1.06730619963831;-1.6152983587034;-1.07862182419542;-0.787901362701737;-0.94299250552465;-1.13906843159424;-1.26225055237791;-1.12822626892479;-1.09732328739208;-1.14530374257354;-1.06623125379312;-1.21696697800542;-0.778032912968793;-1.0738558426039;-0.455964523790585;-0.948541810183649;-1.31762938031903;-1.04163436680121;-1.99085040297532;-0.444037865050558;-0.961780126144256;-0.713891621234238
5650;-1.52486498470796;-1.7156283124743;-0.747643309332476;-1.2869142957033;-1.74958847956768;-1.94807260199383;-0.977144977321835;-1.01192889192761;-1.12395197012417;-1.56739997528485;-1.07742211522883;-0.717710248634549;-0.929230624819395;-1.13507527925459;-1.206687565652;-1.15506588143131;-1.08582697593879;-1.13739871297605;-1.05737260087046;-1.20530084305956;-0.761423630084737;-1.01718421369913;-0.454308225312408;-0.973755286458973;-1.3153456459582;-0.979405298317125;-2.02332740463399;-0.423546444525548;-0.948169969164286;-0.713846402454878
5675;-1.52591643348501;-1.68291951272181;-0.728370187121903;-1.29118302123752;-1.73903298108244;-1.92416717100242;-0.969314626300806;-1.00583095107644;-1.16304372419104;-1.53663292692647;-1.09331820659498;-0.641271248376665;-0.915725182368401;-1.132550366445;-1.16500506944038;-1.16951579056204;-1.09006857153041;-1.13077795590915;-1.04736171658147;-1.19437577116888;-0.751250277916696;-0.979382178959844;-0.447608694500162;-0.999942461581978;-1.31338756715936;-0.923440991381511;-2.02359279697622;-0.405609071123318;-0.933323741228636;-0.711287702995424
5700;-1.5254601138217;-1.65708096571708;-0.731246165470738;-1.31733635858536;-1.72876905124076;-1.88581040642864;-0.967383932658625;-0.996828209548979;-1.17732757816785;-1.52334425563762;-1.11718347729364;-0.56520361916619;-0.90365902990382;-1.12936348064717;-1.13958701724448;-1.16827829171669;-1.10247536725384;-1.12513263769316;-1.03504401028617;-1.18437138697309;-0.743455129826764;-0.962006421509351;-0.430789217999701;-1.00566746725115;-1.30972220173085;-0.879945741988073;-1.99648206370464;-0.3883318282127;-0.914069874388547;-0.707995625269521
5725;-1.52338950973927;-1.63859139142199;-0.756953610889119;-1.3700176982685;-1.71891192776624;-1.86722316718545;-0.969699178341488;-0.993533915629049;-1.1635209086086;-1.52557689714438;-1.14269789333841;-0.496801273456416;-0.886761577884648;-1.12594447454615;-1.13195351378274;-1.15015330039872;-1.1175663876788;-1.12000048884748;-1.02127659977559;-1.17720363351006;-0.735063433278447;-0.961356036465066;-0.417086025682264;-0.984745325636141;-1.30786777285258;-0.850826603658927;-1.94458482601102;-0.37426348890972;-0.892061518486133;-0.706042398666907
5750;-1.51955613488685;-1.62535765363167;-0.80336864192242;-1.42778626720281;-1.7095497931079;-1.86190830383156;-0.973562609959854;-1.00486825199752;-1.11421623725568;-1.53971181705992;-1.16118322052921;-0.444027110279247;-0.874064527919768;-1.12108405442504;-1.13771110367896;-1.12312656851499;-1.12394796560144;-1.11448165663386;-1.01011313980741;-1.17583307092341;-0.724175218393363;-0.975716227773804;-0.406305313491661;-0.98433889286325;-1.30804015567059;-0.841257869253168;-1.88534050331685;-0.360654639507847;-0.870726250511986;-0.704764953058052
5775;-1.50989619953952;-1.63787052460131;-0.864664105836952;-1.48027238741486;-1.70074047918572;-1.85165436703645;-0.974801192762239;-1.02125591887542;-1.04422349501853;-1.56282513475866;-1.16195738554242;-0.408862758961898;-0.863491625351609;-1.11516120742243;-1.15145903789192;-1.08621966967273;-1.11661919377342;-1.11196496620778;-0.996206113341945;-1.17739914461388;-0.719325560899881;-0.988807114666233;-0.397167767648731;-0.98477016529663;-1.308176987853;-0.846798720987001;-1.83617769692825;-0.346208003416397;-0.848142523524642;-0.703561971259931
5800;-1.50809602917146;-1.65813131616623;-0.925750802900209;-1.5149847602197;-1.69249166512936;-1.82661584046496;-0.970123633225632;-1.03861269187734;-0.976580915268742;-1.58929639439518;-1.13360362334591;-0.392420312402965;-0.85265407703397;-1.10870531538502;-1.16156164609883;-1.04674691289717;-1.09417403112228;-1.11004638566531;-0.98163595723895;-1.17846884785656;-0.717970108634452;-0.977806395589355;-0.390806009071611;-0.983998298398553;-1.30631920642562;-0.861620044828561;-1.77009998708863;-0.333056643877899;-0.828377972945355;-0.702674214023195
5825;-1.50880231945318;-1.67887998106053;-0.96349385890648;-1.52455646013514;-1.68476919890015;-1.78398268272546;-0.965295547077207;-1.05286623648133;-0.917420473921777;-1.61530107815042;-1.05829765887593;-0.393106985102849;-0.838601320363868;-1.10170663916727;-1.15217627273266;-1.00868341893273;-1.07883914495275;-1.10843710586346;-0.96675071180365;-1.17956093719297;-0.718458213277494;-0.94282618178655;-0.386316187468634;-0.98361156214023;-1.30370925130763;-0.87073671383609;-1.70784092133043;-0.321702521931843;-0.80913858002795;-0.699061001978491
5850;-1.5085838056753;-1.69791957807888;-0.979993748941771;-1.50813133511633;-1.67749875323966;-1.7246031869517;-0.959070577660515;-1.0631240330776;-0.867558889598995;-1.6598660061377;-0.97492181641382;-0.404035191457738;-0.819363478076507;-1.09504253795629;-1.13190748224523;-0.974349090870256;-1.06912436571753;-1.10726481176866;-0.948974898906913;-1.18083725086908;-0.717039829102875;-0.934918756120817;-0.382084776243768;-0.983540210396062;-1.30329094230954;-0.851686816545946;-1.65099942454402;-0.312856119882092;-0.793597526470866;-0.695399903766447
5875;-1.50613335944314;-1.70834370965032;-1.01445949002129;-1.46714344634872;-1.67057562320653;-1.65322646346988;-0.953993130681341;-1.06959170174446;-0.831837120355276;-1.67255231328596;-0.922060472698519;-0.408763586815762;-0.796708219564055;-1.08961781339168;-1.13339412496258;-0.947695743009104;-1.06042047028748;-1.10607133448078;-0.931716397022573;-1.18156487556525;-0.714595106721489;-0.930562799640122;-0.373225719237665;-0.982169496899505;-1.30350347376505;-0.82864317880886;-1.60968795772562;-0.305796014714498;-0.783176496721396;-0.695078065001206
5900;-1.50238135042497;-1.70843538524484;-1.04682125042233;-1.40655176928975;-1.66388363291412;-1.57578070304709;-0.949466996173872;-1.07025571637931;-0.818308146015388;-1.66364420424369;-0.897285691669206;-0.377048031577899;-0.773924171425969;-1.08635343949248;-1.13375919725538;-0.929890492032128;-1.05380754169912;-1.1027841973839;-0.914774710163651;-1.18313361595013;-0.710882167841378;-0.924662487010478;-0.356977209607992;-0.98057489251696;-1.30167722368598;-0.817139668090961;-1.58228291325121;-0.299697102424296;-0.778194885694564;-0.696529613934687
5925;-1.48945282987901;-1.69470992755623;-1.0731548960523;-1.33318989385731;-1.65730124896983;-1.49941090614674;-0.943269966015699;-1.06244730747376;-0.820789910173441;-1.64562903081269;-0.877256053310903;-0.35922680466884;-0.751143299686675;-1.08179141792536;-1.13217188154061;-0.920760986844101;-1.04891064152642;-1.09955526425013;-0.895923996481478;-1.18239687293556;-0.709477509872653;-0.920983057655949;-0.336430259347134;-0.978362626805464;-1.29882930131285;-0.807365356345347;-1.57188339099861;-0.296145539931333;-0.7782340133578;-0.697028486880597
5950;-1.47326750538266;-1.66642186710956;-1.0916045387341;-1.24747106541372;-1.65072768173933;-1.42915801460632;-0.936781195994592;-1.04691185845898;-0.833553450723288;-1.62656732906518;-0.865068735966096;-0.35090742111833;-0.732768754652414;-1.07639621003303;-1.13145198016536;-0.922367776527698;-1.04658185686615;-1.09436181891764;-0.875097032753362;-1.18003998310697;-0.711709200806649;-0.918896244412683;-0.31791599491764;-0.97440190610345;-1.29517539317777;-0.803301608261952;-1.57521855074186;-0.296466256014477;-0.786735729321923;-0.700856714214999
5975;-1.45505713198831;-1.64315600253022;-1.10110127551589;-1.18087659313724;-1.64408526912316;-1.38070282052898;-0.931219743923956;-1.02917331836113;-0.847446196567045;-1.63932552215333;-0.862292125810552;-0.345410582301205;-0.714414743194791;-1.07112912412948;-1.13350639398268;-0.92949490880852;-1.04383024240526;-1.08725283882935;-0.856701969931039;-1.17801423951287;-0.718812284385429;-0.920670821124909;-0.308295160240793;-0.970139525361558;-1.29052025022158;-0.804541567815601;-1.59089109578754;-0.299010247095853;-0.801619328055938;-0.706993307761189
6000;-1.43520957750309;-1.62026945680652;-1.10062285486968;-1.13169543017929;-1.63733869695727;-1.34601936852091;-0.927671087409296;-1.00909552984601;-0.850191681863152;-1.67146853875829;-0.865835884205976;-0.339752363401478;-0.698092319836463;-1.06740939737683;-1.13690075180247;-0.935460407040813;-1.039876503638;-1.08059814048686;-0.837475001286621;-1.1765520289252;-0.736488542914337;-0.922005188936834;-0.314579701567407;-0.965841783897066;-1.28407483622858;-0.814903167913162;-1.60699957962513;-0.304425876419683;-0.817060582295076;-0.712172473919097
6025;-1.41512331686041;-1.60256961285949;-1.09204814505323;-1.09942727893759;-1.63049457146197;-1.3275510212148;-0.924266317419394;-0.989877079627542;-0.827381015160485;-1.72248657591084;-0.871861565369602;-0.333232025992837;-0.698871104418394;-1.06462933964564;-1.13863376801403;-0.93368574514755;-1.0348085084238;-1.07392129516809;-0.818757393897156;-1.17672042346611;-0.76499780469446;-0.926408214719824;-0.305840271084338;-0.96099916442463;-1.27821817613493;-0.832770147519316;-1.61213833835929;-0.310737691429521;-0.834785311443942;-0.716669670118556
6050;-1.3932680015645;-1.59045146684868;-1.05677845025023;-1.08551323112773;-1.62360126936213;-1.32415261106053;-0.921772004328875;-0.972567993692683;-0.806992711329945;-1.78815877661902;-0.873850596876099;-0.325743720737672;-0.716886365209067;-1.05882281064985;-1.14300493860556;-0.913580841557163;-1.03099027386375;-1.06905922519125;-0.797624670858684;-1.17516578871066;-0.808249072321556;-0.927859652972487;-0.389779296677718;-0.955152870018917;-1.27102097155359;-0.85837537874742;-1.5793348814979;-0.319028731528768;-0.850459663224743;-0.719193413763133
6075;-1.37584495891195;-1.58401627494818;-1.03850973855764;-1.08928545881018;-1.61674212380698;-1.33725378416194;-0.919054066555833;-0.959047917446028;-0.791776945173691;-1.85796833285115;-0.864790115532325;-0.318112644948558;-0.746345532098763;-1.05133726680524;-1.15069051424149;-0.895474616219988;-1.02504133857758;-1.06385203113713;-0.776082453919286;-1.17138712957456;-0.86039209644945;-0.929126241481758;-0.562248231399096;-0.950420583417847;-1.26380227352457;-0.87770705881002;-1.56063222493381;-0.328548208439066;-0.863773308410902;-0.72216255228471
6100;-1.36389922782139;-1.58298797564749;-1.02815324519676;-1.10655912866098;-1.6100087496239;-1.36739815920002;-0.915650970150314;-0.94996008902578;-0.775762970311133;-1.91701842093708;-0.83532617095143;-0.312233849054491;-0.766150105421607;-1.03961861045915;-1.15771731929803;-0.889034871362528;-1.01683290208521;-1.05773406387886;-0.75547797817213;-1.16591208740832;-0.912243051358778;-0.930685389613826;-0.763848322131805;-0.947539127061416;-1.25400573617672;-0.935481405825154;-1.5479819943256;-0.337751453077373;-0.875231550166549;-0.723863212391818
6125;-1.35663150169215;-1.58610752038578;-1.0177532747986;-1.12337052938048;-1.60347720833516;-1.40684777041369;-0.911484321980158;-0.944691168981513;-0.758155259813493;-1.96601265038691;-0.816621912553588;-0.30398518823358;-0.774562668323927;-1.02482813242924;-1.16222895904681;-0.884866768994056;-1.00670612318479;-1.04964255860303;-0.734409773572491;-1.16129866014907;-1.01626020324389;-0.928548402657533;-0.952321478263849;-0.944175057992196;-1.24695338314935;-1.01279429275301;-1.54296360849176;-0.34223946735533;-0.883537328639678;-0.722791393222181
6150;-1.35598453142678;-1.59241380675511;-1.00418424490429;-1.11906442058141;-1.59717047929352;-1.44542535708184;-0.906653591241118;-0.940590543605606;-0.740449533236705;-1.986487210465;-0.81097923788251;-0.297346147059683;-0.769223245635238;-1.00676105152993;-1.16708758984135;-0.886219372059214;-0.997736423292749;-1.03964265081489;-0.712339654016719;-1.15694614131227;-1.14439652900442;-0.928420103481319;-1.09646449866401;-0.939085871279018;-1.2410537114519;-1.08732566704655;-1.542334226344;-0.343195876536518;-0.890354608082883;-0.71992175002435
6175;-1.36016673904552;-1.59946212443403;-0.981560538355845;-1.07330025192294;-1.5911056020886;-1.47374764130226;-0.901342826995619;-0.93379218113954;-0.724876283890786;-1.97854811385125;-0.805011502909633;-0.289763975239569;-0.750224400319369;-0.989436782771566;-1.16956151354976;-0.889423755202607;-0.989665117647894;-1.03037730218849;-0.689507127860037;-1.15345566789131;-1.26033256768433;-0.928774876307482;-1.17669211758405;-0.934516468878887;-1.23557449197032;-1.14529213298474;-1.5475723955351;-0.341552489120792;-0.895189747901712;-0.713893432972467
6200;-1.3666103902864;-1.60399346993792;-0.948296787719077;-1.04098229023379;-1.58582215730624;-1.48052332661657;-0.895842048898145;-0.920269161635;-0.712101433428271;-1.94392213024058;-0.797540547521827;-0.282713106418964;-0.715622374497695;-0.973985679693843;-1.16761970889561;-0.890669030842386;-0.979826614389205;-1.01920859248236;-0.666979552241809;-1.15174098437785;-1.35039027687414;-0.927560448667956;-1.17974003415702;-0.926512825188401;-1.22947564125228;-1.17296845273599;-1.56083158256738;-0.336889931364343;-0.898492334172937;-0.704881271608643
6225;-1.37217374100416;-1.60103055903885;-0.903253944397196;-1.01401580509012;-1.5655313521432;-1.50171897027434;-0.890549973405166;-0.903760682310042;-0.700635516961549;-1.88673651378647;-0.790706370830052;-0.277167112764491;-0.668950331630497;-0.960591744160486;-1.16251061100489;-0.891330477543495;-0.971070474042526;-1.00779430056452;-0.644586514611472;-1.15229701274357;-1.39904828716857;-0.925291138284393;-1.10974382456897;-0.916020298332861;-1.22198150816935;-1.1680517677889;-1.57833613380038;-0.328135366243672;-0.900250813396718;-0.692337165908955
6250;-1.37219253294894;-1.58921059083404;-0.851422733284208;-0.991000274425114;-1.56166201535787;-1.52440004846462;-0.886400536374364;-0.895724533706624;-0.690938499985888;-1.81655557552974;-0.784305752479681;-0.270817332200253;-0.626263750778043;-0.949538026060949;-1.15651424901937;-0.894287675247867;-0.961966805033676;-0.994938407710437;-0.624484110302216;-1.15596349359175;-1.40298635147374;-0.923409322299464;-0.97181260400757;-0.905874972907166;-1.21430495253862;-1.13591345772137;-1.6024086267725;-0.318531212692418;-0.899992395753248;-0.677295159732131
6275;-1.36383088692071;-1.60009938683346;-0.794846943370083;-0.974401936862587;-1.58079298155769;-1.54454991807423;-0.884233215785535;-0.887699341994852;-0.683294412201052;-1.74314081645541;-0.777293956335498;-0.264232291581776;-0.584755068483467;-0.942937125646934;-1.14694943474689;-0.895241973444267;-0.953891390853457;-0.979866884714894;-0.605578055394426;-1.15952534913754;-1.37141309713552;-0.919569772351667;-0.787271635093377;-0.891185990143639;-1.20614411477847;-1.07859011887487;-1.62661279576537;-0.308379896175097;-0.897241555922473;-0.66363149924538
6300;-1.35961456868907;-1.62092746149555;-0.736044645893402;-0.966282872332614;-1.59932163032955;-1.56018520319129;-0.882059258352636;-0.880787152010109;-0.676639641744925;-1.68196986203191;-0.770416623705618;-0.25901026930543;-0.549187508592596;-0.935929979108479;-1.13366617909621;-0.896407295486254;-0.949612146435358;-0.963716967019135;-0.590409941451118;-1.16213581120286;-1.30365488603496;-0.91486439091838;-0.58753695747812;-0.8767478481747;-1.196425711208;-1.00302218383964;-1.65041443430562;-0.299032039475126;-0.893371283658092;-0.650618645976252
6325;-1.354189208036;-1.64729419362852;-0.676558642401894;-0.966569694174285;-1.60296343127031;-1.56937031378471;-0.873956802642158;-0.873980337079071;-0.670050039195049;-1.65076857530811;-0.760101743035258;-0.253687477644061;-0.521657492095617;-0.935158993854544;-1.12252572152265;-0.895844110541741;-0.943084850233926;-0.94804845941531;-0.576773624671111;-1.16519634290632;-1.21685301001871;-0.910158731383272;-0.398642362770234;-0.861673184151913;-1.18505114007387;-0.917975373893586;-1.67232275045332;-0.288379145466614;-0.892127185278508;-0.637320697054727
6350;-1.34916793776461;-1.67197185778105;-0.62307617205738;-0.973877453396427;-1.58774225113906;-1.56949055570997;-0.865030867050405;-0.868139308984628;-0.661062440709371;-1.66366870578708;-0.746200738313581;-0.250303845798326;-0.505267355886255;-0.945641567941366;-1.11544132415893;-0.891684284509405;-0.935116914244195;-0.932900298390582;-0.564180069127703;-1.16763247997848;-1.11934070393231;-0.907066242952846;-0.242435271534968;-0.846099294550343;-1.17312167275146;-0.832347654402519;-1.68875145635898;-0.280227009576208;-0.889329554872885;-0.624958208221795
6375;-1.34458394188082;-1.68985801808489;-0.580329146385466;-0.983341534108707;-1.55323509648972;-1.56138608786084;-0.85568419213981;-0.867446228811112;-0.650133052606873;-1.66832907223898;-0.735944905684782;-0.246964147882336;-0.499515487229541;-0.955047560620222;-1.10818609184086;-0.885955138487204;-0.928933740008862;-0.918299562296423;-0.554876835342115;-1.16880287166887;-1.02017255278209;-0.900945971662286;-0.135349237871824;-0.831027447603996;-1.16204144556131;-0.754642153004827;-1.70459969209426;-0.271536461059815;-0.884543600155671;-0.612375259533769
6400;-1.3422313184108;-1.70506726683724;-0.548971358338929;-0.993801615893052;-1.50375689763738;-1.54369847533201;-0.847933448267947;-0.870634206293778;-0.644752971082028;-1.67888281068984;-0.728433404691714;-0.235895790757864;-0.502576043109469;-0.955862817862023;-1.10191601184762;-0.8801861441888;-0.925277709756754;-0.903289828987814;-0.547818752255142;-1.1701687072691;-0.933594958069487;-0.894313342184193;-0.0897387285636673;-0.819073135498425;-1.15195075049928;-0.692556908115107;-1.71483859247163;-0.262902179656629;-0.877096499208995;-0.599536278277187
6425;-1.33974934293566;-1.70724685412352;-0.529463550447588;-0.994289335024735;-1.44451374180059;-1.52009884052409;-0.843486889941175;-0.87514377282278;-0.637328228085057;-1.68920830205074;-0.725288804739501;-0.224345985053849;-0.513295874699508;-0.945474803156413;-1.09771983045908;-0.874514749515335;-0.920002840930587;-0.887898685443983;-0.538959749691798;-1.16919457094104;-0.866676852173408;-0.884888891039229;-0.0981303082312839;-0.807602803740937;-1.13886764977982;-0.650674061657282;-1.7171298704994;-0.255954120518504;-0.870919507548273;-0.584867035934161
6450;-1.33819540445548;-1.69835201430501;-0.522096280532862;-0.978705631667527;-1.38256944085174;-1.49596409241445;-0.844253856904635;-0.87943264781012;-0.627777720765431;-1.69602385118699;-0.727561199217421;-0.21431119418354;-0.526343026486845;-0.925251744852163;-1.09425134629349;-0.871414786218734;-0.914666065257962;-0.870206584252262;-0.528018650641068;-1.16605759811483;-0.82280087811485;-0.872750178900139;-0.147623826111419;-0.79749409133938;-1.12530206103406;-0.629245249327805;-1.71855082511193;-0.248070408435488;-0.866015665624445;-0.571371989415282
6475;-1.33721966764733;-1.68912046540981;-0.523160769537155;-0.971706431107263;-1.32184418052889;-1.48015958757006;-0.850152334269295;-0.88697233862178;-0.615919270408019;-1.69634667495352;-0.732904200033161;-0.203966537090107;-0.531566987225114;-0.896428894552029;-1.09036434997726;-0.866089968152688;-0.908789613197134;-0.848735816735676;-0.519239399214108;-1.16140411202599;-0.805017922921091;-0.861550929621952;-0.205451568273241;-0.790438405003852;-1.11257196832902;-0.626755229105688;-1.72094315472811;-0.240526759094075;-0.859802683394934;-0.559050010337385
6500;-1.33659952149898;-1.67620831506742;-0.526295120552593;-0.964833028945991;-1.26801644606336;-1.45921981049776;-0.858699932782027;-0.893738837982704;-0.603290630624433;-1.68964010300864;-0.740524662501587;-0.19266114780436;-0.535029266860652;-0.860583574147253;-1.084249273656;-0.864922786610385;-0.902787673098367;-0.826447747348462;-0.508976004678043;-1.15449368529222;-0.80723690917893;-0.849722290486286;-0.222762015323936;-0.781903152269946;-1.09827371136622;-0.637221529298863;-1.720789380483;-0.23216838300215;-0.84905622483094;-0.547107999071979
6525;-1.33546604748248;-1.65936222279424;-0.521357561785662;-0.961697423552957;-1.22634637118082;-1.43802847339031;-0.868404645074352;-0.899110216107117;-0.591895660201004;-1.67760100629494;-0.749550489066251;-0.180783980997395;-0.550619230494889;-0.82157770386121;-1.07514824124349;-0.865862130926619;-0.89521209265264;-0.805032223171505;-0.499263447211142;-1.14606547033889;-0.822510732264886;-0.836931041511173;-0.166096157634201;-0.770387973696888;-1.0843912155224;-0.646182400370302;-1.72185944882234;-0.222505404277775;-0.838285717867268;-0.532268086647184
6550;-1.33181421463558;-1.63834487237887;-0.492831837310832;-0.964690933088937;-1.19818294465607;-1.41474902691359;-0.880996215180963;-0.901819926206049;-0.583834773855924;-1.66215280844441;-0.756290745987662;-0.166192032403825;-0.581700886617094;-0.782447435534348;-1.06623601777392;-0.866881875304725;-0.888212773010633;-0.785268375255674;-0.48914613039309;-1.13615051348873;-0.8314855391508;-0.819660737378772;-0.152557981813276;-0.758996382687715;-1.07043083946885;-0.634266367725307;-1.71983951384776;-0.212672565217255;-0.827591096085953;-0.516401965604212
6575;-1.32758797131976;-1.6149843960187;-0.485266722644987;-0.975797243965178;-1.18636288288412;-1.39526693631307;-0.892122416073251;-0.902266941979174;-0.574678623994003;-1.64497378772995;-0.756584254537462;-0.152177866880759;-0.626487323300824;-0.749970679993683;-1.05948687745641;-0.867220313373971;-0.879978325087822;-0.76552095103477;-0.481933099945931;-1.1239075955075;-0.810692759128526;-0.800365347279104;-0.143691704474191;-0.746409587221886;-1.05707001449304;-0.598172594908737;-1.71573409048778;-0.204133268003637;-0.81552295414844;-0.501289855364308
6600;-1.3208879776552;-1.59188117590386;-0.477230986446026;-0.993338923107064;-1.18782131787372;-1.37688365965863;-0.898266952738814;-0.900943043663897;-0.566058161930328;-1.6261184143266;-0.748971824023474;-0.139688705830811;-0.673930878336942;-0.722716141335081;-1.04923631944528;-0.868253849378529;-0.872313767536806;-0.745869752769441;-0.474479310144819;-1.10918727005448;-0.771857850159566;-0.779723130258675;-0.134622204502111;-0.731259846195573;-1.04188031342577;-0.588309055901085;-1.71148347444512;-0.196137326279163;-0.801718195072663;-0.488145164513537
6625;-1.30987745616843;-1.57201436557279;-0.471925119311729;-1.01403750746406;-1.20393439051497;-1.35955246155977;-0.898605943118771;-0.89675175190533;-0.555758325199752;-1.61494353088897;-0.741464998499732;-0.125734489467556;-0.72405938666748;-0.699366786969764;-1.03689690063214;-0.870734323273205;-0.863066937010085;-0.726865429547557;-0.467427291536978;-1.0925465621029;-0.756599943644064;-0.761454599077152;-0.125566301704999;-0.715297614783048;-1.02654585581572;-0.578218965877698;-1.7097992390337;-0.185456120072055;-0.786493804527004;-0.477005137487193
6650;-1.29728069084356;-1.55791170948186;-0.468516052369237;-1.03182362801398;-1.22983970909406;-1.34226714749526;-0.894435262359788;-0.88796908574388;-0.545286563245515;-1.59934184913287;-0.736685322068997;-0.111977996239592;-0.770687971484585;-0.682287037524929;-1.02587659846564;-0.873683968669583;-0.851958879933589;-0.709156169543354;-0.462644033897321;-1.0743554975215;-0.73997061834071;-0.741314471928352;-0.118034158262678;-0.697865099649234;-1.01218482011912;-0.570125231511261;-1.70551634008392;-0.174761347631388;-0.770654970423248;-0.469778971940538
6675;-1.28281517031861;-1.54262622649919;-0.466204370233996;-1.06045109179989;-1.25490632212747;-1.33135764323643;-0.884725877917139;-0.877706088505835;-0.537419427872811;-1.58538662924653;-0.72794592287267;-0.0969591073056467;-0.812950109709993;-0.66877545092531;-1.01504190640445;-0.875197218386185;-0.839373110962317;-0.691797307786103;-0.460445688084757;-1.05643512968767;-0.724145638916884;-0.72311119142085;-0.111859901333214;-0.682167346238251;-0.99999090937879;-0.56552255724544;-1.70444300317438;-0.166861931051423;-0.756542537077455;-0.464684612519232
6700;-1.2666431304975;-1.54323469469487;-0.464844636749687;-1.09092096755607;-1.2637566337562;-1.32354757465292;-0.869257473187028;-0.865805553863157;-0.53238803441446;-1.57136362148008;-0.71721796752316;-0.082987394226049;-0.845084577880918;-0.65885536359805;-1.00467745723943;-0.873698002853225;-0.827558483031517;-0.673479501350471;-0.456535344780892;-1.03749313153448;-0.710629864329991;-0.704010061079446;-0.107905879654441;-0.66531661913716;-0.987164065819321;-0.562492879034815;-1.70387639939117;-0.157765391616544;-0.746710520594437;-0.459808611916107
6725;-1.24858407965365;-1.55984655901793;-0.46165723268677;-1.1159379770765;-1.24234139327212;-1.31800039965725;-0.849299989076055;-0.850080188092526;-0.526003489134904;-1.55857477900287;-0.70464108316502;-0.0671500674285725;-0.872017379068193;-0.650800067987734;-0.999203440918734;-0.870533498835948;-0.815887380662347;-0.655793767512594;-0.45193155200799;-1.01821398882864;-0.699154264133844;-0.687646587560754;-0.104851437171801;-0.650827304760516;-0.973673908733765;-0.562328672383469;-1.70385157098579;-0.146946072887933;-0.737820061576333;-0.456134653737721
6750;-1.23068285526852;-1.56898011495755;-0.461856107790607;-1.12958494742415;-1.23595346222991;-1.31481520037927;-0.827942132999528;-0.834878931985159;-0.518795545380071;-1.54656398649418;-0.690313625854957;-0.0531517728114969;-0.891952863014636;-0.642365393592768;-0.995791319695099;-0.866117320634951;-0.80296028603699;-0.638110386266886;-0.447071150053329;-0.998830073689465;-0.687991427319687;-0.669807908943592;-0.100032127398536;-0.639298578336907;-0.961807710846239;-0.564653839726425;-1.70137787734229;-0.137064801791571;-0.730430614457674;-0.454570405269893
6775;-1.21140919777565;-1.5838357175327;-0.464416460915633;-1.13199136466874;-1.23702224504623;-1.31309302707657;-0.809892576510598;-0.820512604063898;-0.510663438075952;-1.53289572263896;-0.675878119171554;-0.0495773953653999;-0.902211015465004;-0.629964160571392;-0.993397620537609;-0.863968915030539;-0.787384574974951;-0.61739206699212;-0.444146284051658;-0.978061184015096;-0.678268587969045;-0.653499940232502;-0.0929489411949063;-0.627812579142214;-0.952263540276566;-0.568006662393145;-1.69767293833008;-0.129976775240863;-0.725683668000041;-0.456330865562886
6800;-1.19168113653654;-1.60049962880066;-0.465091433288771;-1.12214660047007;-1.24094512201452;-1.31239565227763;-0.794598635946004;-0.805518618290956;-0.502477983876699;-1.52235911194458;-0.661463204742089;-0.0260410892365665;-0.906323839426804;-0.611446344876211;-0.989647478655032;-0.862284441048461;-0.77291539331075;-0.594857439863115;-0.439803163737569;-0.95719220836921;-0.667382970045841;-0.637272580052933;-0.0859522467056064;-0.620003689207392;-0.942666469006289;-0.572501636551791;-1.69128334536598;-0.123889327335783;-0.724712045984454;-0.458580247735159
6825;-1.17346316516191;-1.61592437634424;-0.463434332173103;-1.10501813963716;-1.24652351846805;-1.31160562079168;-0.780848398643136;-0.788487900388992;-0.495066544379492;-1.51113535525322;-0.647286546015285;0.0127711211986726;-0.906513982341638;-0.597878879396024;-0.984559482543004;-0.858142118623596;-0.758943450834873;-0.57076885217719;-0.434264768461683;-0.937564287499754;-0.659251411172239;-0.623282391533106;-0.0792773951625274;-0.61105038736508;-0.932979350689783;-0.577166609873281;-1.68471937130715;-0.115983927983071;-0.727698109931238;-0.45847004319875
6850;-1.15614970830479;-1.6246336015458;-0.46288084865263;-1.08403967453473;-1.25451118120158;-1.30937143025042;-0.765761721547254;-0.772088274131765;-0.485830456057841;-1.49812707238947;-0.635752860702692;0.0507845894344155;-0.903793006746184;-0.591841368556675;-0.978905654073627;-0.855884158939464;-0.743312705701681;-0.547959830643925;-0.429377399290392;-0.918830368771067;-0.65228885928586;-0.607085091545799;-0.0707925007012533;-0.603734212675625;-0.923517725237544;-0.582259634763011;-1.67593578604637;-0.109859614260598;-0.7312024255293;-0.455605755902232
6875;-1.13966306625127;-1.62430831131587;-0.461967583205548;-1.06386881620568;-1.26525580219256;-1.30746745409292;-0.75750924990353;-0.754517375000139;-0.476801217964737;-1.48678056173525;-0.624723363617808;0.0746251126217657;-0.898325148421665;-0.584628085518475;-0.974321187092852;-0.85409908818087;-0.729668856072953;-0.528465581234271;-0.424154422650277;-0.901772434957486;-0.643891406288571;-0.591154185110394;-0.0602801272321458;-0.596639370063535;-0.915262845571986;-0.587965443666644;-1.66825394831423;-0.10272418963651;-0.736305956044648;-0.450610278618315
6900;-1.12517926431034;-1.61537213985643;-0.462291156717049;-1.05353368736958;-1.28089734525522;-1.30271731853695;-0.761317559811456;-0.739006231054725;-0.46958629310899;-1.47492824851489;-0.613044720757575;0.0667756957015019;-0.889689785569006;-0.577072379197896;-0.970373079665522;-0.855530737302566;-0.716228047133382;-0.512557335658682;-0.417300598998962;-0.887284006743187;-0.637634585365791;-0.57496782293363;-0.0500790742759638;-0.586406503548914;-0.90888924622676;-0.593299328099078;-1.65665941815451;-0.0970347253663657;-0.742913509239869;-0.444429029734672
6925;-1.11152983942901;-1.59150003487199;-0.46267946568408;-1.0460464727748;-1.30241626131717;-1.29671005155986;-0.770163274454167;-0.722516839252436;-0.461915688681392;-1.46266151497252;-0.602844373120695;0.0209966439728898;-0.882106170580868;-0.569636896045938;-0.968173928957752;-0.856651584935904;-0.701903269751699;-0.500462793439898;-0.408137244720894;-0.874255920385617;-0.63278207165785;-0.558578945109249;-0.0395725387339829;-0.573650748480183;-0.899211112222466;-0.597121039781532;-1.63877417091565;-0.089298044975952;-0.7551515890425;-0.434098738198152
6950;-1.09759856782563;-1.56304302523583;-0.462129733100168;-1.04243363256202;-1.33191593860056;-1.28848942022628;-0.780203501216874;-0.705216324303519;-0.454098109122897;-1.44938929720204;-0.594192090806483;-0.0315695093066376;-0.872736882077305;-0.563994777774482;-0.965690647140317;-0.855645392621449;-0.68850542970382;-0.492622626930762;-0.399958905564101;-0.863705849843388;-0.628226548486454;-0.541285383280449;-0.0283217523593451;-0.561594121995509;-0.890385311646674;-0.597971427307526;-1.6227878964016;-0.079340348596826;-0.770404222446852;-0.42147402841259
6975;-1.08324233658242;-1.53853107470444;-0.461959112719432;-1.04479683303526;-1.36820284877082;-1.28040012737939;-0.788358447182722;-0.687116155477963;-0.445175557049236;-1.43549288728524;-0.584641624236091;-0.0798099484542366;-0.861427395010899;-0.557744941850572;-0.963624398607271;-0.853963712303469;-0.676918754115628;-0.487924657674895;-0.390659691901427;-0.85407296102473;-0.623454673784096;-0.52794454216448;-0.0155241272140247;-0.548705505983308;-0.880710341652393;-0.598336133037989;-1.60888788195598;-0.0685409236267593;-0.786596709696682;-0.406594513979485
7000;-1.06956538536792;-1.51885107073265;-0.459960041544737;-1.05185285347903;-1.41010750916824;-1.27048245826859;-0.790275617249676;-0.670137299171312;-0.435252470828705;-1.42169756609302;-0.57552597668281;-0.114918658124344;-0.850636050117307;-0.549559584964649;-0.962379089551985;-0.851195535140608;-0.665680266930729;-0.487532498775573;-0.378464827496285;-0.843884601590216;-0.616093796190406;-0.516021672117644;-0.000940523356676604;-0.534162009992245;-0.87172958629205;-0.598860687969459;-1.5926707738152;-0.0581549887175308;-0.803495005075066;-0.38936374207211
7025;-1.05537837575107;-1.5037912395957;-0.457511567571009;-1.06279211947471;-1.43980959440456;-1.2585981847892;-0.785230909984163;-0.653250878441002;-0.429209315633317;-1.40813179141518;-0.566875399152895;-0.134194395543474;-0.8384694136761;-0.537930307023398;-0.960685269343347;-0.845881051062968;-0.654445390540701;-0.48955727397466;-0.366774770395198;-0.834185128935466;-0.608828799441228;-0.501530297923406;0.0152958921608373;-0.520408591882574;-0.861764365073867;-0.596035069518597;-1.57948152964184;-0.0468792285623054;-0.821829085541278;-0.370543850579834
7050;-1.03989196426057;-1.49860161364178;-0.452991174651445;-1.07451040829963;-1.51150623380006;-1.24728289162285;-0.776268284221217;-0.6380312946346;-0.425164258931761;-1.39488512055278;-0.558318165793794;-0.131455098993144;-0.827326388496341;-0.525228933250365;-0.960946413605843;-0.837489873781466;-0.642041547893893;-0.493357502763172;-0.356761901128378;-0.823749747220216;-0.600025055357321;-0.490733866810905;0.0297963005077464;-0.50808746311554;-0.852600700012418;-0.590000289467223;-1.56414767256309;-0.0362055661751499;-0.839187415455908;-0.355819082735451
7075;-1.02622774191819;-1.51355706909367;-0.448193722188189;-1.08469970169848;-1.59645166516948;-1.23685180382947;-0.759426209533171;-0.622794335010918;-0.419949709796877;-1.37877080572789;-0.548487867040318;-0.108181162027759;-0.816067691639091;-0.512271622855761;-0.963122992154389;-0.828255139334039;-0.629835066556841;-0.497214614486416;-0.347087108396641;-0.812957640991288;-0.590118137761943;-0.480901249419303;0.0450449066891063;-0.494525097698197;-0.844058471100327;-0.584842132796367;-1.54856505017695;-0.0295991045111819;-0.856067184956137;-0.341588848761047
7100;-1.01317785834742;-1.53213591997271;-0.441869305205294;-1.08928775785008;-1.67595187597835;-1.22610927628481;-0.736314705846269;-0.608540610933041;-0.414686279571251;-1.36470172450921;-0.538648586786833;-0.063345531548675;-0.804614446502201;-0.499305316760166;-0.964978289901007;-0.818147327635695;-0.620364435368412;-0.498240838050253;-0.335373380309278;-0.80301425791794;-0.581402186463691;-0.471666053915257;0.0602103392583033;-0.480961192739937;-0.834373262430769;-0.580209206523505;-1.53357324191777;-0.0240718809746638;-0.870193010558251;-0.327500688527665
7125;-0.999232901875415;-1.54571074103005;-0.436710615044233;-1.0857227875881;-1.74072256067048;-1.21455719377953;-0.710382719136359;-0.593234918566074;-0.408694387881638;-1.35270135918522;-0.529913548340938;-0.00134419412087508;-0.791545201791418;-0.486144403500894;-0.965308706623892;-0.806045612949156;-0.610561436317356;-0.49670219415488;-0.322818477091373;-0.78908827513706;-0.571169285878086;-0.462909773451101;0.0749787678497902;-0.466343611922565;-0.824408356093103;-0.572420141382653;-1.51625319636337;-0.0166820351570995;-0.879587287690255;-0.315540588206233
7150;-0.984720604598358;-1.54760538844939;-0.432334122621162;-1.06995313128549;-1.78102866725223;-1.20194786181165;-0.685878724526738;-0.578479167683602;-0.401630092698364;-1.34174864691769;-0.522711515409591;0.0716323126347683;-0.777244401508706;-0.473694205340892;-0.964520796567607;-0.794917453339844;-0.598955386880498;-0.493256015448233;-0.314256050261929;-0.772986786956435;-0.559365301079696;-0.453654797322995;0.0876921790665723;-0.451191478537766;-0.815647819542545;-0.560745854471454;-1.497585709964;-0.0115432348897444;-0.884160056590584;-0.305390647270557
7175;-0.97064989381201;-1.53170940882785;-0.429059356447958;-1.05947066135565;-1.79305929085818;-1.19064359282867;-0.662163212034931;-0.564407982712965;-0.397058753847353;-1.33016519001858;-0.51658763919717;0.144978760478962;-0.762208772067053;-0.460365681897059;-0.962423883471645;-0.785999579291738;-0.586835644060975;-0.485876379944941;-0.304338199385299;-0.758939821763701;-0.549063665454929;-0.444436861331672;0.0974977300475701;-0.436779575828886;-0.808431011290386;-0.546752027567071;-1.48090757560377;-0.00729245904933307;-0.885073296672853;-0.296316782425896
7200;-0.956868000222364;-1.520748575769;-0.424980640932736;-1.04794480838517;-1.781178423157;-1.17893050031858;-0.643274771072337;-0.548407696433638;-0.395099891973615;-1.32095875718383;-0.511827486552316;0.205544722280286;-0.746356103187131;-0.448778988968378;-0.958876717123409;-0.776246539078368;-0.575647865118021;-0.475826688281955;-0.295307639033707;-0.743319873092917;-0.540369380733788;-0.433743198994375;0.104989351236578;-0.421138955327143;-0.801314974072212;-0.532281271568473;-1.46159642727848;-0.00065951434482403;-0.881066746426313;-0.285924002022296
7225;-0.942546507444023;-1.5135045784528;-0.420617096715099;-1.03535538205386;-1.74004766312837;-1.16684588553897;-0.628230156929506;-0.528515711427458;-0.392465953882655;-1.31369163954881;-0.506714640242745;0.259768804024205;-0.733117192820983;-0.437731462981931;-0.955373759900299;-0.765308428288844;-0.565094929937396;-0.464929762567264;-0.288811499048444;-0.727600466829058;-0.53406260528129;-0.427513826937804;0.110288317533391;-0.403910308340935;-0.794205254889343;-0.515823004286738;-1.44201175860657;0.00698884311361359;-0.870446631499454;-0.275539844432966
7250;-0.928454241351406;-1.5015837879594;-0.415172423975818;-1.01945232294205;-1.67682782268306;-1.15027958770424;-0.616895713686068;-0.510026026053861;-0.388375557630889;-1.30611049188202;-0.502635592111716;0.277647071316862;-0.719513995503481;-0.428058762708658;-0.949310493014575;-0.753125258101893;-0.55615733040438;-0.454958767847538;-0.281908602598726;-0.714307956577779;-0.529469318384423;-0.420078243963506;0.114902901734131;-0.387857652203534;-0.790044471360568;-0.500304072019348;-1.4241087619559;0.0162714965327517;-0.857544679710966;-0.263578265265799
7275;-0.914507094582678;-1.4852907243918;-0.408420448733111;-1.00557106746283;-1.59827387087755;-1.13050386348452;-0.608280882993726;-0.493238118014633;-0.382064789957994;-1.29605254528309;-0.498124761593053;0.26880199303386;-0.705365376419527;-0.417939582649524;-0.944607299420934;-0.741433772642186;-0.547676081572693;-0.445111632833445;-0.276374727246673;-0.70252562954444;-0.526532387391499;-0.416509276899989;0.11833668732426;-0.372231521562172;-0.786518729504324;-0.483314786512762;-1.40528993189458;0.0273957197666663;-0.847007060410697;-0.251604610718586
7300;-0.900146413542295;-1.4665897249557;-0.399976704836538;-0.990731966373416;-1.51249102323833;-1.10830839886095;-0.599400627814713;-0.474811283397151;-0.374785976390318;-1.28878536192592;-0.491414679074881;0.258409987942949;-0.693523709671927;-0.409732770055917;-0.937498654398079;-0.725461223561676;-0.540019436179836;-0.437585534869529;-0.273154725612935;-0.690391480584875;-0.523353611210652;-0.419052545870835;0.122037337882137;-0.357323023049848;-0.781317317327744;-0.464777829222974;-1.38567684337617;0.0411199633274359;-0.837272249622008;-0.2384890035483
7325;-0.884830310776112;-1.44743665276778;-0.388956357872062;-0.976918879161736;-1.42779218250168;-1.08429861191959;-0.586594258775724;-0.459478922229268;-0.366662076117278;-1.28223809270139;-0.486532096382238;0.248668534243741;-0.683431703767773;-0.402044710306613;-0.925295376581694;-0.707203061074145;-0.532134418130865;-0.434632673335184;-0.272617589914637;-0.677340446204422;-0.517509226418807;-0.42653444737365;0.128247328453321;-0.341176700021582;-0.775656908383283;-0.446821497892544;-1.36988398634488;0.0576546745858864;-0.825844857686036;-0.223840069424582
7350;-0.869136020870848;-1.43014857264311;-0.375515717781998;-0.963792786394531;-1.35187862544732;-1.05677545224171;-0.563241779888312;-0.446821745171577;-0.355352572780807;-1.27541575538275;-0.483271703539416;0.248011649365039;-0.673664745764197;-0.395816776729717;-0.912122030582979;-0.689850184748231;-0.523733969464291;-0.435264688041237;-0.271729363300408;-0.665484719652569;-0.508459156984697;-0.434231215968862;0.136674011861013;-0.327725692580889;-0.769458235296346;-0.428004435926458;-1.35396090639175;0.0744891242538659;-0.813176185721104;-0.207474936028461
7375;-0.852347019066071;-1.41597794603548;-0.361315603429038;-0.951916681338814;-1.29205790051066;-1.02902878969864;-0.544911963989713;-0.435642603729893;-0.344367939425843;-1.26907773413361;-0.48072464045982;0.243387264233544;-0.661939451616662;-0.388686849170301;-0.898102129936318;-0.671873416464825;-0.514708278118776;-0.436895656432554;-0.270443006747257;-0.655976911124712;-0.495379692149545;-0.443746129852454;0.145680862006705;-0.314832288198961;-0.764290666002537;-0.408868544482957;-1.34482736765588;0.0907195002497707;-0.801145965015647;-0.191433412764013
7400;-0.836681600629631;-1.40455612712419;-0.34713003503326;-0.941188862899516;-1.25176058859882;-0.996388251391203;-0.530094087684501;-0.429670087634199;-0.332808923511703;-1.2620342739763;-0.477518544896895;0.218192897323472;-0.649470165156305;-0.381187732261871;-0.883960404938146;-0.653881634509691;-0.505376490710721;-0.440153995712122;-0.267876847126668;-0.646163899848041;-0.477815242130878;-0.452252741253413;0.152934649182435;-0.301666671680499;-0.758892414666273;-0.390334808577952;-1.33418826081096;0.104328470720857;-0.791946661389219;-0.177924493840891
7425;-0.823910324266184;-1.39542660946247;-0.332525573204081;-0.930961590369968;-1.23420897312883;-0.962438063615625;-0.514027554535236;-0.424672474142359;-0.320312331454974;-1.25407718583728;-0.475077693868059;0.184453054405968;-0.638781079068471;-0.374371234901121;-0.868068292924735;-0.635318608048472;-0.49679567442511;-0.445497753016446;-0.268434425557155;-0.637959018315414;-0.458165487522777;-0.462835064520356;0.159701993729083;-0.290427854579784;-0.752290358217391;-0.373840885726057;-1.32697469405448;0.119280117707706;-0.784937973242264;-0.165679552817992
7450;-0.809351497323787;-1.38727684661275;-0.318151064110589;-0.923021363826377;-1.2328820500706;-0.927447880051511;-0.499494873836832;-0.421637886803433;-0.309184983110704;-1.2437835415877;-0.473079012945674;0.141848161766971;-0.62624379462561;-0.369004200747163;-0.848414705428723;-0.617744781115343;-0.488316967543489;-0.450940829897966;-0.270628343771724;-0.630936030798364;-0.438432806206509;-0.473998820371378;0.16458859207007;-0.279812080763777;-0.74604082994626;-0.358086384073854;-1.32094272497505;0.132967941635059;-0.777590891698157;-0.156307516065692
7475;-0.794083629972545;-1.37954011046275;-0.304159762160607;-0.917967436403398;-1.23385993380702;-0.893494356076782;-0.485370833518122;-0.418835738100323;-0.299657162333745;-1.2332909854273;-0.472045542934719;0.080372534298203;-0.611960891948145;-0.363212127238359;-0.830659077352283;-0.603069346830768;-0.480004341727466;-0.455847726891993;-0.272268021454099;-0.623061128554373;-0.420311019173172;-0.483654454486612;0.169887917628945;-0.271049432328254;-0.741049094448068;-0.341517294331196;-1.31598791578142;0.145620241312227;-0.769288086799873;-0.14901709740361
7500;-0.777992897684203;-1.36835304976822;-0.290632822527373;-0.913120380445725;-1.21739820044389;-0.860752158194993;-0.472363652878554;-0.41881681051292;-0.289879490678626;-1.22171893143814;-0.469767079506673;0.0276358599514837;-0.598039371054568;-0.35920522383109;-0.810655087048564;-0.590063005821794;-0.472666565439014;-0.458971512964844;-0.275854112269415;-0.61701212043039;-0.404956096542694;-0.486819802520441;0.177209087061915;-0.263207736971279;-0.737024575143003;-0.324461000997114;-1.30953986907793;0.155346337343829;-0.760529208608968;-0.147091929846184
7525;-0.761780620238186;-1.34542517760549;-0.277862203790923;-0.909089355272016;-1.18322541679518;-0.829584800973276;-0.460264980565136;-0.418038348057358;-0.281782199601599;-1.21073068293635;-0.465327188068227;-0.0107308400563812;-0.583825312501338;-0.353124398276156;-0.787331710002642;-0.577696263369891;-0.465721737056998;-0.459311965705746;-0.28129479599718;-0.611820377497333;-0.392931271980969;-0.484661400498783;0.184270638808158;-0.257914312276094;-0.732981725930768;-0.30699799479246;-1.30305292323772;0.162837183969517;-0.748856461577391;-0.148778194839827
7550;-0.745255644589385;-1.32573421408922;-0.263845962665007;-0.908038745841019;-1.17241465567634;-0.800511537693599;-0.449936112952454;-0.416529016118118;-0.274771229701841;-1.1990059501087;-0.462326719510692;-0.0295257814985292;-0.570096389190536;-0.347699827447269;-0.763227169745327;-0.565520841211102;-0.457193547974337;-0.459290161686227;-0.284623479945943;-0.607141550952571;-0.383690965930744;-0.484035827405555;0.191987557635499;-0.253857471551878;-0.729504829413884;-0.289112298179263;-1.2970575274403;0.167727297887337;-0.732396035789133;-0.154378358019302
7575;-0.72963808251594;-1.31474998557969;-0.249326770333476;-0.907945549036561;-1.16126984687806;-0.774024873918767;-0.440873681772672;-0.413813196465833;-0.268055912844237;-1.18517338473471;-0.457910248709154;-0.0284262191396124;-0.557435318011893;-0.340695241588994;-0.739228183174653;-0.556287117654524;-0.450311652004086;-0.456792330424702;-0.286747653430452;-0.603057565994904;-0.378190533435522;-0.48169662662338;0.20016079791067;-0.25229746008396;-0.724964609995039;-0.274177173912881;-1.29114192394308;0.167226311444484;-0.716859254480512;-0.159432104624277
7600;-0.71507831170449;-1.30134838648117;-0.234250055934253;-0.907553060480314;-1.15273127301753;-0.748587719662218;-0.433720560416974;-0.41166244817333;-0.261533798890046;-1.17388457647961;-0.453653189978114;-0.0050075616815676;-0.546328965989516;-0.331508135258603;-0.717046690726199;-0.544753392800335;-0.445634868063737;-0.450120197161395;-0.288782991066294;-0.5986153115771;-0.378138683560404;-0.479010595841395;0.209708749374328;-0.252430568997212;-0.719739164485349;-0.260751302150331;-1.28871726469577;0.165011103994112;-0.701769564727544;-0.166528303135893
7625;-0.700374422538209;-1.29036752645129;-0.220878657380453;-0.906407136129835;-1.14396660147166;-0.722395632232936;-0.427944834063681;-0.409409344639847;-0.256748178653246;-1.16407329154794;-0.448721681291874;0.0327100539316406;-0.538837849467759;-0.320737917638408;-0.696466170839344;-0.532535416151776;-0.441812588703853;-0.442988189781952;-0.289506658628901;-0.589833768997467;-0.380793873014675;-0.475138939289758;0.219779913712511;-0.254287437591783;-0.713988338705256;-0.250833143708587;-1.2881281760777;0.160760677365349;-0.689012391684259;-0.17186452676419
7650;-0.684456830362585;-1.28288230978685;-0.206815646953342;-0.905781458198751;-1.13557571544884;-0.698332422973102;-0.423269247925214;-0.407417389445637;-0.252715215724742;-1.15446687163309;-0.443924210406133;0.0750267602135211;-0.530552377806964;-0.307500114536003;-0.676677746381692;-0.522647857847585;-0.438471720658259;-0.435962177269071;-0.291302118239607;-0.578117731563483;-0.384007262141678;-0.469614207089793;0.229500284614982;-0.256925826536026;-0.708897680234369;-0.239948579938274;-1.28819469362012;0.1525370610925;-0.678739278959597;-0.175234885492378
7675;-0.669325515212378;-1.27774964803036;-0.194058925920336;-0.905564084368846;-1.13229743966697;-0.676050912606621;-0.418902845154182;-0.406489016052259;-0.248070202323587;-1.14424524498298;-0.439682635418447;0.111478439023562;-0.524693182854373;-0.294297759017009;-0.658748192716514;-0.5127178921033;-0.435503242925556;-0.427278251691329;-0.289645964993308;-0.568170145574875;-0.389472838407105;-0.458509085733321;0.239470645120345;-0.257996553755736;-0.704510327815011;-0.229091567252295;-1.2920723011303;0.141734670475634;-0.672484108608596;-0.17995674348033
7700;-0.656223677560771;-1.27504405051385;-0.184032324109899;-0.904614269655452;-1.13051407786753;-0.654803804432347;-0.41658695627001;-0.406462883076899;-0.244393466346051;-1.13465617419034;-0.436014592242014;0.142291886652523;-0.520450260348855;-0.281193580848918;-0.644647193260806;-0.502404685393459;-0.430454491421531;-0.417473639660572;-0.28797408015038;-0.556150409683503;-0.396633715491532;-0.444076238141648;0.248705359687027;-0.257837389379799;-0.700697513693235;-0.21956701568317;-1.2950056656785;0.130435238135459;-0.669683163761943;-0.183873320041706
7725;-0.643611464768337;-1.27523696775989;-0.176461517753057;-0.899026529996549;-1.126893283913;-0.632561249945363;-0.413104502650695;-0.406574226700263;-0.239608529914918;-1.12674050273924;-0.43225628135807;0.174201881679556;-0.515679984329453;-0.266258603589313;-0.633956144140892;-0.491698805804303;-0.423716218682114;-0.405330211466817;-0.286805244837037;-0.541672417931654;-0.403137708718144;-0.432958323673938;0.257142306478263;-0.257897654778567;-0.696026498699612;-0.208321769788658;-1.29707966838322;0.119116899035391;-0.668016657277547;-0.188334927916923
7750;-0.631815387725741;-1.27964172046128;-0.170301106275498;-0.891134044532281;-1.12594166827357;-0.608517188010272;-0.408040514463272;-0.408536559772815;-0.233430178194988;-1.11760589344073;-0.427833337490428;0.20008844854013;-0.510332998627971;-0.249719016312874;-0.625680036338036;-0.480740463553738;-0.418464988826268;-0.394677430117057;-0.284721378503879;-0.522532313639004;-0.410605628851445;-0.420880641382068;0.266219871374056;-0.25899849975253;-0.693600460040876;-0.198790637640404;-1.30122550785999;0.109439901411125;-0.669460721479008;-0.191032884079527
7775;-0.623631849398934;-1.2874459223646;-0.164609864621041;-0.882490822155705;-1.12770437594201;-0.585886409226112;-0.400911220906428;-0.412056500054381;-0.226302499120982;-1.10655471234981;-0.4213638465861;0.218966366650397;-0.503814041816497;-0.233857941136567;-0.620188007389355;-0.470250627292003;-0.412035831651855;-0.382841376756217;-0.282577122989896;-0.502416035815722;-0.418096357394582;-0.409809895652934;0.276154924993597;-0.259340047991516;-0.691746345137109;-0.18745947475086;-1.30336638525733;0.101596931806416;-0.677561093068038;-0.192768014437408
7800;-0.615468787354729;-1.29449073466788;-0.157692699601558;-0.872761699841242;-1.13090177871295;-0.567075089923958;-0.392177043686185;-0.412490672656791;-0.220588671791979;-1.09410841760262;-0.414469134138479;0.229736428000053;-0.498640970666194;-0.218606043703294;-0.613955556249778;-0.46019976685476;-0.404886274563128;-0.369580099589315;-0.283359737425478;-0.480641965823994;-0.428449482495889;-0.403991250748164;0.288274972484642;-0.258368154585311;-0.690294227767474;-0.175195121499949;-1.3014702465292;0.0964582510331617;-0.686133541014105;-0.200339289569184
7825;-0.608781593400778;-1.30081519460673;-0.149169954053496;-0.860500643061142;-1.13397908339487;-0.550735348360193;-0.38149532909478;-0.414532597407642;-0.214938732507644;-1.07925209682719;-0.409829544412201;0.234218115129799;-0.492823110599387;-0.20445353683298;-0.606070072172199;-0.449349767551062;-0.395148967282667;-0.356339445929253;-0.285824604604264;-0.45796449789344;-0.434615285207872;-0.399611885383696;0.302936871638005;-0.254692234181792;-0.691212125080697;-0.162937162379639;-1.29567779376326;0.0936817480197798;-0.6900189386466;-0.210924575476966
7850;-0.602099051595894;-1.30794840037917;-0.141878446371796;-0.846223980426065;-1.1355034654331;-0.53726397502906;-0.368164601031632;-0.415726294190253;-0.206491027177009;-1.06349066883876;-0.405930821143933;0.233193941629954;-0.486230683213181;-0.192824532698003;-0.60019374485509;-0.438279009746679;-0.384936105257817;-0.343554399343533;-0.288679966425564;-0.43564397587999;-0.440396889828791;-0.396311808979173;0.318223671839802;-0.250596153948178;-0.69327414539185;-0.14854377099199;-1.28637275766878;0.0899436766681296;-0.689566161249543;-0.223746902788614
7875;-0.592675481147288;-1.31548990947749;-0.133592329884817;-0.832674232900495;-1.13424539715129;-0.527958704058697;-0.356670698886864;-0.416001172466392;-0.198471382127317;-1.04736250497473;-0.401709868898697;0.232151538909436;-0.479416952924744;-0.180680955835728;-0.595635382029787;-0.427881782284071;-0.374620727122757;-0.329095564584673;-0.290442452900011;-0.413625056059931;-0.447610993129501;-0.393341098456339;0.331399806403506;-0.246002522885835;-0.694874329449528;-0.133250569123606;-1.27458475033125;0.0883881393608814;-0.685582387927182;-0.238918669094727
7900;-0.585377313919988;-1.32166104676383;-0.123656293357387;-0.817702734656998;-1.12824929078353;-0.518969070608081;-0.346400122185313;-0.412782363090849;-0.191029665768665;-1.02979164517713;-0.397731918332798;0.238430525651546;-0.473605966721365;-0.169602598121925;-0.592163938095999;-0.416946600437093;-0.365620623070779;-0.317580491985351;-0.292887590935381;-0.392986102151358;-0.451226951804115;-0.391525640673508;0.342703454279725;-0.240435167144305;-0.697071720432117;-0.118418912148247;-1.26289292700227;0.0868799049731275;-0.680572594807971;-0.255425992211521
7925;-0.577685351307841;-1.32520557672258;-0.112053806880293;-0.801362643770986;-1.12335416359253;-0.516018124371362;-0.335374177979542;-0.406514336572115;-0.183111625145976;-1.0129415578204;-0.396452772053785;0.257327406340325;-0.467587919285812;-0.160304148809008;-0.583406595160833;-0.408034511602478;-0.356330656518513;-0.305759222425319;-0.296112540149764;-0.375204936763722;-0.451163443716241;-0.390241967251234;0.356470473334811;-0.233292394374736;-0.700721773194923;-0.106118596851791;-1.25271512730392;0.0888019547397303;-0.677066224962325;-0.271206486086791
7950;-0.567768439367869;-1.32740771371687;-0.100202705971735;-0.786666391477783;-1.11683393747041;-0.514316098099047;-0.324577841813727;-0.399493271359203;-0.175943872673175;-0.995149198720363;-0.39655303563299;0.262093180950352;-0.459261488169661;-0.15239680849531;-0.575378734177681;-0.398059367536014;-0.344716093652339;-0.292996873857625;-0.301380326572698;-0.359305762963701;-0.450220948655596;-0.390373250550002;0.367935296301286;-0.225496083188508;-0.701973681392254;-0.0940163393845836;-1.24149858744899;0.0929557981325211;-0.669344185013866;-0.28421077279543
7975;-0.556744008427383;-1.32922658007289;-0.0873031333854945;-0.770506228772118;-1.10649982223171;-0.512470875548594;-0.31322458050252;-0.392696616526083;-0.168308256019013;-0.978625420929324;-0.398516612262116;0.253656069909663;-0.450182384558651;-0.14560583727865;-0.570420549347922;-0.389065375660909;-0.33370652210075;-0.281508814588336;-0.308700340203758;-0.344704803055467;-0.44736276246615;-0.389631399741707;0.378083984863745;-0.216807377982353;-0.703280608188427;-0.0831745000033763;-1.23133738201043;0.0995579034172167;-0.662600214335969;-0.297305907646664
8000;-0.544428071257569;-1.33101740884237;-0.074245461453644;-0.752864032577285;-1.09441443658654;-0.510880342329735;-0.301771563384162;-0.387969781691492;-0.159127167724921;-0.961525149409374;-0.400453939386988;0.246994747646125;-0.443043420374316;-0.141562879822192;-0.563290688450594;-0.379580981338272;-0.321566866766227;-0.271781709985182;-0.318515248836399;-0.333817453156379;-0.444823844699198;-0.385895171278126;0.387123071878038;-0.205558633303349;-0.703609794888071;-0.0754537735619644;-1.22189627582661;0.106243012084604;-0.656228410264031;-0.312413837665789
8025;-0.53399451355053;-1.32952118859024;-0.0609293645662582;-0.736477110490347;-1.08211377746696;-0.507154531951104;-0.287900244710167;-0.381184937777174;-0.14815542133804;-0.945010797167873;-0.399960623272892;0.237736940941185;-0.435092612121031;-0.136596412709373;-0.554086718596572;-0.368460868952294;-0.307396226787652;-0.263529481903894;-0.328925514975649;-0.326042302736549;-0.441205553511155;-0.377266161457894;0.395451794331099;-0.194760466986373;-0.702767326793438;-0.0702955679199243;-1.21006835362691;0.113554313667614;-0.646510648273341;-0.325519481868177
8050;-0.523521546640972;-1.32678234753397;-0.0472382532475123;-0.724528637539611;-1.06626344646928;-0.498798371735215;-0.273962672315517;-0.373207488208377;-0.13677189572964;-0.926740169356165;-0.399154283634714;0.225848494840014;-0.425010770959107;-0.132401333431624;-0.543931436625312;-0.359014574175328;-0.294364398751179;-0.259144960988859;-0.340563132188839;-0.320135317486351;-0.435206804848399;-0.364522091681786;0.402303646461841;-0.183808514186432;-0.70156082697352;-0.0651968381465641;-1.19766408846667;0.122363333872024;-0.633031029094896;-0.336489219167586
8075;-0.512693373987075;-1.3207110211795;-0.031264923305255;-0.713774603462858;-1.04875735254167;-0.488429147076818;-0.26050117288736;-0.36634560483344;-0.12313090424068;-0.90870645147218;-0.395757196451191;0.212663448639806;-0.412335051920919;-0.126502536365994;-0.533992114500087;-0.349400630112469;-0.281955359319346;-0.256093339261865;-0.353088634068882;-0.319301762616396;-0.427852114969125;-0.349717663909401;0.40848765785861;-0.171939456241077;-0.699138471332967;-0.0592025269794113;-1.18265346936518;0.131393098305624;-0.618377100317326;-0.346438301631231
8100;-0.502856203245994;-1.30973975016832;-0.0148387594041241;-0.703530526154614;-1.02825816684561;-0.474766766913957;-0.248155041852022;-0.360934204965405;-0.109202690191262;-0.892973951176473;-0.387256922019317;0.201812286220882;-0.396996187797487;-0.120017515999824;-0.525603885454982;-0.340025589752507;-0.268671842853545;-0.25175571167041;-0.365044647968746;-0.32401081628791;-0.423420478147543;-0.335574935507704;0.416560785490466;-0.161027684895166;-0.695093916054912;-0.0506225187790889;-1.16843758378384;0.141553435672777;-0.602410456239068;-0.355821145898213
8125;-0.491776466506312;-1.29974344059226;0.00135338253617654;-0.693254647108862;-1.00742897219474;-0.459724813915272;-0.235453848305576;-0.355262496795514;-0.0970510752855334;-0.878242355333743;-0.377688891894041;0.192137727553665;-0.379591274058598;-0.111898064689191;-0.518292840291526;-0.329899415210209;-0.253629665214056;-0.24901905012714;-0.377022114241396;-0.335706211120629;-0.420129538060128;-0.321518358706497;0.424630729456647;-0.150015747730808;-0.691719277158369;-0.0438203105398812;-1.15036731025204;0.152729304163617;-0.583664390112115;-0.363507419554405
8150;-0.480729565414459;-1.28677544291429;0.0202879696011197;-0.685279936848582;-0.986566755130109;-0.444526466521901;-0.224617044908032;-0.349090329670564;-0.085223952965269;-0.863876182951677;-0.364844672389195;0.18276510645391;-0.358871069201511;-0.104478625272427;-0.510805476566812;-0.318560540814593;-0.23719898620171;-0.246363839205435;-0.389894068431099;-0.353771493268853;-0.416179530194191;-0.304028497156024;0.432202806889221;-0.1384927922946;-0.689096740191578;-0.0366732273524423;-1.13095483188976;0.164506666568261;-0.564002305639577;-0.373877648467466
8175;-0.469370429476858;-1.27185771446338;0.0383602464535958;-0.676170355045407;-0.967160465460792;-0.430481861593579;-0.213916332333185;-0.343280811525688;-0.0726203741630038;-0.849574364495274;-0.349766619104987;0.176970236159657;-0.338212644487235;-0.0970925599968632;-0.503786560201808;-0.30774929939481;-0.22058634300943;-0.242100117153565;-0.401004894858541;-0.382404451867502;-0.418105722794119;-0.282968363583148;0.440228782738996;-0.12652486647864;-0.687983258630136;-0.0292303243060072;-1.11858449525585;0.175907259308607;-0.544770393985343;-0.388972219779907
8200;-0.457208732336155;-1.25570334108501;0.0537349767764127;-0.665707478234859;-0.946159424494173;-0.419093204005264;-0.203359132364884;-0.338038019897281;-0.0604750865730161;-0.834741451095232;-0.335306064566942;0.174574201142446;-0.317127352633402;-0.0884173971864916;-0.49790608491708;-0.294847862407942;-0.204142077436465;-0.235641251837297;-0.410722487676238;-0.422276961331535;-0.42141173123755;-0.258688581461213;0.44707602624075;-0.115170086819833;-0.685962875645512;-0.0211594554563491;-1.10400836947386;0.190100354496637;-0.525201992269402;-0.403404870748054
8225;-0.443269316208273;-1.23798556667937;0.0666875954016538;-0.654986883104683;-0.92342090892219;-0.411079601171409;-0.193154176473958;-0.331355925169054;-0.0473887685639967;-0.822234920138723;-0.322645737328029;0.175626386743575;-0.295250879153429;-0.078472772857417;-0.492932657054891;-0.279833736132673;-0.188531585030488;-0.229636493420722;-0.419659013073755;-0.467429430463004;-0.422484997258135;-0.236957495915075;0.453942654521918;-0.104065117682268;-0.683963853474115;-0.0092548665850495;-1.09256341396454;0.206347968360327;-0.507483772793542;-0.415866719161553
8250;-0.427775327368687;-1.22182372888466;0.0768932737567566;-0.64651975124981;-0.900167784383812;-0.40756471163432;-0.183407533580157;-0.322983310108779;-0.0334554884619114;-0.812024626324472;-0.313342594832041;0.17702063763385;-0.274994684099926;-0.069400478659568;-0.489383638054284;-0.263775534930842;-0.173298533787666;-0.228330759450293;-0.427946123023379;-0.51492691115647;-0.422970915691254;-0.212123038150342;0.462798074731602;-0.0923494324358009;-0.680923116072504;0.00256895810535771;-1.08796155239909;0.222029894217908;-0.492696091080615;-0.426665210114347
8275;-0.412271795293054;-1.20544297592747;0.0872270317102709;-0.636146896328294;-0.875855093334435;-0.409081124740444;-0.175416163796523;-0.315701685326044;-0.018395684311193;-0.804492254905363;-0.303946483849492;0.181746139831337;-0.256322504274912;-0.0609827755995137;-0.487083418430614;-0.24988809652911;-0.157594406709598;-0.225241464051755;-0.433478268600281;-0.568181641540555;-0.422585269628544;-0.186614045879085;0.472678574857418;-0.0800535668569559;-0.674876230034936;0.014520011926116;-1.08631624707429;0.238535922749249;-0.482844820340563;-0.43484240609702
8300;-0.395587554455519;-1.18859218236887;0.0963902344702539;-0.625815007895711;-0.852271385802211;-0.414521298863453;-0.168202935809947;-0.30536277129242;-0.00310725584874172;-0.796092184888874;-0.297619444735663;0.188129346485928;-0.242138172734513;-0.0504724823549464;-0.482354605672856;-0.237199301600489;-0.145363179261273;-0.220654265732332;-0.437801665914519;-0.624464381206031;-0.422254227681765;-0.161672194496454;0.484019040726785;-0.0668974095766316;-0.668083425884346;0.0280971860211733;-1.08732276537555;0.25615234825969;-0.473684117491774;-0.439585738201859
8325;-0.381040910714201;-1.17060029071814;0.10402936846245;-0.613160857728346;-0.829203326194421;-0.420701642150836;-0.160563845810029;-0.295119487528739;0.0122009115956119;-0.788483543843779;-0.294046254694629;0.196765389477957;-0.231812516931167;-0.0407859312185012;-0.475981133269377;-0.224498699061103;-0.134104037874158;-0.215729179522437;-0.444502785492683;-0.683971999671027;-0.41926306368493;-0.140056822163046;0.496873195803782;-0.04955809475446;-0.661335461714656;0.0410065099196445;-1.0941606960214;0.271106159445502;-0.465113980490478;-0.440388874315403
8350;-0.366192302897136;-1.15236630802154;0.112244942744925;-0.599189919002451;-0.805757935410978;-0.427557522924109;-0.154134525348962;-0.283513259847221;0.0309546179072604;-0.78492697794832;-0.292432445778162;0.20642667419031;-0.228967044352497;-0.031225500012961;-0.468780979708457;-0.213759007618488;-0.121937416858962;-0.210319986924609;-0.452889529608809;-0.742486749130774;-0.416245483267826;-0.120446152451595;0.51082683196004;-0.0368925877753833;-0.652548427898718;0.052738430877615;-1.10132016351092;0.284532712866042;-0.459891166471652;-0.436318440714514
8375;-0.351181006042757;-1.13517573681287;0.121866281514239;-0.586410111676105;-0.780828018740786;-0.434391369382836;-0.151869194518364;-0.272313341626035;0.0485894643215539;-0.781542464549994;-0.291363698361149;0.215498170698435;-0.230819125311504;-0.0220964331706909;-0.462565814351893;-0.203063399916186;-0.112876687675207;-0.206730560360933;-0.461401452005473;-0.80276632218496;-0.412271086526224;-0.104237107579503;0.523588830631964;-0.0253084347323979;-0.642149733773746;0.0645714792821498;-1.10904881507877;0.294459048927944;-0.453642025477846;-0.426954409357011
8400;-0.3370604389852;-1.1158638718249;0.132196684728488;-0.57335060380887;-0.755200385585565;-0.440056124916442;-0.15151257834395;-0.259181879636446;0.0642529281124555;-0.779741363449654;-0.290366868612906;0.224653765374779;-0.234898617647646;-0.0130802268124076;-0.454137764906018;-0.193910913010606;-0.106177495191911;-0.205236139102652;-0.468912745182881;-0.862718567696721;-0.40857451211735;-0.0928828203819521;0.536530491327776;-0.0146417104545241;-0.634075291955015;0.0757787542484144;-1.11700730561172;0.300068964805374;-0.44855611515198;-0.41511503020198
8425;-0.323901016964187;-1.09531658226739;0.145166412870484;-0.56079877418959;-0.732741877021522;-0.444691433129836;-0.151209822669855;-0.246238295910615;0.0788688603890679;-0.77822516226069;-0.290223833758856;0.232604236415137;-0.239192676567641;-0.00650095693165755;-0.442492481707644;-0.189228069873171;-0.100871265520585;-0.205301241796593;-0.475621736510658;-0.923345127025463;-0.406952186534295;-0.0837259952181659;0.551465956205662;-0.0064938559747695;-0.626050118155227;0.0870513170904646;-1.12520617715121;0.307181790039464;-0.444840497926483;-0.400890738792631
8450;-0.311312137664893;-1.07407648801056;0.16002333385144;-0.551026671372051;-0.709636038121577;-0.447505822405795;-0.151901904955782;-0.231485183581357;0.0924095577071022;-0.777752007359895;-0.291330415623117;0.239740349209459;-0.244708534544027;-0.00166833385546385;-0.429471420626426;-0.185631859453217;-0.0979242013525527;-0.20381308703546;-0.483780506774805;-0.984785405821053;-0.406030757463549;-0.0800885201952113;0.565328423422493;0.000459867784446821;-0.615524107213827;0.0980646430544397;-1.12921054284862;0.314033524550977;-0.439870785673311;-0.384624655672676
8475;-0.299072389494415;-1.05384881933095;0.176702570404663;-0.541258258034463;-0.688248338089794;-0.449260836443238;-0.154154869262447;-0.216772595284015;0.103798449105248;-0.776702999195103;-0.294316292026482;0.246771280393469;-0.250766557419962;-0.000193418991861227;-0.416500654924662;-0.182214275067248;-0.0946347166908556;-0.202223610903584;-0.491394882875679;-1.04465142194224;-0.402595247464541;-0.0842582413840054;0.579609353631244;0.00650311519562372;-0.606337177934363;0.108604973550999;-1.13037835297634;0.31992386289471;-0.43744601348324;-0.370696865804771
8500;-0.287818130877331;-1.03810230394533;0.193643410954976;-0.531740028667545;-0.668480968040757;-0.450702311110758;-0.155291367355847;-0.201774785742312;0.114334114122488;-0.775568957867463;-0.298505064865469;0.255571655180644;-0.257474158153768;-0.00123047840642445;-0.402571032648246;-0.178241120815758;-0.0902905097330743;-0.201293093410918;-0.495616858715373;-1.10282251294755;-0.400557869318524;-0.0919530299934399;0.594030299408306;0.0116920926853346;-0.596850026324729;0.117515284408372;-1.12908266173384;0.324276438008526;-0.438256633755748;-0.360032557029154
8525;-0.278556083450003;-1.02603073239665;0.208038656340714;-0.523532421590025;-0.65044489543101;-0.451765048962709;-0.153571519028925;-0.185368963516769;0.124320298710788;-0.773737447868793;-0.302821926296027;0.265550101530014;-0.264272496609042;-0.00317251251019992;-0.387610747720863;-0.174432478317206;-0.0847517863013282;-0.203243911504605;-0.498136243642352;-1.15256669125241;-0.397893339244679;-0.101598425031383;0.608007253978922;0.0147021192578883;-0.588628597666658;0.122575781824993;-1.12631102363485;0.329331692782483;-0.441678891040335;-0.353980711582065
8550;-0.269513086302143;-1.01374975527441;0.22315303789459;-0.514378106679187;-0.633784477812126;-0.452962790149237;-0.150928045905721;-0.168223929773511;0.133153346548999;-0.770139432342386;-0.309903717177523;0.275927340190807;-0.270397284640325;-0.00568691841054938;-0.372111640547975;-0.171655797944869;-0.0822792944925052;-0.207146525976671;-0.499131802783144;-1.19099103073091;-0.394776779677994;-0.110096458259044;0.619914196490424;0.0177317766375312;-0.582944341647934;0.126878808881107;-1.12088996577589;0.337276271331503;-0.445426308899789;-0.351561536127064
8575;-0.261243989288441;-1.00199811183566;0.237462751221525;-0.507830496986426;-0.619285949673786;-0.454735181283899;-0.146484231267137;-0.150031941009567;0.143237462459333;-0.767241855530312;-0.316464619779615;0.287612282231277;-0.274611935816259;-0.00865891841027291;-0.356951142698888;-0.170831740692976;-0.0781043282642914;-0.211139906249127;-0.495785174831467;-1.22291340569645;-0.389645812169077;-0.124312774093648;0.631169365416099;0.0207671780982178;-0.57633752566789;0.129807560186148;-1.11147994408059;0.344976647756294;-0.449176565605349;-0.350112962769182
8600;-0.254871589009646;-0.991359722901127;0.24903025219676;-0.500154069130829;-0.606339053664847;-0.45904099102039;-0.141191916890448;-0.12962963841006;0.15303221371818;-0.765047104902742;-0.322055199352334;0.299420495162851;-0.275791187226793;-0.0125673669052137;-0.342284588123059;-0.171422255396111;-0.0730786951185504;-0.216441741089334;-0.488477325191531;-1.24440989250084;-0.383972791757481;-0.137175909751615;0.641480059190066;0.0250601504146198;-0.569326321322966;0.131979125751964;-1.09849975216672;0.349927257863345;-0.454333151401366;-0.350072824517528
8625;-0.249036931461807;-0.983795725911089;0.258645447120639;-0.492332081622837;-0.5965656600299;-0.463492730912519;-0.133800425234414;-0.109623688025583;0.163454553886967;-0.762594179872766;-0.331755014251545;0.309256618986326;-0.274140944648603;-0.0150651175749533;-0.328217694938526;-0.171478100907634;-0.0686017617127218;-0.221999158944988;-0.478042328265216;-1.25630520725568;-0.376374356155725;-0.1474580971534;0.650013727904664;0.0310631954322172;-0.56298843994139;0.131161502152079;-1.08097448579243;0.353542790643492;-0.458607178101379;-0.35003354006265
8650;-0.244329439979303;-0.973900266237769;0.270166781340856;-0.484036739786985;-0.588951421207601;-0.466630342621904;-0.126015343280533;-0.0880069119824505;0.17368544298021;-0.761596277988612;-0.338374797905565;0.319683429272141;-0.272046180557492;-0.0178336867940275;-0.314745796686557;-0.173897322575422;-0.0625138378426597;-0.228349055251749;-0.465990824845397;-1.25963171340578;-0.36785284895596;-0.155995906440352;0.654700898989565;0.0350933155106464;-0.557248696280645;0.127366711112266;-1.06544747583594;0.355543278463868;-0.463319255326476;-0.350453219052391
8675;-0.238565675473916;-0.963075086227842;0.280721520067931;-0.474039853364559;-0.584613903018644;-0.470227087675297;-0.117126976715989;-0.0675921551787848;0.183315415280987;-0.75990884577232;-0.341365822694624;0.330658737808127;-0.268176567734648;-0.0181543061380262;-0.303865915687302;-0.179667520383421;-0.0557982405331087;-0.232934211472006;-0.452648506584051;-1.25701560397878;-0.362084640500624;-0.164536351260059;0.657430182497913;0.0385941392657433;-0.553304458073966;0.123012624651067;-1.04919226381257;0.356432137850275;-0.463010083214736;-0.35060017196923
8700;-0.231742056302811;-0.950228065188174;0.289515716890354;-0.461961652757331;-0.582778562807222;-0.472484370829092;-0.106449644595663;-0.047035223733789;0.192128547203788;-0.756763624182302;-0.342621340358066;0.339786926203297;-0.264458273591524;-0.0179260438995589;-0.292117018407514;-0.185728372905922;-0.0493897555448489;-0.234682621336318;-0.43931518568292;-1.24973684994209;-0.35385914911053;-0.173118470889926;0.656833120294576;0.0433304062527334;-0.550274446086643;0.117699409460913;-1.0315008868486;0.357596506484087;-0.459217769059602;-0.347119643847362
8725;-0.223256980865333;-0.937025521172693;0.297136226954257;-0.452502323163799;-0.58219032184773;-0.473536876297222;-0.0946224816118506;-0.0262192844888416;0.199997833472479;-0.75389098043808;-0.34314157119481;0.346685883736377;-0.259752626145035;-0.0188359717733954;-0.279633400174235;-0.191737584606528;-0.0433448463192873;-0.236354903198293;-0.426688499710262;-1.23502015616665;-0.3478676927108;-0.181519371982708;0.655342011095887;0.0462624663202385;-0.549827278352793;0.114921648338147;-1.01569688163052;0.357840977126066;-0.455147391335428;-0.343080020146376
8750;-0.213414265116825;-0.925350009259366;0.304515981096291;-0.444083262782689;-0.579849537457498;-0.471790474891996;-0.0824993515561343;-0.00699410331057493;0.205677981786727;-0.749028960743171;-0.341927633632417;0.350140013455139;-0.255190074104245;-0.0213843614935076;-0.267028871697164;-0.196727618214091;-0.0370824228284791;-0.238387579740222;-0.415183359949547;-1.2158497573968;-0.342270418734888;-0.191771312656862;0.653074189074738;0.0465003317455311;-0.549347036998167;0.113624526414421;-1.00018391819192;0.358391244906043;-0.448035737370545;-0.341985254278791
8775;-0.203359449148855;-0.91615017067644;0.310549658444534;-0.434289110953916;-0.5776864844262;-0.470106363763922;-0.0710681159180608;0.011102804339596;0.209695074140288;-0.742546881093672;-0.337628744378898;0.353202330577088;-0.251016649131146;-0.0227505858472449;-0.253593512401778;-0.203507906159706;-0.0313155550262406;-0.237862863729703;-0.402718707711375;-1.19115805549167;-0.337185299673785;-0.202305076311339;0.648832883788593;0.0452350193779637;-0.548992485851599;0.114418305291758;-0.981036403519654;0.359799372574043;-0.438805856010563;-0.339576258108379
8800;-0.193246337843149;-0.909372232659842;0.314104049481379;-0.42520477706329;-0.575259256986876;-0.467500612898577;-0.0573308283492184;0.0280900601980569;0.212382078115925;-0.733434025453572;-0.333756491512655;0.356369411361326;-0.247139635789232;-0.0215923053311517;-0.23743954344764;-0.207942055454716;-0.0286004920041675;-0.233850064666525;-0.391287125423052;-1.16326475092895;-0.333659926212258;-0.21097190903347;0.647330473169851;0.0435517176113557;-0.550257155713974;0.118310652249034;-0.964211702226224;0.361322968568671;-0.426826937374057;-0.336454967564992
8825;-0.185152139997728;-0.904828088905933;0.317127892578275;-0.416231201554114;-0.57156439693981;-0.462655038638937;-0.0419445150374309;0.044264616202808;0.214900237681958;-0.724042114065068;-0.327692152816628;0.360371162169042;-0.245724750352481;-0.0202279795212982;-0.222301948017592;-0.208971962811902;-0.0245380813937274;-0.226947937015971;-0.384257371447935;-1.1306051251907;-0.333771963470099;-0.217326456485397;0.647066005676686;0.0432371326744777;-0.553054701037471;0.121110458191326;-0.949153352342265;0.366198164980268;-0.413588461349658;-0.334547939361791
8850;-0.178603550880965;-0.901702203385272;0.320987896284501;-0.407818655297689;-0.566495721552353;-0.455397865812151;-0.0288333633386188;0.0601935354558405;0.218033606494136;-0.71420378732322;-0.320700453407805;0.365714032890398;-0.248910105780786;-0.0178026522152123;-0.205662402318122;-0.208868300649756;-0.0201297295683393;-0.221295866099525;-0.380125042301047;-1.09441762955061;-0.336239030502265;-0.226618422877247;0.646975281322368;0.0375033028833368;-0.554630804651416;0.124343233987545;-0.932261299518856;0.373110715037526;-0.404295690641557;-0.331196045853725
8875;-0.173768131989295;-0.901339498962787;0.324909739221354;-0.400903193942793;-0.560224945527833;-0.448559752209453;-0.0177524514852778;0.0762808800539441;0.217922942840727;-0.705095458607434;-0.313375432626689;0.369837269547233;-0.25489776469617;-0.0154060455044568;-0.188286123266388;-0.206703235695131;-0.0158338066215475;-0.214273638429696;-0.377569904107142;-1.05363933459242;-0.338781008865788;-0.235195484888334;0.646263448110113;0.0326481660724417;-0.555454044257202;0.127062745924613;-0.915379227565225;0.378381418275291;-0.396874364764858;-0.326827168008528
8900;-0.170143187625993;-0.902373320853524;0.329126377202134;-0.393652352706779;-0.551414110207112;-0.440704732710597;-0.00673201115269291;0.0914415130711586;0.216307435601227;-0.699376591332081;-0.30433120944431;0.376137397426029;-0.259033717632462;-0.0133398301173832;-0.172756234825923;-0.201696828891357;-0.0107983663623136;-0.206936092236843;-0.375790187151608;-1.00929005463551;-0.344355736039815;-0.242616312217121;0.646282259574406;0.0282954999008128;-0.556679973314957;0.128839898586939;-0.899960957460608;0.382581384668229;-0.38948585900047;-0.319683747882711
8925;-0.169389108554169;-0.904815003335674;0.334926461120656;-0.388565020457312;-0.538704157386758;-0.431043015288814;0.00440804638265972;0.104727043667467;0.215779458331323;-0.695936066916079;-0.296138309426736;0.380025847072405;-0.263225023141153;-0.0127697396695547;-0.158902795646129;-0.195765200584455;-0.00455270428341716;-0.199455561293732;-0.376015820957478;-0.964307320889743;-0.350748698451268;-0.249329849576813;0.645187455318556;0.0223802479512655;-0.554354769745913;0.12922485085436;-0.886210681653513;0.388503610354173;-0.380363648340999;-0.311382787666156
8950;-0.170460692283932;-0.909307059991925;0.342366164764262;-0.38366644761712;-0.523219707754381;-0.422647802522714;0.0140887352522703;0.116383482327843;0.213796124453632;-0.694406568397191;-0.28965156923692;0.385134339042077;-0.267919991125742;-0.0141157208984099;-0.142698549692961;-0.187227086761244;0.00423163975898753;-0.189246560613714;-0.375606865867176;-0.918463589656448;-0.358966834270011;-0.254605965989265;0.643560867507181;0.015062265935606;-0.548097447707527;0.128596774345349;-0.874541611260513;0.394897433856012;-0.369988203658301;-0.300825470589554
8975;-0.175177273915436;-0.913529890021905;0.349611226136484;-0.38045557019481;-0.506194046420031;-0.41303935209914;0.0199768411074275;0.128525656315741;0.209690918425547;-0.693357755395781;-0.286057554022226;0.389866623144478;-0.273874072234625;-0.0200864949838949;-0.128708224263587;-0.17823656578649;0.0155867856182553;-0.178785329603745;-0.375161290601915;-0.875729269716052;-0.366739946698722;-0.256272692064718;0.64190841909373;0.00955725967980978;-0.538422842686398;0.124134513115619;-0.864146587470034;0.399715622299619;-0.356572796838081;-0.287840054268047
9000;-0.181502136516617;-0.919806813282119;0.356482518497737;-0.378500578505192;-0.48613189446227;-0.403733910492382;0.0239121472351794;0.13976535728942;0.20438119552094;-0.692573727733434;-0.284443530875689;0.396144483697211;-0.276004941901976;-0.0299861767410345;-0.115315477572498;-0.169201141298146;0.0256092780178841;-0.168437336652084;-0.374550706182033;-0.837921276377654;-0.374818755245166;-0.256348743424782;0.637872668248893;0.00615103179593355;-0.527144605877748;0.119661277084328;-0.859852581941146;0.402242412133288;-0.34482030313316;-0.275066366338832
9025;-0.188518620846142;-0.926935966217496;0.362863824470091;-0.375500832949675;-0.465552503098609;-0.395623457934555;0.0250261783050801;0.148836764161659;0.197351668536388;-0.691237445864509;-0.283076381396414;0.403465633261194;-0.276965690446757;-0.0423458765853174;-0.104979731895963;-0.159659874078393;0.0358814919901334;-0.156793058503081;-0.375516014203114;-0.799797039203932;-0.382108062638151;-0.253096869669823;0.634332573358154;0.00383434745239839;-0.517841474047274;0.11617004688931;-0.859639472593117;0.407540515612651;-0.336859169300747;-0.259992705768625
9050;-0.195971393511086;-0.931388283117235;0.370116287371333;-0.372397328420395;-0.442693048189959;-0.386809194444364;0.0224301100989517;0.156679257230181;0.188553012973277;-0.689131829138093;-0.280925765586484;0.410500676720327;-0.275634701024678;-0.0576951943323724;-0.0981062443895177;-0.151665764518856;0.0461504613561724;-0.142700535456473;-0.37742628742982;-0.765778846009253;-0.390796223870175;-0.251386001445819;0.62964866801187;0.00231668956693873;-0.511230005930334;0.113516366840514;-0.862738198572874;0.416726062089104;-0.326454268392199;-0.246543146412557
9075;-0.202890760106123;-0.936708532819014;0.374677242302857;-0.36909958990669;-0.415942498621768;-0.376377830488078;0.0174523731512113;0.162914125555567;0.181494747063909;-0.68642581438212;-0.27961320555327;0.417254556700468;-0.271497692129357;-0.0748892540636571;-0.0940052800835749;-0.145124495468391;0.0573371926137428;-0.127178713121141;-0.378660032107847;-0.738165336460484;-0.396662767359601;-0.253703762749182;0.622685461166358;0.000988626544468829;-0.504906791768145;0.110546537694264;-0.871101001007382;0.427209873656062;-0.313959128785264;-0.233121677834154
9100;-0.209617970518973;-0.939757650090562;0.377046542920016;-0.363198701756525;-0.388845951345088;-0.364441354847907;0.0105785072083183;0.166922713646406;0.17494911032888;-0.683791482899382;-0.277516475066535;0.42272913806309;-0.266130542263822;-0.0939206335564748;-0.091786838273064;-0.137914323439142;0.0672156998722505;-0.112363748106899;-0.379275024176058;-0.712055697337764;-0.400295261409636;-0.254104375312741;0.616520975097238;0.00152689918778535;-0.499445916457974;0.107711431285657;-0.879588104031747;0.43845933418162;-0.301066849496202;-0.224311463288003
9125;-0.215484508293804;-0.942694171279336;0.378012924200389;-0.35496645006259;-0.358969071366685;-0.349748028513597;0.0037208551329218;0.169583119206798;0.169963949573246;-0.681840267045273;-0.277014013375888;0.426635639025537;-0.260218590196529;-0.111989302831219;-0.0906294264902196;-0.129526227932982;0.0745183659731229;-0.097628121238909;-0.379871134777682;-0.688740175270555;-0.405076909840452;-0.254926274808976;0.610124507966491;0.0025515262492851;-0.496299594092184;0.106201043899839;-0.892073761082353;0.452034794294336;-0.290355675766144;-0.21371112488001
9150;-0.220497365567811;-0.943228025997644;0.377626412121191;-0.34625603452736;-0.328156363729972;-0.335244037171065;-0.00413334515642689;0.170599536833069;0.165275133950809;-0.68080338384465;-0.276384533531691;0.43188063503034;-0.252075266795639;-0.129225710420897;-0.0910201064592735;-0.120912820965269;0.0818315128956547;-0.0826682863613382;-0.377298564707037;-0.66632304561527;-0.410767706698455;-0.258202677420597;0.604376321980431;0.00283684132385496;-0.494741214263621;0.104815608501697;-0.906274453459324;0.466801116190949;-0.280588823632942;-0.204258652271503
9175;-0.225028262201318;-0.941605094083353;0.37506924799402;-0.336567284293741;-0.299025406851722;-0.322870078682056;-0.0111225785668289;0.170697329363011;0.162053026158573;-0.678698806286841;-0.275511135222639;0.435653830826388;-0.244644773126542;-0.147081212909103;-0.0942739175854325;-0.114270025148603;0.087469088603879;-0.0686459419298364;-0.372767541769533;-0.644686119201429;-0.414108029626353;-0.264870817713629;0.601523553588432;0.00451770030539631;-0.491037736978497;0.104275392849118;-0.918051278586989;0.482910249014767;-0.271203422778217;-0.192400488054328
9200;-0.228340154310239;-0.937505049283181;0.373676476672186;-0.32503682743718;-0.269940078208207;-0.310011846085266;-0.0165465583895092;0.172325768576963;0.161199894982693;-0.679483402847941;-0.274655366705565;0.439137171378193;-0.237566066755148;-0.164721748848781;-0.0979895122496283;-0.106522043577876;0.092688736364877;-0.0567236307990502;-0.366027503302061;-0.622501266706521;-0.417052863261451;-0.272284170199527;0.601897070621815;0.00862336201433997;-0.487462537202981;0.102229278114346;-0.928086316365754;0.497492801857416;-0.266983782417836;-0.180949213518765
9225;-0.230292982592231;-0.93351200966704;0.371459980986261;-0.315928544497703;-0.237191352521479;-0.296482315273492;-0.0209891745199031;0.173048582993929;0.163091880276011;-0.684125020091689;-0.272494431824964;0.439803933737482;-0.230443088725313;-0.183101760838996;-0.103821119022459;-0.0971321703280106;0.094843403897532;-0.0482896248457347;-0.357341013324697;-0.599957592919636;-0.421779039531065;-0.278954367830046;0.603823779152236;0.0124073084429202;-0.482309107105231;0.100671600386447;-0.936137080386208;0.51133386386921;-0.266966435583311;-0.171297436889163
9250;-0.230912729000723;-0.929462159892692;0.369174489992827;-0.307615627771416;-0.206341567710667;-0.283218581503921;-0.0247120089582364;0.174821440291065;0.165926517034752;-0.691050415537279;-0.271607611296261;0.439839533977295;-0.222903376446169;-0.20272103560484;-0.110091113196373;-0.0874098573376338;0.0929767434760583;-0.0421181524201879;-0.347075228213523;-0.577093801013806;-0.424333001166242;-0.28885122965976;0.606317746059485;0.0166136858591873;-0.477115825962551;0.101346193383903;-0.942050013199187;0.524163300869738;-0.27153592397228;-0.162798374889672
9275;-0.229781930050116;-0.928067475936964;0.366223679658231;-0.299481919983315;-0.177425977902284;-0.274301189550654;-0.0278005580805404;0.178564839079102;0.1668019804129;-0.69945377252093;-0.27139182503687;0.440640174593304;-0.215460341593007;-0.222100176109015;-0.115599259217525;-0.0797743162452793;0.0901470092130841;-0.0359072708069039;-0.333606337937856;-0.555188052508181;-0.426721581233898;-0.299563547601036;0.609754425814441;0.0226057753549243;-0.468998987280294;0.105973571294985;-0.94417965597576;0.532708355508386;-0.282373760312898;-0.155999693020873
9300;-0.227450282488189;-0.92771943280045;0.363194499862272;-0.291051115979204;-0.148127359764731;-0.269362969599635;-0.0289267523386098;0.180665776655398;0.169188764885876;-0.712860763476246;-0.273619791201566;0.443502733309176;-0.208586656273649;-0.241329953114615;-0.118616837008959;-0.0696279132010815;0.0856427030621717;-0.0287834549087664;-0.317674415914187;-0.534501803854058;-0.426369428193245;-0.306195225748444;0.616695520001129;0.0293655514641046;-0.458476799365042;0.11156244309786;-0.946593574295338;0.53985188500482;-0.294493483214125;-0.151590806993654
9325;-0.225355450460134;-0.927407392086133;0.359626550828344;-0.284671074566857;-0.120977210188761;-0.266201469546429;-0.0291086510501528;0.182974642152516;0.174501901419605;-0.727670844591584;-0.272763040395845;0.445957417510599;-0.202810229963307;-0.262288322638034;-0.12272789248207;-0.0577079527495181;0.0795150350368493;-0.0217972744669668;-0.300187625116893;-0.515257942791407;-0.428772039799257;-0.310610747495511;0.627109257668812;0.0375215203523519;-0.447905164036116;0.117883791299539;-0.952422412170709;0.547487664777102;-0.308463942020036;-0.148716998537424
9350;-0.223384658723795;-0.926234132432858;0.356002526868244;-0.278169948611268;-0.0997003336055725;-0.263854935598458;-0.0290278087708366;0.185159976772404;0.179475530252243;-0.741189240005738;-0.269669519179356;0.447592666406874;-0.197898354273192;-0.28245352185392;-0.124974261563392;-0.0482468785069274;0.0696027159916458;-0.0170709712684465;-0.282135509289716;-0.499584972136013;-0.430745222384586;-0.316545251838317;0.636861037381593;0.0457896382691475;-0.437448018656376;0.125814796248946;-0.954205747327674;0.554544162175273;-0.323842862012868;-0.14638028958727
9375;-0.220357235566439;-0.925260868872786;0.353892705742797;-0.272709966941536;-0.0858491256171516;-0.261904223277345;-0.0273587402560804;0.188002971597538;0.184199923227445;-0.758676777679157;-0.265358762387115;0.447683578648739;-0.195228014641969;-0.30071867146975;-0.126111576050742;-0.0416558610952205;0.0574807652773744;-0.0123729581939731;-0.26513741961288;-0.483841250831154;-0.432929809210212;-0.31950740323196;0.648482286627898;0.0551491527935003;-0.429537414610472;0.132187375386763;-0.954290964711968;0.561758908968054;-0.344266218414765;-0.144599330074968
9400;-0.21625440148396;-0.924050574486374;0.350767583458999;-0.268859517508602;-0.0762858579000089;-0.258481831026816;-0.0236092025161487;0.190942829879573;0.190300151093546;-0.774389415619556;-0.258585224715794;0.448593177741094;-0.18931758232215;-0.314385810114806;-0.130275104315558;-0.0335803807729089;0.0429418677805572;-0.00659791920035868;-0.247100870999118;-0.472221954035189;-0.432530423227833;-0.320446934825761;0.660927477288068;0.0660830986589792;-0.424027139373419;0.140410988863186;-0.957127199868647;0.566784427791983;-0.364811481430723;-0.142817086158985
9425;-0.211033286320407;-0.921418081266671;0.346750673307378;-0.264682908094365;-0.0738244574961741;-0.253845267366913;-0.0151384810366894;0.191753139889098;0.198970221382691;-0.788841876674965;-0.249910065121832;0.448876898017558;-0.184488081338066;-0.324059865830452;-0.133060306849651;-0.0252843993782061;0.0287709539212525;0.000502523595174331;-0.228145023119529;-0.461937840277631;-0.430794460075274;-0.322469538408183;0.671280200926341;0.0747355419506267;-0.42133435815172;0.151496364850409;-0.960202536478176;0.570852690712127;-0.384590452600235;-0.141501014614679
9450;-0.20626092014285;-0.918089382291133;0.342369412717481;-0.260032249104688;-0.077395201147367;-0.247661288998471;-0.00359985794200441;0.191630370514361;0.206256120387796;-0.801054585825096;-0.23732496308516;0.447153584794587;-0.180333345365722;-0.330175367897346;-0.135351536244189;-0.0176688353689931;0.0147403298115615;0.00771473488967622;-0.206147436949593;-0.451689618571491;-0.430811438669711;-0.325332500043606;0.682289922470688;0.0836427921359149;-0.419090945147523;0.162545387422622;-0.965121389772729;0.573453922774447;-0.402958176810859;-0.139431156714041
9475;-0.200547493384484;-0.912498230310085;0.336203959205756;-0.258581926250112;-0.0857547439154326;-0.237756265708443;0.0100677569277754;0.191930064655472;0.215127609266707;-0.810781780320183;-0.228163979841942;0.446105120655793;-0.175097718710623;-0.333243645359087;-0.136195407719592;-0.0112380779481231;-0.000190398953616189;0.0131502314906786;-0.18358932935893;-0.442482673361858;-0.428741065718717;-0.327162691481084;0.690753632589899;0.094548623839057;-0.417607764318429;0.17048003980425;-0.968660521005566;0.572660653043483;-0.418676309118992;-0.137852120597875
9500;-0.194492411196273;-0.906090859976279;0.328774385522572;-0.258003150951228;-0.0998254195487448;-0.227630172134398;0.0270978285539188;0.19162599817679;0.223144002650828;-0.816032790945858;-0.221167969184221;0.446657110514917;-0.168589097578659;-0.333638339965377;-0.136107474399791;-0.00408617426006508;-0.0158706429618588;0.0161662640511002;-0.158997647946237;-0.433278443717745;-0.427078763590177;-0.329928666702016;0.696967297624571;0.107030296260304;-0.417423787672704;0.180314284384161;-0.973580261486889;0.572881070252933;-0.435797939205617;-0.13342526350533
9525;-0.189357473988108;-0.900991906151239;0.320729072594054;-0.258612121778195;-0.121031761452842;-0.215910597813169;0.04659895673506;0.191665254736232;0.232131558233453;-0.819582553023414;-0.214918257807479;0.44798628248834;-0.162992504758608;-0.333259334884443;-0.135671207785062;0.00163354674018024;-0.0298653549766511;0.0210654302549775;-0.135305355830432;-0.422095348607429;-0.426454604416499;-0.331437034259497;0.702980676566302;0.119771181616888;-0.420043997365211;0.19075479945321;-0.979261093537125;0.574835327031965;-0.456893186502754;-0.129789758517087
9550;-0.184626490749569;-0.894744716971535;0.313853813864091;-0.259485755240306;-0.14093623487429;-0.202053424763736;0.0658968110960801;0.193626831840497;0.24125092325387;-0.820070094160197;-0.208982896489019;0.449602826701453;-0.155588807823003;-0.334046298945497;-0.13424624081555;0.00777318580301678;-0.042815813718572;0.0260772051645777;-0.110703313207368;-0.410552420978227;-0.426886832552905;-0.334049554387446;0.707087723169371;0.135131770294058;-0.424846133874474;0.201270527962978;-0.983360627923759;0.575957887647736;-0.477747532251181;-0.128081297570144
9575;-0.181852417215746;-0.889991303928683;0.305497614242053;-0.259567541628733;-0.161301462747126;-0.187567156562883;0.0840728258122625;0.194448118001374;0.253117672363639;-0.818573200042824;-0.207771842934932;0.450897442672784;-0.147503881243563;-0.333545218369164;-0.133888467998899;0.0144923124518046;-0.0567007715794693;0.028986791287795;-0.0864747627751759;-0.399098295875217;-0.426401786663304;-0.336471761745965;0.710232209526866;0.150333250807088;-0.430078728189402;0.212067724907412;-0.990464831167091;0.57739351159926;-0.500752414610047;-0.12546076885789
9600;-0.179397648065944;-0.885999299724188;0.299067719695873;-0.2598084630207;-0.179882134797027;-0.171567516116828;0.1011967089692;0.195510271221949;0.264760525872008;-0.816327702225889;-0.209846782455152;0.454491508972484;-0.138632054637285;-0.333212868931722;-0.133442676759082;0.0219081928714262;-0.0702678806376701;0.028732419389927;-0.0620669891750816;-0.387774003046876;-0.425960175475579;-0.339336011135217;0.713967344380385;0.167415912735518;-0.437084543594521;0.221832983579613;-0.996877050738693;0.577864975534174;-0.521371424750798;-0.124878193271143
9625;-0.175686483236889;-0.883909981950139;0.294064765350861;-0.260415993539288;-0.193143402791092;-0.157806964553365;0.116290363419954;0.196591298518469;0.276294993776653;-0.814098142895665;-0.216220129501527;0.459063515950036;-0.127662107727837;-0.333720254762638;-0.133414695989631;0.0311885093395583;-0.0824548900997208;0.0273789111893192;-0.0380124285056085;-0.379333694156206;-0.425857057695817;-0.342287417481764;0.716432247962449;0.184957976180303;-0.443904632106351;0.23226933065512;-1.00709617761078;0.578457596756524;-0.541624870790911;-0.125098412574568
9650;-0.171083135547061;-0.881362381502142;0.289646832265136;-0.26053726295956;-0.203917439851551;-0.145601759404802;0.129374135808085;0.196812874198069;0.287591001487403;-0.811369002237654;-0.225770590770601;0.462697247257196;-0.1165843592177;-0.334139127654482;-0.132435202614456;0.0422956071158405;-0.0905536236008805;0.0245986988159812;-0.0136211047894715;-0.371845085424602;-0.423865809419116;-0.346553151923586;0.720587496354821;0.202540150910533;-0.449688214979387;0.244104159331815;-1.01740978112429;0.576829925947716;-0.560303052572547;-0.126536641104539
9675;-0.166354995532789;-0.881620097178268;0.287090207030505;-0.260890863285397;-0.212654434161988;-0.13487641471589;0.142030079945407;0.196823480875751;0.299635631289051;-0.807691632439924;-0.236665254052591;0.466571868911277;-0.109305371993106;-0.335265629118455;-0.130755384997408;0.0512377668964659;-0.096423044404934;0.0188073112848421;0.0079101227253457;-0.365968288571236;-0.417329633121149;-0.35297161151246;0.72867037399962;0.221678849911755;-0.452438779401012;0.25710284275931;-1.02744627965565;0.574312825019328;-0.576338341391189;-0.11740283622892
9700;-0.162173979008062;-0.883077460181676;0.288568113587294;-0.263108482594076;-0.216254664650421;-0.122062937509813;0.151279451033318;0.198388023550495;0.311816046411211;-0.803413396294318;-0.248155133982552;0.470450842707228;-0.102561169688377;-0.334130095102448;-0.128559905679037;0.0617155199239408;-0.10210756405374;0.0111212911117367;0.0292359190778825;-0.359975694158472;-0.406734354884079;-0.358521823776034;0.741527333269057;0.240152548221647;-0.4558142514017;0.268478921847909;-1.03680579583649;0.568713826390709;-0.588974443599996;-0.11673910033343
9725;-0.156818503598413;-0.885393397569722;0.291885330200244;-0.26329756356764;-0.213631746506581;-0.109305173857119;0.159679645775284;0.198781770399022;0.324692914944726;-0.801011918546072;-0.259642643269244;0.472079306710821;-0.094177281967771;-0.33032742705139;-0.127333958050817;0.0724051510306598;-0.107050121946947;0.00330214943749674;0.0485672283463372;-0.357653731516218;-0.395234286481701;-0.363878959002092;0.754469539727529;0.256119308528491;-0.455817930004514;0.279358407535691;-1.04820047767076;0.560646567586147;-0.59669624602193;-0.121115065882813
9750;-0.151025642098683;-0.887876145583106;0.296706827596809;-0.260746848994363;-0.210064514776865;-0.0977678560269979;0.166033651134454;0.200527678928029;0.33628254212274;-0.797931485347818;-0.27331925615177;0.475298596651314;-0.084079268889889;-0.323155396726809;-0.126032931133946;0.0825304908297104;-0.112859795315683;-0.00367538455828154;0.0645909530024249;-0.360762483321572;-0.382112103671177;-0.368051891676219;0.766862174666295;0.26959534558871;-0.45521327901967;0.289190411824888;-1.05922089515622;0.549853438510865;-0.60388955006607;-0.119110250589444
9775;-0.145709640133993;-0.890944970439987;0.301102970286302;-0.256566591783726;-0.207127279401152;-0.086742250662958;0.171062679797503;0.204466960352264;0.343655214918749;-0.793911728845501;-0.284847509709695;0.479854366051178;-0.0746236036128529;-0.309083043344091;-0.124657175919171;0.0917989169254456;-0.116706416723677;-0.00967167030228744;0.0774334373672158;-0.366583658328047;-0.370106345813106;-0.37112353160297;0.778417993797755;0.281867546348155;-0.45297281402207;0.299818162658312;-1.06649261172543;0.538071094548862;-0.610793247351551;-0.112211508987302
9800;-0.140362654326805;-0.894130318603127;0.30633963689949;-0.253075199638185;-0.202583366997016;-0.0761388268965932;0.173265390380327;0.210873734213298;0.349883401935732;-0.791647589046202;-0.295734425052624;0.48565984191936;-0.0660091711148638;-0.291290368639953;-0.121113832142993;0.100364162107316;-0.116904073897343;-0.0156321796294332;0.0878124830972688;-0.374190051114816;-0.357936521666995;-0.37316304760358;0.791982926957694;0.293608421958021;-0.447463018148027;0.309551680064657;-1.07314598156587;0.527010811006366;-0.613732466090047;-0.0950600170544547
9825;-0.135354394003051;-0.896200817734953;0.310075860093556;-0.248200460909086;-0.194878980924095;-0.0651595735939745;0.172335915643157;0.2179569245482;0.354993489774678;-0.787317234446262;-0.306465650526716;0.491593435958911;-0.0569355176484229;-0.271829151490635;-0.12139238000828;0.107557216503382;-0.116620961182404;-0.0217502062274733;0.0962137367493656;-0.383493171372171;-0.345886460363744;-0.374111503040373;0.805613276020947;0.302860567249421;-0.443280010977987;0.319438671516504;-1.08218327500155;0.517884678036111;-0.614509969429561;-0.0686119206783393
9850;-0.130598750769455;-0.896196690178665;0.313521525971838;-0.242426996217545;-0.184523816905682;-0.051257853809699;0.171150552381735;0.226954605269796;0.35612778795711;-0.783498090171024;-0.318488971698755;0.495779575037364;-0.0452301446192438;-0.252278890691753;-0.120491430667552;0.11272584125579;-0.116588003785801;-0.0281438413664041;0.0976510286921885;-0.393527998068358;-0.33439158069699;-0.374356092295004;0.816946041636192;0.310537883863967;-0.441428542962561;0.328510913826386;-1.08731212039223;0.511620480335192;-0.614362984450437;-0.0316050837677249
9875;-0.126778936018746;-0.894117838347536;0.317149522297953;-0.237521440758771;-0.171643995910386;-0.0353451428544824;0.165675866160182;0.235555174916249;0.356581450688767;-0.781163852651932;-0.328657787220699;0.500799290095406;-0.0347740771628073;-0.231029562466429;-0.119105277415433;0.114985078348033;-0.113115416878621;-0.0349891167205953;0.0939920789408907;-0.404106258959072;-0.322305886270991;-0.372488128889247;0.827803729666636;0.317209935426756;-0.442399406745363;0.333293439060734;-1.09090248782799;0.510172020565767;-0.615455409944105;0.00843087432651868
9900;-0.123168954020452;-0.889322251412016;0.316856836033906;-0.231965458481592;-0.155066717422731;-0.0200489680917721;0.157254937919462;0.243009013785043;0.357393597580126;-0.779603491743092;-0.336684616814525;0.506115610848418;-0.0229783379193468;-0.207601146751112;-0.119972619503741;0.116520249856203;-0.106514783963984;-0.0405421865437461;0.0886725894703937;-0.416305280931052;-0.31236867019524;-0.370029597099772;0.838281117789792;0.3211036968325;-0.44568889920866;0.338195184644652;-1.09456273366098;0.513187833752696;-0.614015865467538;0.0523030525596415
9925;-0.119460490712903;-0.880442661822411;0.316804629947531;-0.224969148655589;-0.137979976529984;-0.00624193256884453;0.148518037464637;0.248268666317919;0.357736214807586;-0.779571357693422;-0.343222853895203;0.509800311691172;-0.0113403793185566;-0.186161576603308;-0.119876098034288;0.116173771167994;-0.0973045562128009;-0.0445694418253062;0.0818913648135066;-0.424976482743284;-0.307923874710608;-0.36998753531716;0.850163531024123;0.32348009368741;-0.452761625934592;0.342163442893391;-1.0960992538629;0.518265592264107;-0.61137353451138;0.0990129855027224
9950;-0.115626202989631;-0.868293993501958;0.316961647535397;-0.217357487659895;-0.117368336780579;0.00877167892206021;0.138649865850201;0.251953759987871;0.357869370009864;-0.781091379439794;-0.348644825159966;0.513544658096172;0.00280366939356562;-0.16493247194642;-0.118775145963917;0.113913093244919;-0.0878395217509244;-0.0454582963901187;0.0749018933705518;-0.430094640046641;-0.306598752844213;-0.372804613851206;0.865094918511728;0.327281210117378;-0.458740695007685;0.344391569204947;-1.0963935753026;0.523550281914441;-0.607949548062668;0.144896548451735
9975;-0.110268894233783;-0.852628749755441;0.315799291334768;-0.20926781026069;-0.0936138289507552;0.0241716289619021;0.129563344877167;0.25373794685563;0.359901610045124;-0.782616860369472;-0.355226812512111;0.517292425039579;0.0179566781773266;-0.142737790596238;-0.117913346777774;0.110617604794307;-0.078189878215094;-0.0444345255254674;0.0677818766813209;-0.433938384889128;-0.304987354789015;-0.37599235994538;0.877653041207659;0.331661235482068;-0.467552753457186;0.34650077534351;-1.09477355538331;0.53006164633764;-0.601730329307801;0.188729105621065
10000;-0.104767316771092;-0.833510718442434;0.315147519790906;-0.198925080235373;-0.0690264313689119;0.0393691482134786;0.121886395461709;0.252383315931008;0.361933066278133;-0.782848892101884;-0.362551215509126;0.519604462839911;0.0323880401117025;-0.121521860671986;-0.119135530210451;0.108313720824891;-0.0673504719579551;-0.0429177698688399;0.0630895571641558;-0.437073745113776;-0.306977675512797;-0.38190198364811;0.890057174142969;0.336986554122774;-0.476430452981788;0.348950022985651;-1.09261695636565;0.542059469781648;-0.594390061622841;0.228870583110771
10025;-0.0967512930303661;-0.815430989169264;0.317175941338527;-0.191262076558929;-0.0431852834101477;0.0544782482974542;0.116509299447913;0.248365732856987;0.366774586759385;-0.783382532504967;-0.370198751864759;0.523867409953647;0.0463252726734007;-0.100145989369914;-0.121956654465946;0.105364666488126;-0.0557762317042515;-0.0414555567562518;0.0596200812020275;-0.43690061150024;-0.308216916889735;-0.388199940513873;0.901617258443735;0.341788816761975;-0.485171145886288;0.350476747810333;-1.08916657774695;0.552836940145434;-0.585163283926731;0.254729148667361
10050;-0.0868337152486674;-0.793528363591114;0.321359474500818;-0.181721569284091;-0.0165849820364491;0.0705005333459781;0.110747382090756;0.243002724517313;0.372980511019795;-0.784049270896195;-0.377559375641599;0.527429906766274;0.0559496241298608;-0.0794733760099719;-0.126944881128732;0.102107788971439;-0.0451423940638506;-0.0387745161851605;0.0570537715317232;-0.435818832610068;-0.311257728047489;-0.394354840304969;0.910313980064509;0.347680212372547;-0.492253831850701;0.352770337041329;-1.08161555935962;0.564285848903762;-0.576601487279633;0.274407205211478
10075;-0.0786254954377231;-0.769571020414082;0.32519215989089;-0.170545178271512;0.00833799552060408;0.0846059917601334;0.105599580515869;0.235269602930406;0.38097826676178;-0.785346028869801;-0.384551654814674;0.529032532048227;0.0653578724606128;-0.0570862421047213;-0.133311724597674;0.0987222501417078;-0.0366155906380884;-0.0366231151437901;0.0530214422529691;-0.43404095605516;-0.31831874828432;-0.401287997224374;0.91765262871714;0.352973263116726;-0.499846471326035;0.355937663564013;-1.07462576792926;0.576533713129616;-0.570386847731524;0.289384537697439
10100;-0.0702510346471096;-0.746642924341497;0.330181048883436;-0.158854899313999;0.0354890114991274;0.0968537801315668;0.103075743359427;0.225646722471621;0.389471465104026;-0.785686261224151;-0.392359286891062;0.530909963878409;0.0780603464607382;-0.0351238723497939;-0.140229798138313;0.0955700455673325;-0.0309265698378528;-0.0337882487895209;0.050396281947036;-0.430529190779744;-0.327105075252383;-0.40880212599228;0.920124801096026;0.357973374851373;-0.504940249271918;0.358558946608486;-1.06633168437198;0.589504360661099;-0.561490642530819;0.299118463769062
10125;-0.0602878579108005;-0.723843440912528;0.334927495958441;-0.146880156822355;0.0622101693354432;0.106314229004671;0.101953314629281;0.215768390757812;0.398743615513212;-0.78664647231619;-0.400030821444679;0.530244868101835;0.0914862350226731;-0.0152652898764309;-0.149159933820457;0.0919049726335111;-0.0250088220118657;-0.0301366768417601;0.0502352886331674;-0.426834343776301;-0.337932237026105;-0.413359350964933;0.918703821102886;0.361520707149776;-0.508191840723653;0.363935997857545;-1.0563923202545;0.601813799482457;-0.552644116249112;0.309279461611946
10150;-0.0497655532414308;-0.699024469563719;0.341433327637344;-0.132446115993707;0.0896233787318964;0.11574899508266;0.102786100426512;0.205866647159899;0.407547107125976;-0.788776350306352;-0.405650847884785;0.528752167408292;0.103638105243593;0.00284949587619541;-0.159464484506813;0.087582967367438;-0.020267826735766;-0.0289055217717262;0.0503469707750299;-0.42084044315379;-0.348075316970683;-0.417439083403832;0.916102716940399;0.366001551466991;-0.513913065546962;0.370515528006231;-1.04477742973364;0.613559874975796;-0.544569813002844;0.324656593688218
10175;-0.0403927745394258;-0.675672425418903;0.343882750672369;-0.120629075821027;0.115870657542313;0.124743005957405;0.102848363217387;0.196324957877626;0.415996535657423;-0.791422908342573;-0.412028270426041;0.526548439327615;0.113173674336759;0.0199908906552241;-0.168395109208474;0.0803531985459749;-0.0138344547446575;-0.0297315814423991;0.0524503440082173;-0.411973081381035;-0.357758918184145;-0.42021141461781;0.913008311771532;0.372795099317991;-0.52175262256315;0.379223353562275;-1.03253459566583;0.627622466754301;-0.533817751871455;0.351112633640377
10200;-0.0316466004170964;-0.65110678169685;0.342134312127484;-0.109840322784189;0.142030455010694;0.132822022888628;0.103261988211073;0.186643932378932;0.424579322868953;-0.792295143635644;-0.417578893170772;0.524381846469024;0.123730560297992;0.0354458923702089;-0.17639163260684;0.0740525564738199;-0.0075949637524463;-0.0316247127871225;0.0572092002245905;-0.400406438331823;-0.36733921664504;-0.422127756066106;0.90820543896948;0.378095466818439;-0.532146375756782;0.386441486777363;-1.02156360924327;0.641284580313268;-0.521053734610387;0.371907480638638
10225;-0.023125409006132;-0.628486114256941;0.351342084540649;-0.100137358662769;0.170359863558323;0.137062809160489;0.104949578462477;0.176002210232156;0.434717420904082;-0.793919850178774;-0.421725809581734;0.521183282123696;0.133076674380203;0.0482299199014927;-0.184400477936613;0.0688192266611187;-0.000148464968497208;-0.0335493809228913;0.0640927115726408;-0.389724439736838;-0.379649171135757;-0.426396893293466;0.902056069701344;0.383257808966994;-0.543061924654256;0.39288671284805;-1.01530483643662;0.65266055938037;-0.505227035546216;0.384435825923205
10250;-0.0176531444559519;-0.609421482763755;0.369979364303089;-0.0924648233111518;0.195447998187139;0.140856901192658;0.105183992538675;0.16725912407949;0.443592763564159;-0.795328783328729;-0.424601850559655;0.520717181193793;0.138920886967449;0.0588246961278756;-0.191638847740063;0.062373856022135;0.00463018733242091;-0.032687825987832;0.070723174178783;-0.381059374092923;-0.392133125811349;-0.434316358157631;0.892938499210432;0.383730038375129;-0.554616111710169;0.395300925147937;-1.00893830728889;0.662169979967215;-0.488849777636528;0.416142148007604
