;1;2;3;4;5;6;7;8;9;10;11;12;13;14;15;16;17;18;19;20;21;22;23;24;25;26;27;28;29;30
-500;0.104003268519819;-0.0904752008294414;-0.0596823949511486;0.00615845162924407;0.0607017585131543;0.0856538701723558;-0.0309474133383156;-0.0493092635444771;0.079026718621353;-0.119587794948983;-0.0823696398112579;-0.0194551302843405;0.00953847849696663;-0.103040912186539;-0.0955524670522174;0.109905853396758;-0.0203126563334643;-0.00310661017748619;-0.0947934665589292;-0.0532076860603245;-0.0899831163836498;-0.069373808401936;0.0217063470998158;0.193904877738702;-0.0594722327515044;-0.0256135285306021;-0.0242785272302881;-0.0274627708159436;-0.16000515379925;-0.0839420729961312
-475;0.0926282479335764;-0.0816019979834841;-0.0528068445307505;8.32194467379033e-05;0.0672641079738295;0.0810265230115516;-0.0409911814850907;-0.0410367231685528;0.0506562807589402;-0.101294466970059;-0.0709910059820896;-0.0108795598991299;0.0128967212973033;-0.0852100406784496;-0.08594008884354;0.0992232667485529;-0.0191514052971768;0.00140232772067423;-0.0940631503951594;-0.0527703936566617;-0.0742059623957554;-0.0581784168857985;0.0231983417347374;0.180910831281134;-0.0511399896122994;-0.0150815111891161;-0.0429759600814399;-0.0227802710597527;-0.152437405886916;-0.0808747703737838
-450;0.0799109102291205;-0.0740295336122656;-0.0461527418184966;-0.00400578304522297;0.0705784374852224;0.0750353384194634;-0.0516595570080447;-0.0360695686814349;0.0281816413242786;-0.0843651829423335;-0.0576785292317028;0.00015750058801336;0.0158271188792033;-0.0699730976651975;-0.0740874250081602;0.0885037542458452;-0.0247588500017925;0.00633277772635128;-0.0908395458717866;-0.0542655667501419;-0.060594179921843;-0.0434844134708186;0.0258863061085333;0.166230654008633;-0.0430847389004706;-0.00294028323026367;-0.054650732593148;-0.0171459721647331;-0.14204751528988;-0.0749989770957614
-425;0.0686435421310626;-0.0656617107163757;-0.0398624268097886;-0.00495060483985936;0.0742806324019244;0.0712606501910355;-0.0488639095135885;-0.0316858803776904;0.00738342834361698;-0.0695339165045025;-0.0466499790074637;0.00942766337798053;0.0173199937609151;-0.0552916360289327;-0.0620326153938486;0.076670292336273;-0.0319368979700456;0.00879675239705597;-0.0867318771398808;-0.0597576001187727;-0.0463281209881068;-0.0289130357150337;0.0287064472200005;0.148867997666146;-0.034211606327634;0.00836968509800435;-0.061344436026745;-0.0119081178128753;-0.129187802399438;-0.0648011570721739
-400;0.0560346584113836;-0.0573759270788015;-0.032874872500324;-0.00434124228674664;0.0751190351789218;0.0682060374805996;-0.0458512795677792;-0.0286286830708075;-0.010043939837407;-0.0557161716992669;-0.0337918723093534;0.0160985223548068;0.017506775993196;-0.0395896646460946;-0.0524243016781321;0.0635999838198696;-0.0388071493712878;0.0120504992991241;-0.0831514729879215;-0.0615786462603766;-0.0311411691574766;-0.016538677674032;0.0298913214985996;0.126199916406592;-0.0239949123247657;0.0185127574387185;-0.0608867309303496;-0.0064321802964129;-0.118598468014472;-0.051693866598732
-375;0.0431648136804227;-0.0490060321675274;-0.0251710702728615;-0.00181567158408962;0.0730012957672928;0.063362342497174;-0.0422098955252232;-0.025361468344098;-0.0223171334196554;-0.0415512566184344;-0.0219071869159853;0.0203813019590892;0.0167129455112872;-0.0263821028467565;-0.0417523868352485;0.0487793238042272;-0.0449942173958619;0.0144103226480325;-0.0771357757623574;-0.0654305653754674;-0.0179668771925405;-0.0075385448114361;0.0283998120236266;0.103141179472749;-0.0114197526896943;0.0254289241465335;-0.0554715800830503;-0.00254775868744361;-0.104627640416059;-0.0377405374249816
-350;0.0315263187470097;-0.0412246879389755;-0.0152423604764262;-0.00116266121681212;0.067164946496998;0.0595165369682885;-0.0368027214656263;-0.0205611962860532;-0.0289772573867233;-0.0278474442558585;-0.0140586616552916;0.0216589975293634;0.0139446258158192;-0.0153807705798676;-0.0289248778646924;0.0354905154270742;-0.0467970263020631;0.0135732773226839;-0.0688457663660429;-0.0648113441231457;-0.00648323767320069;0.000247622146905568;0.023363207575221;0.0760709402900955;0.0024065810234605;0.0297560622034043;-0.0445204289650065;0.00361770722658572;-0.0888350164439283;-0.0214687069050455
-325;0.0215329199947557;-0.0319249824400172;-0.00576678269123216;-0.00109177515269847;0.0599730060801392;0.0567021101137716;-0.0306398956607603;-0.018907099666378;-0.0354954310471877;-0.0117873780754422;-0.0071834716943016;0.0245070615286743;0.00987990131109493;-0.00596021988580699;-0.0167295161868899;0.0236397514767846;-0.0456060227629409;0.0106974881178318;-0.0571285963817771;-0.0658217850248465;0.00389598417746018;0.00609779242578159;0.0243832458666351;0.0482650971061987;0.0133178982589492;0.0308760706966364;-0.0294029805498854;0.00638311351272924;-0.0692505363969927;-0.0046094510426181
-300;0.0117808103667692;-0.0209387713633695;0.00398761565613186;-0.000168811578581884;0.0479957304770851;0.0518187839469248;-0.024376039754929;-0.0167183133792773;-0.0376514292841716;0.00167893205116325;-0.000972121211205312;0.0275596135658524;0.00608428995739105;0.00360467661537665;-0.00540435089268554;0.0110368273738364;-0.0392687872751043;0.00608316339369082;-0.0417487428380541;-0.0621024842418487;0.0118896817761722;0.0032747177372531;0.0228521974040776;0.0220196095889967;0.0219010381305175;0.0284994184911406;-0.012753078251174;0.00913598383921044;-0.0477398632765079;0.0119106181021677
-275;0.00300008534020444;-0.00815910250768037;0.0163132520309813;4.57554192380805e-05;0.0352963727741037;0.0404264822811117;-0.0157338539504186;-0.0181219090050499;-0.0351391280489887;0.0130446905858406;0.00468184802806277;0.0319675217275969;0.00234835263868325;0.0117017101310489;0.00521415903825018;-0.00263318916259832;-0.0298805142001625;-0.000343748974198244;-0.0250888335787216;-0.0541751304780922;0.0186639376928299;-0.00933513267741124;0.0176184836097628;-0.00234427900258778;0.0288133115553503;0.021279494369969;0.00381601437843981;0.0117696085565118;-0.0260714500628934;0.0285235948798463
-250;-0.00756285681905124;0.00597874768852891;0.0249844205039711;0.00032916533526679;0.0197426999510063;0.0284716417987318;-0.00795892440637464;-0.017392836338675;-0.0290555836147459;0.0225860981344404;0.0109542462391012;0.0323208382725254;-0.00171826614599171;0.0190751762602582;0.0163893704796956;-0.0138477813918469;-0.0176565617299011;-0.00862221571421711;-0.00896149507383082;-0.0405533109513083;0.0233921326837681;-0.0127215375992512;0.013654229029344;-0.0262777466523116;0.0338211577427478;0.0135318433404203;0.0204459082582695;0.0138625355329933;-0.00273853628958407;0.0421702625258701
-225;-0.018118284266153;0.0190981638848096;0.0323393918639097;-0.000204699096181304;0.00119353237173923;0.0139491481181186;0.00058935948532417;-0.0125961908077025;-0.0257414660086525;0.030191897138242;0.019431941459967;0.0263907564650542;-0.0053486673823099;0.024014719938242;0.0239000174100314;-0.0246463278157134;-0.00206035212531193;-0.0167092968710226;0.00503862015819334;-0.0217817088473077;0.027962790304805;-0.00868584178256868;0.00802614883065211;-0.046506617863036;0.0369466833068119;0.00404304706437149;0.0373969861868217;0.0156266787405854;0.0244839892278731;0.0512350956391196
-200;-0.0277481862573285;0.0313964011035381;0.0373404844946217;0.000171870951038056;-0.0181228181895722;-0.00629954618435966;0.0112424623026144;-0.00536418434552401;-0.0222375096254316;0.036913673612834;0.0277809226595693;0.0183500353334746;-0.00936410695978465;0.0284637125867831;0.0331604692786081;-0.0348109035331201;0.0124566569826563;-0.0242241383323761;0.0215073700524295;-0.000806553285512335;0.0308618225863968;-0.00606799499337893;-0.00103997772361786;-0.0645331352562192;0.0365044344180786;-0.0044863419402164;0.0468145937091378;0.0179967098984111;0.0492277970912653;0.0532522713469793
-175;-0.0371598626329045;0.0429627563545234;0.0383505373790101;0.000417979130480983;-0.0377872132936742;-0.0290708989952536;0.0218852314821228;0.00262129737775472;-0.0171862566301093;0.0442458533249022;0.0347932532518984;0.00912889373472661;-0.0128716391103286;0.0324774121999048;0.0415698351819649;-0.0427708053245665;0.0266911058017938;-0.0276242971536985;0.0402021631015661;0.0209241793182323;0.0340356317132702;-0.00709015985561288;-0.0126393249590311;-0.0787094544362634;0.0332560083160937;-0.0116295818918813;0.0499419165801336;0.0168323023388373;0.0719069246189356;0.0514740113183493
-150;-0.0499084881537816;0.0526753254782151;0.0375438558394104;0.000877253881321938;-0.0577558878708545;-0.0526736859938207;0.0340613651414404;0.0131646670873112;-0.00946208950330214;0.0514692388052163;0.0417270070446422;-0.00175575730695341;-0.0165344798197776;0.0364731421274141;0.0482670011407316;-0.0506582189159634;0.0385598065921473;-0.0271354563227391;0.0597760429469985;0.0490027776404141;0.0356896929272323;0.00283492379565256;-0.0247484508183777;-0.0935216526960986;0.0268885480666107;-0.0163707072448902;0.0499654587104179;0.0167192819128512;0.0937854511809625;0.0479202553268828
-125;-0.0593213518741224;0.0608339629765997;0.0335581391430618;0.00179857320628036;-0.07681903492679;-0.0762594852803667;0.0459755904595281;0.0273554368759122;0.00120688746841995;0.0564673155096765;0.0476340832898334;-0.0158940374382937;-0.0182697696334903;0.0423998734877017;0.0547577262555827;-0.0590368027847447;0.0493961158228545;-0.0215577555392646;0.0810223940997397;0.0731914059480534;0.0355592506802098;0.0226587266560358;-0.0329812773900444;-0.107737928028666;0.0186863172617965;-0.019370567611136;0.0466653158772217;0.0137276102637578;0.117847016064338;0.0410020774991563
-100;-0.0680040459679522;0.0704722079741462;0.0263165958015233;0.00281349931359083;-0.0944679616775962;-0.0998974355411167;0.0561490575064181;0.042308072166226;0.0128483693105577;0.0607620339284256;0.0493171162091246;-0.0304921684233755;-0.0181615835000492;0.0467497658957926;0.0595336993213489;-0.0683578610802659;0.0543554744514812;-0.0109447817193003;0.10137875393406;0.0988711096140289;0.0326542616068506;0.0386618319796163;-0.0414805717950875;-0.125325505471973;0.00849041474398273;-0.022220694225777;0.043626646177827;0.00617936974083633;0.140987596621607;0.0346345400929803
-75;-0.0756222397077017;0.0774027609705012;0.0187606966963623;0.00249799414127123;-0.109279268107008;-0.123970508561532;0.0637942865918125;0.0581205895252282;0.0222239841581611;0.06392562827983;0.0443482979187763;-0.0421967330439027;-0.0152541952159612;0.0500829634185494;0.0614585936225347;-0.0767539910326031;0.0587062261773899;0.00469861890135355;0.122044650333075;0.121072956214807;0.0300759179377363;0.053566545305901;-0.0470580145849702;-0.147880541265574;-0.00105595300124293;-0.0207351103612677;0.0369864482628608;-0.00325005957819102;0.16446829982114;0.0275748688991838
-50;-0.0813642257607724;0.0802561281677534;0.0101429279063066;0.00205276398827232;-0.123245297676464;-0.143514849799502;0.0698595231096493;0.0781533644790774;0.0328995965326784;0.0656658948680134;0.0353143207011126;-0.0532004859037346;-0.0126128546524863;0.0524796151894285;0.0617206799834524;-0.0872259729028948;0.0602200621554954;0.0214973376162728;0.13991638332989;0.139682661418735;0.0248067395521987;0.0629369920425297;-0.0510357445556513;-0.171359865022597;-0.0117205787843298;-0.0203964376491468;0.0284000949414493;-0.0134247892974904;0.182748035645312;0.019026489681926
-25;-0.0874160339143567;0.0793214920393226;-0.00207842326426184;0.000494722357449806;-0.134834073729458;-0.163743054643176;0.0724777955972409;0.100029889504211;0.0388803178883693;0.0647323557762965;0.0196194310165636;-0.0640748341374274;-0.0119236412416805;0.0533056766671448;0.0568764780432143;-0.0961077146849036;0.0608449927812942;0.0407257356612316;0.15760234499851;0.154317685019536;0.0172148200736426;0.0776484117776023;-0.0567027261742259;-0.20141437786392;-0.0249326284324583;-0.021452538974901;0.0222250716285077;-0.026898981850467;0.196084278004489;0.011405454196766
0;-0.0916364015134129;0.0744603088273392;-0.0148360211998239;3.65753287896453e-06;-0.142864613814155;-0.180215773687221;0.0734482825489969;0.122044652389037;0.0455891768940773;0.0642366486946003;0.00141815034527877;-0.0746734868872362;-0.00988746043933011;0.0557764581576968;0.048435607611045;-0.108314172154403;0.0651224281887235;0.0617487901861517;0.170810773530482;0.169454891252323;0.0110571094759757;0.0883174091826319;-0.0554499323414743;-0.238878093486275;-0.0424886602799864;-0.020167712513606;0.0153972051297013;-0.0417270126048745;0.21200710195768;0.00277180952831215
25;-0.0925731212377413;0.0725623644417548;-0.0235029561156574;0.00433943614652739;-0.14594969799365;-0.190879617653196;0.0745954990315927;0.147866362537701;0.0551522616153917;0.0680347825288157;-0.0166851997574582;-0.0794165232698277;0.0018352283568098;0.063137645947766;0.0429162439457937;-0.118329849872643;0.0738703519988698;0.0878313371481498;0.1863160720686;0.184214469010643;0.00829794385542271;0.101676409394592;-0.0462718874739279;-0.267865914686362;-0.0600002920257584;-0.0147740473818503;0.0129587289209554;-0.0517848066947224;0.227865336284007;-0.00476189461017982
50;-0.0890282332456075;0.0736954810943591;-0.0253104407368791;0.0170889790736443;-0.137113677267946;-0.193904975860549;0.0838074477109568;0.177722597756031;0.0710838844264435;0.0811259050302764;-0.0248135904777874;-0.0773395097801242;0.0191740310596399;0.077402206255002;0.0405368728526043;-0.123726114791908;0.0881633756071516;0.122030114826765;0.204187191992321;0.205279863719268;0.0125362671027227;0.115225885198976;-0.0258665139786618;-0.29634664215293;-0.0716566323899071;0.000424616914220088;0.0166451966780428;-0.057311530462995;0.254117570047148;-0.00707230018577207
75;-0.0770715013647116;0.0822646746782241;-0.0223220356752067;0.0360658811080651;-0.120102813093805;-0.190362060788955;0.098387372242325;0.211557463466257;0.0860850425524303;0.0983552200566844;-0.0295961456470948;-0.0685553878485577;0.0406715974623336;0.0967354791233757;0.0435957013248056;-0.125701067874623;0.105997038429282;0.15621960896264;0.223918317744268;0.230562466554289;0.0241744436627103;0.130013381233625;-0.00249913603519203;-0.318939313865073;-0.0831322988060737;0.015974998743043;0.0250651325343827;-0.0588629284830102;0.284993726668525;-0.00688218418914341
100;-0.0636412574041935;0.0903714269436551;-0.0195621643459142;0.0564249846468969;-0.103894741747949;-0.184437583078381;0.111715746668833;0.241422992084982;0.100649631668938;0.115404787650018;-0.0299308856716427;-0.0597910292923488;0.0550277948919363;0.113944450051428;0.0436823349782034;-0.131212792125468;0.123633424761835;0.190281843149843;0.236269856550075;0.256115398699064;0.0386748363536789;0.137828186864114;0.0188764370285084;-0.343051545467998;-0.0971322362115524;0.0329468900977965;0.0326144644594133;-0.0625819309606037;0.312836028410995;-0.00844000608157489
125;-0.0535527829648598;0.0959790939581986;-0.0222484027114813;0.0721493396566834;-0.0951954090817912;-0.184459259054293;0.117685699420244;0.26047664380625;0.105557281530404;0.119711430837121;-0.0386311019558343;-0.0532423208436113;0.0659705851639797;0.115493771034887;0.0414947640541219;-0.143913924228664;0.129516790602988;0.205807326344524;0.237583064253152;0.265868249102534;0.0430125914293524;0.138861312619849;0.0266528445943657;-0.366909344406988;-0.12185634545365;0.0425869772011007;0.0326899578574378;-0.0732995760456874;0.325791801570176;-0.015369353726072
150;-0.054297108687618;0.0873532558806664;-0.0382138262508293;0.0704478575514355;-0.099790893813439;-0.192444194406909;0.110404691346401;0.25928730478987;0.0935502316599313;0.109230991691691;-0.0639567562505714;-0.0611912283206078;0.0753203525488964;0.0948021026737841;0.0222164515461949;-0.171646592487789;0.123625351920326;0.198500662769395;0.224558652676542;0.257099652109578;0.0364262134646116;0.126169417079963;0.0175747892940123;-0.404311112839609;-0.161302073880215;0.0381584893269357;0.0122819635038263;-0.103407430596219;0.316421462446421;-0.0311083727922078
175;-0.0703297784553064;0.0593533577882079;-0.0745843616726524;0.0430488288374337;-0.126524773735945;-0.217824787468984;0.0756769681179768;0.231808817807428;0.0536154342046938;0.072104952924956;-0.112429772841382;-0.0864098130541403;0.0580483191566553;0.0430514406480199;-0.0156141402001517;-0.220275868309816;0.0922761838769673;0.154351562833673;0.192494354597873;0.210778063497291;0.00678783238448033;0.0899293839982206;-0.0196853333607876;-0.457483752285644;-0.2262587379377;0.0114783165013918;-0.0299404698270336;-0.157223667900346;0.26568293361193;-0.0624490936578169
200;-0.108419153725996;0.00432412941818172;-0.13393416219253;-0.0135171905440912;-0.184134555984349;-0.269991951848784;0.0101558909082818;0.171873896299885;-0.0131892241779847;0.005654225560545;-0.191865574001984;-0.136155621834782;-0.0106438141791862;-0.0460243025489305;-0.0835952339478552;-0.294527929201944;0.0329969264001851;0.069505707809605;0.137551260872213;0.127923094635746;-0.0489724723052991;0.0105872363121275;-0.0887199232084386;-0.535671564877005;-0.316639114307637;-0.0405103820631821;-0.106757878038231;-0.244896102355584;0.175098921569708;-0.11060993513162
225;-0.173651546159659;-0.0787271140449686;-0.220593127817047;-0.106795708735574;-0.273641202677225;-0.354033256197016;-0.09163197505228;0.0773411933073963;-0.114258677370584;-0.0968197410634774;-0.304233208170192;-0.213963981020812;-0.129785663607348;-0.175990123508017;-0.182886988257196;-0.396989159609849;-0.0619568038243876;-0.0640784105895538;0.054024297695171;-0.00170567906904391;-0.135100961046898;-0.105085181987046;-0.191504564555361;-0.642641953186365;-0.435432848539097;-0.127969702425106;-0.219692213808518;-0.36386252768034;0.0377241805260208;-0.176671012154235
250;-0.268455748493693;-0.193955842942467;-0.337266096781508;-0.236402861863445;-0.397324674726249;-0.461160516994661;-0.227856698466532;-0.050628070927763;-0.245997824304116;-0.231162538569062;-0.445815364818837;-0.323551398877772;-0.293320229154426;-0.34554329701722;-0.314835550029515;-0.52622830948897;-0.190735206866909;-0.241937126759733;-0.0632676226129749;-0.169779256613742;-0.249925110566178;-0.24849269471412;-0.323825476575687;-0.781674863315579;-0.579813885825804;-0.243912432445692;-0.364248294312669;-0.515520002472073;-0.149352442833702;-0.260368023845391
275;-0.390307223734509;-0.336493919387125;-0.476905224579623;-0.397666263783508;-0.551571873874877;-0.59657009699121;-0.398313946020303;-0.207550757384574;-0.408856814603733;-0.39560254471399;-0.61510008477308;-0.458321828386547;-0.49210137464112;-0.55167243646654;-0.474379521665211;-0.68058496597589;-0.351907851314281;-0.455716917403752;-0.218266443151579;-0.37330420187836;-0.391612968226847;-0.415413899150282;-0.485421057763181;-0.946972568801573;-0.749379614983762;-0.390570235497454;-0.533460976718111;-0.702425572970261;-0.376465339365459;-0.361062183827517
300;-0.536376211675799;-0.502931784156457;-0.636102019712463;-0.584859338441152;-0.730800838273015;-0.754010762451306;-0.593714459526008;-0.387206023311954;-0.592474530239408;-0.579187384599452;-0.804319485196406;-0.613954853285848;-0.710394695168085;-0.784173390676541;-0.653815262833535;-0.855760104404405;-0.539639003010735;-0.697935727590485;-0.422160610606531;-0.605406462331403;-0.552634909538752;-0.604002082381037;-0.667221154638436;-1.13394287413092;-0.934231730606247;-0.556120572977996;-0.726310765171913;-0.912525425827855;-0.63235623813357;-0.478144737742382
325;-0.704210933387699;-0.682540954977256;-0.807082021596127;-0.789233389478562;-0.924616842044108;-0.927673505823046;-0.803875524105015;-0.578810621783836;-0.791013502744649;-0.777157842229593;-1.00447057471338;-0.783296327035033;-0.935771102000888;-1.02968032276738;-0.845657437792774;-1.04112753863238;-0.740912639011235;-0.960733406845105;-0.653311484020385;-0.855715315320356;-0.722230510921307;-0.792340417150479;-0.864120135423272;-1.33596320754777;-1.12878718541079;-0.737365954058596;-0.930630261012917;-1.13375865113879;-0.90658123839797;-0.601838357748754
350;-0.884871243695633;-0.87068336898943;-0.980945630239566;-0.998479024080019;-1.1221344699551;-1.10638275757437;-1.01518614099801;-0.776167854713023;-0.990279643895204;-0.976994787862634;-1.20556079022661;-0.962560223820296;-1.15811100930149;-1.27588129850423;-1.04078009091774;-1.23080202846587;-0.943727907691032;-1.22907171584937;-0.889091892285667;-1.10423271333365;-0.894265137113827;-0.96346744642108;-1.05805648138188;-1.54163994613081;-1.3240960341785;-0.91937036761111;-1.13973237458999;-1.35948801243694;-1.18620008130115;-0.726976318315721
375;-1.06694074207341;-1.05036334885409;-1.14946547397806;-1.20291404861186;-1.31617563148394;-1.28374781405647;-1.22173611941479;-0.968401097197756;-1.18195487084034;-1.17202040879172;-1.39975033751341;-1.14192412205631;-1.3651341203788;-1.51300987888709;-1.22579641519642;-1.41398521326198;-1.1420723543014;-1.48731847493907;-1.11207477743641;-1.34532315110872;-1.0623192705923;-1.11262293447086;-1.24409162857888;-1.7387531835446;-1.51537638621716;-1.09542425792798;-1.34169996610895;-1.5780643903044;-1.45279071742638;-0.846969718939309
400;-1.24311893794265;-1.21964923221567;-1.30532124119425;-1.39337635298508;-1.49704609746752;-1.45052040606163;-1.41010614046529;-1.14949832622823;-1.36164356685634;-1.35333558681151;-1.57680382188377;-1.30800512786428;-1.54520537001229;-1.73141418757141;-1.39684516151186;-1.5868870491214;-1.32827807417632;-1.72077329654701;-1.30447325431829;-1.56262795956633;-1.21699629556046;-1.26409588959972;-1.41593715030236;-1.92349566254002;-1.69339178294401;-1.25824085041675;-1.52863742823009;-1.77695382036143;-1.69295887903306;-0.959265968085716
425;-1.40700989150342;-1.37036188396685;-1.4444840057392;-1.56602761460213;-1.66112603721395;-1.60391343321053;-1.57824853207321;-1.31218051401403;-1.52320896885672;-1.51631187106728;-1.73425482121545;-1.45718722493771;-1.69482106216138;-1.92773569524056;-1.54771279297514;-1.7438297387094;-1.49314022670286;-1.92839337197721;-1.4578036962529;-1.7564819662707;-1.35119215959785;-1.46917415151088;-1.56790779284593;-2.08802477739717;-1.84898229942997;-1.40098094079965;-1.70014981420272;-1.95274110458081;-1.90063943179112;-1.05916536886356
450;-1.55675525688838;-1.50547242499707;-1.56839422992948;-1.72068169333878;-1.80874950437998;-1.73760305545308;-1.72642553773348;-1.45652549124859;-1.66577184154101;-1.66305314036714;-1.87320157947224;-1.59168747087189;-1.81981452200773;-2.10158729469916;-1.67859299281686;-1.88364710041488;-1.63963313632127;-2.11740269908059;-1.56888430629803;-1.92593647382646;-1.46773939245151;-1.70389520329264;-1.69974220001146;-2.23431014089397;-1.98356761458;-1.52625771379641;-1.85087996386003;-2.10577529125187;-2.08073513536076;-1.14412744109445
475;-1.69501610147255;-1.62779094952961;-1.68279448011171;-1.85998890631482;-1.94162635601907;-1.85794440423485;-1.85718577886509;-1.58506508535355;-1.7972284878457;-1.79541284584695;-2.00096013256199;-1.71225722969853;-1.92903605630286;-2.26045061587682;-1.79709396619495;-2.00945085818974;-1.76950561279821;-2.28849003247573;-1.64280930158131;-2.07558620411737;-1.57127339205875;-1.94586005671561;-1.8184341866563;-2.36574489241332;-2.10591272125908;-1.64195354219135;-1.98206800055115;-2.24368339535513;-2.23743896489627;-1.21519462669868
500;-1.82183897128899;-1.74219682475423;-1.78587846086164;-1.98676685558549;-2.06391916452952;-1.96027309865245;-1.97398161039536;-1.7024769871152;-1.91409365927605;-1.9172465098421;-2.12076471682345;-1.81917686026212;-2.02635821620957;-2.40062661399774;-1.90171727540063;-2.12342746415584;-1.88053908661487;-2.43997585266264;-1.69005091071809;-2.21022432643504;-1.66606162895332;-2.17720003002263;-1.92330316748856;-2.4789322958171;-2.21570104466861;-1.74158605053345;-2.09996630877767;-2.36836647300137;-2.37299694179364;-1.27833765508813
525;-1.93880358725811;-1.84763370725628;-1.87986180601601;-2.09863083455557;-2.17277308746502;-2.05149313041261;-2.08291213484132;-1.81041944553245;-2.01864062379544;-2.0279434621746;-2.23095718362712;-1.91000919611996;-2.11495983004486;-2.52343057578341;-1.99416350099543;-2.22248623093772;-1.98119905935505;-2.57462015686321;-1.71491863917189;-2.33633434792274;-1.74901795580511;-2.37589667308883;-2.01325316429425;-2.56711164839683;-2.31559026808301;-1.82941130553571;-2.20203085066865;-2.4787063934478;-2.49532558521943;-1.33203642555851
550;-2.04489756886627;-1.94793809081376;-1.9616183504519;-2.19670909018789;-2.26683907079867;-2.13060699675658;-2.18035080839092;-1.90979203786133;-2.11129295459751;-2.12663924532226;-2.32922346108391;-1.99156431015925;-2.20520726111312;-2.63462717819096;-2.07701939694973;-2.30952674330918;-2.06990933934042;-2.69380491012356;-1.72442936375564;-2.44386055640599;-1.82019459534188;-2.53487381988096;-2.0875740307638;-2.64237626463546;-2.39829601182986;-1.90584697737778;-2.2920549858833;-2.57729531021503;-2.60212245683327;-1.37269353665587
575;-2.14204857151547;-2.03567872787076;-2.03398154750723;-2.28483220868166;-2.35064195399503;-2.1988866659031;-2.27298230468249;-1.9947507688762;-2.1939152989408;-2.21179944777686;-2.4181297376807;-2.06047024872356;-2.29825530444767;-2.73014620960818;-2.14749870195759;-2.38363142537791;-2.15033725529059;-2.80058129541806;-1.72729274867374;-2.54418908185148;-1.88168651820732;-2.6435066060152;-2.15168668030754;-2.70358003568826;-2.47173077932137;-1.97730718098417;-2.36679067634635;-2.66335918844798;-2.697126407261;-1.40876251327706
600;-2.23268290557306;-2.11597395523083;-2.09694780219426;-2.36117800547233;-2.4256058295243;-2.25720157195814;-2.35494685332956;-2.07013166629292;-2.26119306371111;-2.28716030008389;-2.49687607598501;-2.11734407835215;-2.40056716181801;-2.81377242786059;-2.20453670823095;-2.44484694884472;-2.22237787296346;-2.89394062170952;-1.73805620942703;-2.62876845949142;-1.93504378197389;-2.7013020154618;-2.20522596893886;-2.75581691259761;-2.534607713165;-2.03639250387848;-2.4293858325117;-2.737787985882;-2.77863084609577;-1.43970820963725
625;-2.316035368353;-2.18310405549783;-2.15364451537282;-2.4311339983511;-2.4915788957071;-2.30733811392816;-2.42503779020879;-2.13793931147205;-2.321239813394;-2.35465993109873;-2.56692970810384;-2.16187860710887;-2.48867060801197;-2.88440454221996;-2.25141621774513;-2.49551961417388;-2.28398489502463;-2.97289111913795;-1.75860856254794;-2.6982313292887;-1.98360203392932;-2.70918295448842;-2.25109132298693;-2.79906644342049;-2.58927248313851;-2.08862086659939;-2.47980786357878;-2.79924292733169;-2.84827477138616;-1.46631014384921
650;-2.39342045289026;-2.2461328885136;-2.20460057645615;-2.49151245497771;-2.54973402234373;-2.34739246384482;-2.48353499936408;-2.1989316999551;-2.36782973024501;-2.41270224333382;-2.6236028106975;-2.2040287381647;-2.55126948486867;-2.9421115629336;-2.29314855324634;-2.53753043679834;-2.33645258610452;-3.03950810161584;-1.78613310643488;-2.75936258341409;-2.02681216483237;-2.6751476158308;-2.28498077865695;-2.84434053312107;-2.63307741791373;-2.13426618020755;-2.52252461377392;-2.84947619940229;-2.90375895482185;-1.48899474962499
675;-2.46486193531354;-2.29784226157661;-2.25096529387624;-2.54484996310245;-2.59957878012956;-2.3809650138702;-2.5371705635567;-2.25372844598028;-2.40836723337775;-2.46291961309542;-2.67315918009893;-2.23763416245548;-2.60384027930472;-2.98741688359139;-2.32515037679214;-2.57577924752251;-2.38332552463433;-3.09178118377447;-1.82348724160592;-2.81300102382224;-2.06417795902528;-2.6076441488141;-2.31757868064901;-2.88153235018768;-2.67211829518062;-2.17205913225445;-2.55302650486453;-2.88703052176988;-2.95834446996302;-1.51157299918467
700;-2.52998836036266;-2.34263224480752;-2.29381972467517;-2.58642707957636;-2.64127787497198;-2.41235822555595;-2.58257413280103;-2.30125103938467;-2.44099809010805;-2.5035922703247;-2.71589121531625;-2.26716143533972;-2.65391453400369;-3.02741121627481;-2.35461484636103;-2.60679594724626;-2.42271451034789;-3.13387826909675;-1.8589181086594;-2.85413457719231;-2.09133929382841;-2.52994060768028;-2.34321106648227;-2.91980131138903;-2.70211038295884;-2.20131497326438;-2.58175014540442;-2.91442539374814;-2.99902608246538;-1.52915315887654
725;-2.59234247821307;-2.37970306435143;-2.33111799358821;-2.62094662048123;-2.67415786711296;-2.44036617745986;-2.62368926062192;-2.34136891249526;-2.47130829179256;-2.53838900323679;-2.75021699837076;-2.29458414694566;-2.69205130082393;-3.0594214839434;-2.37972708330108;-2.63133143577011;-2.45521155272287;-3.17070793537994;-1.88155272744164;-2.88856159008407;-2.11435377885946;-2.45862004969202;-2.36804013669559;-2.95395604265161;-2.72656667678293;-2.22878613601297;-2.60666869565456;-2.92784120306705;-3.03545774826184;-1.54482550084423
750;-2.64861405696897;-2.41267501085063;-2.36390201081442;-2.65002216212787;-2.70332496442144;-2.46391062093992;-2.65678757138364;-2.37616631610779;-2.49270299793419;-2.56613385610376;-2.77844850570805;-2.32224041478706;-2.72192772463767;-3.08497024289027;-2.39877031798201;-2.65147446182763;-2.48277273434614;-3.19845473598027;-1.88339266370895;-2.91320299124444;-2.13180703106796;-2.42078801175679;-2.3907223827524;-2.97853961589884;-2.74500728043129;-2.25051372240284;-2.62562658142322;-2.93353798437886;-3.06692580302931;-1.56159091904328
775;-2.70089827574042;-2.44206228895736;-2.39290093686762;-2.67538842802905;-2.73015460287102;-2.48623217273811;-2.68812258731595;-2.40561135873175;-2.51273293414267;-2.58755282060999;-2.80017605120426;-2.346542282619;-2.74689166489665;-3.10681836002896;-2.41534369800012;-2.66848584317202;-2.50764841573751;-3.21531117037811;-1.87608443263809;-2.93346905607783;-2.14515431582342;-2.42436274860628;-2.40951202726887;-3.00118779173152;-2.76169575391735;-2.26938707470123;-2.63888927936529;-2.93639411146453;-3.09101141529008;-1.57633041207346
800;-2.74817502308023;-2.47090161489899;-2.41953450438912;-2.69669292201245;-2.75608878453671;-2.50567859061482;-2.7152943738958;-2.42516013989216;-2.52511240054067;-2.60386000558114;-2.81404722688648;-2.36580715474159;-2.76585518045952;-3.12267552090823;-2.42855685931624;-2.68452231327055;-2.53298109218442;-3.23148200418733;-1.8770443740023;-2.95239401614913;-2.15406640858645;-2.46424058160797;-2.42369399230696;-3.02271041017953;-2.77035901463358;-2.28891998050123;-2.64797401676473;-2.93408138552781;-3.10666579078378;-1.59110204552654
825;-2.79284409501836;-2.49867984797989;-2.44442018425069;-2.71214751083309;-2.77549260377846;-2.52659545425285;-2.74182961646932;-2.43786708423595;-2.53349212417043;-2.61724030455634;-2.82661441171049;-2.38214253030455;-2.78061820768941;-3.13330688621431;-2.44048607090342;-2.70124386642539;-2.55109323603412;-3.24671945252635;-1.8788855016199;-2.96810926108966;-2.16028903369312;-2.52468572567606;-2.43890139772699;-3.03969888578762;-2.77367667305907;-2.30697812997879;-2.65039479183307;-2.92888606566635;-3.11886044828402;-1.60049423015454
850;-2.83281511343741;-2.52475055160522;-2.46690290283442;-2.72465871772653;-2.79048058632513;-2.5449926567955;-2.76422448508062;-2.44851747149762;-2.53380959552336;-2.62691790932071;-2.83864459613912;-2.39799536136421;-2.79612840805898;-3.14012215089566;-2.44863871383025;-2.71396079755348;-2.56517149079529;-3.2580427819315;-1.88347238710867;-2.98176887413999;-2.16458143001729;-2.57116731183126;-2.44636968978261;-3.05415448609062;-2.77434943990424;-2.31960088687467;-2.64871192979323;-2.92876157397501;-3.12622334859367;-1.60953438151883
875;-2.86846875103871;-2.54900244008088;-2.48432235690765;-2.73591406249007;-2.80581082490967;-2.5578430552508;-2.78358219191199;-2.45529024086446;-2.53226236146876;-2.63732220134335;-2.84767709927302;-2.40971201861836;-2.8116532154832;-3.14538765198484;-2.45305905841765;-2.7231289228012;-2.58069821465423;-3.26394018469209;-1.89285601017752;-2.995886201161;-2.17036426938056;-2.56416715359384;-2.4529854776799;-3.06138367096709;-2.77366153282629;-2.33250841047949;-2.64287511518643;-2.92970445706348;-3.13086772677598;-1.61349949887749
900;-2.90125628306637;-2.57117531583374;-2.50101474175408;-2.74199014662668;-2.81970358111571;-2.56957863754311;-2.79745814031836;-2.45789076825672;-2.53030599337565;-2.6499613256137;-2.85312620149931;-2.41704051565026;-2.82519769135778;-3.15043264862676;-2.44948920771798;-2.73173729290701;-2.59556506637957;-3.26238474133063;-1.90216323437037;-3.00698413510923;-2.1753236106243;-2.54334396286591;-2.45707781169735;-3.05942954200911;-2.7713405447433;-2.34234002275998;-2.63448737161722;-2.93108755376224;-3.1286398746429;-1.61675569392665
925;-2.93078272429086;-2.58706638334696;-2.51473908609111;-2.74560682038569;-2.8336456025534;-2.58142017011347;-2.81055813732646;-2.45869248743984;-2.52178588948331;-2.66606239241147;-2.85870801211605;-2.42338708302821;-2.83587899553157;-3.14932378412903;-2.43829468618368;-2.73762975671525;-2.60946277268837;-3.2564102027719;-1.91109436879625;-3.01105832114688;-2.18065990433289;-2.53812922856376;-2.45610146078446;-3.05625320640342;-2.76649681508575;-2.34475218364216;-2.62172848331117;-2.93305466017091;-3.11912710786479;-1.61816870633948
950;-2.95700598965334;-2.59983188585406;-2.52583072384854;-2.74768644654208;-2.84480153277051;-2.59056123336225;-2.81970225652424;-2.45722053846196;-2.51068864420606;-2.68429764886118;-2.86206550422974;-2.42905250126545;-2.84716761098945;-3.14207789082004;-2.42195405116756;-2.74172269366236;-2.62241162277743;-3.24912522290441;-1.91444957634292;-3.00922348196014;-2.18633093039635;-2.53209413399509;-2.4518206704596;-3.05301001335692;-2.76116220818235;-2.34728522338326;-2.60202712472589;-2.93395318388966;-3.10768225550769;-1.61958187782299
975;-2.98059417365197;-2.61209682882137;-2.53642049343141;-2.75060126554889;-2.8520335081524;-2.59949535245278;-2.82524946459448;-2.45170760721957;-2.50055511122528;-2.69877842381415;-2.86216559165359;-2.43160720837141;-2.85870174791887;-3.12948375382176;-2.40666271163167;-2.74357528928873;-2.63291153644947;-3.23635346375161;-1.91786828111406;-3.00342568829478;-2.19458002804208;-2.5287966533995;-2.44500649445865;-3.05501713475574;-2.75603196469275;-2.34933440325586;-2.581024537255;-2.92290534755474;-3.09250975152086;-1.61869910793382
1000;-3.00071384497429;-2.62247628355358;-2.54592036658012;-2.75154130251014;-2.85934151582925;-2.60410226170355;-2.82797879496087;-2.44425650769509;-2.48741420570294;-2.7155189341543;-2.85813954103558;-2.43194913218329;-2.87282455554326;-3.1084556590669;-2.38966797483467;-2.74459573257942;-2.63987411251387;-3.21747822804109;-1.92183477894633;-2.99599375223714;-2.19947892096706;-2.53116401574011;-2.44103029335874;-3.05978640960264;-2.74890850144866;-2.34625180630122;-2.56043412335317;-2.92646274156788;-3.07168880090017;-1.61753895348259
1025;-3.01988060808601;-2.63190715747288;-2.55402036090355;-2.74732219307128;-2.86289362573054;-2.60731643293278;-2.83211928772083;-2.43877219936341;-2.4712655583538;-2.73078856790955;-2.8514560652021;-2.43064273803383;-2.88630398733123;-3.08530903212524;-2.37279623344581;-2.74512103763915;-2.64745598428648;-3.19460735192913;-1.92319753174319;-2.98287074390846;-2.20419499746873;-2.5352431041663;-2.43886147558217;-3.06277558845126;-2.74419516401969;-2.34614676901529;-2.53799789426185;-2.94000752716953;-3.048628584748;-1.61496317235154
1050;-3.03616682873617;-2.64073100265149;-2.56076040835095;-2.73988588956662;-2.86390669281095;-2.60801207558493;-2.8369677732518;-2.43374092887704;-2.4579414383876;-2.74576431118933;-2.8428409533207;-2.43223756200255;-2.89671032728771;-3.06048579230949;-2.35738811964082;-2.74692425491791;-2.6528016394839;-3.16935393929113;-1.9196360948545;-2.96817871197014;-2.20343800382652;-2.54164888742204;-2.43496075551188;-3.06407665269541;-2.73547319968814;-2.34644912386822;-2.51606864860241;-2.95457549236697;-3.02439398553045;-1.61200534850855
1075;-3.05156431455978;-2.64437101693853;-2.56699545199525;-2.72990863289211;-2.86097247230672;-2.60950714464462;-2.84189034026458;-2.42503374562876;-2.44351992841797;-2.75662004805589;-2.83665755496162;-2.43507194183867;-2.90074770737622;-3.03859409817959;-2.34086932973631;-2.74781504276213;-2.65871688426373;-3.14785033795939;-1.91891388986964;-2.95344176632351;-2.19976377793028;-2.54768435648148;-2.43204986912566;-3.06499788025434;-2.72779170395158;-2.34732260561551;-2.49162604454062;-2.96381183995683;-3.00231456935397;-1.60954991284412
1100;-3.06847199392468;-2.6468203176898;-2.57262844079235;-2.71926180736433;-2.85653455734227;-2.61151304384112;-2.84704939276886;-2.41726165415585;-2.4303226287475;-2.76735256979619;-2.83427528803602;-2.4345601874194;-2.90351372989245;-3.02006178078754;-2.31930623063597;-2.74752447370297;-2.66066895066633;-3.12883071334438;-1.91786427042016;-2.93377454707266;-2.19221636023973;-2.55796521196386;-2.4319375495415;-3.06252059748197;-2.72026509433307;-2.34796366510203;-2.47006406736117;-2.96405401962688;-2.98008706406607;-1.60764742021057
1125;-3.08227930766117;-2.64957356797146;-2.57549411021179;-2.71278194493984;-2.85114419141065;-2.61148619927501;-2.85126788048169;-2.40823798821345;-2.42042176034112;-2.77623468945134;-2.82950282851988;-2.43538955927776;-2.90634758992476;-3.00242965728895;-2.29560803886318;-2.74947494814004;-2.65914859802802;-3.10614053004935;-1.9158181873551;-2.91357040038915;-2.18857883448182;-2.57443705018623;-2.43471984459577;-3.06275218945746;-2.71330200766114;-2.35015641824951;-2.45077472486364;-2.95384186846816;-2.95265896384525;-1.60806964378062
1150;-3.09497216915187;-2.65799351082986;-2.57572801790491;-2.70589874979064;-2.84636090784594;-2.60974244265384;-2.85701206710241;-2.39774020175103;-2.40838746458985;-2.78449050923053;-2.82842396823457;-2.43894968640699;-2.90678382821049;-2.98669152055265;-2.27352189442912;-2.75318265349714;-2.65613852845878;-3.08963843510018;-1.90854238192931;-2.90025004863668;-2.18491334557902;-2.59219112219963;-2.43616249488836;-3.06435286518219;-2.70325972692809;-2.35351790294711;-2.43064023113341;-2.93090305518041;-2.92579763824357;-1.60905981940113
1175;-3.10551914187983;-2.66469152643855;-2.57513240491906;-2.70145099189104;-2.83980319796271;-2.6075411179253;-2.86286925290736;-2.38679441626842;-2.39853910592225;-2.79224259052962;-2.83324212513669;-2.44291044079614;-2.90987713855216;-2.9748254195058;-2.25224568521529;-2.76054650587611;-2.65096006212264;-3.07257868977079;-1.90297265469119;-2.88524554146612;-2.18373923692256;-2.60981351932303;-2.43511947511559;-3.05741279134126;-2.69245871256481;-2.35815763663102;-2.41176076344754;-2.89588379715867;-2.90201129302159;-1.61107412883792
1200;-3.11624204380329;-2.67119997552822;-2.57715431490636;-2.69773413256023;-2.83173506962818;-2.60565855340449;-2.87091001543848;-2.3750245813705;-2.39136934683433;-2.79816930535444;-2.84026471577639;-2.44670798410921;-2.9126783593164;-2.9673509770437;-2.23387252707875;-2.7647684908712;-2.64113620982677;-3.05983787096271;-1.89575013617787;-2.8700576574832;-2.181365510504;-2.625734501962;-2.43065561895566;-3.05611238313461;-2.68222600819162;-2.3622334538817;-2.39439292188406;-2.84729739109157;-2.87805499767089;-1.60952030186426
1225;-3.12771578534834;-2.67615358370992;-2.5752042087897;-2.69300532601922;-2.81964678638314;-2.60218307410323;-2.88151299033823;-2.36039714345432;-2.38511732923752;-2.79915122495494;-2.84919698450528;-2.45143564896869;-2.91203618234742;-2.9608953242061;-2.21432459830914;-2.76653870842894;-2.62906149044848;-3.04615712644585;-1.88977107470519;-2.84823789151716;-2.17785676395041;-2.63767552845428;-2.42694344034424;-3.05068607651197;-2.67299471398016;-2.36914707925089;-2.37546219424684;-2.78508421839844;-2.8535021892235;-1.60860400849874
1250;-3.1369748479336;-2.68066945572376;-2.57386098845495;-2.68868722935478;-2.81232583621545;-2.5992752585942;-2.89025876045844;-2.34522155246837;-2.38354106804769;-2.79764547226912;-2.85622159764354;-2.45653264052427;-2.90726169110785;-2.95267697012384;-2.19203257060473;-2.77085631972027;-2.61453178677152;-3.03130730037495;-1.88431446354778;-2.82618906620801;-2.17302681191328;-2.64966521290315;-2.42357830534168;-3.03793100610023;-2.6644122608086;-2.37845945299183;-2.35947386690594;-2.71258062437481;-2.82410171255855;-1.61296902138565
1275;-3.14350733315133;-2.68829089201447;-2.57054727599289;-2.68399257748947;-2.8061635587494;-2.59671439736697;-2.8989057798564;-2.33226631449962;-2.38662492997052;-2.79800412498367;-2.85915240535323;-2.45910368975523;-2.90167703411126;-2.94552268548519;-2.16694518721134;-2.77416256283719;-2.60131821617932;-3.01997115863185;-1.87431014273836;-2.80113490727419;-2.16868084934085;-2.66041795464106;-2.4151800977055;-3.02835499582348;-2.65786808650075;-2.38417161681915;-2.34502853764206;-2.63199532451769;-2.79753905093916;-1.61736559176312
1300;-3.14806425980005;-2.6926146102728;-2.56599193513265;-2.67445998994799;-2.79752175341125;-2.5982496900669;-2.90968934267502;-2.31853002428984;-2.39102243703082;-2.79978937325141;-2.86196498201237;-2.46221367857264;-2.89347656368131;-2.93735144444263;-2.14319395628076;-2.77742413445226;-2.58934710205254;-3.00874072446212;-1.8617794251924;-2.77378789357275;-2.16170025553821;-2.66821582039738;-2.40851056352915;-3.01542946591307;-2.65335179572152;-2.39494932464053;-2.33222208436401;-2.55222478236664;-2.77855916191122;-1.6236775564746
1325;-3.1528910804181;-2.69604772391626;-2.55943981957859;-2.66027182388847;-2.78991932235188;-2.59870702168139;-2.92101369151036;-2.30865894168416;-2.3969350292019;-2.79750682461426;-2.86579353131407;-2.46358303322093;-2.88347496912039;-2.92738395804451;-2.12417342242614;-2.78304258877224;-2.57315117792359;-2.99277073962889;-1.84915896466859;-2.74493108741114;-2.15776460695788;-2.67471694038469;-2.40170598550708;-3.00966695811616;-2.65039401509859;-2.40533787836459;-2.32220794663018;-2.4776590166302;-2.76438120416431;-1.62714921012517
1350;-3.15544487728568;-2.6982273142017;-2.55445212405253;-2.64628623600793;-2.78165595755661;-2.59738617810194;-2.93169209094183;-2.30158149919012;-2.40235548192296;-2.79190347901079;-2.86459253697899;-2.46074165646226;-2.87216071406631;-2.91774633699495;-2.10834663527443;-2.78098988783462;-2.55707511192571;-2.97847179387811;-1.83455851647579;-2.7217393703596;-2.15160123641096;-2.67955964427309;-2.39223435766326;-3.0061539789636;-2.646871917115;-2.41653337574285;-2.31250736790228;-2.41792638112866;-2.75120699577903;-1.63257903642323
1375;-3.15799380125395;-2.70317561928568;-2.5513434552706;-2.62816496154704;-2.77473150084645;-2.59552557423892;-2.94236288301408;-2.29763541397621;-2.41055216362508;-2.78270356545309;-2.85769229556757;-2.45574916137211;-2.86155530504799;-2.91085841425116;-2.09608460576115;-2.77775948282398;-2.54204030506901;-2.96691907839337;-1.81965786052329;-2.70097078994624;-2.14333710443412;-2.68293784598232;-2.38426621102716;-2.99920046514922;-2.64476799920922;-2.43136139404637;-2.31008715790945;-2.37543642748443;-2.74131658691662;-1.63658988739068
1400;-3.16229795336734;-2.70693784560008;-2.54984174156455;-2.60143764867004;-2.76856670666889;-2.59497036434264;-2.95587846771333;-2.29742623159212;-2.42396780658147;-2.77332799785649;-2.84822996907365;-2.44891801341685;-2.85182355258914;-2.90482052338132;-2.08293835608692;-2.77435230535405;-2.52735480101277;-2.95655929051861;-1.80699654278731;-2.68460729914959;-2.13338629777796;-2.68500899315139;-2.37347027171798;-2.98862185480632;-2.64441299633284;-2.44412673933895;-2.31116282156918;-2.35502668626004;-2.73064392251292;-1.64152936658064
1425;-3.16617077485045;-2.71059313807612;-2.54702589129896;-2.57081632965819;-2.76718490062287;-2.59707193091837;-2.96857505946415;-2.30064215085606;-2.43535237244131;-2.76428506741276;-2.84146499218752;-2.43779231801439;-2.84249599293298;-2.89810810926747;-2.07185717316017;-2.77020201052632;-2.51316542416474;-2.95080684288981;-1.79707841488778;-2.66803272975173;-2.12965163312863;-2.68302800754207;-2.36689160486333;-2.97754813081941;-2.64413107411254;-2.45662585268725;-2.31291816605998;-2.35072031047484;-2.71983594580835;-1.6438067367729
1450;-3.17090942911587;-2.71299629393052;-2.54636912826353;-2.53845851862414;-2.76695736175571;-2.59728703095177;-2.98145983640458;-2.30538943419327;-2.44507968485282;-2.75448147948238;-2.83676796759461;-2.42368737151195;-2.83565838599695;-2.88904633949611;-2.05782394878092;-2.76499517623581;-2.49920747144951;-2.94738974185979;-1.78606269750865;-2.6535036394151;-2.12501762466453;-2.67837790995076;-2.35901268318397;-2.96583371360917;-2.64409955680621;-2.46937045885512;-2.31381816300848;-2.35494113695465;-2.7106380266373;-1.64502272950771
1475;-3.17238945427876;-2.71552303732049;-2.54570720199477;-2.50536869674974;-2.76662013360001;-2.59702118587535;-2.99707889267912;-2.31257368879023;-2.45854916510527;-2.74221341426563;-2.82904129019378;-2.40584978264309;-2.82541980634374;-2.87806064225071;-2.04946093199581;-2.75815472645708;-2.48494704366659;-2.9492568318309;-1.77664587360479;-2.64242813684924;-2.12005671142621;-2.67272826247991;-2.34453641756365;-2.95346000681492;-2.64401884161406;-2.48040542065402;-2.31605835358589;-2.36278529338682;-2.69773615037741;-1.64127163990934
1500;-3.17148406235234;-2.72070986609788;-2.54432989845545;-2.46698688822161;-2.77296282085393;-2.59563897875824;-3.01640539989933;-2.32395843766873;-2.46998614072806;-2.73052621688199;-2.81870624586049;-2.38417495565864;-2.82011727654932;-2.86676072065228;-2.04114203918619;-2.74992095756834;-2.47233196574943;-2.95747817083966;-1.76338535888624;-2.6368350896801;-2.11784533548051;-2.66593365266965;-2.33369410168542;-2.94211802161442;-2.64597563788883;-2.49018424203014;-2.31750849015362;-2.39615732473387;-2.68239074596817;-1.63683006303753
1525;-3.17075298095794;-2.72813844834291;-2.54186340110335;-2.42828457300446;-2.77869702690807;-2.59391399966491;-3.03627638717412;-2.33509781745945;-2.47705759249435;-2.71890021207431;-2.80563193545536;-2.36036845728264;-2.8166520226158;-2.84956640232704;-2.03504156282109;-2.7433341090331;-2.46137778092838;-2.96566451851024;-1.74971416688136;-2.63014333725611;-2.11539860399321;-2.65470450688652;-2.32485763007898;-2.92915271221319;-2.64950604653488;-2.50219074271762;-2.31543339658958;-2.43680168683911;-2.66380175320289;-1.6303035627649
1550;-3.16457931446884;-2.73637233799348;-2.54191473167493;-2.38944681238413;-2.78329768019181;-2.59419043843413;-3.05475308939198;-2.34821595865615;-2.48725268745031;-2.70691693359464;-2.79422362930892;-2.3363520480641;-2.81508757285399;-2.82837726873793;-2.03409771713328;-2.73673917044009;-2.45227303484855;-2.978102470502;-1.73430722306741;-2.62539618834263;-2.11203971446538;-2.6404512971932;-2.31776713507558;-2.91302351799757;-2.65117082300725;-2.50980220054544;-2.30921771548436;-2.48457178678695;-2.64708188606327;-1.62567671392762
1575;-3.15714311339626;-2.73966116395139;-2.54277679191183;-2.3509464595646;-2.78784832629654;-2.59456041570052;-3.06879877522106;-2.36166004904408;-2.49957583623962;-2.69364626726885;-2.78309568410072;-2.31188888400212;-2.81123928283641;-2.80834572260156;-2.03390764629113;-2.72665732394378;-2.44327162737659;-2.99168647332873;-1.72522058322438;-2.61630108820029;-2.1065553864323;-2.62118185915953;-2.31106015407724;-2.90020404724572;-2.65596199238628;-2.51937003858773;-2.29917579016626;-2.5336569477109;-2.63297092265397;-1.62066842214582
1600;-3.14985174355187;-2.74189452831967;-2.54368240334904;-2.31196687772226;-2.79242959273196;-2.59575377872776;-3.08274208677189;-2.3755155948241;-2.51108281021858;-2.68384017981547;-2.76950997592171;-2.28487962377472;-2.80611935208678;-2.78607311695421;-2.03094531166202;-2.71718449599762;-2.43458448505673;-3.00649962817559;-1.71238066316291;-2.60533087430479;-2.09505719661896;-2.59881377088166;-2.30455277204146;-2.88662109001441;-2.65845503862109;-2.53002873695361;-2.28778734226333;-2.57927847577714;-2.61847260686805;-1.61703608865305
1625;-3.13867057401233;-2.74471886409753;-2.54402455790378;-2.27756301738487;-2.79914989407048;-2.59354982289698;-3.09133759850088;-2.389374965143;-2.52472378772184;-2.67677293912343;-2.75416456213264;-2.25931734240614;-2.802734468656;-2.75798294360328;-2.025391602496;-2.7139331508687;-2.42497124044311;-3.01914063879548;-1.6948797739742;-2.59471949635518;-2.08424196561093;-2.57645692979702;-2.30319787692529;-2.87607526486787;-2.65909378877333;-2.54208826981265;-2.27647904116414;-2.6189310723712;-2.6009355626335;-1.61215856148727
1650;-3.12525356097143;-2.74824027480376;-2.54351526421988;-2.24471463770348;-2.80368448918893;-2.59151657932758;-3.09149557840073;-2.40586087620115;-2.53802274117683;-2.67189648163239;-2.74523277405817;-2.23580206067748;-2.80023375524924;-2.73142136881584;-2.02099314856459;-2.71279919307835;-2.41738229170187;-3.03390025819846;-1.67269504525849;-2.59038782387135;-2.06969638511947;-2.55785708547454;-2.29928610595395;-2.86286387121718;-2.65171308462684;-2.54769871868934;-2.26686197985373;-2.65550935572349;-2.58329982043943;-1.61048672257453
1675;-3.10797011034652;-2.74819082425475;-2.54317922999264;-2.21610499240783;-2.80801388011208;-2.58615164846993;-3.086500039042;-2.4244854029152;-2.54865430827272;-2.67186514625067;-2.73997234352196;-2.21462115596694;-2.79837147735339;-2.70503228145599;-2.01804023065437;-2.71005093456711;-2.41379087053071;-3.04556041705857;-1.64927800399281;-2.58267695381326;-2.05988525132786;-2.54140699938045;-2.29404226064624;-2.84663790209266;-2.64121908142441;-2.55491219452043;-2.25883614183825;-2.69110887050959;-2.5715201913532;-1.60773074049574
1700;-3.08952096424077;-2.74786824696329;-2.5456010885271;-2.19423462094551;-2.80995404562467;-2.58135422338749;-3.07935481209937;-2.44474002022941;-2.55976205456279;-2.67534479893456;-2.73643972345727;-2.19553398545631;-2.79654372292068;-2.67736587656139;-2.01600131683837;-2.70566443535579;-2.41237924492289;-3.05768192880518;-1.62557276998869;-2.57784562708256;-2.0489312268983;-2.52850861926356;-2.28393788142423;-2.8297471976192;-2.6311397804333;-2.56448761171563;-2.25039205164605;-2.72466675098768;-2.56337408458157;-1.59892235861434
1725;-3.06956360527253;-2.74560078075742;-2.54760302299754;-2.17614711020528;-2.81319375737425;-2.57658773249378;-3.07023283246808;-2.4612416453366;-2.57011941586187;-2.67745202057819;-2.73273644721265;-2.17855766499605;-2.79512489518112;-2.64917080575653;-2.01238324215801;-2.69976029912574;-2.41118383710611;-3.06796126220638;-1.60362034647452;-2.57256764769278;-2.03656374578868;-2.5188129823514;-2.27507998025916;-2.81007770872363;-2.61695577565146;-2.57593594731089;-2.2443933973264;-2.75705871928931;-2.55063514228307;-1.58800129386963
1750;-3.04844811816538;-2.74601165939371;-2.55217364395571;-2.16290321832664;-2.8234077562466;-2.56985223734472;-3.05775561692939;-2.47250584007304;-2.58087849503583;-2.67935506476369;-2.72821731824704;-2.16280914648016;-2.79550279526406;-2.61904977334968;-2.00858959987624;-2.69600961579382;-2.40900357884968;-3.07767462519067;-1.58192989770794;-2.57190372009033;-2.02521274183803;-2.51185818941957;-2.26351778008309;-2.78543283533358;-2.59714668164974;-2.58307995638121;-2.2421549035943;-2.78659562939232;-2.53775152905718;-1.57888999758345
1775;-3.0233940269008;-2.7500346329561;-2.556258268678;-2.15330356253799;-2.82973533951389;-2.56464923425649;-3.04233278047937;-2.48368254396921;-2.59005673260711;-2.68556529079238;-2.7245512038502;-2.15041837711016;-2.79882371845504;-2.58943480529127;-2.00425293843164;-2.69268057080059;-2.40876409513217;-3.08840324737611;-1.55755333160028;-2.57073984899321;-2.01754406065424;-2.50525849980736;-2.2574001969725;-2.7582149133285;-2.57631153851549;-2.58730146349626;-2.24311534720335;-2.81298249911446;-2.52582425013824;-1.56777457512331
1800;-2.99443131551811;-2.74936581554517;-2.55885141908378;-2.14622712817312;-2.83733303768554;-2.56108963391823;-3.02659894302182;-2.49328119912657;-2.59697514773087;-2.6948672225467;-2.72439028619381;-2.14260395022378;-2.80026603444335;-2.55988101401344;-2.00355803562148;-2.68789318429971;-2.40749789882176;-3.09550654787031;-1.53545346581604;-2.56864496103384;-2.01020356385407;-2.4983040958335;-2.25589907073829;-2.72923037221736;-2.55633540924748;-2.59124106041025;-2.24815123797942;-2.83781621151452;-2.5151388360354;-1.55618358062638
1825;-2.96375497569971;-2.74664585516596;-2.55959591614729;-2.14182950290779;-2.84671412650599;-2.55309241280648;-3.00967368713254;-2.50010044438889;-2.60346932340573;-2.70755204589367;-2.72551353125626;-2.1337613242942;-2.79919454695926;-2.534242078116;-2.00356961416083;-2.68452815821154;-2.40817209359123;-3.10296907248858;-1.51802327849863;-2.56652099500338;-2.00758231854233;-2.48912701674168;-2.25786357462892;-2.70044341077435;-2.53605720251179;-2.59091277491409;-2.25397701711407;-2.85607817936725;-2.50247614935692;-1.54118795919937
1850;-2.93222879100646;-2.74317865075566;-2.56280978031094;-2.1416589205556;-2.85702754068148;-2.54327354234065;-2.99512481665483;-2.50498405202296;-2.60463841408531;-2.72418347457484;-2.72898013896773;-2.13006063719672;-2.79387700228007;-2.51490620376241;-2.00148383133652;-2.676881803797;-2.41070467561876;-3.11121809895584;-1.50233945543367;-2.56559392377207;-2.00468247210324;-2.48143545159671;-2.25731602270605;-2.6697710978814;-2.51622752273634;-2.58849922696801;-2.25895726297517;-2.87720835529612;-2.48822026233169;-1.52806670729673
1875;-2.90365394364909;-2.73672375719569;-2.56563050170469;-2.14306352536202;-2.87048413019276;-2.53026661444819;-2.98152403650571;-2.51298756931649;-2.60605232082896;-2.74079401027928;-2.7564780203364;-2.12825264065731;-2.79249715143727;-2.49798411041878;-2.0002232956764;-2.66730990243296;-2.41495551177145;-3.11521516768914;-1.48824870001583;-2.56138616713375;-1.99678831387364;-2.47103896709084;-2.25695751529777;-2.64195847477426;-2.50186661378416;-2.58554594821063;-2.26457222300845;-2.89212741511083;-2.47035579948446;-1.51949952200663
1900;-2.88134940855292;-2.73104687540491;-2.56797602397013;-2.14389655330063;-2.88290490102794;-2.52027605628536;-2.96943772992933;-2.52237175423432;-2.60855039860028;-2.75573966061076;-2.7409896941114;-2.12746657995115;-2.79115095545621;-2.48437221206217;-2.00240090706768;-2.65561117909101;-2.41761624823319;-3.11585077546285;-1.48137969813751;-2.55845308989466;-1.98504852317632;-2.46184212921928;-2.25808897360649;-2.60941032990728;-2.4925331282674;-2.57648383321889;-2.26941972326974;-2.9008759445912;-2.45566475512558;-1.51345738691113
1925;-2.86291305290284;-2.727615481602;-2.56816063657943;-2.14830086382431;-2.89580968989249;-2.51007934815924;-2.95394125435431;-2.53229249523507;-2.61024721537766;-2.77029023827257;-2.70426239451304;-2.12649981534952;-2.78959603221679;-2.47610528203831;-2.00383132706939;-2.64246186633872;-2.41791786586701;-3.11088028390452;-1.47996270532739;-2.5524159954715;-1.97406360970794;-2.45445364703237;-2.26764162658031;-2.57628900937386;-2.48782917006621;-2.56375184677838;-2.27447321945125;-2.9024299047506;-2.44212472352065;-1.50674666597966
1950;-2.84983800438959;-2.72256703084782;-2.56669314332597;-2.15629561102116;-2.90576340799722;-2.4952897833247;-2.93623632447707;-2.54144328554541;-2.61188297896736;-2.78284712770217;-2.67841194526749;-2.12774579720376;-2.78570507915671;-2.47006838153981;-2.0043245285211;-2.63193175409088;-2.41620970797723;-3.10487484444016;-1.48101525841755;-2.54344037321017;-1.95860071273104;-2.44757201451103;-2.27296812410706;-2.54106797576996;-2.48725106240251;-2.55467873535983;-2.27664519158014;-2.89926674786188;-2.42750673650514;-1.50304448484721
1975;-2.84016769903026;-2.71500969060531;-2.56280338009912;-2.16828342918678;-2.91646944352778;-2.47985785867922;-2.91555671051111;-2.54859515169644;-2.61715548254729;-2.79270201023826;-2.68182723196757;-2.12819216276085;-2.77916835448983;-2.46628539143296;-2.00908911426673;-2.6185550154398;-2.41345778878782;-3.09837368505873;-1.48560844807067;-2.53291143019917;-1.94023803194919;-2.43980664856234;-2.27372850090157;-2.49851289233614;-2.48638727473279;-2.54562247753965;-2.27874539185613;-2.89312096411236;-2.41045479073666;-1.50022385066576
2000;-2.83630909825394;-2.70940764027827;-2.55983232029043;-2.1805574678142;-2.92823295065641;-2.46194276043644;-2.89360638126316;-2.55899475985457;-2.61702164502554;-2.80510137771952;-2.72545580550557;-2.12757354888168;-2.77343055813725;-2.46308596380559;-2.01409758860372;-2.60393428412922;-2.4100152148818;-3.08586176166309;-1.48936812028413;-2.52049567130164;-1.92217267158653;-2.43096053632497;-2.27175912858121;-2.45567696190853;-2.48913453311032;-2.53503927850224;-2.28005183560498;-2.88155530481325;-2.39045879542398;-1.49713880329739
2025;-2.83848105150323;-2.70326725614914;-2.55875955548596;-2.1950577319554;-2.93464337423358;-2.44558867316237;-2.86838673354157;-2.56011980955609;-2.61796162864238;-2.81624943248597;-2.79986728417367;-2.126554565494;-2.76754490063803;-2.45696883938461;-2.01482137900952;-2.59075955317464;-2.40904698788593;-3.06852187090981;-1.49552836017802;-2.50429883870805;-1.90281994216539;-2.42319669134754;-2.26818541872904;-2.40990928016798;-2.49211963479163;-2.52223936897534;-2.27845703288617;-2.86796682398043;-2.36911748236709;-1.49248785212293
2050;-2.84297609371219;-2.69622662500112;-2.56032782439779;-2.21309827109544;-2.93910429821436;-2.43013416941269;-2.84227976449086;-2.56236949798886;-2.62158228820732;-2.82517467450506;-2.89080669802227;-2.12495025343503;-2.76058170230195;-2.44963234292458;-2.01573843551635;-2.57613082428223;-2.4101181965347;-3.05020664022873;-1.50287712500937;-2.48709284507541;-1.88397059327159;-2.41903175665864;-2.26229957182877;-2.36676180392842;-2.49581815042035;-2.50760775683662;-2.27555569743293;-2.85679549047955;-2.3537177674119;-1.48777769961385
2075;-2.84961427120096;-2.68858958318365;-2.56026024423179;-2.23622277439661;-2.94280956869604;-2.41766629846138;-2.8149361818032;-2.56558222054925;-2.6262593217936;-2.83152402880652;-2.97794333491758;-2.1213202597984;-2.75005260868744;-2.44692942008361;-2.02088711100866;-2.5594175207929;-2.41267858641533;-3.02330421056809;-1.5117473161593;-2.46660410840926;-1.8632564196207;-2.41089955652093;-2.24992383384333;-2.32791016710308;-2.49889090818086;-2.49764861129755;-2.27268472430521;-2.8504711669206;-2.3411314716374;-1.4843077942634
2100;-2.85687561011977;-2.67951416827114;-2.55991192590658;-2.26385287797182;-2.94551233592356;-2.40399380360312;-2.79220191482853;-2.56699511087263;-2.62749959598832;-2.83910016174209;-3.05247901558455;-2.11733795667429;-2.73638109829105;-2.44463171314572;-2.02805042312803;-2.54431314648811;-2.41230997114195;-2.99508639120697;-1.51947555260472;-2.44015555214409;-1.8412230270173;-2.3990059641843;-2.23825913934749;-2.29113338525784;-2.49929412078509;-2.49001671879915;-2.26754587128763;-2.84380403007846;-2.33267066133514;-1.47893823989817
2125;-2.86633489699417;-2.67070742983685;-2.56044301729246;-2.29352068464544;-2.95127343018038;-2.39188600567171;-2.76897849844932;-2.56499885778998;-2.62936025999481;-2.84560716478744;-3.10190095618886;-2.11510719581471;-2.72156507536281;-2.43952912180802;-2.03562255846055;-2.53339854644742;-2.41051927604216;-2.96690213127765;-1.52699921574835;-2.41537411072117;-1.82162402608933;-2.38563986423879;-2.23021737390166;-2.25995282448601;-2.49359788690911;-2.48179259670997;-2.26468272460804;-2.83442904430536;-2.32428049995736;-1.471463770952
2150;-2.87946666784885;-2.66100592200202;-2.55973645549747;-2.32322280724309;-2.95372168441791;-2.38301437482153;-2.74746650294621;-2.56327360125242;-2.63168216553431;-2.84984220944543;-3.12686351056073;-2.11004043104939;-2.70514967766434;-2.43375505827704;-2.04243472691532;-2.52088358679789;-2.41145567294015;-2.93736717075895;-1.53261899440256;-2.39021477282919;-1.80189908241163;-2.37784471213928;-2.2235806740311;-2.23665779970756;-2.48621157573908;-2.46902539542501;-2.263642376601;-2.8273250121408;-2.31615896634025;-1.46402683123032
2175;-2.89225431460031;-2.65143746973572;-2.55907896751439;-2.35192674170403;-2.95635069659276;-2.37316477362036;-2.7305292879227;-2.55704511528907;-2.63271993893775;-2.8539927973372;-3.1254437786393;-2.10587553657692;-2.68949109587075;-2.427270413463;-2.05133638218577;-2.51097624471312;-2.42031815483534;-2.90560396519008;-1.54013292427636;-2.36077010452198;-1.78755129219359;-2.36912263469494;-2.21777073113533;-2.2207497666796;-2.48044275112784;-2.46117144570529;-2.26264422526245;-2.81892372324109;-2.3105005409005;-1.45646402327305
2200;-2.90731239464345;-2.63761946962333;-2.55795011274027;-2.37735130862444;-2.95392131390237;-2.36690039344283;-2.72009820449222;-2.55343582698526;-2.63435796467809;-2.85996119488637;-3.09672422061684;-2.10297410571235;-2.67366281945404;-2.42123479722255;-2.0586678549244;-2.49905648250452;-2.43267721090821;-2.87427298674741;-1.54730854685944;-2.33058501307732;-1.77093120490644;-2.36483356746368;-2.20767755686012;-2.21227094600097;-2.47814743949692;-2.45861349366291;-2.25949466799007;-2.81111516794559;-2.30501376656331;-1.44825970712997
2225;-2.92171267743661;-2.62150093285494;-2.55592088242947;-2.39992489998878;-2.95323668595997;-2.36004991833999;-2.71327557782983;-2.5512055268389;-2.63634070239052;-2.86303614525027;-3.04339378647415;-2.09909550874703;-2.66233956737803;-2.41969105683191;-2.06306825560932;-2.48591983863566;-2.44805639728702;-2.84458372960827;-1.55713660690822;-2.2992930833999;-1.75449269909222;-2.36290608552183;-2.19625574123982;-2.2102343236064;-2.4732839224443;-2.45569247745132;-2.25637763406754;-2.80029968467941;-2.29858275472138;-1.44314420635502
2250;-2.9390824964571;-2.6070332500995;-2.55254806028515;-2.42191526384638;-2.95131465490265;-2.35260623371655;-2.70649846160704;-2.54939664447722;-2.63972540147239;-2.86079457220796;-2.97353333375237;-2.09749464589294;-2.65434985717;-2.42108128682073;-2.06939445963267;-2.47755472713044;-2.46089770086116;-2.81839541252507;-1.56437728188399;-2.27011988264938;-1.73974223580523;-2.36245748666818;-2.1855786479451;-2.21080259705658;-2.4669731611845;-2.4511070540118;-2.25140329462209;-2.78868920931712;-2.29710759439859;-1.4397090242807
2275;-2.95737747931443;-2.59403631576306;-2.54678586736655;-2.44063397676658;-2.94782386643829;-2.34786048180762;-2.70126751287357;-2.54998624382679;-2.64633439881568;-2.8571399862429;-2.90077599022651;-2.09754660867763;-2.64910501951533;-2.42350122202199;-2.07929395271662;-2.46867728293196;-2.47208028711185;-2.79754489656329;-1.57069921331087;-2.24073862778626;-1.72705479526224;-2.36285329049812;-2.17760368046839;-2.21762523948657;-2.46247397946769;-2.45231700928599;-2.24901759129089;-2.7760314354116;-2.2942420712635;-1.43730426963165
2300;-2.9727703465946;-2.58276761102073;-2.54217215162148;-2.45564024012846;-2.94297645280766;-2.34079540682887;-2.69590434311052;-2.5471736813719;-2.64745874774975;-2.85108322825156;-2.83485744765573;-2.09748987731978;-2.64954780464197;-2.42866551311355;-2.09140056744106;-2.45872037821882;-2.48174079430136;-2.78496454428227;-1.57440523303135;-2.20916823373388;-1.71815804105464;-2.36726077569329;-2.17607746824582;-2.22293110261879;-2.46042096442774;-2.44945494121842;-2.24481870086568;-2.76372865866501;-2.29027874529232;-1.43259151526531
2325;-2.98549129520722;-2.57374729107562;-2.53412221773567;-2.46999215127311;-2.93793643425861;-2.33646046967323;-2.69115559543004;-2.54093864337055;-2.65133120072973;-2.8443271039022;-2.79210736814121;-2.09698746353315;-2.65197656863524;-2.43641118257564;-2.10246073361567;-2.45238455359168;-2.49431168953893;-2.77985832701843;-1.58229510177777;-2.1789818664535;-1.71150333480158;-2.37383255195177;-2.17573842262187;-2.22691939450142;-2.45803276501224;-2.44701872209543;-2.23790882374152;-2.74958358019868;-2.2878477898357;-1.42824345460579
2350;-2.99612688629907;-2.56641740563339;-2.52633987895722;-2.48112580458438;-2.93117924930765;-2.32834013294964;-2.68330911455205;-2.53257824068349;-2.65043624040064;-2.83898926564018;-2.79309144355865;-2.09776421604449;-2.65837730086588;-2.44541230957061;-2.10953011202096;-2.44514279584248;-2.50341262036317;-2.78029303432232;-1.58851640897608;-2.15256875270868;-1.70896853474781;-2.38211527725904;-2.173789204107;-2.2343895950544;-2.45403649372289;-2.4492213831794;-2.22802302975405;-2.73926784981755;-2.28813001911069;-1.42630982833831
2375;-3.00675180821825;-2.55770778351382;-2.51926755356484;-2.48838208436444;-2.92581673593799;-2.32191791893243;-2.67115726645511;-2.52466509840226;-2.64861341825505;-2.83019100956411;-2.83886410293279;-2.0919947336911;-2.66892106470467;-2.45715069278196;-2.11528361407981;-2.43673921966171;-2.51321652195873;-2.7849959448441;-1.59080795711385;-2.12361999251355;-1.70707573218828;-2.38447427086573;-2.17139950864213;-2.24207900851484;-2.44810378811447;-2.45178405541436;-2.21645497507434;-2.7267971010032;-2.2895854136842;-1.42491225965163
2400;-3.01783635372417;-2.55364255882395;-2.51274680337227;-2.49541625970476;-2.9183025779224;-2.31830694536528;-2.66120085639863;-2.51480930969711;-2.64435477611097;-2.81549090485878;-2.85076639834516;-2.08585360848332;-2.67925678584785;-2.47306509378007;-2.11757195345785;-2.42392776027731;-2.51940675783441;-2.79638249522663;-1.59098345778489;-2.10059573208089;-1.70529566463343;-2.38677167877729;-2.16802132707817;-2.24676228084247;-2.44428128651755;-2.44950628005238;-2.20483619837721;-2.71742235266846;-2.2929983476527;-1.42171802381598
2425;-3.02731034866012;-2.55311811637436;-2.50540570523337;-2.5007744011949;-2.9155519106867;-2.3147038109776;-2.65105996137643;-2.50771975161967;-2.6384547939071;-2.7990882817284;-2.85089235847022;-2.07677730255107;-2.68812125323794;-2.49330487404652;-2.1163593590505;-2.41141677312208;-2.525025063078;-2.80460721123782;-1.58889684294013;-2.080560112268;-1.70664435449736;-2.39192786929649;-2.16311712202359;-2.25325751630758;-2.44281415195078;-2.44478284346145;-2.19092397402211;-2.70975029887228;-2.30011227402165;-1.4193021046007
2450;-3.03800061721903;-2.55469567897109;-2.49691142667471;-2.50560901594462;-2.9113760732192;-2.31169280937857;-2.6379843900038;-2.50018819859008;-2.63454977889372;-2.77954956760077;-2.83979458909557;-2.06748076954575;-2.69834049843239;-2.51518491072578;-2.11488499769843;-2.4003590082962;-2.53049434368515;-2.82030316369166;-1.57979368166924;-2.06659890499753;-1.70712524950705;-2.39660185127376;-2.15784461275181;-2.2553099426039;-2.44188115561556;-2.44670113950559;-2.1744653261599;-2.70247711286333;-2.31159632235144;-1.41966628630144
2475;-3.04776587091312;-2.55628685584273;-2.4899706184844;-2.50957978041049;-2.91202527369923;-2.3119531413645;-2.6233436678973;-2.49055916016044;-2.631639102664;-2.75572875476283;-2.82583526776919;-2.05767284042318;-2.71136750930551;-2.53893744512793;-2.11446342916116;-2.38797633028329;-2.5342578414761;-2.8337140252162;-1.56725006727886;-2.06085561361574;-1.71072223192571;-2.40113682074124;-2.15582770088379;-2.25412772453735;-2.44354097889578;-2.44398817266007;-2.15829647674811;-2.6984933657073;-2.32674786610181;-1.42020264125817
2500;-3.0609588009403;-2.55980381267345;-2.4846247061409;-2.51012039591401;-2.9113625016378;-2.31004159110683;-2.61294095892856;-2.48198449282151;-2.62883367535745;-2.7306448050589;-2.81918536433704;-2.04724841981677;-2.72356260031092;-2.56280650503843;-2.11297144911188;-2.37601651264877;-2.53751633360977;-2.84574746494919;-1.55226636967204;-2.05590322406515;-1.71675695967601;-2.40268928614811;-2.15327091810821;-2.24842032411016;-2.44679903326614;-2.44000400816625;-2.14229899912779;-2.69214197237939;-2.3399913216782;-1.4192036405983
2525;-3.07505686361409;-2.56340039841935;-2.48228941890711;-2.50498478577504;-2.9056248877053;-2.31019146424355;-2.60075654014714;-2.47037145386379;-2.63021981652984;-2.70236031947949;-2.81903838242374;-2.03976498783177;-2.73372116966383;-2.58167850073161;-2.10634633701558;-2.36687220739053;-2.54091681245057;-2.85990402303131;-1.53611396147837;-2.05534293116721;-1.72864014326576;-2.40668314063802;-2.15089623685021;-2.24400997015076;-2.45077484979036;-2.43459386221092;-2.12671663758188;-2.68770156536098;-2.35138947505128;-1.41645571091614
2550;-3.08870654310092;-2.56516646926188;-2.48294048602861;-2.49686295862644;-2.89775673411977;-2.31146592439945;-2.5901755640708;-2.45857358526409;-2.63072045680498;-2.67314136960991;-2.82788515797999;-2.03559168390228;-2.74350443435142;-2.59698323199556;-2.09792875313072;-2.35855948200708;-2.5457389650626;-2.86930142451077;-1.51347682346088;-2.05874020695362;-1.74006194831761;-2.40839688496058;-2.14276508410859;-2.23978895289443;-2.45542709566833;-2.42965036267388;-2.1145597801803;-2.68111449243161;-2.36549582961704;-1.41289089643316
2575;-3.10088114581469;-2.56693433219027;-2.4855701052697;-2.48845544076138;-2.88740700476963;-2.31343799604406;-2.58427159799495;-2.44717730092472;-2.63262967841851;-2.64564365023758;-2.84220273063616;-2.03434140337276;-2.75041294217739;-2.6130580429784;-2.09349429645951;-2.3510029170515;-2.55136997732943;-2.87513947447042;-1.48680436231347;-2.06324336433252;-1.75092366630215;-2.40883265796203;-2.1341117916325;-2.23202670609002;-2.46245154716481;-2.42368928261824;-2.10545857338218;-2.68008755378072;-2.37859295284057;-1.41274965401845
2600;-3.11313616393276;-2.56819397726443;-2.4895159392621;-2.47870337486121;-2.87409449324034;-2.31061458393033;-2.58251976707826;-2.43600505235575;-2.63140282849078;-2.6198497640853;-2.86256243438589;-2.03722914901702;-2.75248478948628;-2.62794042136124;-2.09146820237609;-2.34237412087521;-2.55595497606547;-2.88574153493298;-1.46430584325567;-2.07090890636551;-1.76075600461673;-2.40461237017819;-2.12750483236824;-2.22269612514371;-2.46830164146866;-2.41865487569344;-2.09766858895639;-2.68037669211017;-2.38475591439797;-1.41151669499475
2625;-3.12588241226197;-2.56913952654142;-2.49354731247925;-2.46348447139444;-2.86071980505537;-2.3095754390556;-2.58369914975971;-2.43055110473815;-2.63082002474819;-2.59769763116628;-2.88306764914107;-2.04512321150995;-2.74832773172236;-2.63955534440844;-2.08914378270546;-2.33575002103124;-2.56260189805753;-2.90031368123327;-1.44616833546429;-2.08630093574899;-1.77361072812272;-2.4001408071265;-2.12038223021711;-2.21015530946306;-2.47030752511689;-2.41104566402713;-2.09045924242701;-2.67911489736673;-2.38929352411917;-1.41022518822628
2650;-3.13759506148067;-2.56902781281769;-2.498359891346;-2.44731371745137;-2.84418826974483;-2.30811711893125;-2.58926782890825;-2.43095449310197;-2.62674996449308;-2.57809582726133;-2.90610822003571;-2.05550293913929;-2.74198513006749;-2.64680116579267;-2.08581190977261;-2.32894912554145;-2.56830703394781;-2.91560012250336;-1.42601884399902;-2.10569128463053;-1.78611222802361;-2.39721472063509;-2.11661918020876;-2.19281706784652;-2.47277438708961;-2.40327417301187;-2.08623067801309;-2.68155961381637;-2.38991684447628;-1.40788943965203
2675;-3.14788027246482;-2.56965403625302;-2.5033694370245;-2.42848179455891;-2.82954736862512;-2.30607411386156;-2.5994320970491;-2.4307284838859;-2.61942809888406;-2.56222375517881;-2.93179291980802;-2.06813239114957;-2.73389608214606;-2.64708435497114;-2.08343086710407;-2.32502023188416;-2.57559275892754;-2.92794696749995;-1.40696397100072;-2.13073123644614;-1.79802035819073;-2.38774780139477;-2.11575589671543;-2.1763098397229;-2.47782363493427;-2.39560056782143;-2.08084583518373;-2.68432739691551;-2.3885914073097;-1.40705856413651
2700;-3.15842589978526;-2.56868705563647;-2.50970896302567;-2.40709689826178;-2.81246848867963;-2.30451287339628;-2.6108138987782;-2.43592300526495;-2.60658927148248;-2.55013070447051;-2.95588547558759;-2.0826190668002;-2.72390561701708;-2.64185343866685;-2.07794297460234;-2.31709429861787;-2.58289637625326;-2.9334505571452;-1.39176276529942;-2.15988123586963;-1.80762972079963;-2.38056140177206;-2.11490201405301;-2.15859491314391;-2.48435683533999;-2.38755841602944;-2.07455950963461;-2.68758083901732;-2.38498443896445;-1.40290896628192
2725;-3.16542936753721;-2.56830568626244;-2.51591564973864;-2.38437015676983;-2.79800252356064;-2.29839956129331;-2.61989421583118;-2.44516799234539;-2.59141668638577;-2.54247466702002;-2.97268956738344;-2.09943924377695;-2.71447631378683;-2.63499574032529;-2.06557214821568;-2.30908143765231;-2.59019504591425;-2.93245598784425;-1.38145358549586;-2.19154751340528;-1.8158317881732;-2.3702241975093;-2.11181838771761;-2.13712575755187;-2.48926707100807;-2.37800583343631;-2.06878243288333;-2.6911700869123;-2.38049150383062;-1.39837580482636
2750;-3.17041020092188;-2.56710926093931;-2.51979948307526;-2.36239206665174;-2.77796318772682;-2.29083272031646;-2.62849716439672;-2.45578840305324;-2.5788934250265;-2.53464642005638;-2.99332687347374;-2.11661374148768;-2.69997830296975;-2.62871027013277;-2.05573839087602;-2.30385552913657;-2.59753711918435;-2.92953134457444;-1.37211075089865;-2.22471396629023;-1.82431243944252;-2.35569834608398;-2.10847228568644;-2.11294694565888;-2.49042204289523;-2.36709685828698;-2.06324524994448;-2.69353056100394;-2.38023695716312;-1.39809004529122
2775;-3.17685546462603;-2.56298004797497;-2.52206893784167;-2.33826928699226;-2.76011922126904;-2.27855821960809;-2.63620164324144;-2.46934917394493;-2.56789666366926;-2.53122425562612;-3.01148333523174;-2.13302158554872;-2.68399713313289;-2.61958699022312;-2.04735434724446;-2.29788671686197;-2.60572597469173;-2.92591686628292;-1.3606117810166;-2.25393917924754;-1.83145275400343;-2.33975156069345;-2.10346717885579;-2.08801598925101;-2.49262539833856;-2.35750676903689;-2.05931889446493;-2.69827992445667;-2.37879136870877;-1.39547980494437
2800;-3.18272325388781;-2.5585170934585;-2.52447420426958;-2.31539352428766;-2.73938713351615;-2.26252933402175;-2.64312037492237;-2.48054456284023;-2.55733272860255;-2.5294436557957;-3.02551130898952;-2.15016223917297;-2.66853344016326;-2.60767800812331;-2.03646075532562;-2.29110628074984;-2.61344378846629;-2.91985023841638;-1.3490774356257;-2.27852817010018;-1.83814918242918;-2.32122833434324;-2.09460941433277;-2.06060809611982;-2.49536998614549;-2.34639449440342;-2.05443201251701;-2.70517226543011;-2.37823394605347;-1.38945177199081
2825;-3.18681045549353;-2.55155900734822;-2.52410659162304;-2.29359086638175;-2.72276468747345;-2.24524275896132;-2.65081550185789;-2.49144681822289;-2.54896405193728;-2.53030816990583;-3.03338226283133;-2.16690794796975;-2.65474404367714;-2.59323736059747;-2.02455292583084;-2.28689600613036;-2.62397428803154;-2.90862836858246;-1.34484742843077;-2.3051016852266;-1.84419495526345;-2.30104129234895;-2.08376869140047;-2.03467772813275;-2.49968337587271;-2.33805287391526;-2.04683086295435;-2.71328911302649;-2.37996555982489;-1.38286057808858
2850;-3.18990232992992;-2.54353078491206;-2.52507410188086;-2.27102864820657;-2.70027133361401;-2.22558231056302;-2.65248180431198;-2.50172757540826;-2.53948018572417;-2.53361476102654;-3.04100186771612;-2.18634509062967;-2.64353978023125;-2.5760413832808;-2.01323116293907;-2.2828927960788;-2.63396649811607;-2.89288528802792;-1.33715942926545;-2.33127640878235;-1.85217153495951;-2.27910910940106;-2.07326590341913;-2.00863875924839;-2.50143335797996;-2.33567125437647;-2.04158063651308;-2.72104211064393;-2.38250553535824;-1.37786597175507
2875;-3.19250433648135;-2.53142682319422;-2.52497749110071;-2.2489095947141;-2.67442674957864;-2.20601729839298;-2.65224530764745;-2.51165322207333;-2.53179951160274;-2.53848635905261;-3.04583897881662;-2.20227600133476;-2.63071500975868;-2.5631126385822;-2.00126202409739;-2.2800581684864;-2.64339202171076;-2.87504317383775;-1.3311239940734;-2.35059879217304;-1.85926209962896;-2.25155797117206;-2.05669300025969;-1.98059497519638;-2.50026175333437;-2.33698579064458;-2.04081368270486;-2.72700919427225;-2.38544875254854;-1.3695656171909
2900;-3.19520710840404;-2.51801643591704;-2.52258598513302;-2.22910724263606;-2.644312519622;-2.18423805060599;-2.65389451059927;-2.51898525297182;-2.52318365215534;-2.54131624213743;-3.04842335423939;-2.21872873294177;-2.61783262962211;-2.55410836803345;-1.98572174551071;-2.2763768983185;-2.65204480463914;-2.85585665698251;-1.32910816625673;-2.36214207534491;-1.8653471770163;-2.22448842770493;-2.04054328227631;-1.95323327967001;-2.49617985329029;-2.33934961264122;-2.04279128509801;-2.73505475665056;-2.38903162974135;-1.35937595787732
2925;-3.19758731510298;-2.50319996330138;-2.51991089758544;-2.20926624641645;-2.61460660726272;-2.16414178623478;-2.65587023100603;-2.52747663178726;-2.50998778011428;-2.54582121982752;-3.04891921571847;-2.23342765014603;-2.60159850850558;-2.54829232303552;-1.96982998058598;-2.27129367770721;-2.66201988277341;-2.83359573279525;-1.32915882679664;-2.36781935586696;-1.86993011883544;-2.20023501320679;-2.02380615816836;-1.92496214236326;-2.49280141583444;-2.34527882754796;-2.04395097172388;-2.7396490978282;-2.38919483069467;-1.34782151937186
2950;-3.19894856565367;-2.48818004801144;-2.51706091761554;-2.19044257381853;-2.58535925502634;-2.14352406616086;-2.65552432441138;-2.53460640591514;-2.49511632884398;-2.55637357714054;-3.04750425407831;-2.24584466682207;-2.58918827659403;-2.54446817130254;-1.95435157984069;-2.26581241632791;-2.67396959925068;-2.81375684289039;-1.3247737977382;-2.37736753821882;-1.86756642561749;-2.17855806616406;-2.01045396260491;-1.89473288608931;-2.49155363814601;-2.3516803050764;-2.04634369511856;-2.7412947511085;-2.39084926179397;-1.33711929795682
2975;-3.19882024588521;-2.47242900521487;-2.51776148478088;-2.17139302028621;-2.55659134187924;-2.12542095750279;-2.65611199662615;-2.54233973798093;-2.47831767113564;-2.5658483896968;-3.04381180132619;-2.25809224228605;-2.58064684324124;-2.54760095103509;-1.93863693352706;-2.25967256136733;-2.6839333442386;-2.78982082856575;-1.31974346945052;-2.38918892071877;-1.86749447483904;-2.15726972573661;-2.00077158669193;-1.86491228269689;-2.49145043944307;-2.35682652004182;-2.0510151012694;-2.74359353431226;-2.39376806901873;-1.32674633013459
3000;-3.19848076315579;-2.45930592971083;-2.51815591796101;-2.1539169527524;-2.52605395967579;-2.10422203910072;-2.65907906053399;-2.55226515820249;-2.46139165885744;-2.57472607293689;-3.03635699562208;-2.2695309658312;-2.57343355922819;-2.55157503864997;-1.92535481299935;-2.25251262778667;-2.69463546164276;-2.77129774683707;-1.31544538576216;-2.40092726547444;-1.86645522910709;-2.13693003875839;-1.99218246931889;-1.83558790814871;-2.49162079299713;-2.35998044828753;-2.05443113979353;-2.7399257710133;-2.39329415092552;-1.31507230971575
3025;-3.19389188511809;-2.44691735591246;-2.52038698924842;-2.13571930541023;-2.49596200245556;-2.08653201330111;-2.6590136162945;-2.56304308619012;-2.44431124059584;-2.58534555009648;-3.02706084555175;-2.28085767629789;-2.56838157858899;-2.55800062496669;-1.91286378082576;-2.24684783672673;-2.70155638186939;-2.75252911109985;-1.3117114361485;-2.41062518765519;-1.86619446822411;-2.11882418476727;-1.98517109762601;-1.80857884215526;-2.48838579569504;-2.36082158633852;-2.05802658775491;-2.73432318026439;-2.38949993577935;-1.30286346696129
3050;-3.18689485543955;-2.43312377200157;-2.52330486140995;-2.11962540193013;-2.46975103563991;-2.07341007785404;-2.65933482957999;-2.56671770405468;-2.42542309229101;-2.5948270537539;-3.01841899531782;-2.29365013824537;-2.56847177108185;-2.56695080906888;-1.90134236907938;-2.24303084879849;-2.70584287085127;-2.72931522374237;-1.30189205452346;-2.41763852389867;-1.86270839130468;-2.10109139268798;-1.97925957173801;-1.78380958945599;-2.49176542733958;-2.35918332609464;-2.06125657078533;-2.72465374086708;-2.38694724466171;-1.29037594353758
3075;-3.17713111527559;-2.41933319097493;-2.52661009564667;-2.10565627437519;-2.44225797424266;-2.06297768261462;-2.66033695387774;-2.56130297753116;-2.40769288821371;-2.60541741252315;-3.00718358036616;-2.30702401190291;-2.57093300477051;-2.57848367531051;-1.89395861414696;-2.24118945051089;-2.70635614108314;-2.71022093735628;-1.2889812840189;-2.42152669696105;-1.85504678640125;-2.08603097543983;-1.97779800140132;-1.76503948503926;-2.49830198796457;-2.35517220652108;-2.06768210351723;-2.7150931173942;-2.38522864969844;-1.27556501109094
3100;-3.16688881192613;-2.4086883457183;-2.5306671717114;-2.09263104237501;-2.41409615936187;-2.05188929190069;-2.66020598913957;-2.54747614154999;-2.39526195231205;-2.61830285009355;-2.99471700359264;-2.32043269342411;-2.57600081145768;-2.59117081889194;-1.88857055339291;-2.23858052318682;-2.70811771156638;-2.69300100880044;-1.2765142680377;-2.42112949936424;-1.84618548750441;-2.0706057511063;-1.9774886388571;-1.75578952338257;-2.50580022897585;-2.35355555685368;-2.07736937851469;-2.70403930774509;-2.37879243411434;-1.26054141134911
3125;-3.15583700344258;-2.39795363474465;-2.53478336028717;-2.08177744498022;-2.38436264320467;-2.04321973155554;-2.66144151063805;-2.53068210427054;-2.38498743090128;-2.63355393858451;-2.98103829126834;-2.33535010243847;-2.58494295832572;-2.60792623905634;-1.88572398706221;-2.23381879168064;-2.70893027152597;-2.68146794719223;-1.26302948709614;-2.41614310191775;-1.84138329544397;-2.05793021442617;-1.97326668973031;-1.7533776535906;-2.51564588810778;-2.35085951429095;-2.0908846011102;-2.68960343510066;-2.3733609065328;-1.24374253695457
3150;-3.14320899637916;-2.38887792534927;-2.53712277660906;-2.07375847549385;-2.35681148617685;-2.03232169548375;-2.66633241245713;-2.50821826601628;-2.37434616684941;-2.64791532491195;-2.96581594774585;-2.34854358981569;-2.59601998416333;-2.62653807186971;-1.88595350004931;-2.22602931477133;-2.70882355260466;-2.67813055333404;-1.24362538870915;-2.40750649186068;-1.83104257768054;-2.04552297735093;-1.97144024645011;-1.76236232319988;-2.52685941189321;-2.35434678510683;-2.10683029185139;-2.67164438882827;-2.37290761575648;-1.2261470772499
3175;-3.13128946549591;-2.38155544491761;-2.5391303425132;-2.06683185922135;-2.33041083620889;-2.0226100910729;-2.67251513074591;-2.48614980434309;-2.36406015962551;-2.66167479659954;-2.95385773543059;-2.35912152477141;-2.60927710821708;-2.64630963486375;-1.8870129498381;-2.21790626205959;-2.70787822590865;-2.68074738497661;-1.22349971985753;-2.40046485204142;-1.81850928749553;-2.02866377712782;-1.97183105472823;-1.78162474115726;-2.54059768989196;-2.35953010832685;-2.1237520392243;-2.65113952849461;-2.37557581070381;-1.20603389870928
3200;-3.12370294839004;-2.37898865922007;-2.53917611655083;-2.06013529268155;-2.30483195405748;-2.01422489752953;-2.67700345388389;-2.46600618084891;-2.35237072379158;-2.67456870199739;-2.94444783937362;-2.37103421842561;-2.62356131934199;-2.66585922212462;-1.88871616873467;-2.21008641741531;-2.70520798458331;-2.68627769146185;-1.20951361781142;-2.39352541253132;-1.80974163179382;-2.01349684462924;-1.97081668442246;-1.80864196592153;-2.55711171395836;-2.36748505720584;-2.14340825230933;-2.6323108129002;-2.37870478796344;-1.1847117254968
3225;-3.11811124408128;-2.37749350096459;-2.53639028236322;-2.05639929671416;-2.27994418144895;-2.00339135138696;-2.68153535035049;-2.44627223064735;-2.33600694219256;-2.68858097548899;-2.9369105183752;-2.38555390753111;-2.63865038880432;-2.68198844976148;-1.89130241831509;-2.20076087089865;-2.70309256436594;-2.69383504133863;-1.19810264481894;-2.38468436999584;-1.80354906944389;-1.99641875916398;-1.96833922119065;-1.8437996055275;-2.5730216308021;-2.37951333063957;-2.1641949120315;-2.6138970438594;-2.38889371647665;-1.16787832115574
3250;-3.11269978650002;-2.374401914808;-2.53283073175914;-2.05554811860805;-2.25465501490557;-1.99165806334144;-2.68509758804314;-2.42893635696995;-2.31785376671371;-2.69822900199911;-2.93470222635611;-2.39884679934589;-2.65280515469688;-2.70037212153521;-1.89883735272866;-2.19092797051211;-2.70238189365386;-2.70672351480498;-1.1877161604059;-2.37689916683566;-1.79962893269833;-1.98093675553266;-1.96639630155288;-1.88607398732507;-2.5846291626566;-2.38994280086447;-2.18409427244025;-2.59401791637569;-2.40766674194791;-1.15230740001924
3275;-3.10972067230171;-2.37200765839354;-2.52759342827501;-2.05450574600695;-2.23197116176537;-1.977477694282;-2.68706150881913;-2.4156784765041;-2.29835772453239;-2.70680837647101;-2.934535575388;-2.41086758871278;-2.66455395795758;-2.71495385648247;-1.90543363392705;-2.18141210555352;-2.69759360710947;-2.72976981255053;-1.17845186241286;-2.36528232365403;-1.7961233776943;-1.97085639066629;-1.96285381030748;-1.93237387969068;-2.59376192599053;-2.4025756116353;-2.20392235570257;-2.57847051905203;-2.43049843031879;-1.13401306905251
3300;-3.10650222787388;-2.37452079341456;-2.52265076783155;-2.05214641249276;-2.20984471482748;-1.96228740374481;-2.69127709310667;-2.40695310686573;-2.28085643401962;-2.71160559007094;-2.93803904714087;-2.42016021260071;-2.67538411292804;-2.72725652760455;-1.907885036147;-2.171535468289;-2.68920110745228;-2.75510332399628;-1.17275835056213;-2.3517811158268;-1.7920301739561;-1.96338180802164;-1.96137702552636;-1.97652761123846;-2.60111400865886;-2.41317365361781;-2.22184096858194;-2.56706613505944;-2.45945928063423;-1.11177354453127
3325;-3.10358171073447;-2.37972098483923;-2.51940087332148;-2.04864356355738;-2.19314906350825;-1.9447099242501;-2.69212241774441;-2.40379564764536;-2.2605932714307;-2.71517290179392;-2.94149952864108;-2.4277515878641;-2.68671526901503;-2.73360262389904;-1.91125983544251;-2.16223956009335;-2.6811106674565;-2.78049619891502;-1.17264178011653;-2.34429291650537;-1.79061917265073;-1.95708484315127;-1.96116390595265;-2.02116965065559;-2.60791371956772;-2.42385670622034;-2.23344018780309;-2.55815572050285;-2.48942595073821;-1.08983496013409
3350;-3.09614780705697;-2.38653285416446;-2.5151656012826;-2.04789201697883;-2.1799905301999;-1.92765228309389;-2.68823602869566;-2.40149397797098;-2.24386437318044;-2.71611483516946;-2.94591039422869;-2.43453949154254;-2.6970111335006;-2.7356979771248;-1.91942000280409;-2.15183445644278;-2.67307935091998;-2.80818960060077;-1.17253015814415;-2.33942088049029;-1.79119455300911;-1.95365959393594;-1.96106683452011;-2.05828319886448;-2.61482019845631;-2.43273584021442;-2.24686476515226;-2.55228324813711;-2.51945093155722;-1.07074476216891
3375;-3.08793108526504;-2.39311442808475;-2.50827381995132;-2.04781603616498;-2.16729908405024;-1.91061887006509;-2.68345242843409;-2.4023049457641;-2.23360247507528;-2.71415554628532;-2.95125754050318;-2.43797058708659;-2.70689429382523;-2.73759482189671;-1.92566358103461;-2.14157503803379;-2.66413190682681;-2.83888626205904;-1.17745768500567;-2.33464338623211;-1.79306646835367;-1.95126381345004;-1.95562334967493;-2.09124303686372;-2.61848742089952;-2.43934913303561;-2.25809734501521;-2.54799903780796;-2.54873902830171;-1.05231281394627
3400;-3.08474776104955;-2.39957923438574;-2.49833879522826;-2.04746966744374;-2.15522674494769;-1.89340401506234;-2.67993556385362;-2.39992934516609;-2.2264710146864;-2.70623619308186;-2.95502954780156;-2.44035637726344;-2.71756792882184;-2.73630702761979;-1.92980451006827;-2.13331035212245;-2.65435090015534;-2.86796047042268;-1.18456591034693;-2.32100602713435;-1.79435866084258;-1.9516623835779;-1.95261127991068;-2.11489295379072;-2.61883191264283;-2.44800415602371;-2.26556168169148;-2.54789932882142;-2.57616659242484;-1.0328077421601
3425;-3.08115877287093;-2.40504485650032;-2.48525484574224;-2.05035120240216;-2.14625557939833;-1.87995590758963;-2.6733503018205;-2.39875742261828;-2.22437054030868;-2.6973724959134;-2.95739153614396;-2.44202816361889;-2.72463432092758;-2.72899888995442;-1.93471002163451;-2.12676481236606;-2.6459159117745;-2.89385722903393;-1.1960682545073;-2.30756125069449;-1.79908586096715;-1.95453690468599;-1.94703489136361;-2.13148434669406;-2.62151094055311;-2.45687308605559;-2.27153217138578;-2.55015139738;-2.59612589302229;-1.01390063816079
3450;-3.07896362715273;-2.40785673397307;-2.47135617983957;-2.05575488706943;-2.14002351367739;-1.86662648414402;-2.66478500376775;-2.39736008385704;-2.22451830048418;-2.69349361492242;-2.96019387833451;-2.44027220895161;-2.73201973999132;-2.7197244202486;-1.9371919133204;-2.12598799401712;-2.63897150771648;-2.91379190368027;-1.20670908767306;-2.29189845806772;-1.79836042479073;-1.95974228551508;-1.94215510712435;-2.14201302775023;-2.62613141034362;-2.4673648322727;-2.2805197169726;-2.55318589988237;-2.61420294828533;-0.996528177653023
3475;-3.07591785109712;-2.40868089957642;-2.45680115383666;-2.06304133146741;-2.13139287793041;-1.85642192664741;-2.65381261430195;-2.3979484929487;-2.22594914847869;-2.68601929452279;-2.96285303171032;-2.44202619209899;-2.74136406875733;-2.7112243895805;-1.93731284065626;-2.13403850414467;-2.63281199015607;-2.92762136775744;-1.21445858582235;-2.2714821820828;-1.79862041607988;-1.96945933783212;-1.93679445853859;-2.14689222610877;-2.62907405741186;-2.47851977669925;-2.29441015565839;-2.55652192212361;-2.63208225308731;-0.981722849633421
3500;-3.07132435974843;-2.41138282483882;-2.4402320738845;-2.07431769044792;-2.12046881257795;-1.84600606436661;-2.64559017181971;-2.40017217279849;-2.23079115115847;-2.67820953484714;-2.9636154532492;-2.44246016084563;-2.75112848633213;-2.69928006722699;-1.93762228697232;-2.14459263048505;-2.63140144795102;-2.94178547493297;-1.22082428375753;-2.2544590251261;-1.79795549432212;-1.98299699192667;-1.92910341927854;-2.14662097174675;-2.63207650663108;-2.48996257414829;-2.30865144384505;-2.55748893720385;-2.65535848661302;-0.968032719692276
3525;-3.06621106613527;-2.41215249257558;-2.4247861735558;-2.09337748487484;-2.11123293244718;-1.83986362605514;-2.63723827440231;-2.40397841688166;-2.23424730982135;-2.66670762590632;-2.96322235444355;-2.43699866264299;-2.76030666790179;-2.68672577374698;-1.93742288136697;-2.16043706157544;-2.63288888669817;-2.95235137811808;-1.22768364447864;-2.2367681105573;-1.79396730395405;-1.99662060455534;-1.92263816907426;-2.14072658676884;-2.63263092739137;-2.50030547030062;-2.3230404933445;-2.56125989569736;-2.67343312465038;-0.956321099112905
3550;-3.06138196528578;-2.4102624979942;-2.4082188025385;-2.1175318627272;-2.10138782544341;-1.83931624461101;-2.62867540579506;-2.40708153928912;-2.23389785297533;-2.65004619950374;-2.96073158185598;-2.43123741809271;-2.7685300901746;-2.67136375917473;-1.93712092671736;-2.18267807471759;-2.63412652843269;-2.95984956779987;-1.22764088966582;-2.21972451739562;-1.7920136564249;-2.0086615000991;-1.91961200351859;-2.12801351042972;-2.63965618762931;-2.51005671225723;-2.33632220102063;-2.56296199234813;-2.69143206360173;-0.947156146377019
3575;-3.05266770842959;-2.40483109547513;-2.39054182634889;-2.14573621623631;-2.08778713333687;-1.84212241568285;-2.61695284339208;-2.407823358833;-2.23190584051028;-2.63228595212424;-2.95642893453983;-2.42332018097134;-2.77389329426501;-2.65353119990426;-1.93836273792375;-2.21112922232371;-2.63600425010992;-2.96585140897385;-1.2259972616735;-2.20046808399193;-1.78905569443238;-2.02076524187029;-1.92206516299347;-2.112582605422;-2.64438259889932;-2.52366148596564;-2.3513352427406;-2.56486118345634;-2.71230982271304;-0.939245346940032
3600;-3.04118710548738;-2.3989589774248;-2.37387500200703;-2.17908521355481;-2.07245818508886;-1.8485684631267;-2.60480252722362;-2.40904049083281;-2.22884030896938;-2.61666337956749;-2.94897627008437;-2.41219917454021;-2.77758351380244;-2.63493757706036;-1.93951950805812;-2.24128794969314;-2.63515738603369;-2.96751256620729;-1.2252908484039;-2.18298801799888;-1.78825021459326;-2.03506397160664;-1.926711821093;-2.09383783490598;-2.64900955878978;-2.53778076923194;-2.36821371313279;-2.57077960688009;-2.72632027717574;-0.936001885714979
3625;-3.023656738325;-2.39198939641055;-2.3630368646013;-2.21701865395469;-2.05543877568769;-1.86158373871181;-2.59320664726589;-2.40649948168578;-2.22212817006019;-2.60103283668012;-2.94046851506716;-2.39990343645712;-2.78046360924603;-2.61512952111035;-1.94327647222205;-2.27074066951238;-2.63226912489256;-2.96541255684476;-1.22023848390792;-2.16198433424509;-1.78922612122787;-2.05101820263915;-1.9353788970477;-2.07602048338804;-2.65507513664005;-2.55067174868928;-2.38324779431314;-2.5801475402779;-2.73747326531105;-0.932609941459484
3650;-3.00175341876414;-2.38529666389553;-2.35501342492669;-2.25815468642989;-2.04164276356086;-1.87330105015669;-2.5801555469895;-2.40109262642038;-2.21556460083265;-2.58447680624045;-2.9270906911106;-2.38490282824252;-2.78316079890375;-2.59416950825908;-1.94858080113533;-2.29877807907032;-2.63090985870178;-2.96612948388532;-1.21182571494511;-2.14248168949524;-1.78598005115917;-2.0661889333447;-1.9504613865554;-2.05978617497863;-2.65961436879272;-2.55765410026433;-2.39779207249434;-2.58928984282305;-2.75331808574609;-0.927342752411458
3675;-2.97848250127449;-2.37975581017942;-2.35011220460359;-2.29689875481737;-2.02477507312848;-1.88841537879893;-2.56779114727898;-2.40128389395947;-2.20954957742534;-2.56921225017447;-2.91612543477307;-2.36665338459631;-2.78819448395828;-2.57718692109992;-1.95376795782271;-2.32712728413765;-2.62787234625654;-2.96538131723724;-1.20424227039934;-2.12714883722456;-1.781106336536;-2.07781919687014;-1.96767408191431;-2.04064013575652;-2.66246445439372;-2.56246096177194;-2.41363199202225;-2.60102152629482;-2.76164256637201;-0.922650646163994
3700;-2.95609751941141;-2.37796445542376;-2.34763066704916;-2.33242529682646;-2.00756084614634;-1.90588956204651;-2.55256115219435;-2.39770771615173;-2.20529928056436;-2.55367156450059;-2.90647289087601;-2.34799504247128;-2.79371782662843;-2.56234470657496;-1.9635722108597;-2.3520731499838;-2.62402848091257;-2.96721749354734;-1.19672276663768;-2.11142843965823;-1.77754194190042;-2.08654279206749;-1.98597025232948;-2.02392999275709;-2.66522121373642;-2.56766739168598;-2.42815060637236;-2.61423490447386;-2.76615474632281;-0.9192606114465
3725;-2.9320817116044;-2.37358800348248;-2.34838926061935;-2.37171885052089;-1.98993989194693;-1.92460249396041;-2.53605796478902;-2.3903587032427;-2.19964839243346;-2.54199279450223;-2.89023601634346;-2.32705701179076;-2.79867813631027;-2.5491160041897;-1.97463288053516;-2.37360693629645;-2.62135878873705;-2.96912404693823;-1.18531460942304;-2.09930972371506;-1.77615046588573;-2.09227483289319;-2.00566611349089;-2.010228792137;-2.66856765593056;-2.5667112363976;-2.44122520413712;-2.62685813298753;-2.76910200290038;-0.919006306817762
3750;-2.90716266313735;-2.36689607629219;-2.34951186567946;-2.41172212356957;-1.9723935006421;-1.94277852296874;-2.51667135660055;-2.37985451163993;-2.19407823395276;-2.53535393870835;-2.87087438496432;-2.30571831500205;-2.80232083840498;-2.54103685612187;-1.98615889000398;-2.39439982635044;-2.61782422944371;-2.97175806604154;-1.1692978708028;-2.08619487797362;-1.77409225196401;-2.09335700934403;-2.0211130338551;-1.9993912442013;-2.67038140595904;-2.56166604358057;-2.45533841608991;-2.63971753172983;-2.77004163919615;-0.915820579705558
3775;-2.8815680314992;-2.3611204584345;-2.35225363008272;-2.44584188490419;-1.95601186565376;-1.95922994061512;-2.50089206812593;-2.37467649275873;-2.18693682676383;-2.53080209090774;-2.85010030709391;-2.28462491881934;-2.80516561010292;-2.53377993768394;-1.99761936636368;-2.41508830682407;-2.6143496990695;-2.97979685758183;-1.15524210783986;-2.07325555171268;-1.77073447796842;-2.08940950469112;-2.036536077971;-1.9881472427767;-2.67183898039093;-2.55467280250376;-2.46894874267716;-2.65557870361285;-2.76867389966446;-0.913497141440537
3800;-2.85585616031214;-2.35708370338979;-2.35681311111759;-2.47268039245497;-1.93883847917902;-1.97291405575659;-2.48514072573647;-2.37197987697278;-2.17746451497703;-2.52810611452634;-2.82983753796222;-2.26535881316377;-2.80599386723151;-2.526801627448;-2.00585632717927;-2.43599640210294;-2.6096887100766;-2.98869550361342;-1.13477560794282;-2.06028442213543;-1.76607742962952;-2.07680169743558;-2.04759206976937;-1.97979113910516;-2.67152427524842;-2.55219196723887;-2.4899573891942;-2.67021448865289;-2.76724168057693;-0.906477545896946
3825;-2.83009566777777;-2.35319214585086;-2.3638226388857;-2.49673232434718;-1.92760457490299;-1.98158689196071;-2.47009171658502;-2.37250095357162;-2.16172933420361;-2.52793970286956;-2.80895232877978;-2.24659885679331;-2.80705526514903;-2.52141547877473;-2.01296736972371;-2.45449565938302;-2.60721418365692;-2.99666544303507;-1.11581962894628;-2.04913011575283;-1.75700724797214;-2.06346284096319;-2.05390859715523;-1.98103203306186;-2.67184035106454;-2.55073377092902;-2.51248954971744;-2.68121253418322;-2.76761705173159;-0.902345573127835
3850;-2.80212909638228;-2.34866508666887;-2.37134600518639;-2.51766995266359;-1.91864141586082;-1.98740075330746;-2.45330525916285;-2.37476451372254;-2.14801339642343;-2.52717010347505;-2.78512053398509;-2.22903889855595;-2.80555909106579;-2.5214571600296;-2.02028079617864;-2.46977446382202;-2.60601508936509;-3.00334898309833;-1.09397421496944;-2.03749834779019;-1.74789132119991;-2.04982754576812;-2.06140366749969;-1.98387354826621;-2.67343245045455;-2.54868784140015;-2.538982987512;-2.69038131778734;-2.76621671360846;-0.900850108047388
3875;-2.77652285968497;-2.34513881637379;-2.37846120616064;-2.53429162784327;-1.91331093981543;-1.99413450019638;-2.44015976502989;-2.3805312047609;-2.12874292496096;-2.52573454654208;-2.76221654428418;-2.2139278726617;-2.80449807547598;-2.52333373113133;-2.02739082418065;-2.48443051909487;-2.60443353264814;-3.01206560296994;-1.07183053457269;-2.02942012076902;-1.73413983523203;-2.03541254457004;-2.0696652074914;-1.99000629326274;-2.67526584060905;-2.54791673397213;-2.56714999620937;-2.69640240588948;-2.76650563451214;-0.900266960632665
3900;-2.75381375796524;-2.3442105890354;-2.38496786708095;-2.54843935229047;-1.91055621721424;-1.99938877214713;-2.42919482030166;-2.38511639496846;-2.10465439235355;-2.52329986380179;-2.73747893204481;-2.20022977438751;-2.80125430123971;-2.52524265511807;-2.03729271896445;-2.49802724091636;-2.60011047746459;-3.02127089922069;-1.04820832428471;-2.01921237519621;-1.72059331079983;-2.0209853318223;-2.07447208060135;-1.99735764482692;-2.67984820865084;-2.55119001385397;-2.59526155678503;-2.70145638904102;-2.76560696100762;-0.899530288593353
3925;-2.73194085236745;-2.34379602105546;-2.39099911683847;-2.56063625534762;-1.9129881200044;-2.00376194074887;-2.42000215032965;-2.39024194095037;-2.07914911666054;-2.5211400960437;-2.71192851213278;-2.18756574930003;-2.78983633012375;-2.53084658388946;-2.04957033853258;-2.51060688511386;-2.59707819458325;-3.02767561403618;-1.02807522936519;-2.01281531718052;-1.7073278248043;-2.00242499396625;-2.07902512972647;-2.00836471578392;-2.685313680343;-2.55503645254336;-2.62501476631655;-2.70821845542665;-2.75856749640093;-0.89705938822064
3950;-2.71548765535593;-2.34195431350662;-2.39852813786968;-2.56833859245822;-1.91958852426281;-2.00273324232381;-2.41296408590154;-2.39406277536787;-2.05044706007557;-2.51697918572697;-2.68710984781488;-2.17646492833714;-2.77410524380717;-2.54150637045039;-2.05828407594498;-2.52208402710265;-2.59329729553535;-3.0323330559734;-1.00528379811462;-2.00331789708762;-1.69192181869752;-1.98398345072259;-2.08412026222966;-2.02017095466165;-2.69164537921652;-2.56086420153357;-2.65467161876389;-2.71206097155407;-2.74841833030143;-0.893860816612978
3975;-2.69922123040971;-2.34050178059401;-2.40663859607319;-2.56978079104774;-1.92950714267593;-2.00309466165171;-2.40379887886371;-2.39823418966306;-2.02171350787181;-2.5096580244615;-2.66487422137792;-2.16782544136828;-2.75579979734807;-2.55386075914759;-2.06418426825258;-2.53351512793113;-2.59454323365157;-3.03459234174458;-0.98555970584223;-1.9882501134086;-1.6794558583283;-1.96863334955478;-2.08751164168629;-2.03116843904471;-2.69682953835659;-2.56190606996683;-2.68279197636468;-2.71689070276695;-2.73733653309131;-0.890798215302314
4000;-2.6838439908871;-2.33611083422432;-2.41680195030193;-2.56858045686276;-1.9422139525217;-2.0012659464979;-2.39650658548914;-2.39934512252594;-1.99280085723299;-2.50138143956205;-2.64460198815927;-2.16161916180184;-2.73592986968304;-2.56705780267684;-2.07217628911998;-2.54240753441834;-2.60012859718739;-3.03782432464988;-0.970890218265428;-1.9766210079978;-1.66528313797558;-1.95219774141129;-2.08736458143268;-2.03969065281838;-2.7034639474844;-2.56173378414402;-2.70713416484825;-2.72362304282224;-2.72616196308299;-0.887189664200885
4025;-2.6708461192026;-2.33212919812122;-2.43126834428043;-2.56673836032816;-1.95677783651083;-1.99735597128436;-2.39117821254554;-2.40215565797075;-1.96055445934689;-2.48873659748524;-2.62705689156547;-2.15592346974699;-2.71669512870702;-2.58161844199379;-2.08351370541044;-2.55192031289714;-2.60585751839848;-3.03932256420797;-0.959611485670832;-1.9659898009808;-1.65336909097541;-1.93018908063015;-2.08213527599865;-2.04434382486382;-2.70963711250909;-2.55862265144896;-2.72938720464732;-2.72360820921202;-2.71120258049973;-0.883447925401109
4050;-2.66103995843078;-2.3245505639222;-2.4490754032264;-2.5603152113554;-1.97267191340424;-1.99358964606385;-2.38358763361449;-2.40412892388128;-1.92936183751272;-2.4742546225769;-2.60901780258441;-2.15285926063347;-2.69412699497819;-2.59995203815573;-2.08388303229581;-2.55865831126189;-2.61242313096986;-3.04409367382399;-0.946828853696807;-1.95387502760553;-1.64465758636384;-1.90526857610631;-2.07422916188389;-2.044294312613;-2.71604460699125;-2.55448992647348;-2.75015243729822;-2.72160375008673;-2.69550608226839;-0.878581943343159
4075;-2.65292576046056;-2.31573236422894;-2.46548687346796;-2.55254059317325;-1.9868297280068;-1.98818720800878;-2.37678278726218;-2.40226239497374;-1.90036770821836;-2.45652718922642;-2.5948302744995;-2.14910475429662;-2.66728332073705;-2.62286985331764;-2.07613357537822;-2.56323316862847;-2.62060084573508;-3.05210284466818;-0.939279831640325;-1.93978442988343;-1.63515011528136;-1.88461501539386;-2.06099626137896;-2.04214195975202;-2.72056918279846;-2.55120482198917;-2.76910493837705;-2.72417779912315;-2.68071554058985;-0.868989010523752
4100;-2.64932886024824;-2.30635694595708;-2.4800381626028;-2.5402720892517;-2.00187544654366;-1.98548070613483;-2.37161204389225;-2.40013079033666;-1.87185883374585;-2.43548988008858;-2.58013292029775;-2.1469162943384;-2.63524836713829;-2.64746901687715;-2.0655591539592;-2.56647040614246;-2.62852212224295;-3.06137665050753;-0.937560354343037;-1.92840565628197;-1.62656948640519;-1.87151274644078;-2.04700064888792;-2.0371803787788;-2.72521350967668;-2.54890822613745;-2.78535643156203;-2.73608163497769;-2.66424705990838;-0.861116415997412
4125;-2.64245487760327;-2.29540048297542;-2.49562367683626;-2.52697299714164;-2.01797037336717;-1.98152234219732;-2.36522746240189;-2.39799994133646;-1.84878107701446;-2.40984851150474;-2.57022581361668;-2.15027510957194;-2.59885053219644;-2.66876539129221;-2.05925880969059;-2.56855841235664;-2.6233206688616;-3.06830680207486;-0.938287926853737;-1.9143434561341;-1.61676368617013;-1.86529493811595;-2.03163031830468;-2.03063106153125;-2.73170626387061;-2.54640416309848;-2.79758756331651;-2.75814872835785;-2.64957530163614;-0.853302996881257
4150;-2.6361858238728;-2.28282228496771;-2.50621282190204;-2.5139013065656;-2.03729493355162;-1.97096657248703;-2.36109769209435;-2.40034632807002;-1.83742106133266;-2.38007138510309;-2.56084660127907;-2.15740381320618;-2.5597498240894;-2.68814787086835;-2.05975119615629;-2.57265177094618;-2.60993168826686;-3.07362007840394;-0.944526043767633;-1.90194741921426;-1.60879365457826;-1.86146311459921;-2.01256148577972;-2.02062497548512;-2.73699662350371;-2.5411297282449;-2.80796555153445;-2.78893684402375;-2.63803137153946;-0.847051679001792
4175;-2.62950193965442;-2.27061774824697;-2.51391071208408;-2.49558055719119;-2.05589948395283;-1.95722992179555;-2.36004461505112;-2.40884096858129;-1.8144704524069;-2.34717606158769;-2.55968917199145;-2.16773812899084;-2.51965244285687;-2.7054993849443;-2.06909947302122;-2.57579137096545;-2.59486543976201;-3.07354430058526;-0.956293518171595;-1.88951032798969;-1.60100322503204;-1.86138665907165;-1.99016973367405;-2.01296181868796;-2.73969405365584;-2.54129440277855;-2.81558124359558;-2.82523426072021;-2.62468942524609;-0.842172080747157
4200;-2.62097881461763;-2.25900920177545;-2.51953839937539;-2.47263765882359;-2.07588530791016;-1.94325441900228;-2.3600870972583;-2.41823878754077;-1.78761081842469;-2.31048116734421;-2.56078815603978;-2.17976599214461;-2.47532546110207;-2.71807485609233;-2.0873147896603;-2.57522216754207;-2.58520100205075;-3.06818423866734;-0.972394402975779;-1.87821613453418;-1.59207108733209;-1.86453435015096;-1.96483168034082;-2.007120197919;-2.73887297829334;-2.54350789041612;-2.81809172486539;-2.86505732596035;-2.61504760687502;-0.838269308133307
4225;-2.60886070448129;-2.24807936518666;-2.52087297455057;-2.44997172281569;-2.09398218632705;-1.92859479623588;-2.35914131397991;-2.42702370849357;-1.76265701900177;-2.27480585909919;-2.56476540953799;-2.18672990841299;-2.42710696313486;-2.72747535002618;-2.11013546566903;-2.57389799851804;-2.58462088671218;-3.05577052753;-0.987583607433166;-1.86957993358343;-1.5816869708984;-1.87425134417752;-1.93347589641534;-2.00114912433123;-2.73738363704059;-2.54356109652208;-2.81649505555061;-2.90549054900013;-2.60833368390602;-0.83359694110345
4250;-2.59499105724325;-2.23819676268935;-2.51774378927375;-2.42381128236836;-2.10666281410233;-1.91420358636324;-2.35714813759769;-2.4315111036966;-1.7442565576928;-2.24107340170203;-2.57163193272015;-2.18831020198715;-2.37676185846735;-2.73385962770634;-2.13719130689555;-2.56941336127973;-2.59449425480752;-3.03685094823594;-1.00076368596398;-1.85850892234517;-1.5669892500638;-1.88344466002795;-1.89975919715292;-1.99178059578367;-2.73156541287785;-2.54178944918334;-2.80885175622254;-2.94461164067364;-2.60472512961441;-0.825168684136449
4275;-2.57834322537646;-2.23113619643856;-2.51000124079332;-2.39151470210244;-2.11190817118667;-1.90127117343193;-2.35358435189992;-2.43504758637383;-1.73355784163505;-2.20945701190671;-2.57662368859564;-2.18328234693955;-2.32343006215238;-2.73214121549449;-2.16321967445123;-2.56099426927028;-2.61489824372391;-3.01517460177206;-1.00935922388183;-1.85000093699234;-1.54959452468259;-1.88667273332506;-1.86242856566462;-1.97894360936114;-2.72290650381661;-2.53894366578401;-2.79393955730876;-2.97998668375933;-2.60244767947933;-0.813579013801698
4300;-2.5597265202111;-2.22555344093928;-2.49713876435185;-2.36034698607029;-2.11006456769079;-1.88895330562088;-2.34564751387127;-2.45335560796416;-1.73191146085812;-2.18066712623618;-2.5811670254589;-2.16798826503763;-2.26824216716147;-2.7193020119118;-2.18155124227795;-2.54535279311811;-2.64317461539146;-2.99427104219403;-1.00723334458662;-1.84075172950622;-1.52626719644659;-1.88234143113085;-1.81589690162509;-1.96391898051355;-2.7101695296437;-2.53946517644019;-2.77744600309512;-3.00654733973622;-2.60000318458999;-0.79676432613088
4325;-2.54085705225799;-2.22115646410817;-2.48094357681639;-2.32103360459975;-2.09847100992527;-1.87563014881601;-2.33332464627775;-2.48110755731699;-1.73947859976576;-2.15522765047771;-2.57955556690424;-2.14153874518703;-2.21567830314388;-2.69675503337424;-2.19147344458965;-2.52161217860276;-2.67626603510249;-2.97233004086913;-0.999444021760113;-1.82934139955695;-1.50475084717559;-1.87190425724777;-1.76285306624529;-1.9458808325896;-2.69305912505186;-2.53733597807738;-2.75262308571004;-3.0230999772058;-2.59579621912004;-0.77892006554541
4350;-2.52413404701838;-2.21601481631995;-2.46098109522018;-2.27121192952162;-2.07464355766617;-1.86318444545858;-2.31436395158755;-2.50677646724155;-1.75619955714415;-2.13321232767817;-2.56868426501324;-2.10673732462023;-2.16580411623385;-2.66322743712992;-2.17746982104777;-2.49007360010555;-2.70743654883146;-2.94975322738347;-0.98354051567274;-1.80526590644925;-1.48674290456742;-1.85332090074617;-1.70584462209728;-1.92019401040498;-2.67098269011906;-2.53494675264034;-2.72080086982409;-3.02641873473266;-2.58596181803761;-0.759703967613974
4375;-2.50950059153264;-2.21035507461164;-2.4362911059543;-2.21519262382851;-2.04087086852682;-1.85419263875155;-2.28914864534394;-2.51733951783696;-1.77519559364771;-2.11571034914641;-2.55188007256058;-2.06471037605279;-2.12329303586973;-2.61699268185639;-2.15493439954214;-2.43936906112222;-2.72961610709118;-2.92924823489137;-0.962813925096015;-1.78312462387599;-1.46442388252593;-1.82900905626707;-1.64389971933313;-1.88835109108708;-2.64616253651757;-2.52367709766992;-2.68478188241085;-3.00268009039493;-2.57407848602167;-0.740559112983636
4400;-2.49754727698123;-2.20608776679877;-2.40661242179598;-2.15862952863912;-1.9949700208277;-1.84359326023266;-2.25901104349025;-2.51084765756231;-1.79677151255291;-2.10101912728095;-2.5271098222141;-2.02256492042369;-2.09024327979232;-2.56326598171656;-2.13098677221573;-2.39753722098353;-2.73636310950854;-2.9112145998128;-0.935001724057575;-1.78300712437504;-1.44087227482496;-1.79845870735213;-1.57722230020097;-1.85036389134165;-2.61848700381426;-2.51205518350107;-2.6436900391809;-2.99429623625891;-2.55362181335529;-0.721638144255995
4425;-2.48974699028044;-2.19952948792251;-2.37195451677748;-2.10421047252145;-1.95266760266877;-1.84007429064043;-2.22652253318776;-2.48201259531722;-1.81599670708476;-2.08909317924227;-2.49710190652225;-1.95847239294548;-2.06017177895514;-2.50909087032643;-2.09675052017498;-2.36781595304487;-2.72597825162405;-2.90135461128287;-0.903570982950854;-1.79061826482514;-1.40974992238108;-1.76079330484222;-1.5104577740094;-1.80804062144944;-2.58683757784915;-2.51811574813231;-2.59124411805817;-3.00495146431525;-2.52404258928565;-0.702756834874115
4450;-2.48777344078978;-2.1922051123611;-2.33355122652663;-2.05547017597451;-1.87809735930003;-1.83088249614337;-2.1917253841163;-2.42740733665717;-1.83212845907291;-2.07549969056678;-2.46315081418975;-1.91322283243093;-2.03093187551867;-2.45500917297246;-2.0401621209297;-2.34074381564071;-2.69321076640593;-2.88109996004642;-0.870640496996432;-1.79124832468806;-1.37145364353257;-1.72032966228572;-1.44646719708447;-1.76241777077748;-2.5515920087098;-2.5323347827462;-2.53615119812874;-3.01751861537193;-2.48905890063429;-0.684314280149843
4475;-2.48763622692485;-2.18186502487161;-2.28629877645899;-2.01491513753315;-1.80173925965561;-1.83050934158466;-2.15298939770587;-2.35218674312625;-1.84149459156743;-2.06178501425893;-2.42849013274204;-1.87827850649796;-2.00059966637221;-2.40310468725721;-1.9674361698154;-2.30847413314386;-2.64319260099696;-2.88005073332022;-0.840652568062602;-1.77696937118627;-1.32866872098912;-1.67799240292035;-1.38877944613694;-1.71301067311855;-2.51495019659288;-2.53407644666468;-2.49610135106413;-3.02288444012034;-2.44350072522704;-0.667120530019316
4500;-2.48919148286879;-2.16751296777636;-2.23419960127295;-1.98566064774075;-1.73877098522399;-1.83212347847393;-2.11423446158723;-2.26117942394821;-1.83889639813491;-2.04752421346121;-2.39600459183948;-1.85310307011347;-1.96638637659491;-2.35497026485721;-1.88668333436564;-2.26767130867494;-2.57500234228565;-2.88804026530124;-0.815717580047083;-1.74573405864517;-1.27955535888598;-1.63026025326736;-1.33559280367514;-1.66062547147885;-2.47782637100021;-2.52250748200016;-2.4584211159135;-3.00954807493704;-2.39097456719825;-0.652555596676086
4525;-2.48889016594557;-2.15115562554709;-2.19810270282284;-1.96854861653424;-1.69036560637587;-1.82512266240791;-2.07600557814653;-2.16304878883339;-1.82148539079351;-2.03252466639362;-2.36880993028797;-1.83022732689637;-1.9300161948896;-2.31437748087256;-1.80683617416843;-2.21630527580409;-2.49182216463812;-2.88618544962749;-0.785543867006525;-1.69782097804226;-1.22935127824243;-1.5762515416995;-1.28712497716682;-1.60552765103256;-2.4295738782819;-2.49247915039816;-2.41774581800365;-2.96301120449968;-2.33193654715454;-0.631237434264613
4550;-2.48659271126408;-2.131792810882;-2.17125664458791;-1.961160121924;-1.65705928663701;-1.8009848125989;-2.0370972498531;-2.06315134426744;-1.79159495785507;-2.01658976783595;-2.34657555420428;-1.80264492016773;-1.88763535290253;-2.28533976815863;-1.71255641016109;-2.15174157301631;-2.39578945336794;-2.8642657262065;-0.758369791530151;-1.63255447180495;-1.17592340343281;-1.5187770428822;-1.24343607359798;-1.55057689431261;-2.39178957228334;-2.43993962407643;-2.3668465808511;-2.88793459519072;-2.26749692076022;-0.616519401159444
4575;-2.48296727359339;-2.11254367777434;-2.14632902263887;-1.96068912003709;-1.63527838942406;-1.75779063286624;-1.99994949004443;-1.96118744219177;-1.75007537364587;-1.99992377389925;-2.33168195751363;-1.76702638749033;-1.84220448054445;-2.26265996627854;-1.61106561893679;-2.07431704157858;-2.33037391590822;-2.81693277777665;-0.750596261516667;-1.55271392596096;-1.12168869384284;-1.46302301360826;-1.20451968575253;-1.49700260064887;-2.36541468690007;-2.3694730814709;-2.30606505881515;-2.78732129440933;-2.2011836698768;-0.613649251830814
4600;-2.47982584051743;-2.10420588455555;-2.11666643718626;-1.96283807921889;-1.6189185855455;-1.6941801622244;-1.96300430693491;-1.86846048820461;-1.70334615935395;-1.98465041372919;-2.31858771539268;-1.72552973518999;-1.79337438409524;-2.23408427100286;-1.50695158507197;-1.98727862614283;-2.28361744723134;-2.74178347414073;-0.743617243692507;-1.46160994496106;-1.06593989840053;-1.41076466670381;-1.17149447257337;-1.44497970790625;-2.33798967719825;-2.28173883867805;-2.23580814833465;-2.66655445009991;-2.13633470659636;-0.613381940224299
4625;-2.47349637468234;-2.08675449531673;-2.08045022204131;-1.9680785977311;-1.60480697379387;-1.61576358997537;-1.92452802085375;-1.7908256368822;-1.66164465260023;-1.95971472697173;-2.30065875642788;-1.67744070809953;-1.74374913422058;-2.2320460533506;-1.40691026774232;-1.89245882826895;-2.2342808834991;-2.64232381716201;-0.72483755941793;-1.36643701047079;-1.01185598195063;-1.36330422408405;-1.14227205460221;-1.39846819376913;-2.30460234182678;-2.18437756742327;-2.15279402434211;-2.53200441344584;-2.07178514939493;-0.606973394160047
4650;-2.46718895274708;-2.04917091822186;-2.03826123829667;-1.97302823480222;-1.59091253639772;-1.52374263767998;-1.88695621806491;-1.73025670356765;-1.62860849602089;-1.94721523116572;-2.30145664662259;-1.62281758971274;-1.69555054252575;-2.24306478494445;-1.31693123579135;-1.79790707482835;-2.18160522725175;-2.52405765484104;-0.690914456569497;-1.27381034625741;-0.963674535845016;-1.3195950675255;-1.11578500733335;-1.35111353249449;-2.26012448766279;-2.08290215867004;-2.06323935560508;-2.39460900792774;-1.99797919579906;-0.590465734033775
4675;-2.46014059149687;-2.00349293668187;-1.98993065053599;-1.97241171455264;-1.57452400565198;-1.42759016425702;-1.84999467707608;-1.68796808293949;-1.58481472623529;-1.93926142672654;-2.30806474937109;-1.56350691434694;-1.65246245475137;-2.24524984489177;-1.23840970843656;-1.70669446777146;-2.12646963373219;-2.39319667775148;-0.637641642422967;-1.18964402083632;-0.922802285174071;-1.28078483262451;-1.09269033266824;-1.29116598459288;-2.2048812739989;-1.9815413880414;-1.96997110470405;-2.26307339107335;-1.93426289231815;-0.560910165156164
4700;-2.45189417055328;-1.95968469041678;-1.93462149443102;-1.96640694118965;-1.55303935714067;-1.33004771362294;-1.81385575672301;-1.65727700336045;-1.53954598151549;-1.92405020955774;-2.30578702525598;-1.50347314223592;-1.61292106880368;-2.22425438758071;-1.1737627407451;-1.62317065989138;-2.06615424558421;-2.26153467573643;-0.569093769156164;-1.11916182508624;-0.888056523602031;-1.2465504027948;-1.06949267602528;-1.22954682977024;-2.1389069665147;-1.88889679331167;-1.87551974254382;-2.14815474417186;-1.90295311057227;-0.519915225475543
4725;-2.44245575163355;-1.92507952258681;-1.87366241890049;-1.9540987351867;-1.52541939395945;-1.23717566159215;-1.77875048108242;-1.62796563566078;-1.49268284962406;-1.89377389095654;-2.28933358111224;-1.44199444721889;-1.57969493792756;-2.17979456052313;-1.1253277543226;-1.5516706842476;-2.00036160500969;-2.1380627137614;-0.486938873817408;-1.06712450990192;-0.859713919349953;-1.21700406931382;-1.04584878435453;-1.20562579018752;-2.06456193981085;-1.8120202491948;-1.78490070072705;-2.05538097364528;-1.88614699092913;-0.468987087338286
4750;-2.43174345744138;-1.90280477946559;-1.81006885065034;-1.93573027403423;-1.4930199200509;-1.15720589144447;-1.74488358089325;-1.58252186352796;-1.44459056580626;-1.84806414534855;-2.25219523298255;-1.38567369047088;-1.55066794272799;-2.11040587502168;-1.08882837281776;-1.49445602115213;-1.93168513808256;-2.03030889851494;-0.396495486157161;-1.03389486235851;-0.832607049100335;-1.18985623038912;-1.02317711482225;-1.19620809893559;-1.98959443688676;-1.75136737406466;-1.7032011921359;-1.99090066232667;-1.87068280052475;-0.409599534693595
4775;-2.41968549390487;-1.89219100710199;-1.74752270949928;-1.91725432220002;-1.45598821238088;-1.09465375437484;-1.71246663332829;-1.53118138597153;-1.39560762145601;-1.78781174685121;-2.19527496736467;-1.33546990100491;-1.52440256831799;-2.01841575112984;-1.06112182280883;-1.45235049534429;-1.86016885425662;-1.94137556264137;-0.302492687315081;-1.01806659187513;-0.805791394643087;-1.16462170331261;-1.00217845753091;-1.19592161611224;-1.91095652249178;-1.70791957820561;-1.63546830998022;-1.95558000318286;-1.84842448439784;-0.345481133974377
4800;-2.40620002402669;-1.88886171212656;-1.69038869857208;-1.90301722003341;-1.41649982346849;-1.05021417308964;-1.68140701232455;-1.48563595287837;-1.34609778911911;-1.71708656143648;-2.12020462523494;-1.29249454817747;-1.49759669681332;-1.90891018238704;-1.03809780561014;-1.42288020013605;-1.78715697648314;-1.87493936510084;-0.211956334886913;-1.01263210669259;-0.774557750014059;-1.13905192428558;-0.982167907153884;-1.19809198581637;-1.83385492123523;-1.68006713239771;-1.58504564113865;-1.93677501303053;-1.81221791674139;-0.282434682159556
4825;-2.3912152244262;-1.88829498965944;-1.64247644409503;-1.87115244493696;-1.37681849713056;-1.02044226420458;-1.6595611963973;-1.44178778239839;-1.29640045671793;-1.63701925879165;-2.03172235260519;-1.25775440558929;-1.4693937825299;-1.79330925848764;-1.01606324282206;-1.39745544989437;-1.71937623226906;-1.83126539199043;-0.128736650981762;-1.00475358658416;-0.745494470413459;-1.11526881147173;-0.962795817967938;-1.19674488895572;-1.76365101982681;-1.66137045690428;-1.55379848053589;-1.91567796896638;-1.76283257345017;-0.22385565886979
4850;-2.37464927888391;-1.8671218855818;-1.60729870173024;-1.85920599593763;-1.35209888515588;-1.00391688870829;-1.61074819826957;-1.40209310310508;-1.24687902982631;-1.55227385772481;-1.93490187992334;-1.22868556842513;-1.43568785154834;-1.67945522870229;-0.973066898705425;-1.36634512952353;-1.65765851327844;-1.8073296273456;-0.058139200743909;-0.971143080720658;-0.718965059724368;-1.08958954240116;-0.943879058542683;-1.19075954371596;-1.70548975431653;-1.64020636248439;-1.53984252451952;-1.87916756869067;-1.6983500486251;-0.173826000000503
4875;-2.35643035013702;-1.83915172049328;-1.58629648392496;-1.85953963662754;-1.32716847195646;-0.990721040886951;-1.58847658729159;-1.36255998673401;-1.19787275090388;-1.46896594148066;-1.83534992054331;-1.20523624187156;-1.40117257620416;-1.57344231772192;-0.940216587831936;-1.31296882281021;-1.60784310411564;-1.79327858546836;0.000349180086601786;-0.940221176528249;-0.693596066368389;-1.05867238041426;-0.925222282202799;-1.17389753056391;-1.66260332755652;-1.60297618769149;-1.53829373477962;-1.81837493035549;-1.62234670894276;-0.134764780757207
4900;-2.33647663034198;-1.79932017116596;-1.58007734565751;-1.85564878502544;-1.29494412133531;-0.974237508863125;-1.5812298415493;-1.3258243914254;-1.1497456919437;-1.39109635898215;-1.7416763500046;-1.17621730662374;-1.36828201431248;-1.47903319791;-0.913014186641797;-1.27400222136743;-1.56728766980275;-1.78331351322895;0.0434378658644372;-0.915660398481821;-0.666886530776381;-1.02412437105469;-0.906903169918298;-1.14538094943797;-1.63713592769763;-1.56295921504036;-1.53802209777337;-1.77636044467211;-1.53663597006497;-0.108539548020791
4925;-2.31471627838807;-1.74504353550453;-1.58395536718149;-1.8368569576454;-1.27051638303759;-0.955050685168282;-1.57995021847271;-1.29013091459758;-1.10283587766398;-1.3222809946398;-1.65876388246248;-1.12744104540617;-1.33504041972625;-1.40142668442302;-0.887670065805794;-1.23907923924962;-1.53731822643245;-1.76970661523864;0.0729625602008304;-0.890535998899484;-0.636955401408565;-0.986719595685753;-0.888542708047382;-1.10362118571528;-1.62802512621828;-1.53194788691007;-1.52408471704618;-1.7476459134622;-1.44507833114063;-0.0954267611192317
4950;-2.29106748659098;-1.67692816050023;-1.59183480795913;-1.79988316258437;-1.2276103559718;-0.918709016340046;-1.5757123996022;-1.25604957022352;-1.05750920637193;-1.26531878323212;-1.5913805116635;-1.09292977169717;-1.3005520185677;-1.34494145353305;-0.860519289540536;-1.21073792032303;-1.51842956652209;-1.73095517369287;0.0915642695626684;-0.86470825361183;-0.608390994832473;-0.948424437289916;-0.869775591088218;-1.04940945626105;-1.63140207687552;-1.50519432546488;-1.51579369207713;-1.72925010603202;-1.35838610879257;-0.0919487646622338
4975;-2.26479270459667;-1.59267943512498;-1.58863230756742;-1.74278813142841;-1.20622560357841;-0.890085481802775;-1.56203718462956;-1.22812410594801;-1.01274407685865;-1.22186059544087;-1.54183044178864;-1.06108156166969;-1.26398129802936;-1.30994524458044;-0.832334854658539;-1.18606973579005;-1.50927156495005;-1.7151847950216;0.105786261160184;-0.841853335340248;-0.585147341769599;-0.90963435003379;-0.85029434276176;-0.989305019715139;-1.64187521653179;-1.47858650400684;-1.51440819685498;-1.72076216522575;-1.27892416576169;-0.0920643957916777
5000;-2.22554506534095;-1.50089585551132;-1.58451240845984;-1.6664507499951;-1.20497831583899;-0.865689437655043;-1.53622610900246;-1.2086528608584;-0.986500016624548;-1.19352440225954;-1.51057293121314;-1.03415037332998;-1.22623064455714;-1.29271130130958;-0.807210970254804;-1.17525658490328;-1.50421979930802;-1.6963995703387;0.122637719393756;-0.822340880780066;-0.561025831870041;-0.874151208625812;-0.829674035656328;-0.934928584093049;-1.64804556055662;-1.45774077662061;-1.51363846900879;-1.72282426685858;-1.21234000702249;-0.0864957756538412
5025;-2.20121695828611;-1.40651144954453;-1.5875078587625;-1.5749736544884;-1.22370656622589;-0.844055311049227;-1.49871268038544;-1.19588762949689;-0.928677554754337;-1.1758555930018;-1.49663969665994;-1.01064757277518;-1.18960076087324;-1.28496968144661;-0.788373430848399;-1.15659879565521;-1.49174394145975;-1.66284315039127;0.158917659586595;-0.808226256755487;-0.538426613640055;-0.841356505850208;-0.807699373091833;-0.874717711506386;-1.63953399662053;-1.44079761931444;-1.51236801545935;-1.7321687294017;-1.16362897303494;-0.06317958378089
5050;-2.18833677182786;-1.32152087001598;-1.5915330030154;-1.47389120677;-1.26509888360837;-0.82222112354116;-1.44952962630582;-1.19188075631921;-0.883661988946815;-1.16374075084139;-1.4915872452359;-0.989155035457513;-1.15679823959306;-1.27480651102688;-0.77052007152007;-1.13718869493604;-1.47474970315153;-1.62751688905699;0.189453684551776;-0.806849478798896;-0.517776875148969;-0.808597374669922;-0.786529214714194;-0.812624786436724;-1.64466004340561;-1.42915911858678;-1.50893162877743;-1.74566777848609;-1.13731613077586;-0.0420076196384488
5075;-2.17376311465776;-1.25526402631692;-1.5946108203044;-1.37070574136923;-1.32288933885385;-0.799949038964174;-1.39289856265912;-1.1912387470105;-0.852698652078888;-1.15534339118199;-1.48934275356765;-0.970495177843629;-1.12817509803851;-1.24913694628513;-0.751423417890274;-1.12118062151193;-1.47495383323073;-1.60153329331943;0.211966192710403;-0.803575180645288;-0.499144517127181;-0.77293516632651;-0.761802192041144;-0.761188870402506;-1.65022783408022;-1.42372963104208;-1.50532390022704;-1.7607460870336;-1.13121122480968;-0.0226743507829491
5100;-2.14022150914049;-1.23453902922066;-1.59506449773398;-1.27060572967936;-1.38948962208516;-0.777047857517246;-1.32903006177878;-1.19773133193996;-0.833677475583716;-1.15247638387472;-1.47728803200087;-0.952794934747519;-1.10445186084467;-1.20882810050902;-0.731648973560077;-1.1099088734289;-1.48208884841033;-1.5906580825055;0.234256951753413;-0.806063338595849;-0.479367270938299;-0.74081372431564;-0.734863239390979;-0.730603103755022;-1.65596342760811;-1.42244992165392;-1.50003691902214;-1.77141216000813;-1.13362486974552;-0.00342757790948309
5125;-2.08443056542765;-1.22142857732924;-1.58621458400469;-1.17973869300917;-1.4586556509149;-0.75757811560747;-1.26235967413882;-1.20862792782646;-0.823109063829726;-1.13310429605889;-1.45399236220191;-0.937753571139815;-1.08743162593237;-1.18528710565245;-0.714889698564873;-1.10448731478517;-1.49496744708759;-1.59621794458989;0.255235872613812;-0.811897316882355;-0.461887941144798;-0.711552599276708;-0.708186956621095;-0.726392758919464;-1.65995818894185;-1.42662935961801;-1.49135074055951;-1.77373584260261;-1.13006996613799;0.0143273473838101
5150;-2.0083468540104;-1.21447724317289;-1.58156196334597;-1.10496172066662;-1.52400368781271;-0.740062834229708;-1.19844476641047;-1.22276480718304;-0.819824033588822;-1.11311530172589;-1.4441459998495;-0.923554149366671;-1.07652822267342;-1.16845436232997;-0.699272584999779;-1.10789584929261;-1.51203536731335;-1.61496304648499;0.273047702793071;-0.81936856302837;-0.44074184347347;-0.682892168317077;-0.684423263557795;-0.730947629563792;-1.66111979900259;-1.43353520895182;-1.48452514245849;-1.76648049210089;-1.10158721862785;0.027381519441876
5175;-1.91859297851692;-1.20864365314932;-1.59481012359554;-1.05539149053394;-1.57750528523705;-0.728713328843824;-1.14351132987504;-1.23996133349665;-0.817439950557242;-1.09183865850824;-1.43706574980332;-0.912298889572238;-1.07140566190976;-1.15477503590026;-0.684259338659067;-1.11707990863321;-1.53351111160442;-1.64768666094474;0.289005677764821;-0.823299798078312;-0.419356556598905;-0.654223932007416;-0.666182518531483;-0.722921323472835;-1.66068861930827;-1.4401137620717;-1.4769593820613;-1.74700347669669;-1.08133196646621;0.0466806159655172
5200;-1.82326725296298;-1.19996741393932;-1.61169939079361;-1.03012181587263;-1.61388675414512;-0.71977677176163;-1.10289727992469;-1.25687180823207;-0.812688378320528;-1.07478776237892;-1.43517516453747;-0.902262983244569;-1.07053626967768;-1.14193978480121;-0.670272305104387;-1.13169432484146;-1.5563147766235;-1.67226493479868;0.301757434812018;-0.823838274362535;-0.397483519757864;-0.62421353766433;-0.655067845057639;-0.728696640265698;-1.65769319333038;-1.44915908884689;-1.46828253456923;-1.71900558986238;-1.0738333651218;0.0680696816034036
5225;-1.73194782784358;-1.1884406719579;-1.62486325639678;-1.00240130434636;-1.62943104688485;-0.715654324423023;-1.08124049178569;-1.27187934198185;-0.804220994874822;-1.07047502557489;-1.43808865183514;-0.892232305746507;-1.07371738579067;-1.12742377002298;-0.659078305099479;-1.14889584130956;-1.57864005944228;-1.66621477913249;0.302709434723851;-0.822405858656007;-0.376238243745718;-0.593971021018011;-0.652424819174822;-0.757215856887671;-1.65628899351932;-1.45924489154857;-1.46088880688208;-1.69066375729511;-1.07385679397437;0.0880411394976638
5250;-1.65316267553651;-1.17831890039132;-1.62418862660757;-0.976204338018796;-1.62719602091799;-0.71806380594876;-1.07992121660181;-1.28481348363073;-0.792210264106683;-1.08477777058088;-1.43842658547458;-0.885656985182025;-1.07868568972531;-1.110218179919;-0.647807428324026;-1.16841214661141;-1.60046394366017;-1.64323366414388;0.310194595059362;-0.817087017786974;-0.353715974548902;-0.568019877455388;-0.657972252593597;-0.790834037090517;-1.65813252758832;-1.46921543293343;-1.44343159748758;-1.66087378937589;-1.07972529628451;0.104627249267227
5275;-1.59497932421854;-1.17687794460917;-1.60918728296764;-0.953459837285146;-1.60947601440183;-0.727881422818762;-1.0975657964675;-1.2950780735294;-0.777655988231245;-1.12230093614316;-1.43986188226886;-0.881870718435381;-1.08341772040258;-1.09165842076133;-0.637664704015311;-1.19256451365665;-1.61680365336272;-1.60875001951337;0.332603063198546;-0.813614213686845;-0.333010559446545;-0.545753916654772;-0.670725430783581;-0.829799763770836;-1.65819074602831;-1.47529405965301;-1.43223334108426;-1.61721717220464;-1.09109012563774;0.113873220033089
5300;-1.56167912820552;-1.19086519384667;-1.58108529679994;-0.931070704193514;-1.5854393338632;-0.742225549919913;-1.1295729362184;-1.30251106543457;-0.762426444841414;-1.16697396338401;-1.44287569712928;-0.879835119051371;-1.08738710762426;-1.07789782420541;-0.630424826862326;-1.21652475123244;-1.6288129394049;-1.56705196606568;0.354631095163858;-0.810224258157089;-0.311929617627425;-0.530841741509752;-0.688948982313052;-0.868012243997061;-1.65824319824381;-1.46739361752273;-1.43480644641997;-1.5774390943191;-1.10532753459826;0.114102075508809
5325;-1.55770610049107;-1.20593580464879;-1.54118975359324;-0.911693122441097;-1.56688786976301;-0.759936698805135;-1.16295289102192;-1.30799899241948;-0.74867394713184;-1.25297219304212;-1.44982883229007;-0.874574945664625;-1.08993600255391;-1.07681265517441;-0.622553917644306;-1.23510218359739;-1.63813315398791;-1.51928160436888;0.369552432484931;-0.808818903406635;-0.292619916937644;-0.524935880942888;-0.710209508109752;-0.903540183525186;-1.65831873526667;-1.45844867897177;-1.43930916270868;-1.56369784899318;-1.12369980822346;0.106002963807228
5350;-1.58230288048358;-1.22904667918426;-1.49501351610173;-0.941061273294487;-1.563675529424;-0.782519339160074;-1.17240341898914;-1.3166936931164;-0.739043081735186;-1.37961743242294;-1.45971260688395;-0.869191384170887;-1.09003156934181;-1.0721302128659;-0.61585865873484;-1.24411510803702;-1.64409642199062;-1.46794481980773;0.370306669078406;-0.808205594614424;-0.278803464403557;-0.524902390253372;-0.732019426916534;-0.934082841972086;-1.65708929808193;-1.47597355769301;-1.43783204686953;-1.56637806970242;-1.14244942584787;0.0894100517752482
5375;-1.6307929061635;-1.33679939873788;-1.44538326724747;-1.00800157695536;-1.56673096106491;-0.807327030027409;-1.20470973690716;-1.32376073848167;-0.736427308261165;-1.51582770728877;-1.47323240662771;-0.867743549264708;-1.08861523864361;-1.15086870320483;-0.611612636295408;-1.23954321083503;-1.65576191592778;-1.41989019742579;0.358520589842675;-0.811353560394749;-0.267471233665362;-0.52653295705498;-0.752020014366355;-0.954880751598082;-1.64587828686095;-1.50743548077215;-1.42059537377484;-1.58061739126903;-1.16189220712163;0.0709739465689589
5400;-1.69707213103331;-1.48158808320605;-1.39652007750352;-1.11011628582999;-1.57468990845738;-0.818230250666188;-1.2387167140371;-1.33004461221197;-0.742078637701604;-1.63741027543816;-1.49144026759202;-0.859054348416514;-1.08255764042623;-1.29356069082929;-0.606267784528215;-1.22048254780056;-1.65943585235368;-1.38409503568639;0.332813284258706;-0.815277365238285;-0.254378766632424;-0.528314833604654;-0.768871728807919;-0.965934077872355;-1.65477173384003;-1.53842631311111;-1.38728508827198;-1.60082367460784;-1.17760720252822;0.0527497692654874
5425;-1.77056939975264;-1.63280168364278;-1.35114325471074;-1.24223317815814;-1.5821558022646;-0.841007203661852;-1.2746671183704;-1.3356886062353;-0.759873168310713;-1.72389220047399;-1.51248026415405;-0.850704589416187;-1.07221623982743;-1.45835741729863;-0.600371144887376;-1.18668259231202;-1.6696695214389;-1.371171372806;0.297046438457215;-0.819644792190218;-0.239017602826042;-0.532035962997746;-0.780956400930509;-0.965488364274019;-1.67258370418815;-1.56050906406933;-1.34144796339957;-1.6194683151999;-1.19194462354575;0.0123987042970587
5450;-1.83894472071715;-1.76371429807992;-1.31343091183613;-1.39742463691112;-1.5826351232168;-0.87756837172455;-1.30940188790435;-1.34072442040569;-0.791026182567727;-1.76349300392878;-1.53584181347382;-0.844914505789562;-1.08634876322083;-1.6150483244553;-0.589554529816868;-1.14769565778697;-1.69024931559125;-1.37848094938203;0.254804952012561;-0.820834695124396;-0.234622440699974;-0.535415748606905;-0.792437638750943;-0.958932714494604;-1.68677064569329;-1.57069496205449;-1.28747906113491;-1.6287712968992;-1.19351197835154;-0.0327366712815727
5475;-1.88571405804718;-1.85317034242616;-1.28572292823564;-1.55220257079827;-1.5692615852342;-0.914723071112592;-1.34100639915922;-1.34522842791941;-0.837395324029476;-1.75516088266836;-1.55968219317484;-0.839158950514264;-1.1094381263653;-1.73429941850623;-0.573305630324001;-1.10940675665214;-1.70705127859311;-1.41399204913332;0.212637054225858;-0.81941588192585;-0.23778685011446;-0.537338467845116;-0.776871613615759;-0.939779368540863;-1.68926875954482;-1.56571615653345;-1.23115300329906;-1.62836326761676;-1.19663844474802;-0.0687456684822515
5500;-1.90593572388877;-1.89532859703867;-1.26980265511366;-1.72161627964228;-1.53916571823633;-0.939105873226901;-1.36969230478766;-1.34849841491413;-0.894442482255695;-1.70039431963225;-1.58408238215707;-0.830295955273466;-1.12495142683173;-1.80263434106461;-0.558166994341563;-1.08067916409281;-1.71074076208834;-1.45308990923119;0.174126789622039;-0.808905448678698;-0.23521845824066;-0.543853601440279;-0.777902687142262;-0.952755820800864;-1.67832298255181;-1.54393503447611;-1.17805452621896;-1.61703775900227;-1.20219773706901;-0.0908435728684299
5525;-1.92799038385942;-1.88110536105239;-1.26639850087656;-1.89955493552794;-1.49250050848898;-0.946611460869443;-1.39625632157115;-1.34020678812946;-0.922229479454292;-1.60494267727005;-1.60748285065;-0.82011427924503;-1.12665014226711;-1.80881948077081;-0.546959603274208;-1.04682809845735;-1.69921572019002;-1.48412072060413;0.148249196497603;-0.797531610832926;-0.229690977651369;-0.550974669370014;-0.800562598331038;-0.975896922577347;-1.65232016532511;-1.50998064613956;-1.13366260765175;-1.5951455731589;-1.20895403943783;-0.091092479994553
5550;-1.95271925822697;-1.81344644814926;-1.27140805211239;-2.06046142481579;-1.43252022125084;-0.934729613218779;-1.42212554294796;-1.34582565155357;-0.958449531025947;-1.48757918096445;-1.62765747262983;-0.809406562057769;-1.11179465371795;-1.75371314503542;-0.534896742890978;-1.01794984399262;-1.66954373457514;-1.50099083445482;0.14563730542548;-0.783640497340677;-0.224909169692365;-0.546422259355626;-0.833061481207589;-0.999273284164522;-1.61412927005416;-1.46510734214313;-1.10211840215236;-1.56367242779528;-1.22142500945887;-0.0700366932166235
5575;-1.97563349038948;-1.7056024014022;-1.28009014561331;-2.19220278800473;-1.36076689897657;-0.901713159664657;-1.44836830991513;-1.36555948746725;-0.992104117051593;-1.37370313257316;-1.64632511625383;-0.801027636302569;-1.08078818542257;-1.64760553661493;-0.517871085938509;-0.995363063297938;-1.6324069939026;-1.49996509716039;0.153818546946715;-0.761046861846651;-0.214375152586138;-0.542630690243811;-0.862278014266991;-1.01408584259277;-1.56733814810722;-1.41240716365002;-1.08695454148262;-1.52480985698463;-1.23995115049801;-0.0306281181712283
5600;-1.98992471228692;-1.57464008890516;-1.28244966247257;-2.26680337332053;-1.28358878140974;-0.85435714852269;-1.47316110718251;-1.38498124746382;-1.02324488470087;-1.28727505218591;-1.66128783061878;-0.79800310649062;-1.03405379813878;-1.50674817644276;-0.499725816185998;-0.980517123830863;-1.55723712258451;-1.48539063514436;0.175633657897734;-0.740753605056699;-0.200439319404669;-0.537924303966735;-0.876253174697335;-1.0150219782737;-1.51583421308605;-1.35564445862892;-1.08841175918702;-1.49418991131177;-1.25565473488522;0.0197363995377692
5625;-2.02046568672597;-1.44290220663366;-1.26458546960026;-2.27128862827636;-1.20745290938679;-0.805494392012611;-1.49674004315492;-1.39453666172048;-1.05335719721341;-1.21735196283192;-1.67167573500076;-0.806923500282292;-0.977697514117056;-1.34874489010425;-0.480795595633653;-0.972688684196562;-1.46405963577164;-1.46476468160404;0.209581019258769;-0.725437069318366;-0.181210075831855;-0.548824716907314;-0.87303483738124;-0.999122725835176;-1.46269783249316;-1.30000790790176;-1.10596941160319;-1.44204438237948;-1.26640410921668;0.0708715128474503
5650;-2.04907927821292;-1.32713525266976;-1.24911115731953;-2.21654995792314;-1.13924373490938;-0.722120316360332;-1.51904888254339;-1.38935083451969;-1.08430842292821;-1.17069933173433;-1.67802805028383;-0.797322636818064;-0.915942547183837;-1.19891162531343;-0.46131681499002;-0.969885915204596;-1.37074027911469;-1.44670278925008;0.252282021926552;-0.710318083356218;-0.150141395030088;-0.551179921724357;-0.855144661781088;-0.966915988543582;-1.41366790344759;-1.2493061550014;-1.1369094238127;-1.38543343958765;-1.27312145933566;0.116565958439947
5675;-2.0663158766762;-1.24089865507319;-1.24091318798922;-2.1264452155801;-1.08226368601258;-0.624776629472334;-1.54002496072;-1.36617682401809;-1.11365381452094;-1.15302450578005;-1.68253005122673;-0.859413426167935;-0.851897147519535;-1.08055457931142;-0.444281099993856;-0.966677858816719;-1.29283339377289;-1.44426214961189;0.298318334607395;-0.692082264076152;-0.118648445266453;-0.541140724714184;-0.820081469022923;-0.920713802514635;-1.36869376976564;-1.20948611798225;-1.17505274438071;-1.34134468928929;-1.2805090944031;0.162272359767994
5700;-2.07350475183694;-1.19343119253583;-1.23659136092636;-2.00611470505207;-1.03854054256049;-0.536497519900976;-1.55962574505054;-1.32659598046516;-1.1415752196805;-1.15857354828883;-1.69023309442249;-0.978353156722547;-0.791287795770715;-1.00670699317899;-0.43024670548314;-0.963193330041788;-1.24007842423096;-1.43059243131959;0.334623888551869;-0.673295426064243;-0.0882668903735795;-0.534990839679138;-0.774751630977511;-0.864850799538887;-1.33497556837078;-1.1816443131525;-1.21321977299833;-1.32653594578317;-1.28101672532598;0.201408653792571
5725;-2.05463067100693;-1.18719450372489;-1.23647487189407;-1.85205593278578;-1.00922126020063;-0.472281797595515;-1.57721218977242;-1.27240169854448;-1.16807668642655;-1.17974721337853;-1.68684958004389;-1.11381381188019;-0.740416902245194;-0.985694078534855;-0.4216311448304;-0.951046408179851;-1.22094172917406;-1.4157692382898;0.346562606103001;-0.654548044833277;-0.0580885352609146;-0.544682129214139;-0.724937934221504;-0.799350416888227;-1.31545617765234;-1.17049038887315;-1.24353648006072;-1.34369823371159;-1.2761285705847;0.231810563913066
5750;-2.0039657604857;-1.21397779611174;-1.23820741919313;-1.68879200725582;-0.992884597052733;-0.444725368045228;-1.5796176975029;-1.20687713946487;-1.1878540039447;-1.2032265656883;-1.68912377969005;-1.23752511454965;-0.701231907464447;-1.00785363598354;-0.418553714359661;-0.929452611345139;-1.23271620009075;-1.37859566042342;0.363576247349278;-0.638396133873568;-0.0315361965320868;-0.579686150929104;-0.673597899227229;-0.728769672361935;-1.31288809135851;-1.16961631208727;-1.2457124533295;-1.37335785732406;-1.26566062788243;0.252634925046827
5775;-1.93780443015444;-1.25735638115931;-1.24407175850772;-1.53217827033777;-1.00093424926035;-0.453223791080039;-1.59154988385756;-1.13529966969065;-1.19671003973957;-1.20385982633653;-1.70936862554269;-1.32885737235146;-0.674228556285671;-1.05893819751111;-0.420855927183564;-0.902235295908895;-1.2754947710822;-1.33014533445581;0.383090029616237;-0.626674485374245;-0.00932407518562539;-0.638392733974801;-0.625123871251501;-0.659618976257931;-1.32528611957573;-1.164105860237;-1.25152477481885;-1.38872507469673;-1.25165293683992;0.263869757791117
5800;-1.86744395137577;-1.28974784857932;-1.25266980500572;-1.39598868568505;-0.988940960878025;-0.499266230293743;-1.62850256188745;-1.06348452609369;-1.23209641244294;-1.16963638655362;-1.73375708112587;-1.36777165734774;-0.660414363089685;-1.10714055277236;-0.428275337489545;-0.870797359688099;-1.34051857839344;-1.28011570846563;0.4031622539481;-0.618594444432436;0.0101825623370304;-0.717209195467935;-0.58307171712832;-0.598766850997515;-1.34762245669108;-1.13459600824152;-1.25912907497229;-1.42181009196323;-1.23409893099099;0.267645806073192
5825;-1.80325827803557;-1.2711067953906;-1.26563489708087;-1.29182245515442;-0.957568867272982;-0.57458912427976;-1.6678859704471;-0.997796593097695;-1.27374512686405;-1.1456331475051;-1.75024191910954;-1.34936687139658;-0.658820028345359;-1.10510374018098;-0.433623318234182;-0.840585760254483;-1.41403905412035;-1.23482268740375;0.420034776485896;-0.615385245488124;0.0300326605499854;-0.806935103992052;-0.551740831283094;-0.552640130993975;-1.37642101665417;-1.10643299612484;-1.26740517276139;-1.46897657228435;-1.21282503252417;0.267948899169908
5850;-1.7527164727008;-1.24141153777141;-1.27138140393073;-1.22484403257684;-0.915073447346457;-0.664030838875006;-1.69489879127175;-0.94376438107642;-1.30857277980318;-1.12298722275869;-1.75116673516348;-1.27654689252245;-0.664356074155946;-1.04794091522262;-0.438616932456875;-0.815334730479709;-1.48376205159367;-1.20201655860802;0.442635013414018;-0.616722500258441;0.0471766526137543;-0.897166262296814;-0.533610508383899;-0.525685471187139;-1.39721530564282;-1.09021739056533;-1.27667352510169;-1.51845469783903;-1.18872292931287;0.271682080497364
5875;-1.72191283218216;-1.22806337640275;-1.29498879338744;-1.19700763905841;-0.894101700088555;-0.748571129667792;-1.6977219679829;-0.906079946692922;-1.32625699353877;-1.0999045177848;-1.73275661741152;-1.15473498596753;-0.66801474651995;-1.02006459056488;-0.468333230656115;-0.796250398675271;-1.53882707645348;-1.1874670865477;0.471430602097535;-0.625010450809597;0.0632406253727911;-0.972711475783348;-0.528676149654639;-0.520253354587621;-1.41670366878256;-1.07794604288598;-1.28377098715571;-1.56949842781054;-1.1632795066565;0.289919965095416
5900;-1.71433471594408;-1.21094688219094;-1.32952916561897;-1.1984793419567;-0.894909671670249;-0.805475381514249;-1.67146704584118;-0.886848224210782;-1.3206976505864;-1.07684427683034;-1.69288311059728;-0.99180218146552;-0.652442942652213;-0.994084980367895;-0.506211345112423;-0.78669439306494;-1.56052838686981;-1.19367519783603;0.499933117341183;-0.637793387113669;0.0840945267668738;-1.0228154535442;-0.534027759246464;-0.532466793467566;-1.44941664374669;-1.0686527547808;-1.29042572997654;-1.61670949012878;-1.13851978592012;0.310541460009495
5925;-1.72707427427945;-1.19262881655468;-1.36407023512579;-1.21780175649254;-0.919459404341879;-0.859965687683173;-1.62003545328346;-0.886364053547812;-1.29167552712983;-1.0530916198937;-1.6317842341439;-0.815038989998464;-0.636985552379955;-0.97486201583967;-0.538372677179509;-0.786312458991942;-1.57030130064729;-1.22525062165486;0.527640495808299;-0.654995357479077;0.107950967185447;-1.04462517272329;-0.545022859949722;-0.555988178399509;-1.48612090590089;-1.06446982258549;-1.29622864952221;-1.65353890169075;-1.11099041083752;0.317109495142685
5950;-1.76114464111401;-1.17503307014183;-1.39149143043292;-1.22725926252156;-0.969103050539017;-0.901738210012908;-1.54381794019011;-0.900938853514904;-1.23832546031771;-1.02918412705087;-1.55507560497002;-0.646173329119575;-0.637352368599192;-0.963195116540797;-0.549942306194225;-0.795299536955105;-1.56517659374666;-1.27332190005328;0.553319600272916;-0.675101365154249;0.128558416588119;-1.0262979630131;-0.551866885008385;-0.576642300604406;-1.52540281333737;-1.06548124995895;-1.28894928144138;-1.67156743617875;-1.07369706768316;0.318505787155258
5975;-1.80898569062672;-1.16033705009762;-1.4061585491981;-1.21365001939537;-1.03799452897297;-0.923446247858405;-1.45233761148528;-0.922048341720852;-1.16700454917201;-1.00577224014961;-1.46760809388233;-0.504114240602053;-0.644796193042148;-0.95827568630471;-0.539892226139489;-0.811863852601295;-1.53019557850646;-1.33608135209408;0.574408828020787;-0.697600139897419;0.146755234734295;-0.948231127065374;-0.522147659579967;-0.579500834736895;-1.56524200680191;-1.06752795996399;-1.29344855364833;-1.67343338911797;-1.04578147669321;0.31589951062096
6000;-1.86206929913695;-1.14984734254213;-1.40412401956178;-1.19579676370574;-1.12039671567845;-0.920434778841443;-1.35158819253868;-0.937149221367843;-1.08368019184084;-0.98385521536323;-1.37825131993309;-0.401036004979769;-0.654362240327337;-0.960559334993656;-0.5119186191719;-0.835362325322949;-1.4976946533359;-1.40975777001038;0.587599181432339;-0.717758158563824;0.171799406934361;-0.829030324388073;-0.504086169080969;-0.604080924643019;-1.60375373202417;-1.07344999819072;-1.32261574896903;-1.66460543773724;-1.02273626078976;0.306339613865649
6025;-1.90903961847463;-1.1439590804822;-1.38682174100223;-1.1693686378339;-1.20003700592866;-0.898321145291908;-1.24205797252156;-0.936183828293991;-0.994850733684335;-0.962600075069895;-1.28986524511968;-0.343834784324521;-0.667055204733359;-0.970884623949008;-0.470863623482985;-0.862683167739618;-1.4807621906152;-1.48738940650675;0.605980926263607;-0.736623482313751;0.193018105114434;-0.716333168510086;-0.490278099079296;-0.633212891164596;-1.63909909301354;-1.08666793701187;-1.35075831358592;-1.65007753881599;-1.00687642831613;0.307021914404802
6050;-1.94238460823482;-1.14377455483049;-1.35666950637079;-1.1433090889276;-1.29152341768524;-0.863084389223967;-1.13416434010793;-0.948391123416746;-0.911641596040112;-0.944244213058043;-1.2073224641396;-0.333071001150239;-0.680273948790575;-0.987154341306294;-0.413274208377794;-0.890410351297428;-1.47918731776805;-1.54243057215245;0.631398150056323;-0.749753334888856;0.21063048694255;-0.609660753446736;-0.486195232254397;-0.66201797380778;-1.67045927946596;-1.10186140987999;-1.36865594832625;-1.63154949624449;-1.00274122662506;0.287836782057518
6075;-1.9466715426014;-1.14790188240122;-1.3180398330502;-1.125133057848;-1.38378499369557;-0.82711596380197;-1.04031972762998;-0.965214678740219;-0.840405875410694;-0.929240791899815;-1.13720927758001;-0.356818256350575;-0.693546272463569;-1.00999101203464;-0.348551689575882;-0.917461265414533;-1.48610962918413;-1.59257353604135;0.653993711625246;-0.759606262430649;0.225275754127653;-0.529280370646872;-0.492264664356803;-0.689541837566931;-1.6985820696151;-1.1208822867174;-1.3725764789588;-1.61888804733332;-1.00948874641721;0.257550460333338
6100;-1.93370682008317;-1.15737181547701;-1.27312682364885;-1.1076744876096;-1.45779228708562;-0.810885949208551;-0.971055543067473;-0.983961302310935;-0.787124587546592;-0.917028719762454;-1.08469673573122;-0.387830852324029;-0.703287395479661;-1.02379104527235;-0.28114828416432;-0.942117336837268;-1.46795200689539;-1.66649264852999;0.676352796645089;-0.767157731298447;0.238127460094804;-0.46679628898061;-0.505376491746924;-0.712698336377408;-1.72188452946732;-1.14199384686025;-1.36023485793745;-1.61794049983355;-1.02270049124709;0.229193948225707
6125;-1.92235454323583;-1.17346429155684;-1.22635917461383;-1.0920917774381;-1.50394032741789;-0.809064020142232;-0.935424139392596;-1.00389964919325;-0.756549427201991;-0.9075885048049;-1.0533855284164;-0.390220331325109;-0.713373545541705;-1.04828702934222;-0.213729645149679;-0.963775729968332;-1.43978273831378;-1.7288926599116;0.695966155073356;-0.778700255664832;0.250301591092062;-0.452494348841886;-0.527246601493577;-0.730728337355661;-1.7417327921329;-1.16491943784365;-1.33244263440195;-1.592570091624;-1.04026030505142;0.212145962117648
6150;-1.90708048389027;-1.19390213154386;-1.18219787541274;-1.08840872262764;-1.51353108118302;-0.793585064745918;-0.935016049916807;-1.02314669509603;-0.7490690143647;-0.903031483923065;-1.04239517422229;-0.33857743081612;-0.719882141769029;-1.08783012458686;-0.155715654991038;-0.982257566962586;-1.40062197208101;-1.7575766351681;0.715431747553716;-0.787544439335989;0.263020196870275;-0.44141765833572;-0.556508327982449;-0.744722435992239;-1.75727374633456;-1.18575615780964;-1.2901320999385;-1.5634367296228;-1.06411074517383;0.208856319843364
6175;-1.89879316221624;-1.21715167998374;-1.14603589552226;-1.07732431755766;-1.49045325194639;-0.777511470052298;-0.967030012958642;-1.04315597317742;-0.759031948023562;-0.904612161188994;-1.0462925643871;-0.318141015302244;-0.723989117699427;-1.12178476406184;-0.108405570236493;-0.995981060068949;-1.35312860678062;-1.74936560681503;0.733308079488869;-0.795509886753607;0.272254779187704;-0.432499390766488;-0.586609539229362;-0.750719624359131;-1.76572759727021;-1.20642436115393;-1.2370152989913;-1.53019890130177;-1.09424754566296;0.219446383665996
6200;-1.90525463666007;-1.22706746322438;-1.12064662723244;-1.04205392932584;-1.43961713289838;-0.761649049380559;-1.02123192124381;-1.0640982647538;-0.780801936684339;-0.911576295275766;-1.05361939772167;-0.299092100814901;-0.726818594396642;-1.13909564847645;-0.0753340684964461;-1.0123119572829;-1.30122325473747;-1.71535550051987;0.74526020292497;-0.802592872561131;0.279282685776491;-0.421888618922882;-0.62064692039327;-0.75609594671282;-1.77100005501903;-1.22242438153044;-1.18011797792848;-1.49548621795274;-1.12262045967321;0.245524405431141
6225;-1.90467773881285;-1.25307860719224;-1.10548568457968;-1.03066500415876;-1.37367336159395;-0.74793406329146;-1.07720169915884;-1.08513738446147;-0.802798250336167;-0.92607670061545;-1.0494594872166;-0.278576895117267;-0.731568848093283;-1.13353221255008;-0.0595290999032643;-1.02611434033639;-1.24885696922866;-1.66457137643019;0.755115041825927;-0.793886885186211;0.287780882393289;-0.405840363386389;-0.655470132561834;-0.784257686601191;-1.77216201785561;-1.23831650080678;-1.12498728806712;-1.45937656753979;-1.15126689487927;0.282483985081726
6250;-1.90197750578215;-1.28771332691156;-1.10062028487736;-1.04306330925202;-1.3140445609681;-0.735047641326708;-1.11385708387005;-1.10602199833974;-0.804333346710717;-0.948232359496921;-1.0575429756692;-0.259976299213866;-0.735551022374599;-1.10434783335705;-0.0568914539390222;-1.03864754613;-1.19835143506165;-1.57792626432869;0.762693299503373;-0.79854116456416;0.292203762357822;-0.381455177101729;-0.688217510895612;-0.81283920349358;-1.77075041622803;-1.24856280060861;-1.07299330529075;-1.42287907848797;-1.1797416730783;0.327365431125228
6275;-1.89890129953078;-1.31825797524288;-1.10201364205489;-1.06925584328663;-1.27276049102942;-0.712296890353012;-1.16254035352477;-1.12649605236176;-0.793783611919064;-0.975792089934157;-1.07921707449471;-0.2439256250081;-0.738942486610966;-1.05678969606778;-0.061683074353557;-1.03177158731475;-1.15642622185384;-1.47605645152635;0.767940230960261;-0.824930483346252;0.294438129798076;-0.345833509054314;-0.717486071011633;-0.830514131615481;-1.75818562033143;-1.25557517724438;-1.03228366374651;-1.38885282969789;-1.19095203367097;0.375638058436248
6300;-1.89542459480002;-1.34109212013335;-1.10274413821053;-1.1013651918944;-1.22014297803076;-0.679149051505319;-1.22027023391617;-1.14636598697882;-0.797918935737443;-1.0115116821661;-1.10806689624559;-0.230418562274609;-0.742060773058013;-0.991669594393471;-0.0676955065379929;-1.04613931211516;-1.12434486207762;-1.36842304951374;0.767937549124558;-0.854417311781784;0.298124521292793;-0.300005294386801;-0.740989688759793;-0.830590625196354;-1.74112676524614;-1.26140214336616;-1.0017882506019;-1.35940064775868;-1.22139161554265;0.42345398843709
6325;-1.89152641369308;-1.34782053974992;-1.09483167271788;-1.13267377151515;-1.17660690495079;-0.678295929810631;-1.27521768547077;-1.16047335731728;-0.801758841167744;-1.03897929821897;-1.14127508180446;-0.220821723096225;-0.744997535678205;-0.915700235775744;-0.0600061164684349;-1.07716303603418;-1.10377099910281;-1.26418882472462;0.75902643152876;-0.868996577639139;0.301303063121052;-0.247881542356143;-0.758898851600557;-0.812213379286747;-1.74513852340065;-1.26363616769056;-0.985855172252035;-1.33455383676386;-1.27303153356278;0.46592773189418
6350;-1.88718226438309;-1.338416420193;-1.06831404558176;-1.15791423288379;-1.14610607390846;-0.692096180148344;-1.32287056365761;-1.16767426568372;-0.808183247604186;-1.08351068808314;-1.17652806741891;-0.216305221894969;-0.747854713132223;-0.837594981102985;-0.0452678627983603;-1.10691194307028;-1.09623606577355;-1.17315525172928;0.752263853681173;-0.864357820514247;0.303094758052112;-0.197434917811686;-0.770638151571726;-0.778292951114493;-1.76096315262259;-1.26334585532237;-0.984182495399717;-1.31458937888409;-1.32225489526011;0.499804784049157
6375;-1.88237114159774;-1.31031957533931;-1.0479787974791;-1.16934991073054;-1.12951858992962;-0.708258494451512;-1.36078047983692;-1.19601968910099;-0.815614310292239;-1.14467386886475;-1.21118543396245;-0.215343847677338;-0.750733795679426;-0.763784773554775;-0.0468692774637831;-1.12105773658447;-1.09881074350902;-1.10397435895068;0.742244512790182;-0.836753782904496;0.301794790161613;-0.157285353246662;-0.776426363311102;-0.729982978816656;-1.77610526423344;-1.25878450607628;-0.992386514780219;-1.29916225261526;-1.35728177694408;0.522590047323762
6400;-1.87706857614627;-1.26718987570073;-1.02557955675807;-1.16728201350478;-1.12755601886009;-0.715429621199496;-1.36994780111331;-1.22870895271296;-0.825577281010393;-1.20842676609838;-1.24288423728869;-0.217582377292991;-0.753737019610042;-0.697344071975673;-0.0546104055834991;-1.11704866894447;-1.11063009823747;-1.06032552691978;0.727704524987916;-0.788386215053352;0.296875409762299;-0.136225889212059;-0.779069805840366;-0.670078374976274;-1.77425063202278;-1.25323856410429;-1.00341460918124;-1.28550291490768;-1.36787386140935;0.53432323233671
6425;-1.87123124731414;-1.2131403157663;-1.00240929766051;-1.15048720248102;-1.13644845694687;-0.710623303129361;-1.37965975190288;-1.25263315732461;-0.839404292248964;-1.26285732335703;-1.2691294680725;-0.21234415225931;-0.756965656304312;-0.644906681339269;-0.0679208711163031;-1.08864007582888;-1.12447732034537;-1.04550834501743;0.709471465495755;-0.721708488504368;0.289776728338832;-0.136585019854027;-0.783774627046926;-0.609217074484635;-1.75546339007525;-1.2457876091072;-1.00446830956154;-1.26820825054483;-1.35546291529333;0.536168305694589
6450;-1.85654540436041;-1.15025710546489;-0.978621936514898;-1.12204069529451;-1.15029443414369;-0.688598396903476;-1.41400527080539;-1.26165798679659;-0.853758364754172;-1.29663869622074;-1.29204559397483;-0.210613888407083;-0.760522058143472;-0.61130040060094;-0.0801128800040396;-1.03828266674015;-1.12884737087331;-1.05339379801453;0.688613566141568;-0.639126204142309;0.281532881883689;-0.143341124554317;-0.785777062166303;-0.550825012086019;-1.72060278692396;-1.23630164040445;-0.980779495719597;-1.24715450272706;-1.31560717600232;0.530889821142615
6475;-1.84436116751816;-1.08589685866905;-0.955150255214113;-1.08652099991831;-1.16046713393648;-0.649147378983467;-1.46666915186822;-1.25292839145065;-0.872087635942424;-1.30695417012225;-1.31298932192659;-0.214526840489357;-0.764507500377048;-0.594973762701075;-0.0906775491204219;-0.962900610142017;-1.11420463650565;-1.07864380145839;0.662504390615759;-0.545774713659224;0.27444579418889;-0.12718855688768;-0.784514191671656;-0.497280525868158;-1.66839167677736;-1.22298155369761;-0.973334328696307;-1.22704225273026;-1.25158089002895;0.525614586652214
6500;-1.85117490222547;-1.02238746822088;-0.929516592741589;-1.04499194752441;-1.15620488486211;-0.594425473609063;-1.52189303055901;-1.22777040892117;-0.891015089123748;-1.2947663261287;-1.33534447196534;-0.221532494437176;-0.769024247790347;-0.597073483652421;-0.108187749626673;-0.869496016148688;-1.10914318587595;-1.103912214526;0.630528287840407;-0.450124093135573;0.269010057857397;-0.101831023236457;-0.804363695632055;-0.45254207152959;-1.60241841220881;-1.20812516586054;-0.974768019901344;-1.21152822369246;-1.17261583509232;0.530533901084539
6525;-1.86196994565661;-0.966757535732784;-0.90479483718256;-1.00061744513728;-1.12956696263186;-0.528375124591229;-1.56785512089875;-1.18798253088714;-0.910907850947593;-1.26128636523643;-1.35584870377349;-0.226775993226907;-0.77417128311975;-0.606521807686841;-0.123457361800313;-0.769279309410264;-1.10972965348646;-1.10943347134945;0.594309293362754;-0.358540929609505;0.261089913974683;-0.0893700030983789;-0.827721964958296;-0.421383924543451;-1.52792650178419;-1.19234632396446;-0.974864154344032;-1.20000975311561;-1.0814300867638;0.553414556917149
6550;-1.86430189670616;-0.921691349749138;-0.882357646346568;-0.958860919898569;-1.10681404228944;-0.454208490930709;-1.60207931651863;-1.13615424421681;-0.933401071030381;-1.21195611505142;-1.37483064080666;-0.232750329786392;-0.782519328931606;-0.616323281889324;-0.133885723993453;-0.669378244689627;-1.11160147693597;-1.07643229686483;0.555775158659806;-0.278843090823089;0.252972855438395;-0.0755018901259231;-0.843884659379454;-0.402977413482753;-1.4507537235131;-1.17308405698787;-0.977090004065501;-1.19479258716906;-0.989991101463399;0.563473692053206
6575;-1.85497541420163;-0.8893910397278;-0.863053251007297;-0.924147212834905;-1.08345565892464;-0.376282853857864;-1.61793471205569;-1.07643943141489;-0.957144028814519;-1.1511128694615;-1.39257513702561;-0.237605109343551;-0.794222733269375;-0.615125950854734;-0.143874807658388;-0.578946776866862;-1.11296465312697;-1.042005571068;0.514897999469277;-0.216598683697028;0.243418075959226;-0.0604623615242027;-0.84612595178868;-0.395930286694962;-1.37502906728969;-1.1545785182341;-0.980595804656891;-1.19496143187052;-0.903585229497088;0.569551699733837
6600;-1.82817723294511;-0.87123368632555;-0.844659782619229;-0.902935056023254;-1.05922644928616;-0.303596292290201;-1.61519943283622;-1.01545305267777;-0.981806054775693;-1.08698459129816;-1.40402052362523;-0.238795737859915;-0.795439919987022;-0.583596905258046;-0.15190272535793;-0.504284298853531;-1.1148331498594;-1.02196715077787;0.472010268167965;-0.175597012107038;0.236456447993607;-0.0454368629771319;-0.831142725088949;-0.396986094504805;-1.30921859670736;-1.14245749025216;-0.984539022204602;-1.19748856566112;-0.829999993794464;0.573258918942397
6625;-1.78340204423142;-0.864261030713537;-0.827683356888511;-0.896590343841745;-1.03666079538453;-0.240485243985807;-1.59194204841487;-0.958264127973301;-1.00961345187229;-1.02511990013443;-1.40585838188212;-0.239739543588654;-0.778351023021926;-0.568266310085042;-0.160607361604786;-0.450717649522654;-1.11866794319889;-1.00284267113136;0.447703507644228;-0.159936614120257;0.22704921778239;-0.0350695461302502;-0.799090860315081;-0.402686448384448;-1.25476240469241;-1.11464963588182;-0.98970334664063;-1.19960314384731;-0.774937667178757;0.574710745020825
6650;-1.72374082500284;-0.860192527582442;-0.814082671761233;-0.909916329629258;-1.01495545856055;-0.194532341883044;-1.55033943270819;-0.906830016163073;-1.03686528015562;-0.972351697724271;-1.43231944074601;-0.23876423799572;-0.785751019163203;-0.559008887591243;-0.174683146220338;-0.422083629764119;-1.12179923744987;-0.986435638336946;0.408086790195093;-0.163678204807554;0.219399239589889;-0.0291456241070705;-0.750421111816742;-0.403166026636893;-1.21619071733983;-1.07925297075262;-0.996010365609933;-1.2058055219147;-0.738862802571621;0.574850810876288
6675;-1.65212197065435;-0.847993567745846;-0.802913383345425;-0.896106083909836;-0.998791824778988;-0.169501773570895;-1.495726566493;-0.867389518945455;-1.0504774299897;-0.931991931935193;-1.4634723886333;-0.235019405058494;-0.816111306553735;-0.552902872119891;-0.193342844037518;-0.419603432383608;-1.12505879547561;-0.971665393766339;0.350348458224311;-0.180496993368147;0.211965138326283;-0.0245891035848559;-0.689563815746638;-0.379404663487259;-1.19271951780329;-1.0452672876546;-1.00067120646328;-1.21285532358289;-0.723148758116991;0.5730661993925
6700;-1.57092495315879;-0.818813172452008;-0.794575921170137;-0.861911386446721;-0.986022243734222;-0.166657290132728;-1.43285415522881;-0.843731397527759;-1.07179444658569;-0.904506871713129;-1.48890550916311;-0.229598403575754;-0.855341837510397;-0.552411389292798;-0.219505928207024;-0.436428378938058;-1.12793395721291;-0.96019732274519;0.292772290963595;-0.195038131101597;0.206926664865949;-0.0226758781262502;-0.620156237531686;-0.358957989907399;-1.18589715331261;-1.01610158981053;-1.00787754681124;-1.22176753267545;-0.72148752402361;0.571591553977473
6725;-1.48622322416452;-0.803795629002583;-0.78491339846706;-0.832952392382978;-0.97624151381612;-0.184210668126602;-1.37066991926247;-0.836763896767647;-1.10776699016384;-0.889853418740124;-1.4987265597229;-0.222141342593059;-0.894831232493579;-0.556121159489358;-0.254785768758262;-0.466330113550393;-1.12826179664464;-0.95349197891713;0.248533640950948;-0.190653877585511;0.209065890577901;-0.0235961960275358;-0.54790628864306;-0.351207923005191;-1.18667975554713;-0.997652714872727;-1.01813675701738;-1.2274788675047;-0.721010639131388;0.567594514417275
6750;-1.40558231068432;-0.788354515828413;-0.776524613805918;-0.802932798129796;-0.972866666302104;-0.207207096502953;-1.31532024848481;-0.84069571561994;-1.1439068664727;-0.885040877933221;-1.49080182681924;-0.213985893905585;-0.928174527337067;-0.562727387532756;-0.294614168294293;-0.49217694679849;-1.12610302679658;-0.951362570904871;0.227088363044803;-0.203631952684924;0.211291115053247;-0.0269415064811599;-0.477046917769533;-0.347784679913068;-1.18696976454145;-0.987446424865575;-1.02882436740837;-1.23048792832971;-0.707692677117428;0.562914910923898
6775;-1.33494993208353;-0.773833892933678;-0.768558037082076;-0.772054925766763;-0.9730769422429;-0.213076796575696;-1.27267819672119;-0.853681883431311;-1.1685096010958;-0.883603541214186;-1.46068909806574;-0.203476551789237;-0.949306729078422;-0.572863843174246;-0.340496634624486;-0.494318613843026;-1.12497126816493;-0.955416556585123;0.230972168401987;-0.226907857822647;0.212441229768042;-0.0303894295500483;-0.41550871800181;-0.347370700754732;-1.16684826068881;-0.986377107268549;-1.04206991382763;-1.23195713873997;-0.664199484751682;0.558501738958643
6800;-1.2790091306048;-0.763552696058249;-0.761036509420722;-0.740288521046905;-0.976535995624722;-0.210165434018506;-1.24287348175795;-0.864430843917987;-1.17589750860203;-0.875375872040697;-1.41297086558879;-0.1918860099087;-0.956180341394851;-0.584291483094016;-0.370013629231174;-0.521639672319903;-1.12176807866293;-0.962631697780052;0.260958677591302;-0.255654680394634;0.210755940587877;-0.032594117859248;-0.366482266439883;-0.348480622628019;-1.14287280415066;-0.992297359469777;-1.05424734757555;-1.2329539811964;-0.633671372047676;0.555384545847063
6825;-1.24056005662717;-0.752693318918579;-0.755512226669683;-0.708953642289675;-0.979835088021251;-0.230395856470317;-1.22961310295084;-0.859705562370701;-1.16398667952417;-0.849503408065306;-1.35035830547586;-0.181483426247139;-0.950557933242147;-0.596527746349124;-0.423743076429954;-0.553323670183191;-1.11909643801086;-0.97460228360671;0.315801670898945;-0.283829998351464;0.205807425651644;-0.0328102302125107;-0.33158395202073;-0.35312501702531;-1.12987259881959;-0.998501978453948;-1.07019845892041;-1.23056060605117;-0.60969356372086;0.551764220481383
6850;-1.2221879030397;-0.744222566467586;-0.750437939792653;-0.678159565120049;-0.985221965096585;-0.25364297567752;-1.22523592016548;-0.848798373708845;-1.13356844926987;-0.835471153585963;-1.28019118065299;-0.173217772278581;-0.931261924468935;-0.615548263739397;-0.487110815398834;-0.587552313049151;-1.11582479596948;-0.99001505297185;0.387339918699972;-0.31060165236125;0.200573496552754;-0.0314514821569415;-0.30943813351812;-0.361751933600644;-1.11950227858143;-0.999783830112964;-1.08562960132547;-1.22709844794704;-0.58533072813807;0.549319509115607
6875;-1.22074157797792;-0.738235027188037;-0.744637065959493;-0.648192136067028;-0.990743478215074;-0.281589019996276;-1.21616705236002;-0.851111374670929;-1.08183187287282;-0.830578394443114;-1.20996312005373;-0.16977510192095;-0.900923114989311;-0.63430685159443;-0.542373686168763;-0.6205963482007;-1.1112016613843;-1.00475809760995;0.468428575011995;-0.334613582116128;0.194419516831353;-0.0367868357968727;-0.301508353999197;-0.371799705985471;-1.10887468000259;-0.98775108569919;-1.09992763746629;-1.22372473831625;-0.562266352154771;0.546687242354712
6900;-1.23026688426804;-0.735227319488488;-0.736430061702898;-0.620719588814316;-0.994913038933189;-0.311938315186116;-1.1758976338411;-0.853557506554079;-1.01741385467195;-0.834482297281481;-1.1444215533508;-0.167964773999183;-0.861783734117107;-0.645849926173036;-0.575269456041345;-0.657528519580947;-1.10793346136697;-1.0197237403818;0.552409269484359;-0.359036980940731;0.227860587296153;-0.0312022841157232;-0.300114275581756;-0.38261148605512;-1.09880235857166;-0.966711684345644;-1.11508578958739;-1.21845897253649;-0.543677352443149;0.544602636419176
6925;-1.24119673355189;-0.737339070909279;-0.725913315543444;-0.593954299060252;-0.996692484759592;-0.343917949386792;-1.14066127146417;-0.854665348878892;-0.940196729806789;-0.845710204426853;-1.08835033113496;-0.155229016495749;-0.820094308884516;-0.655606611940624;-0.58090392077056;-0.69387911679965;-1.10442000542221;-1.03603001468858;0.633365405757225;-0.384039662756038;0.277383303965558;0.012438065073699;-0.29612850485756;-0.399661266850078;-1.09062784276937;-0.934330136434193;-1.12829371456167;-1.21135777014031;-0.530757241458914;0.541320171688957
6950;-1.23781334705037;-0.741367539915122;-0.714346582129117;-0.571312413422587;-0.997285958836491;-0.373581712522485;-1.11287000890354;-0.855352846880391;-0.859259995991736;-0.859149864924054;-1.04564624937718;-0.144399280617175;-0.781135172346474;-0.663917079859017;-0.556932185680068;-0.728348562616043;-1.10172445641695;-1.04877567316614;0.704532944355912;-0.407800175752605;0.32925524563082;0.0620362430981044;-0.270488931529382;-0.4179002237442;-1.08240170407985;-0.892182598226793;-1.13995789180373;-1.20834748979292;-0.520300585172302;0.534839911781187
6975;-1.23924632930894;-0.747450921055765;-0.705337756531784;-0.551310385358468;-0.996308985409905;-0.401734242829324;-1.08847575644592;-0.854845685176268;-0.780815993774256;-0.878061219286829;-1.01872246630292;-0.136355062811649;-0.749833159259016;-0.670105121256946;-0.509561817514328;-0.755927059674869;-1.10035628820395;-1.05906701691798;0.759021436081728;-0.431832352840852;0.379126462450881;0.0756508373954611;-0.245482277141255;-0.438940061186544;-1.07357670994494;-0.839837944403193;-1.15624148971101;-1.2074890557134;-0.510270907491748;0.526593142396854
7000;-1.25238913121226;-0.753945571255537;-0.702144478027214;-0.531490877406324;-0.994276831231373;-0.428598386252919;-1.06712911461859;-0.855917217520196;-0.707641683746465;-0.900186043544499;-1.00925465387325;-0.129596156226439;-0.731445553429716;-0.680120131589788;-0.4453992478614;-0.77731922479352;-1.09835085746995;-1.06610595772363;0.796933881274376;-0.456511777545367;0.420431690288565;0.0625566294589152;-0.231350637540397;-0.461053065700918;-1.06496440638208;-0.781557656581204;-1.16937878996718;-1.20505927708985;-0.503561426524001;0.518500317359153
7025;-1.26613216143239;-0.762015510981425;-0.69128755956047;-0.51450927044197;-0.990611961319419;-0.453689612088166;-1.05221408674911;-0.860173284884601;-0.644105619835055;-0.92454176840208;-1.01407402694968;-0.122060548775183;-0.734077172094054;-0.684649069857815;-0.366777223076091;-0.796961427139688;-1.09934269053599;-1.072483460707;0.81539398695117;-0.479446709522682;0.450255355750257;0.0284411371697023;-0.218608310249811;-0.487459983356468;-1.05694204431478;-0.723232819014734;-1.18337451600232;-1.20157830180211;-0.497508487841775;0.511756025989703
7050;-1.28245516748493;-0.768960618807978;-0.710680995511206;-0.499545822523425;-0.986080949849579;-0.476347918108055;-1.04490428217536;-0.866584508278379;-0.591737528534473;-0.949776377253716;-1.02813286639474;-0.117492403321261;-0.761315298191495;-0.690302494329433;-0.281885869491256;-0.812299549145575;-1.09867181793566;-1.07706522952937;0.818441489123326;-0.502414129074986;0.466636419636725;-0.0188042442610142;-0.208118257610411;-0.513860051679629;-1.04980456501082;-0.672114543211831;-1.19751321161107;-1.20176967568366;-0.49600319259374;0.505787367826502
7075;-1.3006270406667;-0.772102898664223;-0.778193154450672;-0.486557628294538;-0.980689469274142;-0.498060710225711;-1.04320349993188;-0.874386366129047;-0.55160137589406;-0.971460738626626;-1.03976103625113;-0.112835645567522;-0.800765367171344;-0.693533633013566;-0.196820047675387;-0.824654732688034;-1.09449128352448;-1.07779195065987;0.810928757212583;-0.52412728231216;0.466756972396934;-0.0720947159257451;-0.200244572944887;-0.536924197023025;-1.04493380987545;-0.640060127541836;-1.20629416438821;-1.2008862378738;-0.493179709240309;0.500228088713319
7100;-1.32039052957059;-0.772349845825769;-0.867200661400194;-0.475289077947314;-0.976791650604708;-0.517705923030387;-1.04823826017696;-0.886536073801942;-0.521938498822249;-0.991440032279028;-1.03625316909507;-0.109893207512144;-0.82712147095599;-0.69578942372027;-0.120491207479329;-0.835981244561456;-1.08956604410452;-1.07597474994567;0.806581746175718;-0.546216656444246;0.449203924097425;-0.126203369062191;-0.196033967309493;-0.554634993319016;-1.0455415110942;-0.623914437060966;-1.21411792267792;-1.19934575911965;-0.490491883335617;0.495979801390185
7125;-1.34089639089917;-0.770999310805502;-0.961244569978757;-0.464160854554531;-0.970979900359443;-0.533990757291232;-1.05828163547603;-0.897939072217784;-0.499486809696398;-1.00929662838238;-1.027461952701;-0.107254331513834;-0.835607221875282;-0.695707870793639;-0.0567798399716666;-0.846030182953223;-1.08389236942547;-1.07455288947407;0.823468080267265;-0.567091832761904;0.417240812521633;-0.175879454047504;-0.195540024161541;-0.570797306585069;-1.0482297687419;-0.606543957531515;-1.21964154118563;-1.19300633087079;-0.490585152090698;0.495349844585256
7150;-1.36384663442985;-0.763937561575017;-1.03973167260353;-0.457556132151009;-0.963936903098149;-0.551524797375713;-1.07145904074947;-0.907223820815292;-0.474066289636303;-1.02721294166737;-1.03673840738585;-0.106351387788331;-0.864744637085736;-0.695423553401156;-0.0118094532634152;-0.854716677491099;-1.07790507321638;-1.07225531010134;0.818573566876952;-0.585960549481489;0.378349968131008;-0.215018432166241;-0.198090665581116;-0.583532198181072;-1.05293594102752;-0.590474281684936;-1.21991177018955;-1.19011896875146;-0.493854619706425;0.497156944606691
7175;-1.38749538537441;-0.75393383428579;-1.0914397965269;-0.453201625198077;-0.954831032555303;-0.570304014527431;-1.08671566786283;-0.916813142197337;-0.428369005155049;-1.04219453692872;-1.0520598176156;-0.105906295784139;-0.900535155545647;-0.692932796225268;0.0145484083168648;-0.861495632869028;-1.07283422149875;-1.06432693633671;0.801826392922468;-0.603598196390041;0.334492425836677;-0.238095324994146;-0.20392439487586;-0.58932160792779;-1.05956257246857;-0.575527665719455;-1.21466328798394;-1.18102665799978;-0.503294707005199;0.502844288688812
7200;-1.42887825602358;-0.743389045679698;-1.10562669247108;-0.44864940510885;-0.941602618914072;-0.587590852114875;-1.10149304755006;-0.928724885889015;-0.404013415008011;-1.05572487828482;-1.07734512542304;-0.106588309591;-0.94087390493058;-0.692165730306908;0.0211909615613126;-0.86862507669596;-1.06998189916569;-1.05577167899303;0.778697402200181;-0.621057240650208;0.299971934561178;-0.243267982759185;-0.209980798739526;-0.594054293194952;-1.06799701819616;-0.558971893041021;-1.20747765518928;-1.16942728563594;-0.517007498580423;0.512825844887607
7225;-1.46349371154693;-0.729889103023294;-1.08118317841061;-0.444389537677436;-0.926647068908967;-0.604443333636037;-1.11625125482211;-0.941565368290028;-0.38937772352266;-1.06570885828688;-1.11048243725787;-0.108367501495174;-0.98371581242645;-0.690124204815815;0.0153007133539877;-0.875005409370216;-1.06774660567225;-1.04692758296664;0.749259256938875;-0.63728867322463;0.28362245609663;-0.231086338412257;-0.219948237762494;-0.596837928832743;-1.07566278503527;-0.54050103516094;-1.20051477874708;-1.15475193066602;-0.536088543115847;0.521617863083375
7250;-1.44987418308673;-0.714742361367579;-1.01935633938238;-0.440957003432053;-0.91166787517705;-0.62063092539949;-1.12913492989598;-0.95200763358193;-0.380744673306164;-1.07282008859986;-1.14838351841472;-0.111661913739565;-1.02859632994756;-0.684783043742196;0.00849958324782873;-0.879752570803635;-1.06615250357622;-1.03383685309703;0.715930794528345;-0.650232819708067;0.285317675893957;-0.198258074976124;-0.2301616593517;-0.598526163605602;-1.08428860106976;-0.518931817856756;-1.18756109046437;-1.14105910030777;-0.563926577814604;0.533926537271226
7275;-1.42047736434829;-0.698515626044222;-0.924581434347806;-0.437200092153768;-0.894230277954668;-0.636575519854567;-1.14000742860643;-0.960592180503184;-0.377451076968033;-1.07728098381033;-1.1898079112531;-0.115564409687299;-1.07357566885388;-0.67808505116905;0.00998466253738384;-0.881912427860177;-1.06613986382917;-1.01130845681008;0.679601717357783;-0.65982483979267;0.303390921640884;-0.147918181907246;-0.242919999116595;-0.600579537813167;-1.09027169646428;-0.497140347789689;-1.16863098505462;-1.12591116637105;-0.596489021517457;0.55138666944357
7300;-1.41129370667924;-0.683589859538677;-0.809462630441254;-0.431420333835447;-0.87380779280737;-0.64764679137217;-1.1475107339416;-0.967122387278248;-0.38007175352479;-1.07799121304131;-1.23081061190038;-0.1214349131401;-1.1190495296554;-0.671416915405834;0.0354747374481703;-0.881737740992843;-1.06691295165634;-0.985326730210776;0.64592969562905;-0.668424195105085;0.329613700833376;-0.0899398546012156;-0.257669688518221;-0.600260217623462;-1.09426617134387;-0.475066860255437;-1.14716189180092;-1.10930834559115;-0.630936686103819;0.571905419542204
7325;-1.43642676235427;-0.669162841539858;-0.691833613641915;-0.422971378396928;-0.849387119313929;-0.654018189839982;-1.15398399333411;-0.975133398921808;-0.388574440594164;-1.07392629913711;-1.26767023970376;-0.126669681620039;-1.1616156355322;-0.665943442104047;0.0388737811429132;-0.87981006564801;-1.07037514262813;-0.967147662673067;0.616041720207179;-0.674888560167552;0.347844074086795;-0.0375688516262878;-0.273662487429495;-0.600068466506063;-1.09613437582613;-0.453817525767543;-1.12472038978604;-1.09062095724369;-0.665408941041092;0.595646754122528
7350;-1.50955846900583;-0.655042848364108;-0.586619684949793;-0.411955621753375;-0.825425239327607;-0.657719890781208;-1.15592326841971;-0.980585968885396;-0.401378002351204;-1.06340370650585;-1.30181612891842;-0.132491076859108;-1.19990180208011;-0.664704277362615;0.0404864689854612;-0.877091493259521;-1.07209406447386;-0.965856010201408;0.59119804536951;-0.676195004970347;0.344711105336812;-0.0087717735359377;-0.2867408682403;-0.59914906444994;-1.09449530500866;-0.431269694882045;-1.09351521100062;-1.07006851349441;-0.693947008882282;0.622851714406594
7375;-1.61685643707446;-0.641248506855874;-0.501814445914539;-0.400161876883482;-0.800496472159914;-0.659166364964483;-1.15773030308684;-0.98349509797131;-0.41234021115749;-1.05258089721309;-1.33272211081576;-0.141620818674107;-1.23259066246718;-0.66210125010546;0.0415357130887508;-0.871564257520128;-1.07083424833132;-0.966589310805172;0.569448747227976;-0.674306129183786;0.335403079022038;-0.0102744771326469;-0.298684083207336;-0.596602493398154;-1.08989898845129;-0.404952720402582;-1.05950370169546;-1.0470390712028;-0.714239319934693;0.650083818479774
7400;-1.74419667604861;-0.626362861288089;-0.446182378830753;-0.388620851855168;-0.77347114773126;-0.656796986175552;-1.1583366604452;-0.983854417352784;-0.427694698448081;-1.04095091329642;-1.35886924651763;-0.15153130645879;-1.260652353364;-0.657980797641616;0.0472100210095516;-0.861689512763348;-1.06928093885719;-0.948157385280168;0.551858094560264;-0.668747898320498;0.346666331689926;-0.0127215189029933;-0.309724577431129;-0.590422252011573;-1.08497163661749;-0.380495495627491;-1.02360311305016;-1.02253520680534;-0.729309641444168;0.678788186638256
7425;-1.85467831841862;-0.614246395395768;-0.419941895242664;-0.376389924497078;-0.747022926386555;-0.652151271980835;-1.15466822828809;-0.980248082172126;-0.438184718043236;-1.02815790553166;-1.37834409749526;-0.162008441602612;-1.28553748566333;-0.652892905199924;0.0530212051355696;-0.849197774516285;-1.06262080852953;-0.920660192731789;0.537661880872626;-0.662178968701341;0.351858438082283;0.0108037407290757;-0.320213179755455;-0.581114250888366;-1.0773807687522;-0.357933139396344;-0.980823134143887;-0.995188490719024;-0.736702200006127;0.705961612213027
7450;-1.92406665856676;-0.601135260981774;-0.420302307876634;-0.365301224814864;-0.724086613947768;-0.643210034946622;-1.14794228728783;-0.971908815770011;-0.448400908663214;-1.01258504066664;-1.39285883836241;-0.175070232593046;-1.30834878678858;-0.646055327635122;0.0567620933907214;-0.832553145990143;-1.05280425030312;-0.88617644899447;0.522495647598668;-0.650009276751939;0.355816206344141;0.0332483065264305;-0.328439157892177;-0.567285399350513;-1.0693924543034;-0.336423778949609;-0.934541807413668;-0.969534720400814;-0.735613970649115;0.731709940742086
7475;-1.94495048469176;-0.588225149718446;-0.433302453911683;-0.355018952964646;-0.702150063100568;-0.633559164262133;-1.13938735058101;-0.956531119562224;-0.457714065873201;-0.997232195592075;-1.40239435029116;-0.190879470632394;-1.32603959068459;-0.640353715693661;0.0595905081493329;-0.812740187877072;-1.04023198468098;-0.850174716276668;0.505582424546638;-0.638361481005338;0.355704298264172;0.0395314756550943;-0.336242307467136;-0.549372621022427;-1.05967455191756;-0.31812246539366;-0.88897601810661;-0.941701690972148;-0.725729487227785;0.755358652632809
7500;-1.91820032893676;-0.575208203111262;-0.437055429704657;-0.347035895996213;-0.683667249235317;-0.621287177653826;-1.12956055116553;-0.937422094120509;-0.465905314510322;-0.981609484828422;-1.41040369489828;-0.208028363143891;-1.33755775436845;-0.635186831283354;0.0667932819944412;-0.789952800111881;-1.02222719020341;-0.814097206869498;0.491904568994254;-0.626263829556406;0.352681001092807;0.0417781722605028;-0.343116043137886;-0.528328427144887;-1.04991321498492;-0.302734125058708;-0.839892625470394;-0.914522598224798;-0.714322719722762;0.775891180276531
7525;-1.84561379258977;-0.562833895560879;-0.401218145220802;-0.342451251010715;-0.666144800635226;-0.608796867208079;-1.11622805616867;-0.915930080828054;-0.477311156453331;-0.967060493723997;-1.41690109852531;-0.228909212010203;-1.34503196451858;-0.628100366566271;0.071913281067721;-0.764634320693526;-1.0043637469301;-0.776877472659871;0.476608809209634;-0.616029864010499;0.348120986106012;0.0354679092185918;-0.349371295149353;-0.50851873415051;-1.03682691426358;-0.290247920727819;-0.792314280092782;-0.889066063759916;-0.698528789238524;0.792882079122761
7550;-1.73224215917623;-0.549572824218612;-0.377534580775391;-0.340192555026838;-0.648763310859759;-0.597798837568586;-1.09861549751613;-0.891654949956422;-0.488115754904154;-0.954813407519922;-1.42276688938034;-0.250786907789371;-1.34782238311314;-0.620740914368268;0.0732755186095981;-0.737289193001595;-0.985884108844292;-0.739406761835055;0.462407363803194;-0.607647445398177;0.344761076356161;0.022792522182611;-0.354934849254299;-0.49081978033347;-1.02377827586282;-0.283863927272607;-0.745538150722856;-0.866651992448909;-0.68384835935765;0.806380110733414
7575;-1.58840253196201;-0.531860704793975;-0.359495034857854;-0.338201621372395;-0.633566641110005;-0.589375111523153;-1.07789687522805;-0.865720375435107;-0.499418367502223;-0.941627932185116;-1.42807627275336;-0.273330515739625;-1.34683674970904;-0.612585000429015;0.0790464134183533;-0.707670773912495;-0.963793404749638;-0.706053381590011;0.446250132401343;-0.601882864372076;0.338987695115642;0.00810122672769622;-0.358893125251087;-0.475602015839439;-1.00973069389631;-0.281144223418915;-0.700856884322574;-0.846185067457746;-0.665619189424563;0.816371169115211
7600;-1.43225243006557;-0.51410525159975;-0.342814758391627;-0.334917604707141;-0.620815660135564;-0.581539517904246;-1.05550915678464;-0.841115691239013;-0.510815270153083;-0.928870043155799;-1.43337077538309;-0.29418555360913;-1.34464228192993;-0.607736788573738;0.0848650561131419;-0.680271896176318;-0.940507588955439;-0.680982096209586;0.428981134905579;-0.597856650972918;0.334988464038077;-0.00727473343559013;-0.364532034277331;-0.460794479601579;-0.994669255459363;-0.281776162865623;-0.662283830234782;-0.82957630892973;-0.648831133420154;0.824396952818447
7625;-1.28082417755336;-0.497113562495396;-0.328163773112465;-0.332408878927718;-0.606853880366763;-0.573883222665517;-1.03149713581126;-0.812848991001307;-0.523556022244656;-0.917107083304021;-1.43659528413057;-0.309594561917345;-1.33921114519497;-0.605246829728088;0.0888042134203144;-0.655652697895334;-0.91556320597479;-0.668361820682748;0.41212292189635;-0.593348282665446;0.331377083644915;-0.0231125021892459;-0.370209122201137;-0.447068759327097;-0.979186114191448;-0.283678484953296;-0.628728120497364;-0.815813770562164;-0.632148307552454;0.831233886786806
7650;-1.15677430487523;-0.480729534463522;-0.315692847093798;-0.329121280690803;-0.590994032728384;-0.567367186754738;-1.00738413702003;-0.782351488869268;-0.53662171952643;-0.907655606555873;-1.43845622137415;-0.326483699672422;-1.33126156987244;-0.607016055179228;0.0892810769310031;-0.631263640141748;-0.889474730342018;-0.664811900033857;0.398720502670049;-0.590867646719704;0.328818952311469;-0.039733579992168;-0.375902584447953;-0.4307541729832;-0.961563478589075;-0.284122412790177;-0.59542618632348;-0.80599573256505;-0.616360236264286;0.838184776177545
7675;-1.08821644068346;-0.466205565647482;-0.3061472046591;-0.32326326992467;-0.573164133508935;-0.560317171682078;-0.983092706484896;-0.753350472695271;-0.549562294335261;-0.897755825555486;-1.43850956101669;-0.339401977343729;-1.32381773508261;-0.612282802556337;0.0884874300148337;-0.606553420966182;-0.863733316891507;-0.670064236289241;0.385648142769023;-0.588436441743014;0.327791601097902;-0.0540780592656337;-0.379666852756084;-0.411504164943936;-0.942407242178572;-0.286722689971971;-0.568663591257665;-0.794519185391916;-0.599662408315048;0.846642947334079
7700;-1.10002346455931;-0.454074339938652;-0.298090078865466;-0.315154112050136;-0.55472213279588;-0.552106793451422;-0.959440627354808;-0.729809601090499;-0.566777132900107;-0.890190858280133;-1.43570706097139;-0.350171069558358;-1.31557209845502;-0.620472273919928;0.0838806122409861;-0.586126750829987;-0.837236532846668;-0.691003866660803;0.377786670691752;-0.586097908302908;0.327018780698542;-0.0686963391356013;-0.381992887871758;-0.394006230665248;-0.921656315624571;-0.289510447890195;-0.545853879641023;-0.784113888808129;-0.580583302968299;0.854020970082671
7725;-1.1324421142025;-0.445130985237347;-0.293207244240758;-0.307579008967076;-0.535996231787182;-0.54219439703719;-0.937831016219222;-0.710703704060798;-0.583917215379635;-0.88339741142457;-1.42962558657727;-0.355566090964094;-1.3043159098968;-0.630154437301662;0.0800580896302905;-0.567459312079266;-0.811623106275098;-0.722676518527695;0.372160476627563;-0.581285453587268;0.327772830973561;-0.0864756253946338;-0.38353745166479;-0.374406365536902;-0.899100641399597;-0.293468347569508;-0.527423726895463;-0.77442084604205;-0.557501698771278;0.860917508515353
7750;-1.14470598620534;-0.439082328904446;-0.29187054918382;-0.300764198625332;-0.518097842666538;-0.531206416973042;-0.915709480228814;-0.694901088087221;-0.598015948570543;-0.879332177899616;-1.42065742106493;-0.355452963196878;-1.29118819857598;-0.638847046487257;0.0772227066285205;-0.548903050875543;-0.785369543069782;-0.747573259251187;0.366041511158431;-0.573029026683307;0.328539137068453;-0.101880080378451;-0.38250493586692;-0.353934099272151;-0.873928914411769;-0.298813889490413;-0.506265004486296;-0.768268476826673;-0.534524797666962;0.870534066221523
7775;-1.14138403415023;-0.43606940381242;-0.291632732365727;-0.29335695374196;-0.501918919709564;-0.518424106841338;-0.896629075925394;-0.677986509163521;-0.609325788114883;-0.877407876248945;-1.40857315202921;-0.353269840114875;-1.27712632811002;-0.646701026928879;0.0696076233474696;-0.530016358068711;-0.759078736497667;-0.754505660669564;0.361737216102272;-0.562448630912042;0.332498572212804;-0.116285797517689;-0.378207675895115;-0.336352213462716;-0.845342173189236;-0.303214459266624;-0.483683397953101;-0.758318455594726;-0.510848133346704;0.883137760844861
7800;-1.11824130926339;-0.43665737973661;-0.294233633249918;-0.287333772751927;-0.485754809291321;-0.503326669575925;-0.878048193701925;-0.66252787772485;-0.618037598439778;-0.876588553294205;-1.39000082727018;-0.349834644017498;-1.26418002753964;-0.656939589470427;0.0608783575913949;-0.511658036030169;-0.733399768533572;-0.751826477605936;0.359878170537953;-0.548264998510589;0.34110942291065;-0.126548923591998;-0.371463818377068;-0.321118320856629;-0.81680192397239;-0.307418235995335;-0.465961708919094;-0.746611510509855;-0.485618981996146;0.897432145364054
7825;-1.08152722350911;-0.440296094989779;-0.303135525276194;-0.281993259215203;-0.469649536973426;-0.485881647036919;-0.858461093462979;-0.647575727138706;-0.62335918235016;-0.874096124136795;-1.36903560078251;-0.344027983551086;-1.24707011202941;-0.666879180349774;0.0534646492631388;-0.498179785630151;-0.709091173894256;-0.748884850593248;0.360636392518834;-0.531834670114027;0.347535543511504;-0.140710018417174;-0.363108134437435;-0.310454448212878;-0.787137817389407;-0.309934707365969;-0.447008661932266;-0.734612923203975;-0.461583854441485;0.915993480719482
7850;-1.03972552240489;-0.443145470434294;-0.316115114984104;-0.278065917216082;-0.454161377810038;-0.466387937951709;-0.837003199278709;-0.633685549685658;-0.621972164843166;-0.870255485557902;-1.34711659462209;-0.339427559335144;-1.22480768872478;-0.67799824944568;0.0463013476333081;-0.486050560803203;-0.686131278201975;-0.756062701888358;0.364256317661973;-0.513966273981674;0.354372308617074;-0.158380108021678;-0.349470651048936;-0.304436113182608;-0.756267703479578;-0.314838268178137;-0.421465663769208;-0.722875008364141;-0.433876816878067;0.935956108092567
7875;-1.00536239904859;-0.443674342133869;-0.328672269225357;-0.277920411566928;-0.437888456135202;-0.445048020461634;-0.818506316080586;-0.619066336911693;-0.615994302705108;-0.866908031411539;-1.32375123747185;-0.332772913055614;-1.19895856748762;-0.688374337056646;0.0427038314577382;-0.476814500705899;-0.66194620949686;-0.756364216442917;0.366045638847937;-0.494303170289784;0.362072035909428;-0.176768132001734;-0.333380605781669;-0.302402884667063;-0.724941162634878;-0.318712742096231;-0.395989350923374;-0.710369755903774;-0.406401991276157;0.957704681662498
7900;-0.983580533152052;-0.440990313744711;-0.34383650550639;-0.281703976862155;-0.421730614782901;-0.422937296318723;-0.798649820857112;-0.603760702663414;-0.610462371057897;-0.863425752577605;-1.29918562570136;-0.326239798568763;-1.16985549095877;-0.698073786938472;0.0413570295432018;-0.469807783872228;-0.644136380563234;-0.742387847515335;0.36766725175993;-0.47511765341859;0.368602469928351;-0.198941449940926;-0.315001598794351;-0.304433652405616;-0.692542243067522;-0.321336357167436;-0.371265371022791;-0.698025419424479;-0.379391725646307;0.981320491565055
7925;-0.958140139617987;-0.435197326253251;-0.359482082212991;-0.287192366062042;-0.406099941777931;-0.401228817035812;-0.777305107688764;-0.588042194195404;-0.600553832954463;-0.859706469883841;-1.27391888159607;-0.319932687658122;-1.13818888776573;-0.705209374663199;0.0411468179367227;-0.465596231594074;-0.625534566919175;-0.725973156475695;0.371192259298832;-0.456763868273367;0.373467270292154;-0.220537452277067;-0.294038218995127;-0.313670562353085;-0.660479938465557;-0.321707364021818;-0.3459815614094;-0.683668953296064;-0.351420098474856;1.00484368287981
7950;-0.930825091761497;-0.427065786674069;-0.373428835311298;-0.292997215944524;-0.391746008438396;-0.379964044300231;-0.762824006792424;-0.571451275503047;-0.588179144273778;-0.855460145192755;-1.24735796253338;-0.312397263421722;-1.10686291195048;-0.71099992778818;0.0431265018544624;-0.460581226825774;-0.609563143895604;-0.71268716550748;0.374602050720285;-0.435348491665533;0.374424158265113;-0.238411497513879;-0.270238267157721;-0.327526356750277;-0.631233380273518;-0.319043656292305;-0.318330156167633;-0.668658974067626;-0.320557119600791;1.02787735850607
7975;-0.905536875285407;-0.418624558158954;-0.383994213134775;-0.299371295346662;-0.37889608399765;-0.359108954353805;-0.74711148362122;-0.555179681404547;-0.573202540154621;-0.850922660450086;-1.21962918591172;-0.303591233892706;-1.07541441785818;-0.717521936416397;0.0483957016469163;-0.462588428754099;-0.592527075046101;-0.705589372907665;0.377860563956235;-0.411169147496353;0.372734068404809;-0.251874115585084;-0.246103071166228;-0.34504848132407;-0.601754302865792;-0.313219909087136;-0.291421919362465;-0.653816167461639;-0.294227572140893;1.05198937549699
8000;-0.880355583226324;-0.409640306214627;-0.390916066217859;-0.30690512727872;-0.368929327084909;-0.339564670630207;-0.728882587217167;-0.543312100738103;-0.556556056376956;-0.846718911644262;-1.19218089366976;-0.294861738812097;-1.04326808224418;-0.720428047099226;0.0534828542431325;-0.465818729428877;-0.57387514342165;-0.705332994350938;0.380349984038422;-0.384684848664051;0.369593392928611;-0.261435938022566;-0.221153552957386;-0.368850070390494;-0.575822805269415;-0.305307796552587;-0.263841933175773;-0.640254670434097;-0.27222533884822;1.07629225162619
8025;-0.860518177366895;-0.401629019578058;-0.396053137617494;-0.315145946261114;-0.360956444971968;-0.319924587349577;-0.709831620498417;-0.528640036898535;-0.540522908170398;-0.840870700726718;-1.16552940531647;-0.289706802276113;-1.00889452820718;-0.721600970752161;0.056457933867899;-0.466473468623359;-0.555933872190053;-0.709032604017472;0.383147423377763;-0.358821420385417;0.36592805875697;-0.270168486690799;-0.19628823489421;-0.395021670135797;-0.550721813036047;-0.297482616296936;-0.236998313999886;-0.628120540271621;-0.250574217485792;1.10033994038699
8050;-0.840931772236396;-0.393085666192114;-0.399039436744425;-0.322420634441396;-0.354081951755672;-0.300061652058746;-0.691814430939722;-0.511281521022975;-0.523145020089528;-0.837141015251803;-1.13919443117043;-0.287742538076532;-0.974484585018895;-0.720645479503721;0.0589635532875543;-0.466597474648484;-0.540647979367278;-0.718275086957456;0.387082576020817;-0.335924491874848;0.362298811781552;-0.278379436263814;-0.171469713973776;-0.422962755574304;-0.530813028403186;-0.292038129657013;-0.210127391596975;-0.618272432771447;-0.233076453759127;1.1244285549141
8075;-0.822732433561048;-0.384511698335702;-0.400041035208624;-0.327143326958821;-0.350087639915175;-0.281247825330643;-0.675180950303184;-0.495709502933774;-0.505766811820133;-0.833106494634843;-1.11552801071731;-0.289628689169822;-0.938720135691866;-0.717892122584835;0.0661574265092439;-0.466793051739187;-0.522530563592657;-0.733745394536017;0.393325880147716;-0.308910610985262;0.359829828558812;-0.283601017601278;-0.145745399153302;-0.456132583574537;-0.511523701925886;-0.286905344206914;-0.185628990399001;-0.608740113933721;-0.220737302120701;1.14763148795405
8100;-0.808740458004323;-0.377023080655373;-0.39849749817106;-0.332529887960194;-0.348537433152769;-0.261184787575405;-0.658319954072285;-0.482874568402522;-0.487161698136417;-0.830050738175077;-1.09089619773237;-0.294154338619766;-0.902407946184364;-0.716385767327442;0.0745557936700556;-0.469682224406581;-0.502720917247615;-0.752767530887391;0.398263006502226;-0.279783210277931;0.360414347543222;-0.283514253959109;-0.122564104399989;-0.4909235321931;-0.495706059741127;-0.283919963732221;-0.15957889621002;-0.60265143704102;-0.213117903128606;1.16978622339895
8125;-0.79808651623916;-0.371066170665889;-0.396677525191683;-0.338178612835412;-0.347011273628515;-0.239522432844559;-0.647019490805633;-0.467841666591945;-0.468698633539292;-0.832488614343845;-1.06538829654739;-0.300818883671159;-0.864610748700489;-0.713119888189793;0.082906431117808;-0.476189839812014;-0.48543124080169;-0.772560899389402;0.407060962239443;-0.250900008104032;0.359949759645718;-0.283207966082362;-0.100168482670401;-0.524329248875152;-0.48174437738603;-0.280498971451881;-0.137076608175657;-0.597370509569256;-0.207743520544587;1.19145501233429
8150;-0.794032688667502;-0.364302275646071;-0.395552145876199;-0.342828919174822;-0.343862437794362;-0.215530657606294;-0.63801916464781;-0.44976589991492;-0.451293929213171;-0.833723635171806;-1.04229625148915;-0.313112353551607;-0.826919717348252;-0.713517506480745;0.0938656300470435;-0.48122576022142;-0.467397910227797;-0.790447821407107;0.418854366754088;-0.220631239143103;0.360812749177907;-0.282684809707734;-0.0777303672906313;-0.552585410972252;-0.470722912596541;-0.277203204234016;-0.115019363966885;-0.592078617973227;-0.207850353362367;1.21089031556486
8175;-0.795517855967656;-0.357094057333517;-0.394810598540521;-0.345097323126328;-0.340737069833411;-0.190698386028122;-0.625990457751647;-0.430259330993;-0.431573039424628;-0.832103470314944;-1.02076228602876;-0.328214570394306;-0.789569806907519;-0.71364636578315;0.106623396449478;-0.487511218630551;-0.448220329704992;-0.802945284767295;0.433081176362684;-0.189843130000265;0.36448189427317;-0.281091354437586;-0.0571206625703649;-0.577237893998362;-0.459862828273984;-0.27394784446117;-0.0971664777071273;-0.585797226303823;-0.216039931425671;1.22730935704984
8200;-0.80195294410842;-0.349573601829628;-0.392088101358604;-0.344443656458955;-0.337536290965961;-0.163347641911457;-0.613900296738242;-0.409266865468879;-0.414796018603534;-0.831325124963269;-0.998055597362529;-0.34470368373531;-0.755452166051863;-0.714966720148223;0.120782560861187;-0.49733576605465;-0.427453763204117;-0.814003896649811;0.450970803566339;-0.163423509147949;0.365762554621869;-0.277957825538932;-0.0360320013758668;-0.598153467777975;-0.449660185281534;-0.26890840741216;-0.0796155039413633;-0.580297889632668;-0.228690184392696;1.23746588337206
8225;-0.814641030405129;-0.342379414695195;-0.389848375670268;-0.342584978171321;-0.332316123943508;-0.136857494290654;-0.602997681022831;-0.390644021527789;-0.398763877176224;-0.829976769867587;-0.97539072013767;-0.359231232904881;-0.723779400737503;-0.716632633491334;0.137265730582339;-0.507910532636344;-0.410553041507334;-0.820364357277954;0.469115139350339;-0.139316227150332;0.367057157933725;-0.27132649097764;-0.0154894430875696;-0.614104094651161;-0.438916664932264;-0.26325380646827;-0.0608224445785592;-0.575496497204731;-0.244013611572868;1.24441922522187
8250;-0.831468968102747;-0.334488352401851;-0.385891363494212;-0.340432018587306;-0.326353541112466;-0.11288069491117;-0.589722220683804;-0.375124354007307;-0.380289968676068;-0.826852566870863;-0.953349177110461;-0.368985941443154;-0.695541187329008;-0.71732172014819;0.154600592123555;-0.516304790027331;-0.3962143306768;-0.820522425266873;0.483633348568369;-0.115567849805501;0.365956736506041;-0.262940313623304;0.0038782702361424;-0.621134202084231;-0.428255683608344;-0.258206178533816;-0.0425151867612388;-0.572485964272286;-0.262582439176486;1.24665314407976
8275;-0.850745130042203;-0.327049586289752;-0.381023202431873;-0.337260466864914;-0.322971415046761;-0.0907573300043033;-0.575616961860625;-0.357945599282659;-0.363926924663646;-0.822618969057788;-0.930734880322709;-0.375189796979719;-0.673896008244164;-0.718185287598688;0.169974215587562;-0.525549115286783;-0.3815902470087;-0.814874197554923;0.500089071093605;-0.0940606587593206;0.364782247848802;-0.252715998038348;0.0237399024151783;-0.621843428961742;-0.41631127695726;-0.24908091184357;-0.0253071196665728;-0.566508976242091;-0.283127217757861;1.24370583750781
8300;-0.871468398105801;-0.321411768807221;-0.375032492344843;-0.332357848959113;-0.319037437197223;-0.0710705036288169;-0.55815345185388;-0.340726037423262;-0.3494014255069;-0.816914479952501;-0.905656278763657;-0.377563979816344;-0.656835343241532;-0.719709242095325;0.1846251634039;-0.533896790083309;-0.372635546924049;-0.808976588763834;0.516840160637497;-0.0730702135492515;0.364003352849182;-0.23700516668885;0.0452922610247903;-0.620211168876591;-0.40639230774118;-0.238264296925752;-0.0163871829059166;-0.560221408810741;-0.302425638012583;1.23562864927355
8325;-0.891683090676493;-0.316535300514716;-0.369948803136845;-0.324464137331556;-0.317711079211805;-0.0520675109651053;-0.538892492309808;-0.324594297135226;-0.334654668901627;-0.808688349352352;-0.880460037346612;-0.373884960719987;-0.642052288679803;-0.720314386656897;0.196898320060523;-0.544842661191885;-0.365855018753825;-0.80071163235459;0.535420351629045;-0.0560119491776687;0.359587885794622;-0.226501946650117;0.065393822035045;-0.613974292033563;-0.398136673638911;-0.224821670742439;-0.00817553644744207;-0.555066116304392;-0.319407790248615;1.22493205365418
8350;-0.909148233400294;-0.313934109934157;-0.36244244842785;-0.315400522152472;-0.318056259767158;-0.0333215189197803;-0.517972262568515;-0.311470248748864;-0.321677433167463;-0.796542958862272;-0.855355316439615;-0.367296973527227;-0.632621968582843;-0.72445804029509;0.20701374972322;-0.551011815132402;-0.361805572997449;-0.793318865677941;0.549370533009043;-0.0412117695628904;0.356655666424231;-0.21565098006763;0.0858882628887294;-0.605492111291474;-0.391932521904059;-0.215716753871187;-0.00237782945669229;-0.55029342396461;-0.330287239609721;1.21258725989056
8375;-0.92408735016048;-0.313321976480384;-0.352234956375072;-0.304497119484924;-0.321564613862716;-0.0180869407510403;-0.498573183616594;-0.29841649814325;-0.310112546253011;-0.783036648813822;-0.829734741903702;-0.35431710549163;-0.627301462487517;-0.727573589529897;0.215057039168876;-0.555041145641284;-0.357177816033132;-0.785544833933144;0.558578957489314;-0.0278577161745836;0.354151629240609;-0.204274444089582;0.103701482628833;-0.593220304015562;-0.388840362425334;-0.20682762159209;0.00139356912051314;-0.548421654490162;-0.34042721364579;1.20037889919312
8400;-0.934999862802403;-0.312934116491384;-0.342227731368514;-0.293904784472986;-0.326884734089093;-0.00443152826849444;-0.476018568691784;-0.285239129547216;-0.301031805494269;-0.766251779361437;-0.804495533785301;-0.338730583425747;-0.625630506194807;-0.72950397241301;0.217470756117213;-0.554644583348039;-0.355949798427286;-0.781824773226837;0.563678750016971;-0.0177362080684622;0.354397011743631;-0.197860146476901;0.122170657763515;-0.579120892570514;-0.386913695159108;-0.200371046356039;-0.000109974032726168;-0.546167203959222;-0.348647348890572;1.18912610846309
8425;-0.942168281360546;-0.311793050923796;-0.331961167873683;-0.285156798018696;-0.332718219848261;0.00879170252689456;-0.457812700331865;-0.274690262245373;-0.290719511173378;-0.748229386703499;-0.780084717403308;-0.322634904629029;-0.627899578998213;-0.732258893648311;0.219290400297754;-0.547479016389273;-0.356935779859438;-0.777792593984941;0.567662629178321;-0.014749743660853;0.355365900295918;-0.190405480220327;0.138628670040414;-0.562944913969994;-0.387064220347953;-0.196167615920321;-0.00498922092447485;-0.539822725909384;-0.350892731077878;1.17829370113
8450;-0.946718565601318;-0.311756261085357;-0.320046597045393;-0.275505439242387;-0.338432148931228;0.0206790402869542;-0.447501345392484;-0.264432075381268;-0.28206668655351;-0.7284916315756;-0.755838047425614;-0.305933106950822;-0.634717201307626;-0.737553034239583;0.219888608805261;-0.535063939722751;-0.360482357028074;-0.780278046222725;0.570293459256816;-0.0133701823273435;0.359953496449384;-0.188007894927467;0.154535534360347;-0.54300597149202;-0.387686764287972;-0.192035436263294;-0.00937189621908141;-0.531175495943147;-0.345288592502095;1.16848449028626
8475;-0.948516565515473;-0.313101543823963;-0.307374596683365;-0.265038222037147;-0.343957050968465;0.0314029869716995;-0.438256327541822;-0.259849013461488;-0.271808454093079;-0.705728465161579;-0.732634816227228;-0.288106483484127;-0.643782130373053;-0.743757781311655;0.222954996193981;-0.529114269583809;-0.358477483817367;-0.789183043563689;0.571587904849364;-0.00931877099353691;0.366643936311345;-0.190237039761203;0.170362911662411;-0.521474697495083;-0.38902995317106;-0.187043072841871;-0.0138904959053598;-0.52274730711414;-0.34023597394539;1.16033070737397
8500;-0.94882453076286;-0.315238726992994;-0.293736853154425;-0.257540257534524;-0.349538453298114;0.038244534043202;-0.429935789176877;-0.258570798430822;-0.26241473524563;-0.686452416802154;-0.710310211090181;-0.268136629641719;-0.653541479201226;-0.749181951669386;0.225048902822633;-0.51799552824054;-0.352860305020219;-0.804469100135269;0.571787851452167;-0.00931081466839241;0.363751773065099;-0.195163289641183;0.184203022833218;-0.501959570903361;-0.389900530725997;-0.183451068649395;-0.0165040400921428;-0.513665380282858;-0.337167757498183;1.15379100227621
8525;-0.950867964618847;-0.315021936985723;-0.281769361051233;-0.248937232951914;-0.35614347813141;0.0436298340783475;-0.425540529391383;-0.255140457404256;-0.254125165166148;-0.661545236362099;-0.688149263454261;-0.245789892038358;-0.66444083581568;-0.754285211131079;0.228672181624132;-0.503712682155566;-0.346585981738421;-0.823847829488489;0.573145492095849;-0.0110103447948235;0.365469906529054;-0.202470748956438;0.196959837047599;-0.480597089818675;-0.391859085191887;-0.177631419592695;-0.0212474169497283;-0.503617334458331;-0.332118318046457;1.1495410468103
8550;-0.952946866157838;-0.313988200115581;-0.271168489166088;-0.240492229089325;-0.360559670897585;0.0464247395331971;-0.422563857881496;-0.250167980586332;-0.246751393640534;-0.639087778588728;-0.667782892546806;-0.221171111340203;-0.678407914073529;-0.761266404026499;0.232838579916123;-0.485901143220162;-0.335753671258602;-0.849318969590523;0.577083512089889;-0.0160386163698165;0.372781721714354;-0.212742545400835;0.211605206689227;-0.461657056976369;-0.392469155035593;-0.173038872424519;-0.0237495067381741;-0.493449723696469;-0.329497546865998;1.14670135414159
8575;-0.956841435487089;-0.314798558065705;-0.263114640420954;-0.23320122813265;-0.363270426869817;0.0475515892311182;-0.414845233238924;-0.246279360312415;-0.237483744900666;-0.617206977922774;-0.650570407299116;-0.194573816512916;-0.691774276685709;-0.769350964904012;0.235366098275873;-0.470184036878857;-0.317961673640609;-0.879565132660104;0.58287013160388;-0.0201204774021865;0.384521942774327;-0.221864498307772;0.228371402476993;-0.445945502884616;-0.390728060763409;-0.167743012552662;-0.0265884359989612;-0.481053077768929;-0.330714213832186;1.14554360529652
8600;-0.961292055856559;-0.316455332848985;-0.254630970841601;-0.227148010292217;-0.363670001075349;0.0484597636667458;-0.40498031699855;-0.243732894869006;-0.227134210164519;-0.596777479191047;-0.634150168399227;-0.169432156778163;-0.703641440285082;-0.780709865066572;0.235739543287063;-0.456169719854178;-0.301543061331627;-0.907816767352114;0.59100861976259;-0.0247935152243581;0.397389172750813;-0.232240641541927;0.242952009656381;-0.428998271556896;-0.388038510510216;-0.159498940116317;-0.0265252795318562;-0.471342584502053;-0.33088578013071;1.14599686827864
8625;-0.966085020778316;-0.318848919436302;-0.248934537578513;-0.220465793620453;-0.362306234408627;0.0493440475984898;-0.397390682047536;-0.236584755679758;-0.217081245704137;-0.578660470024404;-0.619009445527993;-0.145926949905954;-0.713700262917515;-0.791746072087192;0.234746495593025;-0.444343282171836;-0.291147071933408;-0.935457825458406;0.601056572834472;-0.0318315187530977;0.406230070376151;-0.241720618569565;0.255689382131114;-0.41490111115792;-0.384164500117747;-0.152277159534695;-0.0268110809839697;-0.461404497566382;-0.330224245102187;1.14899960798432
8650;-0.97204845893223;-0.320498103448446;-0.245726091627987;-0.218175537680618;-0.357965473223311;0.0495241387354991;-0.388882025941901;-0.228158308935807;-0.206533096410649;-0.558496389773124;-0.605951027804647;-0.125543095531231;-0.722508892691835;-0.80684878240506;0.232523539017419;-0.430396353738067;-0.281790894851564;-0.966924101031563;0.608852218062972;-0.0371656017930499;0.410666221182557;-0.250793796822723;0.268661215617876;-0.401423929252514;-0.38203739389514;-0.148089285065379;-0.0259824513669495;-0.450101888183641;-0.327637440372843;1.15415822878809
8675;-0.978060240529191;-0.322043143874769;-0.2436073013602;-0.216471222424176;-0.351398150449209;0.0470344129504513;-0.379607013722013;-0.215478575173959;-0.193619538239534;-0.537889127800015;-0.593231506485784;-0.109340979271138;-0.727178328471577;-0.822031850197596;0.229601748572166;-0.419611941834608;-0.276255091234138;-0.995739976676183;0.616835932091287;-0.0420302262845275;0.412130579586825;-0.26287195136083;0.2795844798533;-0.387731441028155;-0.376263426905688;-0.145686329633996;-0.0245478664774388;-0.43780962736424;-0.32593930061699;1.16199732338149
8700;-0.983960809336239;-0.323945055312709;-0.240323988990932;-0.213314192386997;-0.344538863161254;0.0461214880756243;-0.371827140534579;-0.198525195375052;-0.183325627039706;-0.525259509470556;-0.578948902338743;-0.0948817647407925;-0.728941185516726;-0.837316924483217;0.226102333656379;-0.408998475113921;-0.279916550250671;-1.01713523719436;0.623661198218201;-0.0483178887689614;0.408591354697395;-0.27335550943448;0.287378610217745;-0.374366080600512;-0.367927866366515;-0.142565855549904;-0.0227133031443292;-0.427372496365295;-0.325952259251581;1.16981887883105
8725;-0.988710683394739;-0.324733639846398;-0.237406321016429;-0.209105036830041;-0.335899098480958;0.0431327394060383;-0.3666562913502;-0.181666932932477;-0.17282195156842;-0.515921014913673;-0.565274816630574;-0.0836723392614172;-0.729077485802787;-0.852152007229167;0.220095027994838;-0.400005495368002;-0.290312560727709;-1.03585332926503;0.630253412243835;-0.0555735590707415;0.400043397644269;-0.278663709032779;0.293062154817599;-0.364531348382306;-0.358327767548662;-0.142114529326495;-0.0177888429263606;-0.419308558581158;-0.325183727526954;1.18086925564003
8750;-0.992150978527586;-0.325078634912838;-0.233071540528225;-0.206301041974742;-0.326500254013151;0.0372169444586567;-0.360836948655069;-0.165388915649095;-0.161399630173578;-0.506751182553807;-0.552255201491014;-0.0737373068113484;-0.727970153129742;-0.868314917974867;0.215552538749285;-0.394999813433226;-0.308192685570336;-1.05210588313853;0.630698056935828;-0.062840531821128;0.38717434696001;-0.27990686653299;0.2984256055432;-0.353749226587082;-0.347022390501545;-0.144280463390518;-0.0117070669009052;-0.413936046906698;-0.323815079745934;1.19253819483695
8775;-0.994286085305785;-0.324022234011608;-0.225326134885889;-0.202826405417492;-0.315723345631993;0.0272699070148704;-0.354646156247416;-0.146943084329244;-0.151016616697243;-0.499267326328828;-0.54046378921695;-0.0685231264578779;-0.725914779007702;-0.884750150330394;0.212710630657813;-0.390796363132147;-0.331283007896806;-1.06650905873882;0.632996087608224;-0.0711156319460499;0.371130922685815;-0.280232364325993;0.301905156286568;-0.342489886719674;-0.333887298618597;-0.148770075820766;-0.00404273872163019;-0.409966022530976;-0.326664132702648;1.2029709572601
8800;-0.99500732586466;-0.323900321580868;-0.215777895364998;-0.199298305839717;-0.303291008264522;0.0162062254982335;-0.35021160672975;-0.127332800579745;-0.137037512996062;-0.490655970858531;-0.528859850801969;-0.0645726351678172;-0.720632227816301;-0.899520573719137;0.210185433636957;-0.38259222628433;-0.362211283268562;-1.08141077541817;0.634215176898697;-0.0780269298362874;0.353515476303923;-0.279915630943575;0.307072458098853;-0.327918344666496;-0.318792459545228;-0.150585013779211;0.00222643446636228;-0.409592314548578;-0.329555515839108;1.21241262935069
8825;-0.993842977711019;-0.322592553055911;-0.205931971834974;-0.194864472537082;-0.291617437911593;0.00453964170982304;-0.34824568932948;-0.104992634800542;-0.121309841989554;-0.485238234568952;-0.517200695393042;-0.0613921380427716;-0.714424346287036;-0.915166701756748;0.207968767578569;-0.376170609035178;-0.394588139223664;-1.09707972333176;0.639466728518164;-0.0829309510502041;0.334530277943921;-0.285013520793912;0.312046546153357;-0.313745933700716;-0.302185285309837;-0.151890012234803;0.00917647233171737;-0.410700788673986;-0.33683624707538;1.22186943363555
8850;-0.990762291578257;-0.321345426842838;-0.198214811237495;-0.188825292615253;-0.280806552169866;-0.00560499903222253;-0.349453134666013;-0.0829868360734702;-0.110416304022443;-0.478914048517312;-0.506791173636179;-0.0601786232104687;-0.709867226001161;-0.931123265105593;0.207068043787148;-0.36966407599709;-0.428246902506855;-1.1140244842984;0.64619054155447;-0.0888790099811345;0.31568720561613;-0.28790891807413;0.318759035716511;-0.300329908084799;-0.287267735986694;-0.150890004872391;0.0130469011517476;-0.412833947379773;-0.345631373541794;1.23084775102082
8875;-0.986823879400725;-0.317800598980335;-0.190726556266138;-0.180630968634164;-0.272225404575963;-0.0149665112974227;-0.348911013703122;-0.0620011772880079;-0.0997831377059061;-0.474336126360588;-0.497699503654555;-0.0567787796209346;-0.702892115394187;-0.945823951061218;0.205601955798638;-0.362389702194684;-0.458764994841106;-1.13024454235557;0.656440732659912;-0.0932395051532459;0.298163512471098;-0.28846587894289;0.326624916162651;-0.287195018257669;-0.274596214165416;-0.14730432507184;0.0185755370783602;-0.420246442866477;-0.359783827202676;1.23763614625363
8900;-0.980809599905909;-0.312877587141967;-0.18348403382953;-0.173748191948521;-0.264319102237014;-0.0205452285958681;-0.347943075423325;-0.0428951922093309;-0.0907530737191693;-0.46898561590096;-0.488105902744813;-0.0506439828559611;-0.693957871849057;-0.958326698606083;0.202297168832347;-0.349842730369292;-0.48640751680351;-1.1461926731843;0.669129977029791;-0.0961233973743134;0.287019947152062;-0.286556192268893;0.337037835796236;-0.276143585793406;-0.263795165599583;-0.142443275713853;0.0230915870352519;-0.427118554614751;-0.374273497059038;1.244325733414
8925;-0.973835946597421;-0.307539309807009;-0.177764268274157;-0.166494082291972;-0.255492580209911;-0.0216603472636588;-0.347084810086119;-0.025117451738293;-0.0827521835130817;-0.462080590692193;-0.479860448317951;-0.0453249342722258;-0.685563740781683;-0.969484279721173;0.193363688311699;-0.333751766531992;-0.513149826707272;-1.15925296595163;0.683785556116351;-0.101184888407688;0.283565820186353;-0.280847838681042;0.347348505777234;-0.266843352384561;-0.255519222383474;-0.1365323635204;0.0232824053437573;-0.429029192550145;-0.388920300100998;1.25189322462774
8950;-0.965774209848202;-0.300218613217025;-0.173379779350821;-0.158482270897724;-0.243563420963534;-0.021002420723255;-0.349250630254666;-0.00716036648654597;-0.074595847453025;-0.451618396019456;-0.472833410696967;-0.04031844837776;-0.677108063787975;-0.980761459789199;0.184357122131953;-0.315946679560786;-0.536799538843016;-1.17367704207668;0.699864008323216;-0.103664019863364;0.284901951119313;-0.275832464798649;0.359137621963017;-0.260345405141842;-0.246259764678249;-0.130225670119119;0.0242800899777014;-0.42778379227411;-0.400870893256515;1.25855220276669
8975;-0.957055705831205;-0.291618295181155;-0.168144042776534;-0.149627445770456;-0.231119146045655;-0.0208676102756365;-0.352608098408115;0.010865675164509;-0.0671882827159442;-0.435513313299142;-0.466668856688655;-0.0347995608331307;-0.666693181684202;-0.989301300712018;0.174644661566972;-0.301448490700969;-0.551246801629816;-1.18571439786116;0.717147079353962;-0.104070181108344;0.284049324379511;-0.270570578517122;0.373327804921345;-0.253930332983126;-0.240095980402889;-0.126234212531653;0.0260671731683533;-0.425183197387521;-0.415371754212965;1.26236885087339
9000;-0.948556333919648;-0.281214540649825;-0.162463690234253;-0.140333404797923;-0.221059955655095;-0.018592686346539;-0.356475905754191;0.0288602296491297;-0.0605335945971465;-0.421814915707362;-0.457205202844673;-0.0286830743146914;-0.654728323370128;-0.995485573934493;0.163720494324801;-0.286298374372706;-0.56363863069478;-1.19693049262692;0.734183518751054;-0.10747266989338;0.275052870966783;-0.265268033237152;0.385832717261024;-0.247774427317151;-0.235268593666174;-0.123033432921107;0.0279319393754309;-0.420429910443893;-0.427829701425028;1.264956515991
9025;-0.939738022375308;-0.264175783180122;-0.156467056973267;-0.128887630023168;-0.21175925635461;-0.0137434861336499;-0.361473616214493;0.0494016192800871;-0.0583471383667473;-0.407466271059915;-0.445078794341075;-0.0213102776543313;-0.643631462030783;-0.99598767501518;0.152171717418004;-0.270977244863543;-0.575270940298937;-1.20808561074558;0.754562919495219;-0.110225343543013;0.26991994959447;-0.260211226948596;0.400664949193575;-0.243596473077134;-0.231154419236896;-0.120200135727528;0.028427335351251;-0.411976166911265;-0.437518544351342;1.26509593670517
9050;-0.930805355993974;-0.246243044959327;-0.149473939712293;-0.121491808203361;-0.200972043727299;-0.00707384259956476;-0.368764130230926;0.0688712198209761;-0.0547883877811137;-0.397237960674954;-0.434118068366143;-0.0125287353958488;-0.63388075380889;-0.992976161365232;0.140645750666384;-0.252429724107841;-0.573688450529048;-1.22209769258852;0.775305363176185;-0.114869531425947;0.26350776327629;-0.251902927394925;0.417523614391922;-0.239570402827925;-0.225914943365329;-0.120183104738255;0.0315840474434155;-0.402828422765423;-0.44574399584357;1.2616940732018
9075;-0.922380627739407;-0.230164593580388;-0.142340797070173;-0.113462529747157;-0.190945600576751;-0.00262732650085993;-0.375569352751966;0.0873185983641081;-0.0478215247009203;-0.389931539662387;-0.423805920857136;-0.00169855715608778;-0.626666224597706;-0.986281088628571;0.129802345006049;-0.233822803055771;-0.558946126009773;-1.23724763366973;0.797359209938147;-0.121069278302668;0.25574874628938;-0.245036245224999;0.433486172461678;-0.233883326289347;-0.221082860550581;-0.11909386895277;0.0333481243202756;-0.394186305823827;-0.454269342993588;1.25539430905363
9100;-0.912815066005227;-0.216388317209463;-0.131032529543618;-0.102759761121396;-0.182134453304757;0.00318463987862274;-0.383156583638456;0.103446409988483;-0.0397143428629776;-0.380469826918405;-0.416090290879972;0.0109624595694554;-0.617985876406752;-0.974870059763949;0.120710400341074;-0.219942406170625;-0.534271644167762;-1.25130787437607;0.821893358238108;-0.129690328882923;0.246234048391489;-0.241784901833513;0.447216153742956;-0.225925285359938;-0.216557747963791;-0.119063779689953;0.0356421554449287;-0.386683795579313;-0.462007701654266;1.24561917032252
9125;-0.903268289839844;-0.206289182649908;-0.121104126382743;-0.0913503498353124;-0.174279483286775;0.0136589176524696;-0.389024950550833;0.121338344159695;-0.0311794791052562;-0.36814419087705;-0.411428246584053;0.0245241928092605;-0.607555164655489;-0.9619425895817;0.113858001785096;-0.20641590349658;-0.502194738176958;-1.26880872622055;0.841294156475687;-0.143112056003572;0.233142840809105;-0.236121470814425;0.459676408074603;-0.219723639989425;-0.211874390401647;-0.119538491313102;0.036286895937486;-0.37734074034104;-0.471227392130022;1.23259035437097
9150;-0.891881584381533;-0.201429654472025;-0.110221224008985;-0.0845536338977484;-0.167493391057385;0.0229259681034325;-0.393622992310848;0.136958763160786;-0.02224681096826;-0.357385536818564;-0.408992651886492;0.0386164968061226;-0.597068735913273;-0.948979702077259;0.11169153478552;-0.192575122698571;-0.464804575642182;-1.29396431148494;0.857347520377557;-0.158858927568251;0.218654751258513;-0.232749177335663;0.47273881301079;-0.214526729090578;-0.207601252074344;-0.120362348037108;0.0389420774297551;-0.365019554720986;-0.479899490476975;1.21763568771113
9175;-0.880978598517486;-0.201526938829501;-0.101021932491878;-0.0772637782440671;-0.161586543247323;0.0298298929929507;-0.394113288520897;0.152241519968064;-0.010661567744195;-0.344462221959754;-0.409382621013505;0.0518441119342449;-0.584763323164569;-0.93280236097241;0.113213366516035;-0.176823593670114;-0.428120700582169;-1.32027209510587;0.873122039413988;-0.175988656785137;0.206106298260579;-0.234872161082364;0.483017904999223;-0.210925946776537;-0.203965144697696;-0.118577773045775;0.0429190447003029;-0.351838704260059;-0.493165794509873;1.20234150017976
9200;-0.870228402253245;-0.205030715243849;-0.092262008908083;-0.0723404664687435;-0.154554806143617;0.0440386514310346;-0.391917548029575;0.166532424611049;-0.000235296191184853;-0.33381612650062;-0.413684819062801;0.0653793287037327;-0.572283712997184;-0.91553103503514;0.117375022983538;-0.158371873712389;-0.394549534375987;-1.34641894930052;0.887931527734811;-0.19457702408686;0.195564751741807;-0.244283303611145;0.487136079027635;-0.192079551370665;-0.199278573790387;-0.112287228776964;0.0476955599795379;-0.339214254176906;-0.507048803725426;1.18763002164276
9225;-0.860352211490924;-0.212337471435797;-0.0857233803505641;-0.069959514063257;-0.149402938433752;0.0639797796923226;-0.387055122300308;0.18237158609134;0.00878969194231565;-0.321504214761187;-0.420854605284524;0.0788925985116612;-0.560639139929083;-0.898282844017846;0.119862542040565;-0.143416718272577;-0.364131427891214;-1.37681363671447;0.902081174584582;-0.212173868788143;0.188944000086037;-0.251811954596281;0.492032485696577;-0.148574809288687;-0.19486682793554;-0.105863322723159;0.0519895688381511;-0.329193486190508;-0.518905949771144;1.17450145998454
9250;-0.851579042679396;-0.221756355568733;-0.0804234429470289;-0.069623029587363;-0.144917358511794;0.0819904779594781;-0.380140401727502;0.195845076113127;0.015489763365046;-0.307729163726716;-0.42821652686322;0.0910739934610171;-0.547045245258996;-0.879381675465649;0.128770721558007;-0.128277331442984;-0.338428885848789;-1.40657134987893;0.91316468422756;-0.228712057720556;0.184450328453404;-0.261119403035998;0.495935641990467;-0.102417800390101;-0.190263826547781;-0.0972269511043862;0.0556823712998251;-0.324999350246149;-0.532298384967277;1.16183412017434
9275;-0.843243563487514;-0.230128156417443;-0.0728376312592198;-0.0700641534184608;-0.139076806955823;0.0923921220034793;-0.376342862655408;0.208883323289145;0.0196026173191011;-0.291466686947652;-0.436354423902257;0.101654966825379;-0.531713114119533;-0.858701011211451;0.142325227188326;-0.110147438968067;-0.317673882395289;-1.43964893273233;0.923178155948026;-0.245839510586589;0.182930055679009;-0.272830791499404;0.495162391737185;-0.0767490839077023;-0.188381351989435;-0.0922160840408182;0.059224986993232;-0.32653149825003;-0.545584973919252;1.14900470506522
9300;-0.836373021269355;-0.23917395598818;-0.0634436591727425;-0.0727155480055253;-0.133047330828602;0.0933523882367086;-0.376508199248936;0.221505531631949;0.0248698301921837;-0.273892628238018;-0.446624332070267;0.111708264896726;-0.516338230555147;-0.836884142203183;0.158406679143181;-0.0919692364754838;-0.302093250637522;-1.4737128237057;0.926736691168786;-0.263372033128868;0.184675296752484;-0.284443610505383;0.493930848136131;-0.0853119479140518;-0.184176229335753;-0.0869523320710302;0.0625851169120746;-0.335613715193898;-0.559952573547391;1.13519005135636
9325;-0.831222207352893;-0.246204019754578;-0.0559155041972419;-0.0737119438558811;-0.12589355808632;0.0803843959386145;-0.381060232736174;0.238478086837128;0.0296243010378015;-0.256930488123755;-0.457577700727783;0.119432201943382;-0.499864483565386;-0.81663077102589;0.175628259178251;-0.0749868593362461;-0.28809159234444;-1.50894679989764;0.930716453507804;-0.282594204983468;0.19031078716428;-0.293846259325063;0.490238650642255;-0.119271892780362;-0.179265727476877;-0.0845636047035592;0.0652920938453501;-0.35265152431189;-0.576872882333686;1.12039123548547
9350;-0.827280427025495;-0.250077126459126;-0.0511870342155456;-0.0738096470881431;-0.122702343952483;0.0799777836875638;-0.391968221632257;0.255652206455514;0.0302273685321733;-0.239971564144603;-0.467398840055264;0.126306385409649;-0.486973805967277;-0.791692814643856;0.194955945160904;-0.0633852750069272;-0.272290873353323;-1.54487032064416;0.935757891512085;-0.304273031145438;0.19784169624918;-0.300902493638824;0.487139147261712;-0.162215914483393;-0.175465134187203;-0.0822564135121054;0.0682369122269129;-0.378263114401731;-0.596084447675049;1.1052366908367
9375;-0.82372929848586;-0.250182034494328;-0.046240475886794;-0.0728716113946953;-0.122185603665319;0.120149033294419;-0.403199231196533;0.272795829371818;0.0327063127744256;-0.225975964624;-0.478065175730443;0.13265676741665;-0.476411202800059;-0.766373372396618;0.215050277355568;-0.0524148756179809;-0.254148647329915;-1.57648264293527;0.936827325870645;-0.325242984341923;0.206831304944483;-0.302823321682747;0.486340168836722;-0.20531376812231;-0.170649605842962;-0.0825282841173365;0.0736799396179681;-0.41025255177203;-0.618259434882137;1.08880927896004
9400;-0.819327008952458;-0.248864496017402;-0.0408593798125878;-0.0699178130707792;-0.121364410457817;0.180986925130569;-0.41739991829332;0.286338051831936;0.0349520437412046;-0.213138152875577;-0.487687032639083;0.139811788964872;-0.466590587571683;-0.74000387594154;0.234561689007382;-0.0411444434006367;-0.2307179275804;-1.60511287177457;0.939772376898274;-0.34555076511254;0.218623196017018;-0.302894135252351;0.484218666883665;-0.240120274835561;-0.168052580769431;-0.0819640759270868;0.0795176300927989;-0.448229077571546;-0.639597558869672;1.07187062571445
9425;-0.813683105546079;-0.246010142684669;-0.0364981249251954;-0.066514245066107;-0.120675461522867;0.250310312029557;-0.434583333150587;0.298959239669248;0.038271268724555;-0.200429857433374;-0.498710160449604;0.148065065544189;-0.459049776497731;-0.715225939311901;0.253263008019613;-0.0306728251276786;-0.203335397727894;-1.62949235691188;0.943510105111965;-0.366612438782178;0.228753188270417;-0.300347843396713;0.483359722734041;-0.262517882122871;-0.165900478368809;-0.0798913957292687;0.0812186919760838;-0.483908831350183;-0.667496221075265;1.05448453101243
9450;-0.80757742753227;-0.240457386771593;-0.0325116458979994;-0.0627640085674053;-0.119989873760803;0.312981738101673;-0.453437228543395;0.310515460904674;0.0417193036713486;-0.188455268979484;-0.509703213582161;0.156581934440799;-0.454106340616818;-0.690927850965888;0.273451095433731;-0.0210146550535488;-0.171338153934289;-1.6498415388051;0.94988840846454;-0.386872747858542;0.235842580465369;-0.298296142211301;0.482829580918115;-0.266931489652656;-0.163607931667821;-0.0760048494889778;0.0879282292288406;-0.517829972476984;-0.699349749517544;1.03819373450526
9475;-0.800291686074302;-0.235275406782484;-0.0291062889285624;-0.0561198104834413;-0.123108020005537;0.363555011658125;-0.470019265818452;0.318752463018321;0.047275372464013;-0.174389874177098;-0.517909022941598;0.166050988713702;-0.450298826457265;-0.670042696333922;0.293731370548368;-0.0155138553065694;-0.136162527234812;-1.66530886172636;0.952463285971111;-0.406434530020295;0.242636918073594;-0.288436506990207;0.481772478841205;-0.25171834700023;-0.164224457382888;-0.0706406212138198;0.0927122726633871;-0.547575498914322;-0.734271598340236;1.02424095289696
9500;-0.792152846718552;-0.230793895387086;-0.0272611487154348;-0.0485258864099952;-0.130790924895807;0.398496111953622;-0.481903223828202;0.322923669664459;0.0511536877750838;-0.162262710598553;-0.521470535436427;0.175637766115103;-0.445389428844773;-0.651625867845799;0.313775151484115;-0.0144048129358211;-0.104286625281442;-1.67748767859694;0.954814523584427;-0.424768335153934;0.249663442864731;-0.278155578583099;0.479898524356294;-0.218959611907763;-0.1637382841992;-0.0645158831426727;0.097779272281437;-0.571561444088897;-0.770725947549165;1.0148854823303
9525;-0.782618176968498;-0.222381130752533;-0.0269732617918387;-0.0399419665741354;-0.140559078099057;0.417524595615917;-0.484845766665779;0.324741018290388;0.0513392509501354;-0.152501523062021;-0.522387082263052;0.185816892009432;-0.440717479621567;-0.636712394905073;0.331932139306712;-0.0138728086939461;-0.076875701453394;-1.68904304515463;0.962108765386241;-0.439590841615863;0.255232819358013;-0.270208402962147;0.479234210229915;-0.170838215337181;-0.162097372895322;-0.0551703659871324;0.104135597533694;-0.590725856656114;-0.807269746199653;1.00891641451489
9550;-0.773342724498129;-0.212755365056342;-0.0276683860431408;-0.0335220645802441;-0.151257601877333;0.417152975301197;-0.480848355719136;0.323572402093823;0.0515146570471941;-0.14417550605211;-0.521687922149711;0.195420920836168;-0.436011577771931;-0.622702575841912;0.348196019039802;-0.0098838129037548;-0.0528403953088421;-1.70142362533282;0.969548835270968;-0.452950494324648;0.259978527634406;-0.260990764469966;0.476543839769552;-0.110549701846729;-0.159017202445206;-0.0452637828688108;0.109663662647294;-0.606395892129023;-0.843158648359895;1.00595637084618
9575;-0.764228983660585;-0.202706615136004;-0.0310023743298657;-0.0263394242438937;-0.162685415733079;0.39518927063172;-0.466384788087286;0.315606067953638;0.0533263123717816;-0.133966293589047;-0.522530490772573;0.205361025012864;-0.433615148383586;-0.611912364057645;0.362899579628661;-0.00184670171289665;-0.030781721106299;-1.71246191288347;0.980812210506024;-0.460591518740616;0.26375887831744;-0.252671393879177;0.472913106694592;-0.0456931862518243;-0.155100204465192;-0.0346313185524865;0.116291687651123;-0.619782837549846;-0.878286697547051;1.00583974310655
9600;-0.755890276151684;-0.191925763531694;-0.0348052019239517;-0.0174604109457531;-0.174065139319834;0.363555694919218;-0.446766650315206;0.300387822664601;0.0573625411513468;-0.123574826927765;-0.524671993551367;0.214656325796119;-0.429054066988133;-0.599412432638265;0.374850609638541;0.00643149645716217;-0.00958308562575434;-1.72362366044088;0.992160519339879;-0.465774932744373;0.267889883053716;-0.247669650537312;0.467272758351223;0.0126975431423227;-0.149952320922893;-0.0303048761928507;0.121671914975881;-0.633399729204911;-0.910750997777477;1.00665634226721
9625;-0.74813000400969;-0.180382595378656;-0.0406567818338912;-0.00715954971928161;-0.184872178690702;0.323893305585423;-0.425587278945909;0.280119874172054;0.066167866259804;-0.111810173329189;-0.522789967155368;0.22256818759754;-0.422426831259832;-0.591080966219444;0.384244274832935;0.0161722353231509;0.0101303511711637;-1.73395553814785;0.999017550721256;-0.466024691617242;0.270386144299918;-0.238526490561407;0.461353350387175;0.0532427462638403;-0.14240490281106;-0.0309087627170024;0.122752220791603;-0.648026934735313;-0.942750646030309;1.00747933252813
9650;-0.737634977299715;-0.168192013591943;-0.0467018334619826;0.00630026103028731;-0.198510763961142;0.279728110563174;-0.404947868094641;0.254850531246706;0.0783477570102443;-0.105329172346256;-0.517320110338079;0.230456897589403;-0.414325253541075;-0.581957539233914;0.393877232726466;0.025485817445492;0.0282332300547703;-1.74520193886284;1.00720677666961;-0.462325736803316;0.27258687470246;-0.231973439512498;0.456066586307053;0.057006460208964;-0.134477363269293;-0.0353253832862615;0.125199179252455;-0.661454773523474;-0.969953899710977;1.00835224646836
9675;-0.727516224610634;-0.15473339049272;-0.0554261920921002;0.0223699953872358;-0.210194628702084;0.241079226199762;-0.381438542255209;0.223327593538554;0.0930098207506878;-0.0970681312472205;-0.512053114587658;0.238296796040938;-0.403667347751494;-0.571908989470261;0.400883389062982;0.0387919880977586;0.0438361677669497;-1.7549622276667;1.01124702108816;-0.457577580228389;0.275568835439423;-0.225977708040237;0.450797213871085;0.0313929194171563;-0.124937652220404;-0.0421906446748784;0.127827973793261;-0.671874811041894;-0.99645947451844;1.00981077053675
9700;-0.715994777281617;-0.140348003197016;-0.0645548581118058;0.0376684031002561;-0.219993418766206;0.224105191952722;-0.358040531798987;0.189830654768506;0.109614054455961;-0.0886738602108121;-0.509367789010162;0.245846020701033;-0.393029641537582;-0.562042750082988;0.403261113666178;0.0482103034110888;0.058209364552152;-1.7641983315432;1.01344075889823;-0.451166039027034;0.281533074934866;-0.219699234192828;0.443212483875193;0.00458431234492211;-0.116008698190466;-0.0530109540972886;0.129227201554875;-0.679830184946077;-1.01676395451793;1.01197399095373
9725;-0.70422149172103;-0.129487498547922;-0.0758219325513467;0.0531487383333144;-0.232039397949115;0.228592923138816;-0.336459326611328;0.154309867685402;0.128869619070148;-0.0821740813194129;-0.505203060144082;0.253671947124681;-0.381395689583042;-0.552001609650719;0.401232710582462;0.0579667229969015;0.0705427449117704;-1.77115929876065;1.01471121898083;-0.439164880012353;0.287497371570237;-0.211721514456144;0.43863567170491;0.00613042859208539;-0.104831829321511;-0.0678971927085568;0.129830519269339;-0.683879245372623;-1.03170422675003;1.01341956276245
9750;-0.692909065482165;-0.119406063672332;-0.0867884999828616;0.0673002470417356;-0.242223470663177;0.252378393558297;-0.316802939360239;0.119091228180625;0.14741132614712;-0.0741030613132045;-0.497789560318654;0.259798299166911;-0.367838348586481;-0.538815720707762;0.396805402229923;0.0691924243850726;0.081156276647824;-1.77637236213804;1.01601304426242;-0.422886490119773;0.284374621368982;-0.207900281774182;0.43547108718832;0.0134367230136754;-0.0931343706098412;-0.0856351606333588;0.132462081406313;-0.685407422235993;-1.04675434259457;1.01464460198259
9775;-0.681220838743622;-0.108895430968765;-0.0948857215080103;0.0807371748714016;-0.251221522553984;0.283102901626347;-0.302594678223403;0.0840955654889147;0.166879148854613;-0.0641320192952339;-0.487810971389558;0.265902952493674;-0.354317470293786;-0.525893670158298;0.391420157147032;0.0787365429928282;0.0897712639116562;-1.77923352120024;1.01811116552071;-0.404837587771812;0.286645118430376;-0.208579101028519;0.432202333614233;0.0267914366103564;-0.0833630599760596;-0.104449356148377;0.136822683624824;-0.683604963132382;-1.05572122145048;1.01136538711352
9800;-0.671015362448454;-0.100167552825318;-0.100437066477625;0.0913873313384152;-0.258402130701582;0.298838466740183;-0.289748657232096;0.0509834353739443;0.1872432422911;-0.0526248794096082;-0.479126631831018;0.27057993465543;-0.340518136434923;-0.513263370997371;0.384089599895725;0.0830383208614065;0.0940788499727748;-1.77937138847569;1.01528046067606;-0.384983494808081;0.293803816584169;-0.209335944195139;0.424193411822291;0.0314971826683792;-0.0712233991840835;-0.121749153952183;0.141298278287182;-0.677267614620027;-1.05847013446043;1.00533100316303
9825;-0.661887727810216;-0.0930496500589235;-0.105655718526505;0.0979740316977702;-0.263094138351912;0.289682456049487;-0.280902849026638;0.0224733924417152;0.206342141402754;-0.0419603131361763;-0.469980344802515;0.273815043168552;-0.325877573913292;-0.502489390525568;0.37364743410355;0.0843233981638716;0.0975613220481269;-1.77856302370387;1.01569533373715;-0.364931801665936;0.303880992228851;-0.207861865375951;0.412125170081915;0.0408437685011063;-0.0595929740416855;-0.137583398773877;0.145619624816165;-0.670881116859857;-1.05337188279894;0.998126228738864
9850;-0.654098129252459;-0.0861610006843356;-0.10916819024635;0.10130065968589;-0.269169041090726;0.279957046331433;-0.275591482273106;-0.000111840055435541;0.224016929065808;-0.0294832624902474;-0.458208751936756;0.276637993957902;-0.313366832824567;-0.489204398411344;0.363169173505177;0.0781180216435887;0.101369348428507;-1.77499491380262;1.01427681598345;-0.347632148921598;0.317107332113693;-0.20520617797775;0.398490931610116;0.0498796416656797;-0.0461855100835683;-0.147470382065093;0.150819359838267;-0.662112984808548;-1.04360555826872;0.990534877372717
9875;-0.645490365918618;-0.0796489619580771;-0.109979796460941;0.105016592330802;-0.27299647513229;0.282505589664233;-0.270904014553966;-0.0210123967499777;0.239501310131983;-0.0191468102823588;-0.448321646371836;0.278076130663909;-0.30131218609027;-0.475692832328909;0.351602033895229;0.070174565636433;0.103272395926367;-1.77044826009028;1.00906635114076;-0.329500955152017;0.330223294411071;-0.202419901015196;0.382365336347666;0.0598329632156676;-0.0336959996944538;-0.153139060742811;0.155653227409279;-0.651260545149803;-1.02665546912523;0.981633885534801
9900;-0.636966994251336;-0.0724151073415642;-0.109456351259049;0.105858106167519;-0.276093771641088;0.285251936611698;-0.267634960576104;-0.0385255214132744;0.253927537786669;-0.00709561564057832;-0.441206832057683;0.27825606428565;-0.288419619754463;-0.464923407521359;0.338825883981566;0.0625717270924109;0.105785422936861;-1.76648521952111;1.00733866737395;-0.310199368940335;0.341361679280382;-0.201249254662586;0.361312319081328;0.0712934073996856;-0.0224950835026499;-0.152751445255158;0.160706815196103;-0.642324100501453;-1.00486946570091;0.969994639150612
9925;-0.628357099488775;-0.0644397581936722;-0.10728687455;0.103732508463956;-0.281005150262214;0.288571462783086;-0.264141335459128;-0.0508591088482798;0.268716223823768;0.0040432448693311;-0.436639027260916;0.277491340618338;-0.277575161916617;-0.452961851326018;0.32433877574371;0.0557249209852571;0.107608029302473;-1.75982662704248;1.00368423052353;-0.293455736974227;0.349462862660268;-0.202722854147609;0.339896479723351;0.0853994298627623;-0.0148576141974349;-0.148165530977773;0.164291637985432;-0.630533980085373;-0.981677237087695;0.957214410465277
9950;-0.620352631615605;-0.054161076981895;-0.106725935677417;0.0978745022626197;-0.284904695365737;0.293500702762807;-0.259008415699309;-0.0575520059109166;0.283023501868496;0.0113992349686709;-0.435276299197844;0.274824524921464;-0.268542193853248;-0.438584209482308;0.311349043497728;0.0537298753545988;0.106961538479763;-1.75065066752452;1.00427170520704;-0.278860809652514;0.356471333237195;-0.20769897923831;0.314754951140021;0.100908940644304;-0.0100791891702535;-0.138891358995827;0.169981572019478;-0.617206427583154;-0.954631360890361;0.942277912116058
9975;-0.610786264711644;-0.044351499972566;-0.106665044226258;0.0906558747250192;-0.287758449768377;0.299118803273457;-0.257239694026638;-0.0641022541587867;0.299790794515282;0.0178429715439224;-0.432238692409825;0.270908838763391;-0.260807173085362;-0.424915106403883;0.29976499124446;0.0550478777222652;0.104740426584525;-1.73768128808226;1.00331306813393;-0.265669522316192;0.36173717797041;-0.20669118952852;0.288930229146449;0.113148569443631;-0.00884237246961348;-0.126088885993785;0.172533687231028;-0.600678890011517;-0.926609108183406;0.927736173640025
10000;-0.599485033069915;-0.0342532744144737;-0.10587221432241;0.0786341550663098;-0.29271001336144;0.304829003947214;-0.254899229934763;-0.0662688616181538;0.313850111595837;0.0236645279687975;-0.428982988608522;0.267252398376877;-0.252953632938714;-0.412221358085745;0.287445706853604;0.0620608639167375;0.101176559136941;-1.72065779549465;1.00684168580037;-0.255510074582877;0.359196077067119;-0.208203853218444;0.264554690011206;0.12277659543659;-0.0114668910845467;-0.111988627880605;0.175074233360123;-0.582525818940031;-0.89915062744801;0.916016969118477
10025;-0.586338917722677;-0.02149317872965;-0.105687900296353;0.0658876738788849;-0.304261505979852;0.312707316594493;-0.256400091476611;-0.0637441978670649;0.325716376489318;0.0289636816778785;-0.424281727767363;0.263653444000192;-0.246305324953758;-0.400319660487926;0.274083345867819;0.0724502252701016;0.0962127420790398;-1.70221744812852;1.01436261571997;-0.246900454558164;0.347845721226631;-0.213374720773406;0.241926688932482;0.130530348631873;-0.0194397973476535;-0.0979568048352036;0.17750473109068;-0.564239629434487;-0.871537722271314;0.90511278651805
10050;-0.571795676302254;-0.0125163651964886;-0.105444449890751;0.0502762860692145;-0.316383398081859;0.319795028794175;-0.255620495768216;-0.0576307175661423;0.335677952664186;0.0348424547730726;-0.423904897494078;0.259735933018375;-0.240251123294751;-0.387793987108812;0.263121147740539;0.0859776395630312;0.0898188795109596;-1.68436658714891;1.02728606446359;-0.240891239261965;0.344797556528487;-0.217291372733197;0.219698442002203;0.136147835237296;-0.0279954683465663;-0.0838734911980701;0.179436234175816;-0.544548751345307;-0.848855204578646;0.894949928870441
10075;-0.558300071638918;-0.00490214265594147;-0.105903041863091;0.031658288126217;-0.331108822624993;0.327587739413907;-0.250491453845369;-0.0543002918712558;0.34361868318651;0.0427881311948857;-0.430229634844164;0.256238645108018;-0.236195365391216;-0.379375720411295;0.252565631947791;0.103236900774486;0.0835728333387176;-1.66887028497668;1.04509527395647;-0.235082243283022;0.348430159777297;-0.222851871155512;0.200910845028224;0.13965385306093;-0.0384738725498478;-0.0695181772868468;0.18106431202391;-0.521575391204705;-0.833788285473874;0.884996948991639
10100;-0.545649192584792;0.000275230629770862;-0.105579566481504;0.0122702604166222;-0.351640463168666;0.337299226363704;-0.242758286136542;-0.050779093241797;0.350636462066724;0.0506131710595612;-0.438805477625701;0.252370436782011;-0.232542388866783;-0.368996194613814;0.242629818802187;0.119301884418318;0.0777687557197873;-1.65064152610361;1.06499506394116;-0.231397769786456;0.350786531313522;-0.231809132001449;0.184168687737311;0.139157766097442;-0.0478928107372646;-0.0615427132576343;0.183251546717069;-0.500693845554905;-0.8304354798755;0.874571982343086
10125;-0.533751181611769;0.00132088629083005;-0.105368158437117;-0.00746710332403859;-0.37473001272788;0.347001293054429;-0.234219429081471;-0.0457029840729285;0.358291524106318;0.0571854419890821;-0.448640299568049;0.248991512804526;-0.229246822517023;-0.359570603770829;0.234849061488162;0.135054177866482;0.0751426476618671;-1.62994882769825;1.08561169363689;-0.22736407354741;0.349866462119006;-0.243269194709401;0.171002408286782;0.135513886187047;-0.0557810352661759;-0.058894285723756;0.182176947928413;-0.481554704183408;-0.833391176871118;0.866123466579103
10150;-0.523760112558267;0.000485770494824012;-0.104973639339333;-0.0275098756270887;-0.398662614566022;0.358101191850067;-0.222945428345081;-0.0379408079137528;0.365833001014842;0.0636840672156731;-0.460249339918763;0.245462974856001;-0.225966010707196;-0.352064122680537;0.227139160964522;0.148188459360175;0.0755202032152058;-1.60828309482816;1.11225074325107;-0.225261873877804;0.358800210536628;-0.255232914638652;0.15724555510869;0.128371270115482;-0.0610166232566828;-0.0588743486630106;0.182072644575296;-0.463091197932569;-0.839297976629325;0.859359207941203
10175;-0.515367532841123;-0.00364043645070899;-0.104182221852984;-0.0466437602695014;-0.422577991313417;0.368962332090427;-0.2077712711777;-0.0272193311081469;0.371051174703128;0.0692204441696063;-0.475328543092656;0.243791311672949;-0.22109969326501;-0.344789029658073;0.218949144375593;0.160180263543535;0.0798281328566948;-1.58476615428421;1.1351992559294;-0.225427657130733;0.3766439762577;-0.263366881736986;0.144042166316645;0.119170523935101;-0.0643293458145774;-0.0616691317748621;0.179311715462684;-0.44278540392173;-0.850796878416102;0.85720819702776
10200;-0.505452919096942;-0.0111372328134809;-0.103310395715272;-0.0643581768619701;-0.446546247769516;0.37823657774022;-0.191782452999279;-0.0155205639363559;0.375535016784085;0.070797858152482;-0.490898200861369;0.2438955310228;-0.217528085913449;-0.339435906900379;0.20983786456241;0.165668447415312;0.0880250488043617;-1.5622343180892;1.15956239871117;-0.229119701305809;0.391048662594359;-0.271764116932928;0.1277076752167;0.107733402330179;-0.0674767185507928;-0.0642424818350287;0.172345657869081;-0.423256837747226;-0.861380544965379;0.856973895317906
10225;-0.49832363819467;-0.0189594654864711;-0.103581416091859;-0.0792244435802741;-0.470955707197043;0.385206053560026;-0.174874164922464;-0.00609881362296618;0.378837924238501;0.0661408586608363;-0.503381721228437;0.246696316179807;-0.214791265859156;-0.337278399865071;0.201630696779719;0.170483127546409;0.100107208074552;-1.53935986527567;1.1806259890777;-0.232396601316275;0.404464666305002;-0.277274585998544;0.106759649110369;0.0970248879444544;-0.065836199800327;-0.0698658484376587;0.163643504365667;-0.403441238690793;-0.873114626934053;0.861168901385739
10250;-0.495388453040291;-0.0278809970818024;-0.103963870816282;-0.093242296871255;-0.490773152360004;0.390735190591805;-0.153453165203852;0.00462933123688356;0.380654825790443;0.0576738097868777;-0.515117789795992;0.249240808597714;-0.212823424294137;-0.336984641830051;0.191394395922695;0.17215838655099;0.113081675709218;-1.51957818703445;1.19828160188801;-0.239093369832264;0.412899175942118;-0.281204551536616;0.084953189057636;0.0850619820870231;-0.0654622061485531;-0.0771373504507505;0.154253534211861;-0.38801478775058;-0.887323133205954;0.867808068777116
