;1;2;3;4;5;6;7;8;9;10;11;12;13;14;15;16;17;18;19;20;21;22;23;24;25;26;27;28;29;30
-500;0.165244303028915;0.555310090603561;0.0449667798024653;0.158802241957138;-0.0810183631231535;-0.208612752674685;-0.0555000119776076;0.365272222471613;-0.156308996780029;0.283230472761669;-0.0817018300205344;0.152993266452717;-0.0758080149050957;-0.214531435276742;0.214205526471782;0.11575619199257;0.282602817098167;-0.0683516554001527;-0.0945872566657822;-0.0839571547509227;-0.286826842076648;0.10115561520132;0.12525375663091;0.160334937638174;-0.00456532232633311;-0.108446265591734;-0.440167608166574;-0.19159358517458;-0.0236021665146551;0.167631039902139
-475;0.120951520506037;0.470529737169118;-0.0321096418475935;0.152366334549058;-0.0801158576416817;-0.20194285714072;-0.0460713155208036;0.34150593671193;-0.0949906015648418;0.21738013712734;-0.0847269827740678;0.193844414016485;-0.06736608357877;-0.143657744783186;0.242992128607543;0.125965259994024;0.243857664337956;-0.04432524538709;-0.112270500482051;-0.0634136194899707;-0.276648908655758;0.0886132958226356;0.0926756666725275;0.186491827995794;-0.05702768020722;-0.11386033577661;-0.354925743142673;-0.133033128505731;-0.0644273840318805;0.179747778771907
-450;0.0911951264865557;0.386545526061518;-0.0326177389883822;0.109950479650597;-0.0702830674824154;-0.162084478977794;-0.067132452750461;0.350354192776553;-0.0943458867008335;0.120008431754719;-0.0704740424151589;0.189076757676771;-0.0802159328442716;-0.126585040720168;0.226659230009895;0.20450134926595;0.210535934275055;-0.00307906400605082;-0.0861311130055973;-0.0854746648259393;-0.246761421242698;0.0190261286967506;0.0609815246451031;0.186563037654436;-0.0223393279741249;-0.0461990923309602;-0.26547714214083;-0.123746050591168;-0.0384794497842071;0.185848120096855
-425;0.0557944635792887;0.31808264687141;-0.0154311603185744;0.062573849351025;-0.0757422482598015;-0.145041898319451;-0.0778099897425556;0.336089970389475;-0.102520148936662;0.101753602052037;-0.0392098709321008;0.167603103434227;-0.110515029201222;-0.0982158058217654;0.180835310276183;0.179310609355642;0.170769811809771;0.0243245125671264;-0.0738746991508541;-0.068501627377915;-0.212996780168448;0.0388271909194835;0.0437671085882181;0.187652637281746;-0.04214616109335;-0.0635233789787132;-0.234579775857772;-0.130144903023257;-0.054903107445756;0.180522107750755
-400;0.0196428359390989;0.279250662060452;-0.0106265314990162;0.043415578021714;-0.0623060827127166;-0.113128396504573;-0.0619755025349543;0.312945689382238;-0.0540737265897288;0.102282111938366;-0.0651531537472727;0.192636847595256;-0.109052581763427;-0.0609738246643982;0.220330783587618;0.24474419805672;0.115710961976407;0.0188459497165815;-0.0761203420779926;-0.0420346485879866;-0.219499816871618;0.0383951769674067;0.0404909254216024;0.142991254214764;-0.0168861445431414;-0.103042792067028;-0.189947225069757;-0.114604769315701;-0.0735659916177982;0.178296958188763
-375;-0.0116004322489009;0.241871723946676;0.0245119413936776;0.0501312731890313;-0.0540886021866379;-0.054959686011807;-0.0562798624669777;0.296867218356649;-0.0389944037352132;0.0431850554308739;-0.0786615703078839;0.142100467182609;-0.0953119525486899;0.0104956381669803;0.16037716026564;0.211379814266664;0.0851061603000868;0.0229342433208765;-0.0943924029054934;-0.0169252453362608;-0.407445122295032;-0.00819980156079292;0.0265095480996302;0.133583826940442;0.010199920814868;-0.0556729506218775;-0.145362818361051;-0.117126048641726;-0.0689383938907693;0.174121445081172
-350;-0.0548351322976745;0.208844868720693;0.0722428163155632;0.00248314564168113;-0.0147807093863012;-0.0670929034520812;-0.0765029837258443;0.277460808164078;-0.0517692216747527;-0.0265774048454813;-0.031663786910837;0.132822250916177;-0.092995174130691;0.0535232142695512;0.125019427376176;0.32992246853021;0.0779542466267743;0.0423736959010669;-0.0512240865360014;-0.0405462704737435;-0.17438841455793;-0.0245059408455226;-0.00601369525885276;0.0888749050288351;0.0360295141691074;0.00312542054610279;-0.0573469799342218;-0.052495102973075;-0.0579841078820647;0.128004715132417
-325;-0.0674804816712961;0.189870206223476;0.061771653393714;-0.0159209163893253;0.0027444090553491;-0.0308439917558022;-0.036208624072504;0.209060428614226;-0.044160838721136;-0.010172322994583;-0.0304477552826401;0.12005285211067;-0.0926524324982041;0.0946107165828774;0.178916380794499;0.194211484056349;0.0746364796958813;0.075064213996212;-0.066869419308667;0.0157826820851804;-0.117526738240674;-0.0231923722955301;-0.0125934789442514;0.060663365580921;0.0189399334162399;0.0332274043048414;-0.0376948020891296;-0.0313520418793676;-0.051287364743849;0.11465376382458
-300;-0.0513917649565864;0.117744469566369;0.0519726565711971;-0.00704666002309255;-0.0105169961323725;-0.0155813964988555;-0.0160931527925951;0.215386574534533;-0.0268693990253334;-0.0473695478055954;-0.0552775171233316;0.0150773377840498;-0.0999047040183006;0.1105571529138;0.105695585720557;0.077133482995432;-0.0151683568566935;0.0871083901734123;-0.0840553342075583;0.0312136508005198;-0.0576260800576232;-0.0285085001937577;-0.027305141363515;0.0488776470758973;0.0743863420665312;0.0677625947250828;0.0188258079050135;-0.0123915624076006;-0.0442696621457401;0.0797639718212959
-275;-0.0411098403366032;0.0193354107930624;0.062187601523195;-0.0178947506228658;-0.0199520816121867;0.0295731365543143;-0.0113972976290872;0.137927782934827;0.010575943389316;-0.0900148169430871;-0.036688264311084;-0.0577806093679701;-0.0825638127278219;0.116303434123081;0.106144118682432;0.00415735750288526;-0.0203949724728359;0.0917273342564132;-0.035663087631161;-0.0188381985544495;-0.0867180355623023;-0.0503306125283689;-0.0320773344505352;-0.0414631988520791;0.0911026574329412;0.0749367943082683;0.0402977993355423;-0.000550343005914877;-0.0355957730437979;0.0583144771874024
-250;-0.0538558356640128;-0.0175177425917445;0.061596888543844;-0.0372421793968081;-0.0042526785862357;0.0259839008784072;0.0296587014281028;0.128225264937115;0.0821466277026815;-0.089433278906173;-0.026619211248216;-0.0774786314468706;-0.071544101944332;0.130105431650868;0.0958395431612576;-0.0234784229046872;-0.0320722835210584;0.0828188463979042;-0.0212549448393289;-0.0034146027845102;0.0633354202531806;-0.0775217223370734;-0.0259139059284827;-0.0302322121260912;0.0292283898990702;0.069306389791609;0.0793677179735928;0.00970773647003837;-0.0228405157612628;0.0177042686637933
-225;-0.0789959451034831;-0.0979591641727506;-0.0575712620298297;-0.0554150402887186;-0.0123466320639322;0.0665079687648757;0.0219431690233521;0.051371004856872;0.0705522323667267;-0.0741086258448701;-0.0319371424640087;-0.115191586479877;-0.0342975356896625;0.133883181467119;0.0667818985983116;-0.055667623365574;-0.055713641198868;0.0559737857915604;0.0185857291201894;0.00660563933796112;0.137120655704088;-0.0628958278876117;-0.0288177867494162;-0.0641670338866259;0.0360914343176066;0.184293555900065;0.137203363778477;0.0112945500088663;-0.00191942796749101;0.0170458369712898
-200;-0.0773049068949551;-0.170609805423006;0.0525293687641652;-0.0741210869857701;0.0124513141563641;0.0670757365745113;0.0267709198784242;-0.0678797855256671;0.0852549279852973;-0.0709137279180925;0.0207973573843585;0.00486558016743235;0.000140338785542271;0.123072000849978;0.0185265268873037;-0.106813620296488;-0.112849375516695;0.0598236383472938;0.0398089318414834;0.0123604468181306;0.223239032874736;-0.0546732007692767;-0.0200839351693569;-0.0896735247008725;0.071666652534355;0.173875970834656;0.137715214150876;0.0296083042259667;0.0598645176781571;-0.055372272449642
-175;-0.0444369441397893;-0.180926611756023;0.0435914761037907;-0.067198851936356;0.0538969558008345;0.1598278518651;-0.00116693938877512;-0.139404394392003;0.112580153735958;-0.083257538479749;0.0376806341608038;-0.143084507226627;0.0184333249269523;0.0997748339096254;-0.0272036004170943;-0.19506368055493;-0.139653406266645;0.0462993901324821;0.0568583973875652;0.0428810443222204;0.131140957970849;-0.0477493441599248;0.006428631261717;-0.121844837004597;0.0587885650604045;0.119906466576544;0.206854040275923;0.0530045257718336;-0.00090493605528974;-0.0813392928466075
-150;-0.0157635460583056;-0.283397269051507;0.0639201748860833;-0.157458761063939;0.0351352062459954;0.0885166290269123;0.0406437911206946;-0.251590787123636;0.0869737957502428;-0.0725867668253476;0.0301562650330726;-0.131285418116371;0.0642622941958728;0.0886390220000331;-0.0893924894519044;-0.177579265886978;-0.106189537509618;0.0355349640803738;0.0976850901801174;0.0567329179547848;0.149567098540961;-0.0296762003827158;0.00363824414002223;-0.144888591848643;0.0495467570630126;0.13109729923408;0.216033081500223;0.0691712303197356;0.0223449987163666;-0.133847853706964
-125;-0.00604190558257725;-0.32077844737203;0.0877132565595055;-0.102110987813006;0.0380690394624411;0.103839589157637;0.0600034926775868;-0.330429238734363;0.0876732844271258;-0.0732126107945584;0.048794111652147;-0.182129351292886;0.143434722739671;0.0346042859923177;-0.174489981684614;-0.187556590435745;-0.139493334236317;-0.017159794043578;0.104440634379731;0.060538812435888;0.248856753456508;-0.00113127127019985;0.00211443845833048;-0.154365098640311;0.00453909660681617;0.178249896789798;0.198007902742909;0.0878425431713134;0.0671097036742727;-0.168423000169272
-100;0.00605291604798395;-0.361066407148853;-0.0530591824425977;-0.0342848730092809;0.0653860037580346;0.0654083332448578;0.0633009437431379;-0.414586648972459;0.0248346057854112;-0.0702071590597196;0.0666770711818487;-0.152714580108111;0.164610715033641;-0.0269095133901471;-0.284503750597862;-0.242439884689258;-0.159323604312025;-0.0472539746616053;0.104361129366649;0.0615101593960373;0.146833377398172;-0.0177991232541268;-0.00628604891404572;-0.149281746122293;0.0414166668129718;0.0120054496916887;0.19616053169663;0.12897003775206;0.0919873513132365;-0.207465447232777
-75;-0.00346933815256425;-0.373317662883331;-0.0634841167459555;-0.0454112212810603;0.0706774042497692;0.0936587488331885;0.0922371566869487;-0.535905708407537;0.0235592399468326;-0.0517817652445452;0.0867865931693301;-0.198023947279701;0.172536141367244;-0.0850712917382638;-0.386082347643191;-0.247947015978216;-0.167529025899131;-0.0848658115889417;0.112546573336249;0.0721842433704957;0.313610356752043;0.00995486095283415;-0.0375230880442878;-0.154774010061436;-0.0400585147943584;-0.126515949498246;0.207858023234454;0.177834405663366;0.0713148343000929;-0.235170332909793
-50;0.0138149168904909;-0.464155537467759;-0.172028956236387;0.0182754547550518;0.0685955250823259;0.20483542458704;0.0999989442798111;-0.605660732627579;0.0661316562394816;-0.0498753231993954;0.155026775097607;-0.195487485194267;0.218057321185178;-0.108000308629617;-0.47073648250992;-0.211246560154989;-0.144520199376611;-0.160382738603173;0.115000472739386;0.0567631370257175;0.325735928627239;0.0590169482486822;-0.0782904051695008;-0.122365134140633;-0.14000119020836;-0.1757227077392;0.168804680539798;0.171561607550021;0.110204335625249;-0.29500388639464
-25;0.0335899906283788;-0.517656694149329;-0.190076023748865;0.0161069716949264;0.138447461376321;0.0940610418489257;0.0715810137641074;-0.677009798346864;0.0137507563994566;-0.0583289222038075;0.186642319857968;-0.0578967608237107;0.230752497616387;-0.131623946901942;-0.509914968134611;-0.239289551749581;-0.1682663389536;-0.217410680990712;0.147156228459117;0.00653329863476273;0.346998578150955;0.0711947006757889;-0.126955023925817;-0.122978052027427;-0.198911589047037;-0.254803770098368;0.118373931628569;0.16804259458492;0.115892539577187;-0.305032397682673
0;0.0282991802462712;-0.50582837880588;-0.278293007544953;0.0334205535816241;0.17097198751929;0.0865861547406001;0.101915055801297;-0.723191471490871;0.0289556988643882;-0.0409180670789625;0.189970685480009;-0.157753338446425;0.234059613970561;-0.173923570556237;-0.587887620725581;-0.215219358604041;-0.214171627235052;-0.27502442586073;0.137067494310045;0.0327586553147649;0.195294299278672;0.0870220696193524;-0.191456643214104;-0.0512356448934042;-0.317676283228855;-0.306528861122787;0.0630501688780497;0.15171688507809;0.146425681769568;-0.368524982376748
25;0.0499663008494838;-0.561574883728018;-0.279939035431218;0.0783077675306214;0.169342741176258;0.0836753801782276;0.126681700138236;-0.805255585589491;0.00301782117043352;-0.0353782545678879;0.23302770953942;-0.140018511197978;0.247421927110175;-0.205026060404027;-0.600307555118863;-0.162797063269844;-0.211817680021949;-0.335056609116492;0.169601088850019;0.0660601218695373;0.365907137612712;0.149726457179814;-0.277418687526328;-0.114672016380764;-0.392750804243024;-0.406021891249391;0.0253591978346205;0.0885925408425736;0.1972254852264;-0.362587042446989
50;0.08279426878348;-0.570574950625743;-0.358707465565539;0.102796954874369;0.228199526380127;0.0780010045818133;0.159896637153008;-0.869507258979813;0.0328984515594042;-0.0257900976476866;0.256346132014358;-0.122401650575617;0.250504373773894;-0.210102250131138;-0.663209925348971;-0.140764324884329;-0.190757470169695;-0.372610564805934;0.182425684829252;0.0800957332295139;0.35291275643592;0.17213056126934;-0.364352347070382;-0.0904541575847433;-0.5158679162502;-0.465332660754247;-0.0410998884675326;0.0929749716807597;0.257644711932979;-0.365349630956213
75;0.0858674652296883;-0.62366310016705;-0.370144997344362;0.163512488902045;0.219821209199875;0.047147042443538;0.12986942895473;-0.93043491470091;0.00903992744611664;-0.0214931580369907;0.290911202606364;-0.108213464416652;0.263593919329989;-0.24030034451999;-0.722491327855168;-0.0868126714577722;-0.242598528230465;-0.441712343483112;0.173442802230193;0.0426026174086539;0.377799673878184;0.201439925677164;-0.497051205066933;-0.0803781371124557;-0.612551009410781;-0.459845464243445;-0.0709821088118209;0.0689098173399811;0.293497764744502;-0.393052580449441
100;0.0614552669722744;-0.63784924164751;-0.402942913355025;0.198696147599169;0.234989769561044;-0.0424474992335776;0.0962571322122408;-0.948256637270202;0.0509393993378334;-0.00146622916214285;0.319893361612918;-0.0800888416649569;0.249805377625926;-0.264768637697652;-0.759630783661266;-0.0800432762953722;-0.228746170669698;-0.507817991051357;0.216153502299191;0.0294709062602537;0.318922786724927;0.214021423498319;-0.584297933258948;-0.0819939317043166;-0.696287348172666;-0.457564143195506;-0.134942037624331;0.0250764592078374;0.239298670554143;-0.448570206884399
125;0.0586861503172432;-0.625367236762871;-0.438919330426559;0.230963883482227;0.251223511868411;-0.109523563639286;0.127928760658908;-0.968432122824482;-0.00474518732831015;0.025238458806517;0.308811121309323;-0.132713732674915;0.24783733422412;-0.260054660713374;-0.7844439102724;-0.0580275227286515;-0.313467333716574;-0.550842356080743;0.217919666176621;0.0364440715117839;0.369035350891571;0.228338456840803;-0.675214983296487;-0.0744472600710649;-0.791056032458563;-0.519193115785936;-0.16665696367088;0.0203230630469395;0.241093568485645;-0.449853134372143
150;0.0568791082489207;-0.648021127213624;-0.377643638853629;0.264809396360313;0.276945840423441;-0.151818384104283;0.129381738351334;-0.964684788499986;0.019927720713256;0.036241099740887;0.333096496841416;-0.102026643649762;0.276412041974863;-0.22629822407925;-0.793608576495185;-0.00407119082700902;-0.30318482113367;-0.611067128920432;0.197989398376355;0.0197422253428611;0.362948281525612;0.271609448963381;-0.757554533641079;-0.0573744679492166;-0.884398339396467;-0.536875000185168;-0.0529503018031746;-0.0534000301462596;0.268533249880249;-0.455053344186285
175;-0.00353945377035338;-0.639970509067335;-0.412272423124901;0.270689570359158;0.273964298382126;-0.167370550455839;-0.0937596878623594;-1.00122687430916;-0.0594309877792167;0.0166971216450692;0.332943761445737;-0.128232492738554;0.205505329396078;-0.219918066786983;-0.837240994999022;-0.00764428492212854;-0.314779325125778;-0.697976144774603;0.155776789624773;-0.0135116528559177;0.363864112422325;0.234390796128911;-0.826376991500582;-0.0579407250641979;-0.957864971616968;-0.545387077869807;-0.174060724103907;-0.145787778396817;0.386049989112277;-0.499901879175136
200;-0.0819091836134331;-0.689710040301156;-0.431751111766094;0.22916793648124;0.20167790101603;-0.321042262937713;-0.000264386975258457;-1.09397955103781;-0.148957482548194;-0.00650948294220395;0.267056190946438;-0.257071311148846;0.125465218716739;-0.236064516515798;-0.856235350758672;-0.0868059792976332;-0.386054901576491;-0.812215601259363;0.0434125284722326;-0.143679414605363;0.406562804871113;0.1577850157726;-0.964336654415775;-0.0639589923047752;-1.02178998263638;-0.668258214195291;-0.292085946060256;-0.227019474760423;0.196004165192491;-0.555704817934244
225;-0.161137071425108;-0.802474016406918;-0.566001520425055;0.0777476537525072;0.0511784504138243;-0.496814309478217;-0.237676597572796;-1.19894097101314;-0.316108300522729;-0.0873752707899636;0.165177587705077;-0.464522103652863;-0.0374618506550042;-0.322585616353229;-0.923455474083806;-0.250298811263915;-0.525998487094492;-0.965569883044569;-0.14278925089027;-0.359829754499459;0.319094970015274;-0.0579642771780902;-1.0879219519195;-0.081657494872661;-1.11505070619522;-0.879403233077666;-0.421715465542671;-0.409166153494756;0.0316283179118748;-0.700342816136018
250;-0.33999559713171;-0.923852821507983;-0.6854023901194;-0.0608842326008481;-0.145783242391783;-0.720080055926102;-0.382017351984655;-1.23866322145731;-0.555447304195889;-0.239334394791632;0.0392542325027713;-0.645238845410965;-0.188938436180193;-0.397959241784965;-1.02220578574895;-0.460103266180041;-0.675139887737562;-1.10740817122485;-0.342689009122291;-0.525262739989816;0.0830280741170423;-0.244321103400207;-1.21835954311235;-0.154505276140702;-1.28429152945805;-1.09873889967671;-0.54523149449623;-0.589703743114684;-0.142562613067341;-0.868421344674301
275;-0.557067200946806;-1.00712221070511;-0.864502086890205;-0.262964846078448;-0.386037052375999;-0.880255888242047;-0.635219909024446;-1.38019763819932;-0.815913359498833;-0.350612615681532;-0.10812974784314;-0.857303731821964;-0.339090746726565;-0.493362039974015;-1.16536552776054;-0.629250060860596;-0.820547977037084;-1.23071736866599;-0.525997768242305;-0.741722288504378;-0.262040946596966;-0.541914473635527;-1.35959684235141;-0.321874796021004;-1.40033809231218;-1.32937643550325;-0.687209902091846;-0.801084367365877;-0.369516600512862;-1.04742113785014
300;-0.747401751635283;-1.08814084529676;-0.992579572860737;-0.412879741476924;-0.543335921033935;-1.11412590985052;-0.792331649577731;-1.44443965878167;-1.00586930332056;-0.504658349709378;-0.208185163807886;-1.06919668442558;-0.489567377833367;-0.6073339204433;-1.26811244656074;-0.842824737379343;-0.935270747984772;-1.36255807180966;-0.698114469082564;-0.918200075617163;-0.512145880120596;-0.71675567765457;-1.4674589361191;-0.412150026656943;-1.51791639073652;-1.50224696094225;-0.823154782531834;-1.01226978274745;-0.595279790301995;-1.21635542487175
325;-0.869311577638504;-1.2017841870491;-1.14213921698725;-0.55024568830223;-0.707425751955783;-1.20686782259146;-0.97279228428696;-1.57779597415441;-1.31174088448073;-0.602604995921932;-0.31943075720767;-1.24418982423337;-0.653926681830296;-0.704764634451335;-1.41747216810852;-1.01612284455357;-1.05774145231443;-1.49552700338727;-0.853304446424013;-1.06712092803286;-0.799549820708973;-0.911747041468014;-1.57026598555015;-0.567513846689559;-1.59903413494146;-1.68688965544645;-0.951319807302777;-1.17684104937168;-0.850683148794496;-1.34563249735209
350;-1.02844152551699;-1.30465120964095;-1.27850783835305;-0.703774393242858;-0.877132608377496;-1.39681077561678;-1.12805445221356;-1.66093944002344;-1.4811665711062;-0.720700901905851;-0.409763623036892;-1.42599253233559;-0.759392031807776;-0.811246269058599;-1.53762185911355;-1.19057780284769;-1.22084377298653;-1.63016858405742;-1.0002836684134;-1.27948225838009;-1.00876218323481;-1.06053756633026;-1.69280199489814;-0.721842806367051;-1.70821126547859;-1.93494742528767;-1.05092587142208;-1.33175469090676;-1.05424047264772;-1.55335191876532
375;-1.17190887807317;-1.36977892378115;-1.40203168468226;-0.912272225795791;-1.01055034717233;-1.54640843690071;-1.26525313156795;-1.81422183093008;-1.66342654945481;-0.743038558245391;-0.502521924830235;-1.56671141433271;-0.91228837980951;-0.920109658681666;-1.63973413243425;-1.33407335246721;-1.35522524480986;-1.75020793828533;-1.1557097134061;-1.43851429741741;-1.16822606072398;-1.29498829244624;-1.7967857687137;-0.857364009904828;-1.81798106020109;-2.11921061896987;-1.18415759061196;-1.48045637262109;-1.21902438903495;-1.65581887804953
400;-1.27307226042319;-1.51610114050406;-1.52316469105775;-0.982409295357579;-1.13019673399322;-1.65683184061874;-1.38987297895423;-1.86863786620162;-1.77205841263427;-0.824083729998324;-0.634792134313273;-1.70565016713613;-1.02137055674388;-1.00267756114414;-1.75996335183756;-1.48058291975798;-1.45934982338934;-1.87412737614157;-1.26510308820719;-1.58562465279294;-1.35029315601484;-1.28352966575873;-1.92197195430145;-0.934407585503231;-1.88738805204211;-2.30083056706522;-1.29252526028804;-1.62721758850526;-1.37574520075674;-1.76046411012139
425;-1.38405687591674;-1.57983680783228;-1.61668518875255;-1.09213238113893;-1.28642932194291;-1.78684079890729;-1.50975620465611;-1.94866517930902;-2.0158472619461;-0.984065172283124;-0.661942091705898;-1.84726127551581;-1.10451226671754;-1.09924617936647;-1.86814759758472;-1.61780510208425;-1.5676561541454;-1.97294061117802;-1.37723379233225;-1.72653043453679;-1.50773121695611;-1.4935815762116;-2.00144994574549;-1.05046545721381;-2.0252066283894;-2.47175458424127;-1.18085159626878;-1.7794276075179;-1.53255065801698;-1.87381831992214
450;-1.4973575292456;-1.62024804760515;-1.77674300649689;-1.20314540989534;-1.39256304200567;-1.91349427386872;-1.62581424707744;-2.04426379450459;-2.16943630500036;-1.06781368929613;-0.725529609715414;-1.98292099548792;-1.2448081495136;-1.16574622342102;-1.93558656314708;-1.75841690043401;-1.62357001944266;-2.03369126288376;-1.48824772083579;-1.85894395929446;-1.65761197274064;-1.70040460963055;-2.03857141395723;-1.13619291662337;-2.12262018653621;-2.53552438163656;-1.41006476259567;-1.88049982434851;-1.68418002544005;-1.98781710303293
475;-1.60791467164886;-1.65946181902879;-1.85730131451916;-1.26809011831661;-1.46189130561701;-1.92711326372261;-1.72806795840068;-2.0843667767467;-2.28640855485197;-0.921684916470713;-0.817401290430574;-2.10400728513008;-1.23353940091504;-1.14844841630548;-2.0668624103384;-1.85168575131084;-1.73660732238306;-2.18075197416576;-1.59642652106823;-1.98057903811989;-1.79986704105439;-1.87520389146608;-2.075548432535;-1.21285557732023;-2.26998313658635;-2.66296074263952;-1.51820361722731;-1.95925434699418;-1.82537256765034;-2.12118537990565
500;-1.71066875436563;-1.7160704706431;-1.88136188742767;-1.38015379665499;-1.57499540659283;-2.12847470804798;-1.80590172816881;-2.11084107066522;-2.3853497670346;-1.06718713864475;-0.86922057234617;-2.20187361881421;-1.25916142376682;-1.25206361606434;-2.11175345617735;-1.96409216992511;-1.83417278607726;-2.21809919552497;-1.7000967009721;-2.08914948206703;-1.93442803958334;-1.96507548324647;-2.13426694078663;-1.29172631142711;-2.23703279104828;-2.82466275921011;-1.56728851961873;-2.01640269155051;-1.95086754927223;-2.23537875362739
525;-1.80056022863501;-1.71428051091257;-1.96416101359346;-1.48113717723281;-1.59897826740086;-2.18553558294872;-1.86897006254794;-2.12819226818399;-2.4684389339217;-1.21300747729457;-0.931855980099217;-2.27168387343019;-1.32228820739276;-1.29182264840889;-2.20960900219815;-2.04339559563246;-1.89609304342664;-2.29011603860528;-1.79491573417834;-2.18236910218982;-2.06122658601345;-1.89370747746398;-2.20014386258495;-1.33469291445225;-2.2730680605455;-2.94287512947147;-1.62922090766147;-2.10231899514946;-2.05540331196305;-2.24558651213523
550;-1.87175551101532;-1.75080377220726;-2.01912003936222;-1.51290882034378;-1.61449880897018;-2.12895100007005;-2.02362505597877;-2.16033922171721;-2.60307772999065;-1.22369970616278;-0.975850318157919;-2.43958817636699;-1.42265048966451;-1.31881241086696;-2.24522506918297;-2.13840106374398;-1.99135759979628;-2.3046950510133;-1.87933798809525;-2.25503384836165;-2.1801931478273;-2.05733650931881;-2.24911097341398;-1.32854964375286;-2.33087909813109;-2.92786911294466;-1.69470169828602;-2.18233095920289;-2.13302525264736;-2.30380023358642
575;-1.9246572893851;-1.80423738851658;-2.10425113916963;-1.54858749469606;-1.78092447024257;-2.25101369320831;-2.05331110544263;-2.29331892302803;-2.70005992752041;-1.27144520322757;-1.00618126665612;-2.44102133244272;-1.51162374580176;-1.38373162711866;-2.30641470439982;-2.16016627092519;-1.95234153969288;-2.35551568157379;-1.94029568044525;-2.31474024054842;-2.29074225687749;-2.13226378970814;-2.31618775059078;-1.42145796102928;-2.35166764903253;-2.99405722248963;-1.74266757003903;-2.25016332268727;-2.18766460126033;-2.39152708388289
600;-1.98680540930906;-1.92969112970041;-2.14134966935962;-1.6163516152719;-1.83860848565689;-2.28065022705834;-2.11952046678633;-2.29858520713093;-2.73301459055172;-1.32793925646709;-1.02421018868593;-2.52740015680072;-1.60512267750731;-1.4149632433246;-2.39642587435115;-2.25603504460769;-2.04603280555929;-2.41307089969908;-1.97525460482512;-2.39521590799188;-2.38780051917173;-2.2187552493405;-2.37645234142235;-1.50435813011213;-2.3935559669207;-3.12229944921011;-1.73331992742089;-2.33353886453739;-2.28360107059572;-2.45620793814022
625;-2.03092958317685;-1.91642727584164;-2.18323466439032;-1.70645450606428;-1.82013657428369;-2.37769616461533;-2.11221551305078;-2.35379013310606;-2.82528984615864;-1.35233530775025;-1.04880547732342;-2.57076393206656;-1.55756829759361;-1.46122684827423;-2.39546892985115;-2.34023166057792;-2.04388021041212;-2.47134613929821;-2.03659533941401;-2.43512916368227;-2.48963085554222;-2.27296372751924;-2.40600096134077;-1.50834102587085;-2.45257964120551;-3.24571392325124;-1.77511144070356;-2.34209507098195;-2.3736734864412;-2.42577715893246
650;-2.08510216098751;-1.91929291271443;-2.18167117528715;-1.75705949333163;-1.77841772573254;-2.43733564924563;-2.18570060353436;-2.33372032237857;-2.84218190235264;-1.37246174974496;-1.07647529767713;-2.67517067894798;-1.54303625898505;-1.48610388842682;-2.42870976567581;-2.287895676907;-2.12745134005719;-2.47453387705333;-2.04553459940594;-2.42341926527813;-2.54342960240822;-2.37143413179042;-2.42946631982464;-1.53758101522152;-2.47573655340536;-3.23542106837074;-1.80667972075928;-2.37857858646083;-2.16983850389887;-2.47156159156256
675;-2.16477993999641;-1.99394859727937;-2.22254877572025;-1.73940581045891;-1.97838044858907;-2.40605815322862;-2.2322053091466;-2.30971499647017;-2.92236826258424;-1.40027693257303;-1.0945115557545;-2.69589775449351;-1.58742062559824;-1.50625064503474;-2.52465639929901;-2.36636877429465;-2.11179877125571;-2.50326045902743;-1.96650987536775;-2.46843005186466;-2.56935161707929;-2.37060512913263;-2.48090260640417;-1.59534519385042;-2.41147887421191;-3.30746916510558;-1.84321952163212;-2.46548867323959;-2.36087229544498;-2.53800822899618
700;-2.20999509859679;-2.02398103503315;-2.28178421685935;-1.78679567250499;-1.97576539817446;-2.50423476742162;-2.19255248682279;-2.37487899951979;-2.95826973746272;-1.40565205425826;-1.10762855747819;-2.8024724384751;-1.61636529805875;-1.5089830381398;-2.42432627001968;-2.41710079128884;-2.16976182613769;-2.52557557750304;-2.13008655370708;-2.56100999288255;-2.6324459420914;-2.40462248120494;-2.44656330893112;-1.61323984561972;-2.54784269909467;-3.29873708525497;-1.83858236053089;-2.420056081941;-2.3735416989923;-2.59671229474089
725;-2.22113277348546;-2.04657210209138;-2.28184434769199;-1.80317319947655;-1.95687942214318;-2.49263522861271;-2.27890679566936;-2.38604713666171;-2.9827474282569;-1.4258341841203;-1.14463232846789;-2.77177320499504;-1.68954158330929;-1.51250419814566;-2.47793978850444;-2.40843421671297;-2.2041429933245;-2.4693567836112;-2.14280310440812;-2.60359165968917;-2.66038788012531;-2.41519485639924;-2.4411987391174;-1.57739558452325;-2.54231175301679;-3.26648192639863;-1.90268842042666;-2.44907833892196;-2.41617241234951;-2.64208252544588
750;-2.24551154396361;-2.10108801625754;-2.3380133517539;-1.80478995006437;-2.02349567390215;-2.45443155482768;-2.28298566383395;-2.45611815464773;-2.99758452375471;-1.44560837845668;-1.14279752153603;-2.82308016757827;-1.71028341850713;-1.56069525687566;-2.54475770120589;-2.42198736996048;-2.24370571588673;-2.42496284954539;-2.13913176981244;-2.64823534930405;-2.66371496420539;-2.40363797705973;-2.4668235638386;-1.5740781172611;-2.55961630205006;-3.29337801027295;-1.88051978648127;-2.56366370558801;-2.41773367028563;-2.63666407022746
775;-2.30826346495893;-2.06125066994632;-2.37527333283468;-1.86485414243064;-2.07540445905334;-2.59054165128882;-2.268187099996;-2.44066755367194;-3.03415910221383;-1.47994655332904;-1.14056296616431;-2.82776759811423;-1.67496107760125;-1.60804003527279;-2.5641621196384;-2.49340112185105;-2.28006703696015;-2.56352406739977;-2.1830065084998;-2.67935460985507;-2.66332687757175;-2.49283917058951;-2.45161286195183;-1.63300690309662;-2.58415268566965;-3.31180925422596;-1.88089667894639;-2.58926030122255;-2.48066051371407;-2.6668363391435
800;-2.35983710376402;-2.03075545575094;-2.38293392113328;-1.88467871219871;-2.11969078523718;-2.56153750017598;-2.30389962171914;-2.4428147998256;-3.00722956710997;-1.47288219925117;-1.17407622754333;-2.84525261254767;-1.70327784856109;-1.59692712005888;-2.62542636178803;-2.53847923031752;-2.31402971659311;-2.56706072398127;-2.20127403838894;-2.71153360043043;-2.80914168443503;-2.50434806294967;-2.48513318897396;-1.63339319577667;-2.5764873919792;-3.3769725362125;-1.92041662976615;-2.61348883098383;-2.54157881990348;-2.64292410832994
825;-2.36420783692218;-2.11411377254507;-2.38024336643454;-1.87745228926469;-2.16830615642709;-2.54299700656649;-2.3382755780287;-2.47745193893197;-3.07230546452228;-1.47145693671127;-1.18027702448602;-2.84812316180177;-1.73294870930994;-1.59204480007122;-2.67408991147639;-2.57267461307925;-2.29959875591027;-2.57560812078803;-2.20126653504331;-2.68610448568105;-2.79036115318449;-2.46987260091613;-2.51517978979764;-1.64422557569526;-2.60123727399557;-3.38889718986579;-1.95517208646021;-2.59622165221741;-2.54460108553399;-2.70987239342745
850;-2.37835062053842;-2.08904086963044;-2.41259054450847;-1.84103976510691;-2.16406869856269;-2.60841505387021;-2.41810185017501;-2.46425778795863;-3.09987762625697;-1.47992631188414;-1.18332255786007;-2.9192836795715;-1.71987135200486;-1.61854872850637;-2.68461264177315;-2.58261293970588;-2.31217378219361;-2.62790127178441;-2.25597582063493;-2.71544401239288;-2.80518418156616;-2.57621443616998;-2.53036907088946;-1.65614476925375;-2.63335490932799;-3.3041296133558;-1.97308627028591;-2.59094630424968;-2.56604237808889;-2.69777675562421
875;-2.43113408647058;-2.05328905443421;-2.47350304446676;-1.95592245903544;-2.16082984769506;-2.62867849237209;-2.43250092496399;-2.48539654197458;-3.10265810522435;-1.49656889900383;-1.21373124312693;-2.98131366480209;-1.76799522929804;-1.62841933319362;-2.64988510060608;-2.48914724957612;-2.2265373324544;-2.61764412599796;-2.27971519572952;-2.77281163070014;-2.7419059112492;-2.57696810025934;-2.53538849649899;-1.66792448451337;-2.64307406702337;-3.28456968572672;-2.00648628450846;-2.64026868104714;-2.6113101549788;-2.75655465074196
900;-2.43793391293178;-2.09585342401024;-2.48916123863067;-1.99149969070375;-2.20594188816691;-2.61562047642223;-2.39804894384449;-2.44429326287793;-3.10632710472447;-1.51055842148794;-1.19956519535366;-2.9577033261931;-1.75137531587385;-1.65716754974174;-2.64797318242373;-2.59014755665525;-2.25755056860456;-2.66587897139354;-2.27932027344685;-2.76001523657279;-2.83039231936394;-2.59283448687711;-2.5181539577454;-1.72268329184443;-2.6463294025117;-3.34030297381396;-1.99559915222683;-2.68588893449879;-2.59874978986185;-2.75470595924456
925;-2.39286290918641;-2.11582080392762;-2.49776841912795;-2.00507074749206;-2.21302962442563;-2.62695462793562;-2.44345492285006;-2.52032724329621;-3.15320522293042;-1.52398220624986;-1.1756700534;-2.96908127372728;-1.78540745222028;-1.65901563902272;-2.68167315952057;-2.61791572115412;-2.29478725945165;-2.66149587660035;-2.26459089847774;-2.78763228079256;-2.83444968612585;-2.60144132479691;-2.52956391894431;-1.68976369671426;-2.6702101161939;-3.35082749356131;-2.03325066669625;-2.70030930222875;-2.59673499699835;-2.74842400181107
950;-2.4130684526135;-2.09687605287785;-2.4618347484583;-1.9867618133212;-2.2186432185157;-2.60836429105508;-2.4487167640803;-2.5377703056089;-3.21458602900201;-1.52398144367444;-1.23555802234245;-2.99488307485786;-1.80304720287028;-1.6448519333114;-2.62033196465355;-2.61817804200688;-2.37928343614162;-2.65248240804226;-2.26420161277655;-2.79120502286515;-2.83638660936142;-2.59048870059306;-2.54283926361645;-1.71778510255197;-2.66943696829284;-3.33467583837187;-2.07218879413009;-2.68699624312126;-2.61126914362969;-2.73455477631655
975;-2.4878259331556;-2.03050970032817;-2.49566135884417;-1.97810604094216;-2.21887131432408;-2.63889031264976;-2.45055424287473;-2.54395556039101;-3.19633554572825;-1.45660778824448;-1.24197549962259;-2.96348047016365;-1.78350481090371;-1.6286292370769;-2.73305216647895;-2.65645232120751;-2.38136708708658;-2.67444032131441;-2.27992820727456;-2.77742365001528;-2.8645767571657;-2.63663488827775;-2.52608222412012;-1.72976987654582;-2.67790320480545;-3.31990644303179;-2.02862215257876;-2.68614797559887;-2.54051639676236;-2.7404266885717
1000;-2.47718148096092;-2.04468775937847;-2.49857794283092;-2.03792236725205;-2.22856873158814;-2.67697429588024;-2.48840596358712;-2.50399127685639;-3.11662507254971;-1.49127448400923;-1.24082714830078;-3.03091043046703;-1.89816811906347;-1.64830515730029;-2.71205262482557;-2.61733231885225;-2.32708628625097;-2.64953301496767;-2.31561406032529;-2.80768937414643;-2.75601510261749;-2.67880788141733;-2.55364104708771;-1.70209770183815;-2.68164867137928;-3.30888215588308;-2.0358258744666;-2.69757755580409;-2.5762331233517;-2.77079918202315
1025;-2.48120174075127;-2.05413982356783;-2.52007385224263;-2.04018787819296;-2.21293754211744;-2.69533943388663;-2.47454131923331;-2.51859069125986;-3.16295882427546;-1.48692807106741;-1.2269455548732;-3.01400146500966;-1.78596032736588;-1.68445530833529;-2.65638149814718;-2.66824862453393;-2.22522792645159;-2.69439473279671;-2.30265076628295;-2.81187349439824;-2.87274017399379;-2.6965112311105;-2.56146546505811;-1.69605087725455;-2.69737453129121;-3.32558657992001;-2.04389076768958;-2.61564904877581;-2.52538266324086;-2.75635773244275
1050;-2.50731458381382;-2.0526917827617;-2.52453129027487;-2.02836885610442;-2.22061108765197;-2.71846502888925;-2.45895694218571;-2.52885017456647;-3.14548223160941;-1.49419480271916;-1.23613489147648;-3.02826387078513;-1.79285795996747;-1.66493516086092;-2.49397532489032;-2.65424531800602;-2.31422036296219;-2.71208551176363;-2.30168825177575;-2.75335928078035;-2.83313525473189;-2.6462216782352;-2.55937840097469;-1.69829600284138;-2.68924512924008;-3.34083790300377;-2.01750518332597;-2.58163921344829;-2.5626152036116;-2.76707536365577
1075;-2.53428976437629;-2.0486207196923;-2.52482850098645;-2.09558540657773;-2.28159114030479;-2.7118538383827;-2.42137697964643;-2.53650982510477;-3.14617489887606;-1.51793717522823;-1.23301029700876;-3.05826759912942;-1.73977888496167;-1.67750499071719;-2.70790494857464;-2.63918763842508;-2.32436879382968;-2.72833687825459;-2.30521312917473;-2.74337556856604;-2.89085171203313;-2.59144228959204;-2.55204999727394;-1.72166779364826;-2.67637231527794;-3.32250716925491;-2.02123664730132;-2.7123066378425;-2.53174327433167;-2.79721641495485
1100;-2.56119139840744;-2.0731091378721;-2.55752286265042;-2.08645661975476;-2.28434618697183;-2.67993380823524;-2.46895373043749;-2.57716790784463;-3.1425556771937;-1.54274654793403;-1.22585247802029;-3.10764138946805;-1.84383402467599;-1.67919471102643;-2.73944502804862;-2.61075618769343;-2.32935596626514;-2.71089648762882;-2.31097240119436;-2.76158845467542;-2.93356565496341;-2.63161689420882;-2.50820840946983;-1.68201119243381;-2.70687821630139;-3.26798714652984;-2.04540391558205;-2.74936156628968;-2.53476925769759;-2.82283370902978
1125;-2.58832520421599;-2.11716073581997;-2.58476759725978;-2.08527389514292;-2.30771628384618;-2.65080826710755;-2.47433257768551;-2.52423352928327;-3.06754810071277;-1.42254197962297;-1.23770830867663;-3.11059061139158;-1.78402897513757;-1.67424102114184;-2.72786534319566;-2.63821535189791;-2.42236699253164;-2.7261393266476;-2.31714545659934;-2.77075681972355;-2.96856668961795;-2.64309036660451;-2.50036508687035;-1.69270309913536;-2.70162242988621;-3.21805900772165;-2.01139201500441;-2.77176701934258;-2.52462146448434;-2.81671798434653
1150;-2.60584398178675;-2.12301258645465;-2.52065224280705;-2.07226698243455;-2.25632160174313;-2.6669747341169;-2.46797772320603;-2.5507022488599;-3.07805388541139;-1.39942235655924;-1.25458251386447;-3.15282231321631;-1.77479017124872;-1.66378043061225;-2.70006212032214;-2.66110016746364;-2.55852562371926;-2.74370236595855;-2.36071069199527;-2.77099186058645;-2.96217834929078;-2.66615633934757;-2.51599892629651;-1.64906441546139;-2.68419900992196;-3.21593149791895;-2.05331404354375;-2.7856163697651;-2.61403539616366;-2.827130043656
1175;-2.60549037756672;-2.13862642470375;-2.55203034262815;-2.08813251455233;-2.28620069607401;-2.7318050772816;-2.4651135183303;-2.55300432571556;-3.10989512742012;-1.44895964255017;-1.25249341488642;-3.02589552952319;-1.79431314980211;-1.68865782193979;-2.67561480153875;-2.62859707721312;-2.41057304390564;-2.7404138606479;-2.35935333275266;-2.74009886989013;-2.93422645198357;-2.64828397145308;-2.5662475241916;-1.68501537663656;-2.70672025909624;-3.18855994919163;-1.99513186670077;-2.78905851828502;-2.56037579429625;-2.82761881180989
1200;-2.60817751661416;-2.10391163408371;-2.53901450552405;-2.10398441154455;-2.34385826775225;-2.69115706625189;-2.48172209147831;-2.63365924182335;-3.07502636951547;-1.52311142036951;-1.25059848839848;-3.11405023268051;-1.79346147195901;-1.69854114830078;-2.66802107968238;-2.6389452237913;-2.36312608564983;-2.73806111218148;-2.34463474502089;-2.67190175656616;-2.99507795006997;-2.63408583001413;-2.57512845135432;-1.69936424133485;-2.66259620562525;-3.21303205827017;-1.99010633267785;-2.79771546835453;-2.50412350897162;-2.84774184881601
1225;-2.63039728643501;-2.09626330149256;-2.45759562505923;-2.11613935577967;-2.2930516071348;-2.63600603685145;-2.46934831055092;-2.56759483590257;-3.05025444352522;-1.53801291568568;-1.240833572214;-3.12531005452368;-1.67370440243388;-1.70326276161297;-2.69522143081204;-2.64069116104916;-2.36328891425333;-2.72058283313461;-2.36466372131267;-2.67004691788419;-2.93973178529537;-2.63662340862964;-2.57266542735334;-1.68328124027819;-2.65897439374063;-3.17429289903265;-2.00733426974624;-2.86348461039892;-2.51307099995185;-2.88021068264705
1250;-2.67253329417423;-2.14272556533051;-2.59745457453195;-2.06451895884041;-2.32803668626035;-2.68536504820495;-2.50400840178352;-2.57982291171716;-2.9838858379068;-1.54705434873462;-1.20759921911925;-3.11268825898801;-1.65493277762411;-1.74400259961719;-2.66227117225962;-2.59884148348971;-2.48729423416335;-2.73528015311706;-2.38029347508731;-2.65662299304037;-2.97774397383055;-2.66037145173011;-2.57278611866995;-1.69107660571809;-2.67730745825009;-3.03203594551672;-2.00726486277781;-2.80721407403598;-2.502274085541;-2.86036328584218
1275;-2.67855947437037;-2.12132890653238;-2.52678615403179;-2.0835512111391;-2.3061752307418;-2.61645306707546;-2.45606477984989;-2.60417530234731;-3.06433197300103;-1.52465685462154;-1.23036124786763;-3.13923358918759;-1.71036632788679;-1.75031879975384;-2.6802351446207;-2.58543048632526;-2.37095704032928;-2.8043392067386;-2.3733189369208;-2.63434358172168;-2.89727206135822;-2.55006125272077;-2.53273604793204;-1.70099456358717;-2.69889930483705;-3.04967373187244;-1.99825048123615;-2.77870826022055;-2.51145399835149;-2.9258487184543
1300;-2.69791878717475;-2.08624703650385;-2.47401891229181;-2.08585586277743;-2.28783439726815;-2.67456068276603;-2.36209705053163;-2.52925453358072;-3.05179872838993;-1.48961659763299;-1.2248254405592;-3.17824497084446;-1.74626053262992;-1.69485179284814;-2.66765927322175;-2.55906882862438;-2.405009575068;-2.78837359311112;-2.36294676423694;-2.61375970688395;-3.03660333888738;-2.71230132370609;-2.54482459193581;-1.68399051707903;-2.7148941353202;-3.08367970643071;-2.01598097802079;-2.79720424418924;-2.49441360756492;-2.88519774710892
1325;-2.71298595188042;-2.05208883572202;-2.51404394773883;-2.10649419794295;-2.3427861116011;-2.67778980700489;-2.48905245823931;-2.56488795112684;-2.97957567656913;-1.47610116092928;-1.17764133361713;-3.14743229010261;-1.79253168653722;-1.72149390802734;-2.70786408091579;-2.52387897883142;-2.38130771711116;-2.78342503910626;-2.38025391788129;-2.63382990306399;-3.02008505366398;-2.64499060999582;-2.59691982432683;-1.72274889926961;-2.69184923835259;-3.09203797601232;-1.99891341753763;-2.78177297050324;-2.48309119405502;-2.87552533514837
1350;-2.71478384492548;-2.05792123132066;-2.58870922015187;-2.1287142467586;-2.35755448122064;-2.68669397992686;-2.4889857422211;-2.49827359890867;-3.00389500894491;-1.501395645378;-1.15453834501436;-3.11505151490577;-1.77544321846636;-1.73086808814433;-2.66164051569849;-2.49163626243522;-2.33631783811595;-2.75335232564213;-2.37867500298356;-2.62565546010778;-3.0600889791176;-2.59184136942248;-2.58646544520524;-1.72427532654016;-2.69718787997287;-3.17487833422733;-2.02016359338509;-2.77891324059758;-2.49687586419126;-2.87675065481543
1375;-2.70407848021908;-2.03814992375912;-2.58210694430513;-2.10496922933554;-2.34509600502367;-2.54958855137937;-2.49219560594803;-2.60980159234222;-3.00836243156903;-1.5087792636066;-1.20104080857616;-3.12950787561825;-1.8027374061759;-1.73641948144802;-2.62278239174106;-2.46385830443205;-2.33461795595153;-2.70924649653812;-2.36671574583438;-2.59838299614337;-3.06670482497239;-2.68520799408469;-2.57396339305729;-1.72624828686081;-2.70306257991478;-3.22583521981458;-2.01881117846951;-2.78137439321927;-2.5059293810472;-2.87676888658833
1400;-2.70735880472293;-1.97256189276775;-2.60483052743733;-2.11703495447283;-2.35772824723397;-2.63011861037068;-2.52028086354187;-2.56135308032788;-2.98632906908398;-1.51273700366144;-1.20086550427752;-3.09841895374335;-1.74770841538949;-1.74572797568686;-2.58095492068573;-2.44317910898858;-2.3590179803614;-2.70862981369321;-2.35303836445472;-2.58640590429523;-3.09952297709597;-2.67313680258379;-2.56357724972786;-1.68372457299695;-2.68378894952428;-3.295203815015;-1.92143630618742;-2.81763478040481;-2.4227911288289;-2.7314379247158
1425;-2.7601839512726;-1.95070036980229;-2.60270463722455;-2.12673308989473;-2.35761547355672;-2.64912174264144;-2.48692828499783;-2.58060793084151;-2.95140912188717;-1.45031715488992;-1.19285777761284;-3.11049218783804;-1.69718807255982;-1.74516194630141;-2.58094005097497;-2.43550343867397;-2.31627025989279;-2.72890177731666;-2.38634498829732;-2.59087580102848;-3.02561142343251;-2.68466653637716;-2.56121131632074;-1.69706749799274;-2.6577003066444;-3.26575281216818;-2.02088227990953;-2.84174154457899;-2.42899107707962;-2.89547504818676
1450;-2.79335124421483;-1.98828658508902;-2.67524172809507;-2.13026877319556;-2.3656111405979;-2.58306493622126;-2.5054110095077;-2.55753931737787;-2.94041833496686;-1.46368679979365;-1.19120705580685;-3.05882599713673;-1.7681757107252;-1.74023481926116;-2.5616064311181;-2.44107789487802;-2.35396158064179;-2.66876394297898;-2.39699378961573;-2.60222614651693;-3.01786154578734;-2.67308122388189;-2.53943183097571;-1.67260166475449;-2.6903555756435;-3.26354132941545;-1.96426911766496;-2.84414159419457;-2.41710473667125;-2.8715398557845
1475;-2.79088031797267;-2.03993226612391;-2.64611451215189;-2.13867234510417;-2.35629709015946;-2.59691417466639;-2.50735697929575;-2.60498193596746;-3.00319270307441;-1.41871308531816;-1.13894392482778;-3.18703082552073;-1.80821621463455;-1.73605857120005;-2.57495644740168;-2.41357349894737;-2.28591955833091;-2.67992519625889;-2.36907156787294;-2.60337866445267;-3.11694238582617;-2.69203414303569;-2.56143782596952;-1.66763530446694;-2.66468815462315;-3.29543794709876;-1.92000382386747;-2.85117734066165;-2.38233002578228;-2.90808385895617
1500;-2.7329619708619;-1.93624802535062;-2.65240302753631;-2.12888723524771;-2.34224373828365;-2.68868996653824;-2.49728447939948;-2.5952532451421;-3.0225329259705;-1.46690594043005;-1.09629133634481;-3.14163676809214;-1.76558101393344;-1.74934181221493;-2.61092982130693;-2.40345326047263;-2.31183523951208;-2.69992186841491;-2.37031742352227;-2.62885644902282;-3.11337070710884;-2.66092862780185;-2.52220463848624;-1.65619420012644;-2.64079271219966;-3.34559714691353;-1.99422756704557;-2.81530560525113;-2.38636605978839;-2.88695547786629
1525;-2.7951175449155;-1.88392050433157;-2.65679079621583;-2.12972954364308;-2.33450813831291;-2.66844024194218;-2.49605634523497;-2.57868257013546;-2.95929338966996;-1.46327237003577;-1.13005866557543;-3.10269298257359;-1.79890065870717;-1.76978429448416;-2.58814798846238;-2.30377892270112;-2.30560051629603;-2.61286016825083;-2.37507152973517;-2.64942162332252;-3.11369575888176;-2.66865929328498;-2.5197769352202;-1.61147097016402;-2.67935679608032;-3.33519575695514;-1.99770828561141;-2.79548281952306;-2.52322074333313;-2.89938595243232
1550;-2.83248286843188;-1.86233838288684;-2.68140208025681;-2.12633523297987;-2.3387358046081;-2.5858202951399;-2.53081941123404;-2.55346982545763;-2.96739514247148;-1.46956819748559;-1.15516792223061;-3.09388944537685;-1.83058649742932;-1.72222491305192;-2.59359734825477;-2.3343499535593;-2.29470959809955;-2.67774805203092;-2.40340416495056;-2.6306998959098;-3.11478822986332;-2.66499927661929;-2.46141992703737;-1.61804530652186;-2.67197558597474;-3.37789670343262;-2.07037099943114;-2.78181729277469;-2.52052055899761;-2.85019473049817
1575;-2.8511434696324;-1.85432806920845;-2.73340111256793;-2.13248827589954;-2.30350359985163;-2.65084892900085;-2.54309923357783;-2.52527852375076;-2.92147375784648;-1.52279622181154;-1.16771338336125;-3.18698104043537;-1.81746446188171;-1.6918342286697;-2.58209066544314;-2.30386045681876;-2.25968876933539;-2.66865656015479;-2.39616991966095;-2.60277874288869;-3.10202811214951;-2.69186185995463;-2.42457660868361;-1.59487877944926;-2.65258044439682;-3.42736726408029;-2.05858767478108;-2.7794655036711;-2.52270246685689;-2.92539754424458
1600;-2.85395729446417;-1.83343922134491;-2.69446263884686;-2.16621083987493;-2.29339086623052;-2.62380885793019;-2.41618169505063;-2.58432508442414;-2.91992508316278;-1.52800943909268;-1.20795060655641;-3.21657101279129;-1.81896281346132;-1.68610354733034;-2.57826720645147;-2.29766649614655;-2.25705027232109;-2.65961078611533;-2.40240000698141;-2.60541142039361;-3.11866511882806;-2.66475873208714;-2.35831167130912;-1.58237233735917;-2.64583745367278;-3.394977357371;-2.06830872278949;-2.78995415955478;-2.51110516076563;-2.89357934976223
1625;-2.87238693976972;-1.84607525268366;-2.67868541209886;-2.11773702946077;-2.31456089134558;-2.54509668237725;-2.54443718355923;-2.51216356124857;-2.94927374499548;-1.48436623606776;-1.16629557116136;-3.21341922551583;-1.79586292933843;-1.64145288249506;-2.58436182120144;-2.28032038058396;-2.25535204173341;-2.69289322952504;-2.39806438311164;-2.64056762817636;-3.07733611214416;-2.76925911503945;-2.39274428891062;-1.55898100514501;-2.61680848382675;-3.37105914579575;-2.06156578964723;-2.76497820648004;-2.46684839668327;-2.87020405320167
1650;-2.87498561864762;-1.85472270277779;-2.73839215029322;-2.1173394588961;-2.28567299475813;-2.63707323776524;-2.55175527443982;-2.52261567554293;-2.88446162874933;-1.46795517728939;-1.12958023723326;-3.1744076434614;-1.81508110083833;-1.60970250261906;-2.60004150099478;-2.26375930168817;-2.22117661203711;-2.65264961742985;-2.41427367001197;-2.68329799281831;-3.09472790666861;-2.75482989695312;-2.41122582180667;-1.58553510843709;-2.66887421925276;-3.30751446038719;-2.11136845215082;-2.75237397036787;-2.39464252741997;-2.86083549875767
1675;-2.88239230975969;-1.84186803589515;-2.70960748749572;-2.13901466672657;-2.27750390794436;-2.60908648842385;-2.55160919194178;-2.55141200649865;-2.91199493086845;-1.4158857002114;-1.11003594599878;-3.22479096239736;-1.81327140981429;-1.57116294740459;-2.58095818996891;-2.23541836915387;-2.20264481881584;-2.63561805882447;-2.41308468764778;-2.69724791241444;-3.11642302857946;-2.73801898440511;-2.38539134683906;-1.52011018688731;-2.58463608650412;-3.36647101528645;-2.04467644938397;-2.68542131259378;-2.42770590508351;-2.85180088100032
1700;-2.88911889776045;-1.81000636545677;-2.68291993905113;-2.15688827386671;-2.27077732243849;-2.63975061698481;-2.55903837741229;-2.51050864960268;-2.86467074335786;-1.45867500836549;-1.11003594599878;-3.12301721839212;-1.83265190736126;-1.55765037679322;-2.60442035175129;-2.25216550836464;-1.97222575284166;-2.64787850704741;-2.4121890908455;-2.67915809786515;-3.0966744986202;-2.7281204936744;-2.38717703158587;-1.55443142497998;-2.62818681144104;-3.31468051045822;-2.05031907751202;-2.71195585652263;-2.46323991368806;-2.83890670109479
1725;-2.90129268833316;-1.7934049441804;-2.66465924867819;-2.15348389085556;-2.24067215821452;-2.65639425222638;-2.55655535865655;-2.46576509499267;-2.83435640972657;-1.45774602881964;-1.11003594599878;-3.08272930675294;-1.83082546584765;-1.54003813719789;-2.58928949115689;-2.24307883872064;-2.17922208605273;-2.62775072206618;-2.40105047453432;-2.67841411485469;-3.08495935649956;-2.74805454627596;-2.35827796411585;-1.50667175229841;-2.61558613487409;-3.33656318364015;-2.09370815361018;-2.65649964232001;-2.4297769609988;-2.79877351803823
1750;-2.89944057864285;-1.83205557447458;-2.65998213686483;-2.14907715598316;-2.23983483591822;-2.62968147256788;-2.57758127278111;-2.43035808769298;-2.78789195511373;-1.48848151957162;-1.12055537822358;-3.20292030078212;-1.7452136465375;-1.55199945451236;-2.70225525582626;-2.162017477351;-2.19824459745371;-2.65536381400586;-2.36797434138064;-2.63950163137223;-3.00803663424485;-2.65067274090117;-2.277388188601;-1.5104050147436;-2.62218966182555;-3.3255317111004;-2.08570941501472;-2.60631933441617;-2.3955831584286;-2.77434470563409
1775;-2.90809554647523;-1.81305127187219;-2.67149974767248;-2.14478957541891;-2.25621267419953;-2.63351426521533;-2.58551451843615;-2.41403038692782;-2.8337306262785;-1.49528960106538;-1.16161890090853;-3.16320789809873;-1.77805179668319;-1.52938029522309;-2.58586212734995;-2.20351224938385;-2.1923705201635;-2.6718113883219;-2.35388216824852;-2.59403791535501;-2.94571515417037;-2.67380469155983;-2.30039057732391;-1.48886375207233;-2.67086208655874;-3.31381741551898;-2.05154478299252;-2.72927914936488;-2.29625867310434;-2.77943115104042
1800;-2.90127618975706;-1.82067857875792;-2.71279713153236;-2.10850339889217;-2.28328851676851;-2.57327935914255;-2.56041108032421;-2.3392853218467;-2.80083274171558;-1.52013386414778;-1.1911393295362;-3.15995434783582;-1.73067880768532;-1.51939407428387;-2.5841990992101;-2.15636599596635;-2.08573411559035;-2.65445891546439;-2.32035102905312;-2.59178900330444;-2.87758248873337;-2.62712673452842;-2.28729191231229;-1.48253754501466;-2.68566299273118;-3.28143268240522;-2.0240176661534;-2.77436788689875;-2.41695238672668;-2.79645454533804
1825;-2.90373461246609;-1.83412775727389;-2.69033761686299;-2.05892654363567;-2.27179511112559;-2.62485508186339;-2.5453387800026;-2.37605965208741;-2.79070593263916;-1.51774125791445;-1.18670512051741;-3.17683828686132;-1.73636145157979;-1.49278846454966;-2.54112563114759;-2.13801527264481;-2.16785919050564;-2.68294331907007;-2.31410007591631;-2.58093227686893;-2.90257265518853;-2.61400198545625;-2.24994419176889;-1.48615176498835;-2.66734784837209;-3.25407584802576;-1.97136533720974;-2.76637610340798;-2.40972696485838;-2.73132847257566
1850;-2.92267001756807;-1.8056488568272;-2.64959572487375;-2.07021872350194;-2.20782302548917;-2.64317558353442;-2.53915914467886;-2.39069386709189;-2.80252314784744;-1.53315989909712;-1.15335546815026;-3.12198073626469;-1.77013854103611;-1.4842002355014;-2.574797736107;-2.15039796956224;-2.19390766536887;-2.64851115303639;-2.32030999139712;-2.50348213171563;-2.85162041106471;-2.55471773840769;-2.27316025050096;-1.48617587816084;-2.63527967319251;-3.18365128251332;-1.97131433507422;-2.75479367776307;-2.29269045637588;-2.69736898441899
1875;-2.92848399047043;-1.83014809496169;-2.67192774898842;-2.00403857906519;-2.2195247823613;-2.68591942634679;-2.52442019596873;-2.42807730693859;-2.80387021099404;-1.52368166375639;-1.15790257232646;-3.10645841239555;-1.69938692576092;-1.47331806963312;-2.58214963680703;-1.96589041382661;-2.20332816110405;-2.59748764928693;-2.34628002309014;-2.48565107405831;-2.82651572739604;-2.53195616771229;-2.27180982187646;-1.45139392161451;-2.67273264409082;-3.12178039311765;-2.03772053714528;-2.7489016291344;-2.2415891891448;-2.70100355530979
1900;-2.88822600859573;-1.80508072471481;-2.70304688563829;-1.99852185159136;-2.25146144808755;-2.63972771721944;-2.46033384614106;-2.41895307293324;-2.832609481383;-1.533529702876;-1.1604653420901;-3.12324697563226;-1.73759649250607;-1.46267507366337;-2.58338797623289;-2.07732980864845;-2.19963437664504;-2.57050478389052;-2.3303553424544;-2.47526758347732;-2.76636459298757;-2.51494344057288;-2.27750531975568;-1.43357504289815;-2.651779392919;-3.08244976376064;-2.03315915424043;-2.75852531459591;-2.21565186082728;-2.73963393765029
1925;-2.88786381252385;-1.76460157268927;-2.66774982628077;-1.99813827673578;-2.24632475817063;-2.66141638368458;-2.45529764237548;-2.36071546174253;-2.80043616327418;-1.48823932385189;-1.15165170232746;-3.06430875008435;-1.68601600390625;-1.43871770373761;-2.50272691953368;-1.97333448960343;-2.19308261958114;-2.5723326858925;-2.32451902647507;-2.40753141730781;-2.73630954012789;-2.45250041948031;-2.24938627340686;-1.40602580437255;-2.64902374428197;-3.08566564823935;-1.97188765556871;-2.74536172777854;-2.20521171039405;-2.68760289840134
1950;-2.90030577115697;-1.73733653673622;-2.67056082714273;-1.99240231756078;-2.22658974605218;-2.62110058550094;-2.4841859234295;-2.32769054532361;-2.85114755461258;-1.4940568869885;-1.1912541075391;-3.05589187400495;-1.68694236899567;-1.42170505628355;-2.5320044544712;-2.03305218349171;-2.17179587423448;-2.46146909192915;-2.29569257116294;-2.37187632829981;-2.71094826578961;-2.34687207907878;-2.2354281920227;-1.42950766642768;-2.69386123377015;-2.95458284795781;-2.0643808896897;-2.75721756695015;-2.21186989481763;-2.7584521951654
1975;-2.9472870449284;-1.72108996749334;-2.62618322795831;-1.92126235888095;-2.22525838159311;-2.58884316599021;-2.38929169400314;-2.36116366271566;-2.74977058745356;-1.52857132145736;-1.23114014788008;-3.03059649764731;-1.61645534626601;-1.42630684479235;-2.53675440730929;-2.00960640940699;-2.17125157651813;-2.49608915715821;-2.29775881288156;-2.33440267031097;-2.70929923726257;-2.39637413500292;-2.2362075575198;-1.44887196918139;-2.65587874690209;-2.76773847115908;-2.00187546665398;-2.76568276197845;-2.1491027515812;-2.74136388770288
2000;-2.9449465939856;-1.69054687511701;-2.60568249180856;-1.891065621482;-2.23916098818942;-2.65111610638185;-2.45108250512779;-2.32203264882971;-2.86650822812797;-1.54914891211498;-1.19081985329937;-3.00939328565367;-1.61886440559857;-1.42006581243341;-2.53695517711122;-1.96445708723275;-2.11349301458955;-2.4434761041362;-2.31018785844165;-2.26692406227556;-2.70446143886433;-2.35208169068748;-2.28838091352019;-1.42057663571402;-2.64903471857967;-2.91672657015748;-2.05921884241401;-2.75227183738935;-2.19238600673405;-2.73304226310211
2025;-2.96239493111444;-1.61906822596281;-2.61285367599327;-1.86411724147553;-2.24953625586192;-2.66011979869402;-2.41226463372164;-2.40235510408902;-2.80138389130861;-1.55080259161945;-1.18220318135828;-3.00285730517857;-1.594133916942;-1.44841621296012;-2.537037248337;-1.98763303697417;-2.09184272359626;-2.45702982486419;-2.33231989303465;-2.20435993473718;-2.64772632020146;-2.30749173648361;-2.285165020324;-1.40580317717376;-2.64901781882273;-2.99595306524846;-2.03686232034528;-2.60728319527823;-2.18921232890247;-2.72258567882032
2050;-2.96361761307388;-1.60618080908964;-2.63573987432396;-1.80459402850524;-2.21839025082536;-2.63906754645693;-2.3004441521172;-2.40019379369652;-2.81545088570184;-1.51937755910985;-1.25733814578706;-2.99102155915349;-1.50925713953755;-1.46899922781191;-2.51249319074453;-1.96927541847829;-2.19629414579157;-2.48131875815703;-2.30046011085497;-2.19182058988548;-2.62476454498451;-2.22597083256207;-2.27922904405358;-1.40509226639466;-2.63955179665605;-2.97734362834017;-1.99454798573755;-2.65593065454275;-2.16395457883777;-2.78271005388654
2075;-2.94781960367379;-1.58536103063203;-2.59047588739073;-1.74660652382338;-2.19229473350668;-2.62470235928775;-2.30252611922578;-2.29726656402977;-2.77133638983705;-1.48843177434973;-1.24790668871431;-3.009238135167;-1.5605431258058;-1.44374776081753;-2.58939182061176;-1.95421462425479;-2.19677579117964;-2.45637146793993;-2.28019923119498;-2.17689301625301;-2.68761266364935;-2.18629073755885;-2.2344362512158;-1.42656974846375;-2.702911925219;-2.97960284578435;-1.99648247733177;-2.73500661894028;-2.17280471311852;-2.78357992455644
2100;-2.91393701944667;-1.61279980745502;-2.60607210474029;-1.72265891497861;-2.2956228507514;-2.62205805865331;-2.33011403235439;-2.31267814151913;-2.79426248339267;-1.48232759174951;-1.21890136564456;-2.97075937944371;-1.49846480844828;-1.42217903499795;-2.54930636237075;-1.95382905887383;-2.17739216146962;-2.41767697182157;-2.24286961402237;-2.1651151207593;-2.6491172117541;-2.20075325722651;-2.25961018462656;-1.45525790714907;-2.71112170232329;-2.98905315746407;-1.99182531229891;-2.74649298865296;-2.21318019474945;-2.78358048047587
2125;-2.94041440933532;-1.57929483225704;-2.47416618173568;-1.68555583422105;-2.29197585158663;-2.59891600377352;-2.28342831892439;-2.35833580716539;-2.86004735125997;-1.49783788198809;-1.24369276528647;-2.97800450712259;-1.48456757298387;-1.43586072673646;-2.55496566450139;-1.95818860051564;-2.14616751222025;-2.33646882777007;-2.22857749846393;-2.16543726671773;-2.6760395698298;-2.13745240768655;-2.32097466587761;-1.41873554511006;-2.66927217342105;-2.98359294992038;-2.03730580711623;-2.73250469162531;-2.21755596616561;-2.82327081515673
2150;-2.97703778568993;-1.57685911331766;-2.6551486324304;-1.676456779477;-2.25723013357663;-2.63572978160141;-2.24115249650472;-2.39437652749189;-2.78962527973862;-1.50999637708335;-1.2366053127008;-2.920656518627;-1.41698152037993;-1.45451940520203;-2.59813861905642;-1.97612143710486;-2.17442527569349;-2.38035299304628;-2.24601197198602;-2.16494995709661;-2.68431126647665;-2.10318903395265;-2.35338431680575;-1.41521371855503;-2.6944606480748;-2.96754477593846;-1.99870251026969;-2.72125659094626;-2.17460559597937;-2.78631244314273
2175;-2.93673802057515;-1.5632093508308;-2.55177487228439;-1.67093277641861;-2.29538623784729;-2.65583535485974;-2.23482141648284;-2.35382883446949;-2.79522152367087;-1.46147322196077;-1.24390056696561;-2.93488139956147;-1.35176086686619;-1.44210815330721;-2.62174595980831;-1.97527921560272;-2.15744846842071;-2.35641025696844;-2.21674451525583;-2.20304794823743;-2.65045619674662;-2.11480113409353;-2.37550936258106;-1.42240828612241;-2.64343850955729;-2.96735342533131;-2.14060242567556;-2.72298985608876;-2.26831353141952;-2.84207644441033
2200;-2.94165027809705;-1.54269716225042;-2.43937845439206;-1.66447610902372;-2.25587357947196;-2.58417379312062;-2.27519341456433;-2.31983930282033;-2.74344324064819;-1.4712678191273;-1.24217185059114;-2.90089125441779;-1.34632291881121;-1.45180184517765;-2.65002780121432;-2.0104364217633;-2.14871673073357;-2.3074905059155;-2.17079718761585;-2.25218611861525;-2.67104920752081;-2.11044055158109;-2.35921878246896;-1.44147868263308;-2.66788551165535;-3.05610871525506;-1.96749251406625;-2.74247197696184;-2.26587471957377;-2.7850166951855
2225;-2.9745838798037;-1.55332406930152;-2.51909766130249;-1.69112956106887;-2.20730464264597;-2.69008967640786;-2.24914993959588;-2.33058138390233;-2.68819428283325;-1.46441099745247;-1.23397768532076;-2.885549931837;-1.279488001751;-1.47355106405398;-2.64249959859836;-1.98238245653917;-2.13109076059473;-2.33543111331121;-2.1138008084991;-2.20436118154936;-2.6350006122014;-2.09478633357233;-2.34864907259856;-1.43861895516194;-2.63893757332967;-3.08282047296618;-1.91657235784832;-2.75111740142287;-2.28122636322072;-2.7990129632336
2250;-2.98228222693048;-1.54659209993813;-2.54430661358816;-1.71603866762818;-2.21883023629895;-2.65794132740466;-2.24707237935765;-2.34746580568368;-2.70462993590458;-1.48393453607856;-1.25180742215428;-2.94896095895804;-1.33642817558931;-1.46790177226696;-2.70605282231282;-2.00055397660242;-2.16780712640658;-2.34171408812079;-2.09633334687595;-2.23770690891018;-2.65009021377888;-2.10717143976254;-2.33153419121619;-1.4735053951595;-2.66959791444146;-3.05210284366851;-1.95796698020938;-2.75371753277853;-2.28701047352548;-2.81105174809873
2275;-3.04306415290933;-1.54495292566651;-2.45696262184432;-1.6910142136279;-2.21666407168831;-2.64254638779656;-2.27193093534053;-2.27522999606723;-2.67327454844984;-1.42018592820451;-1.24960501740432;-2.90474927764506;-1.31376245414578;-1.45919347965452;-2.71513969216968;-1.99496744655489;-2.11069547234562;-2.31987021820928;-2.07710472635146;-2.30944835976231;-2.63648443456463;-2.07683049248927;-2.28530641378956;-1.45284372634577;-2.61227785075452;-3.06911964875973;-1.94660109593979;-2.7431730961751;-2.28329860521642;-2.82106962973687
2300;-2.95359454013523;-1.56544635168557;-2.52615773587799;-1.71120362303814;-2.15628603118836;-2.66249566068172;-2.23026124625394;-2.21725396134188;-2.66872345779789;-1.47441535450691;-1.23202976780646;-2.9780244497596;-1.3979490678986;-1.45022701803597;-2.71037671399179;-2.01983891220753;-2.07216047563891;-2.32093439031565;-2.04417726773074;-2.34688175494179;-2.63065833490454;-2.11326576490895;-2.33561889644587;-1.34355558669544;-2.62069534880926;-3.05257119505999;-1.8931404621423;-2.74065771269763;-2.27213421419296;-2.82585843019393
2325;-2.95360306481588;-1.62187465551783;-2.47410340166983;-1.7718351400531;-2.16495840828111;-2.62892780850501;-2.21802932190068;-2.18146334534387;-2.59560591528179;-1.44317637194523;-1.24350699791466;-2.8275742588288;-1.2827831188336;-1.4647495142125;-2.7286152351943;-2.00518835207173;-2.10306075036544;-2.30638524596773;-2.00652544906297;-2.41741726326934;-2.59806413413655;-2.07307900198593;-2.30108649424831;-1.47686668353041;-2.59960059355643;-3.04519315566427;-1.90718362584216;-2.73740798805307;-2.29037963265347;-2.81341117708082
2350;-2.98930257751052;-1.57583745377117;-2.55080086114866;-1.75050208711882;-2.19653458509229;-2.65360375068929;-2.22034677928509;-2.10194223062604;-2.62412493335233;-1.41036085482064;-1.25002779778261;-2.85672852073612;-1.27176899103572;-1.46435916511373;-2.71707194105549;-1.97377955963563;-2.01679575808081;-2.30693034838464;-1.9656739457213;-2.42477009385094;-2.5975703710011;-2.09610202847778;-2.30450586091286;-1.50031465826469;-2.64678016372545;-3.00426513879408;-1.85460439549617;-2.72388295959511;-2.25435336846916;-2.83737166268236
2375;-2.9311515432399;-1.5845495797557;-2.54932520732279;-1.79786808872635;-2.1989199142838;-2.66347994244934;-2.24785961053415;-2.11920368775529;-2.53448608062348;-1.50632554831343;-1.24254321397989;-2.83989287805012;-1.28069965951796;-1.46436451953428;-2.74935709513922;-1.96693801938026;-2.02039299561513;-2.3167184018493;-1.9904732059233;-2.43607716732725;-2.57140902214223;-2.0287441977785;-2.31251873561247;-1.58489495302019;-2.61801497912022;-3.0396957908388;-1.8568225058623;-2.7345645764673;-2.26916252143902;-2.82821379272055
2400;-2.94467915078856;-1.67602484223588;-2.49479520426419;-1.82393961984886;-2.19421832652454;-2.72143693943933;-2.30282327847636;-2.11700337927639;-2.50899274022222;-1.41340750061501;-1.22391885927691;-2.89190855172948;-1.25720452408765;-1.482572182925;-2.75739738273458;-1.98487542749811;-1.9796150354797;-2.31270858321891;-1.99181886381245;-2.50272226811491;-2.50292865614052;-2.05151100928632;-2.28321805280682;-1.59233045819645;-2.68080403290513;-2.99181427084674;-1.86088337576883;-2.73433459340277;-2.24542936707242;-2.82398326577896
2425;-2.96222126721386;-1.70386925785375;-2.4803642526267;-1.85204795651768;-2.19200283185892;-2.71942895119847;-2.33803284942004;-2.06687395698781;-2.47741199898366;-1.14784041371308;-1.22110983021932;-2.86237944610072;-1.26571867959874;-1.4594159478252;-2.66899662767802;-1.93718192610739;-1.94522984462274;-2.2847099004888;-1.97857929156809;-2.58115099167138;-2.47506130886057;-2.01648532425901;-2.29390229244352;-1.60311937235384;-2.62119319150123;-2.79204078987727;-1.77400978995245;-2.73372331377562;-2.22652445984334;-2.78312898464357
2450;-2.9463932549151;-1.68615424739761;-2.45874126306337;-1.84050254504901;-2.21109035506304;-2.72106374280473;-2.35131489729802;-2.05027359896645;-2.50002692457521;-1.27206569084394;-1.1708206272227;-2.83198056562837;-1.26877606597471;-1.45036628710192;-2.70088733364532;-1.89348058920824;-1.86932877944246;-2.32091181692714;-2.00153825852452;-2.60803154318582;-2.44396200980361;-2.05501099895362;-2.28978943520321;-1.62829699647919;-2.64952319007672;-2.84274721661192;-1.77934852042812;-2.73081726469496;-2.23386666983427;-2.85741476367739
2475;-2.94398664732713;-1.65852944893963;-2.48115488713834;-1.87160806578377;-2.22378070884222;-2.68657356084435;-2.35687189911596;-2.00255950310856;-2.4660096043026;-1.27207539627538;-1.16089237772254;-2.79564403028656;-1.25949816822589;-1.46062554581179;-2.71869527403254;-1.87988759642823;-1.84044737477555;-2.3534622522027;-1.96222318750396;-2.60935417171258;-2.41532270698641;-2.02290078852486;-2.27155448300122;-1.64144980440231;-2.63201770944382;-2.83915331557864;-1.78046475125813;-2.69105222943326;-2.18001950363893;-2.79185615736159
2500;-2.94261272652003;-1.66352274534423;-2.40992033648698;-1.93316112465716;-2.18000738686644;-2.66900420944673;-2.3688752109799;-1.9974945062652;-2.44444699179949;-1.21558164787484;-1.17488161567618;-2.80662288214466;-1.14397745000242;-1.45222292098449;-2.6911483115267;-1.88613280855278;-1.85490158787316;-2.34694412434448;-1.94417342076631;-2.61198404390225;-2.41260663701728;-1.99811271913586;-2.26922795237184;-1.6661298270437;-2.62876844734329;-2.76920895361412;-1.7114085068206;-2.68041543921927;-2.14206637190618;-2.79937029549559
2525;-2.96139594741668;-1.66885804071267;-2.40986127630433;-1.93535361253215;-2.18973471873499;-2.70923644831477;-2.42010656456385;-2.05169853201826;-2.39766388098657;-1.17356483095614;-1.16563021287403;-2.8088859822964;-1.22165325118923;-1.46324226118709;-2.59533701655435;-1.84189057714855;-1.83238833290581;-2.34720542919103;-1.94969418554967;-2.62579696348915;-2.39668257046323;-2.06741456182991;-2.26181801409385;-1.6665670853415;-2.64194769021766;-2.75125169360878;-1.63469793592896;-2.70294142930416;-2.10333270458264;-2.7529857434211
2550;-2.96462498990731;-1.63616018233001;-2.33801284824179;-1.88736259474839;-2.22308514511205;-2.66892143397996;-2.51293223720855;-2.03817478296051;-2.36937272761118;-1.16962004461487;-1.13233712040127;-2.8113915358253;-1.30275998346707;-1.47093407405679;-2.6395721028061;-1.7966033798626;-1.80239249618829;-2.32960370927627;-2.01249525395527;-2.66100842931847;-2.39322062499144;-2.07022903405836;-2.23069375069991;-1.67865628997771;-2.63882392334761;-2.72632205197192;-1.66828371678463;-2.72757033882128;-2.0761243157414;-2.78550183834234
2575;-2.87896971793591;-1.62553421334629;-2.29006658804776;-1.92883900507204;-2.21370351902023;-2.66008062758146;-2.44649043705374;-2.04032715312058;-2.37748959527761;-1.17394390266858;-1.1017628899902;-2.81315150363042;-1.26695461809839;-1.45085749846804;-2.63883888558045;-1.72777728107755;-1.78771865897601;-2.35391380815725;-2.0321198280302;-2.71778750968853;-2.4145207133751;-2.04250654059246;-2.25716802766898;-1.67074776714063;-2.63330960514267;-2.69464816781618;-1.61971991809496;-2.71675556220783;-2.10578361206908;-2.78867113192445
2600;-2.83966017073665;-1.62090337408763;-2.28217763431093;-1.93601093701471;-2.2068550520884;-2.6646264126563;-2.48245311730621;-2.05040098495656;-2.40811629409315;-1.17331878829009;-1.00901236262315;-2.73028949073729;-1.12944416626462;-1.44909467891983;-2.5865938689837;-1.73776153182648;-1.79703617610392;-2.3888517999342;-1.98949379225547;-2.69871306208263;-2.40029004917805;-2.06775961785249;-2.28544290613292;-1.67194879276427;-2.63465037130368;-2.66968519086429;-1.63186847223997;-2.66648752523309;-2.08577894184807;-2.73902604968625
2625;-2.87767094847368;-1.60976427857805;-2.32640020059082;-1.91160017293721;-2.1932390211493;-2.6431610833326;-2.55092662599865;-2.1176397183655;-2.4117677087826;-1.18748484931141;-0.976261357723941;-2.74002575530122;-1.25094857718111;-1.48513761426752;-2.57715951038471;-1.69839513224928;-1.78848700176555;-2.39044689565096;-1.98510046451739;-2.71928537059777;-2.42734907628029;-2.06937571695259;-2.29276418581333;-1.67427345205388;-2.60949623688628;-2.71796067627736;-1.59645633252389;-2.66492613809839;-2.00153610164954;-2.77797910279744
2650;-2.87698642523352;-1.57509225757045;-2.27597925217846;-1.87734053808772;-2.17391932939436;-2.62387502792579;-2.48000295104745;-2.10240195580868;-2.39207222138134;-1.17040665134512;-1.01860532781887;-2.72672280140616;-1.27887110321888;-1.48481973076724;-2.58921896776033;-1.64155364461804;-1.8479413684891;-2.35993199030851;-2.0001615816248;-2.73212474782417;-2.46665490623351;-2.04602517527257;-2.30202482782091;-1.65200577298317;-2.6222378314272;-2.69358505209309;-1.5868616462692;-2.66626129749532;-2.00533180709007;-2.74838371444431
2675;-2.85314056903818;-1.50894095669768;-2.24506070459923;-1.82386659717595;-2.20131704442935;-2.60140195721477;-2.48757073567318;-2.14698178907852;-2.37452812947928;-1.12349240868972;-0.976858052998303;-2.73548003804074;-1.28707734893691;-1.44396078616447;-2.61072434367676;-1.63210546716757;-1.833938518704;-2.34919018995639;-1.99964314550784;-2.73929231772256;-2.47680774072479;-2.00178154683801;-2.28715400680573;-1.67609897653627;-2.58816991467642;-2.61452351577286;-1.58429847406073;-2.6504284373834;-1.97771507652142;-2.74445382850351
2700;-2.82759835265663;-1.49770930411179;-2.22940540994007;-1.86980147626364;-2.19867249167482;-2.53124743225124;-2.47349565536684;-2.22931959352047;-2.41197718937051;-1.15355710890136;-0.978394176045971;-2.70027484032796;-1.17990125958571;-1.44488286942483;-2.59849101097545;-1.65851842343633;-1.80993867962238;-2.36018003056761;-2.03177131961511;-2.71002043564801;-2.45811637875315;-2.15056034744118;-2.32498949170823;-1.67530571316354;-2.54902272897332;-2.65059442870036;-1.61143192936134;-2.56320301830946;-2.07669333273336;-2.75938306953115
2725;-2.78034335721062;-1.48634064533308;-2.21446478562453;-1.83939644145247;-2.18970758436043;-2.59791844348058;-2.50639035544839;-2.18950581908656;-2.48440657505458;-1.17718838413035;-0.984084520635182;-2.73348743550589;-1.26700534432863;-1.44888051151255;-2.61860097885141;-1.63099035263811;-1.80159110839161;-2.35947797100679;-2.02617441417791;-2.69437186022048;-2.44680248144725;-2.12311631485921;-2.33506942707801;-1.68032290603;-2.56210145949854;-2.61926517614653;-1.5791597154722;-2.55218169742711;-2.09036003249222;-2.68261765191237
2750;-2.76739260097618;-1.4378588350706;-2.23996117651906;-1.80942184894659;-2.20075303698806;-2.51615118687634;-2.47701295279204;-2.19922822203177;-2.42284952825928;-1.20418036925392;-0.953960672875215;-2.690253721337;-1.28433868142878;-1.42962913413448;-2.58382072771845;-1.66936308568832;-1.83577872887394;-2.3301744393969;-1.99927314235959;-2.69245870999692;-2.44808953928689;-2.02983653152596;-2.34415736898711;-1.66088863743431;-2.55055457706204;-2.71709242959926;-1.58555703386028;-2.53777862829865;-2.06398884624924;-2.72513661949373
2775;-2.74614004398398;-1.40345262529667;-2.24463952552677;-1.72683012113523;-2.21632232058287;-2.49008884587052;-2.47109956492564;-2.18032451651918;-2.5585944712774;-1.14044972265338;-0.930275366113424;-2.68591604672787;-1.29240567842165;-1.4191547363547;-2.60046352038775;-1.66437400932495;-1.77664956110778;-2.28074740980387;-2.00486731085617;-2.67130048705472;-2.48427462300656;-2.12478289854205;-2.34938270776722;-1.6469963510393;-2.52375374194619;-2.73564210119442;-1.59826956148079;-2.51649267119647;-1.98810649213512;-2.72895570053691
2800;-2.68305944580122;-1.39299332230349;-2.24076315958108;-1.79741997850973;-2.18217495777555;-2.44911426602936;-2.49971521794307;-2.23370974346114;-2.5662032289693;-1.1267167811761;-0.904438600744638;-2.68954858848843;-1.34440879562184;-1.41544064501599;-2.61530909149992;-1.63568512438328;-1.93758082043711;-2.25507819886242;-2.0242762823864;-2.64606987826046;-2.48856897051153;-2.09793792396788;-2.35277182790269;-1.61635189523064;-2.5098604333455;-2.68308568087163;-1.60208627818869;-2.5132581628103;-2.10813559797103;-2.742253462057
2825;-2.65536117627746;-1.3866560052691;-2.24806376776594;-1.66281335712267;-2.17710082830606;-2.40193843999478;-2.45450609234674;-2.25508667716596;-2.57276793415964;-1.1396491356057;-0.87438205047735;-2.63316092109107;-1.37032275241837;-1.39049875096728;-2.61155895929755;-1.63637881529898;-1.81283102901296;-2.12194708843673;-2.0315039377805;-2.56272030491756;-2.45164631304124;-2.1280013641886;-2.34881639705321;-1.61497861388465;-2.53438711903976;-2.70662113652816;-1.63072341332627;-2.45027512898765;-2.15608307285205;-2.72189607976753
2850;-2.60514819965123;-1.40550040323298;-2.26069920407162;-1.6738903061809;-2.19230959680569;-2.39359828512432;-2.42805497219427;-2.29723808477619;-2.61035835412099;-1.17370664002473;-0.912295378967903;-2.63321133505222;-1.36272598731981;-1.32717758999204;-2.62346268254204;-1.65800796565583;-1.99000545754064;-2.17228392925213;-1.9866197673789;-2.55199182644792;-2.50443905782379;-2.12745871362469;-2.3144767685253;-1.58626406130107;-2.46553394358371;-2.67548068563436;-1.41920232327624;-2.41718138412767;-2.18106591501319;-2.72154500650621
2875;-2.59087811957794;-1.4248925329718;-2.31925941693829;-1.61343186422137;-2.19119738163472;-2.26084802507197;-2.46144378290551;-2.2865832393232;-2.54852439353605;-1.16495308052031;-0.926316758537588;-2.63490140955463;-1.34700539856774;-1.29458566690191;-2.6326172215475;-1.61845761370305;-1.81237111813122;-2.15455726094499;-1.94573553360996;-2.5069659046664;-2.44140525234357;-2.13079852448322;-2.23534764532139;-1.56820649708725;-2.45241344308211;-2.67236153554099;-1.59145593101544;-2.37406841337231;-2.21751114152042;-2.76267920855902
2900;-2.58190323246644;-1.38624698881331;-2.31932816364001;-1.57061598837985;-2.19966903210561;-2.31592728996328;-2.43784986860433;-2.25331930396338;-2.6893228776556;-1.1848009055421;-0.889287784470238;-2.63952212312154;-1.40868702127142;-1.24443174470528;-2.69190455210792;-1.65398468983466;-2.0024866120358;-2.13855762989118;-1.92810475579632;-2.49233556639054;-2.41255299765097;-2.13633699867562;-2.25887229721432;-1.5728657499304;-2.42000890916504;-2.71824299183868;-1.67230687693296;-2.32682850353397;-2.17896834540863;-2.71328221123227
2925;-2.57452181680251;-1.41292060054232;-2.29038134008273;-1.57438688527872;-2.18244294474648;-2.301100913056;-2.4196899029627;-2.27315635393426;-2.69891248011642;-1.16713974031237;-0.890361190858488;-2.65210002173082;-1.38865317807734;-1.26749766399578;-2.69048782954419;-1.6648112650171;-2.00664517928568;-2.13350337133702;-1.89018275185328;-2.46596244164342;-2.37561690272933;-2.0884426323049;-2.27799878513183;-1.5919197206272;-2.37793741590126;-2.69780830824576;-1.69638970500576;-2.31966122400986;-2.25523746425453;-2.69827384408153
2950;-2.56133728886772;-1.44617358300703;-2.36915264034632;-1.52682450648845;-2.12864511631193;-2.20818153883894;-2.3656535631907;-2.25424378884153;-2.71129013384674;-1.13312037715848;-0.947029114346956;-2.55152490202207;-1.41232697567537;-1.24083767066927;-2.65482420989906;-1.71982230328287;-2.03672698218528;-2.10023397326124;-1.84388812441678;-2.37456369812867;-2.32239456170871;-2.07157319079337;-2.23367606146012;-1.54794133468715;-2.35828357614867;-2.68197642971011;-1.69140351064124;-2.31039063642198;-2.36829537470122;-2.77850646354875
2975;-2.52463120179494;-1.46258748334065;-2.40652698618569;-1.50167259682312;-2.13195787614997;-2.14758117436375;-2.36378337900046;-2.21097199634243;-2.78013997289074;-1.1384055795526;-0.920819014156538;-2.51936486250228;-1.43670785396062;-1.16960241837682;-2.69243107220674;-1.78307464834251;-2.06733934187577;-2.10927133293364;-1.82942288639114;-2.32947963986965;-2.33343624572676;-2.07186320432346;-2.20270474046719;-1.47978704844291;-2.28732501041046;-2.68764217420023;-1.65905443200547;-2.29811420308513;-2.41445051402522;-2.72174781658749
3000;-2.55645561323191;-1.49753948954025;-2.38514663198668;-1.45028561310497;-2.1210381939814;-2.11100211953356;-2.35861754637058;-2.25550381902714;-2.73545115553703;-1.13644050889209;-0.895439272341134;-2.5426285786964;-1.45876438457162;-1.15886401259047;-2.69676178406116;-1.79532945223402;-2.04852131397256;-2.11344794930177;-1.81445422127664;-2.29525049670425;-2.29215068264822;-2.03983668104837;-2.13936068307736;-1.47190707161103;-2.24318246150838;-2.68536216280893;-1.78315107712874;-2.2658311800169;-2.42885533532742;-2.7256172769644
3025;-2.52694860109351;-1.55430005975545;-2.43049787227497;-1.46839944200908;-2.12750705798077;-2.08523827545794;-2.35263929144048;-2.21447029326266;-2.72675857947961;-1.11971404855837;-0.958510593373386;-2.470380034546;-1.4003888569726;-1.13797322587793;-2.68799504750854;-1.84400870616404;-2.06515788304504;-2.07270001689956;-1.79392816668317;-2.27865426063585;-2.25772356327524;-2.05285832652284;-2.16713751905807;-1.51958310638214;-2.25918238447322;-2.65627243772294;-1.74471235592068;-2.24895568497973;-2.42098262590949;-2.72609147062474
3050;-2.55230247617301;-1.57399081494017;-2.47429991918415;-1.44632930498274;-2.12853098251282;-2.03877129591702;-2.33273338253505;-2.21792209539062;-2.72624824356652;-1.12240530876582;-0.936541597505224;-2.49611104443305;-1.42267735652062;-1.11329314544762;-2.69118820537554;-1.84770097909275;-2.07543062081884;-2.06964955576663;-1.73995097977898;-2.25519805763794;-2.22738333121386;-2.06393079930621;-2.0568045902487;-1.51724161391472;-2.25738249063988;-2.67966344061785;-1.72778171720635;-2.28404658869826;-2.45019437202719;-2.70051447062389
3075;-2.55671910731932;-1.60976495620828;-2.49054418502654;-1.45682939616441;-2.10590959505602;-1.99354225001694;-2.33651669456049;-2.2117366649916;-2.78772060370317;-1.08163771234412;-0.909382411593401;-2.49262116033337;-1.36133002310733;-1.11297795289448;-2.67389159167076;-1.87404767418587;-2.09474797671858;-2.04238245867552;-1.73770203511229;-2.1872538189106;-2.1717030949005;-2.07992420469287;-2.01039603710062;-1.51092333494497;-2.22120057737985;-2.66681239920765;-1.73258079417528;-2.29521277749223;-2.4497984203351;-2.68788346821943
3100;-2.51738506055944;-1.65395438693503;-2.49172228368092;-1.36561872504141;-2.09844719420211;-1.95833139042913;-2.32744660181481;-2.19771854638563;-2.70089317585731;-1.10456888745026;-0.984328950763227;-2.48222552232132;-1.46822640308492;-1.10745753406593;-2.67380296215783;-1.92764486561808;-2.05898847280819;-2.0749841809504;-1.74309560363172;-2.17726518144736;-2.176535985004;-2.00123761890782;-1.94770740818908;-1.51015775153986;-2.20138013847366;-2.61034664447214;-1.78067578945142;-2.24050399728419;-2.47475295056588;-2.70579024402256
3125;-2.48219805953739;-1.67118303714333;-2.47041746318974;-1.48000931804716;-2.06678282423951;-1.95715075234072;-2.29231615859138;-2.13688133483458;-2.67778688547962;-1.09765074716364;-0.997890371996978;-2.41260944731135;-1.4818415753396;-1.09654235643835;-2.65812471932047;-2.01772361675054;-2.00744480314596;-2.08952476241057;-1.74132594670454;-2.20525900986275;-2.16416261144909;-2.02068920640623;-1.94401178612059;-1.45969578116315;-2.19607946434445;-2.70823240742155;-1.76810522348339;-2.23456545952645;-2.46708155212078;-2.71223831230817
3150;-2.53931738843888;-1.68917256032651;-2.47954748104504;-1.5577713289149;-2.04871672201371;-1.96402540054942;-2.32661591220257;-2.14487852924683;-2.71838887461708;-1.05834937983417;-0.975485031531168;-2.34708619933169;-1.41718015518232;-1.10772057314189;-2.65542513166274;-2.02819899805639;-1.9613364386453;-2.07126947591436;-1.7326336124731;-2.17621299601453;-2.09506769456103;-1.93858569362154;-1.88401243325359;-1.41552271641693;-2.16923949591434;-2.72159045743546;-1.79166895287726;-2.25825094592196;-2.46947168496223;-2.74326492066086
3175;-2.61681160208082;-1.70065766289122;-2.47294043215882;-1.52954372906775;-2.01311263147796;-1.97488567216636;-2.30736974941779;-2.12840070992371;-2.72973655900828;-1.09096280970237;-0.96697457721447;-2.38634650868029;-1.38646052299689;-1.1337310067598;-2.65455099245152;-2.06885551915835;-1.93783376060648;-2.12947175685823;-1.71499946139999;-2.1584647461126;-2.0190041960045;-1.99741701282489;-1.92369030881317;-1.40927443440358;-2.22380600233477;-2.71931132612307;-1.67294711623386;-2.2348217549069;-2.47517126872607;-2.69500779374117
3200;-2.600501215696;-1.69569533318129;-2.49014800466369;-1.56905686852809;-1.95694771622209;-1.96828721227804;-2.32715896519457;-2.09230943948597;-2.78618221537822;-1.15209691875469;-0.961171051159052;-2.3624478329442;-1.42381347985624;-1.15211477732485;-2.67216110143422;-2.08463109391155;-1.95304952089277;-2.17355473201627;-1.72434245568985;-2.1437379956638;-1.8853911242586;-1.99498749826399;-1.880613398644;-1.41633930913704;-2.20339363177101;-2.71404224519302;-1.78733125452041;-2.2547908367388;-2.45603383335964;-2.71337357370569
3225;-2.62223019902358;-1.70892816163806;-2.43821688430324;-1.63136119522927;-1.90372551789502;-1.99441513330538;-2.32026133950147;-2.0779161119212;-2.72218652848171;-1.09480417375278;-0.961404710790422;-2.35356361177119;-1.37074827804039;-1.14560149116857;-2.63703530039396;-2.13041126553014;-1.94250643199605;-2.20351919838909;-1.71913623850844;-2.14250225357124;-2.02936123729192;-1.98585670913511;-1.86616105962087;-1.39962077763697;-2.24159071533181;-2.70962531073907;-1.80846861390988;-2.25476208813013;-2.4257969636382;-2.67677145709625
3250;-2.64120924826307;-1.74071719402894;-2.43465545204459;-1.70336408195124;-1.87199142279726;-1.99234522360238;-2.28729850187002;-2.11156504414347;-2.72061937430273;-1.12126423574591;-0.922481548306475;-2.32912827679576;-1.33583591129356;-1.14798604506185;-2.59667278960257;-2.12288107470302;-1.9217933876717;-2.22154878813774;-1.70813839352295;-2.15188334399262;-2.04127273721864;-1.97596375833728;-1.84173861543392;-1.4088445436324;-2.23408708443516;-2.7118328163336;-1.80386643215713;-2.23224765618471;-2.39559223315231;-2.70748333026971
3275;-2.65249235449277;-1.7461746760514;-2.41652691254746;-1.74432558116644;-1.85770671265554;-2.00933196082537;-2.26836431658712;-2.1043964674282;-2.70737913792445;-1.12478444489169;-0.923539986185404;-2.3230508239782;-1.30321251592799;-1.18792772167539;-2.62866536605723;-2.20782596124682;-1.86805833073852;-2.26849295173447;-1.68774481236863;-2.17796586293141;-2.05170856912167;-1.96519454144527;-1.83970715201235;-1.37752496580387;-2.25831763199592;-2.71104959882798;-1.79112837319652;-2.16738034315492;-2.3698497065032;-2.65994803758752
3300;-2.66073283723898;-1.76181601543765;-2.38054952108336;-1.80020268320416;-1.84931881227299;-1.981756790269;-2.34098037272508;-2.13533784727726;-2.73614834195676;-1.15960811173565;-0.922230296352056;-2.31286438913135;-1.28585697470863;-1.24478233165228;-2.56126790173636;-2.26127474282392;-1.8221824618496;-2.34496992089223;-1.69244044289602;-2.19700750089768;-2.12997794261722;-1.89735083705979;-1.89081511549975;-1.2968806896373;-2.26156467631644;-2.65543086517569;-1.793357626828;-2.18469586794446;-2.36927227009302;-2.64539978010891
3325;-2.67921340051905;-1.7599321641875;-2.34507009767847;-1.81831520857064;-1.82538432429993;-2.04482801274816;-2.35530161014788;-2.06185492587874;-2.63748452533747;-1.13193280158043;-0.880322028273921;-2.31291037540331;-1.24153979889669;-1.26865383918157;-2.52095282743122;-2.28704141382259;-1.83090047341873;-2.35448600118714;-1.76113854637297;-2.21194296247945;-2.16831886017865;-1.88718236165317;-1.89011701738747;-1.29118539308947;-2.29457430984126;-2.63764397789192;-1.78962052238994;-2.29257650284793;-2.30542199888426;-2.72187072135265
3350;-2.68142250900943;-1.75319827224177;-2.31741283847591;-1.81045229852124;-1.81792494956136;-1.98563925933122;-2.37256512530484;-2.10597020256413;-2.47442006250613;-1.14503782525213;-0.88323638755007;-2.35128092433722;-1.16588229783866;-1.25127989811189;-2.50168981405149;-2.31463281162725;-1.84665958936425;-2.41024129866882;-1.75960823508971;-2.22361660664675;-2.17521113297008;-1.88430448280392;-1.85283159576814;-1.31276409422366;-2.31448670769992;-2.62367556590257;-1.78060646222231;-2.28330706620251;-2.27970210338046;-2.68734408369607
3375;-2.66133160266325;-1.75942777233021;-2.22154551685604;-1.84603593235271;-1.81162639044463;-2.09645619345345;-2.35308303597855;-2.11860138644891;-2.60381538131996;-1.15840952400995;-0.89541138125664;-2.35329865073188;-1.17885300353426;-1.25035471372886;-2.49913174722376;-2.33973988777308;-1.81853865860251;-2.38879446119486;-1.74980027007105;-2.23923044807787;-2.22862186270869;-1.97875590319242;-1.84649769359394;-1.31719878933708;-2.31547478947237;-2.61158796501006;-1.77122963429843;-2.26105976020363;-2.28260867169326;-2.67012260439534
3400;-2.67301207617316;-1.75846982458062;-2.16013901048067;-1.86946524237348;-1.82329664614688;-2.11008681264812;-2.39682435149137;-2.08719433938018;-2.58367678772592;-1.18630088733962;-0.896178014669182;-2.35406027441474;-1.17379277991203;-1.25246073596706;-2.52303718961188;-2.34754261510283;-1.83795775098391;-2.48011640593353;-1.72288463434771;-2.25137445730488;-2.28660242225764;-1.86576402295867;-1.87098924493161;-1.2909431290196;-2.35316367309963;-2.59277690408901;-1.72992146938809;-2.25205764340273;-2.25322504895156;-2.72179187830298
3425;-2.6952212214562;-1.69895227962919;-2.22097225101656;-1.84921216345581;-1.8559663266087;-2.12034273487989;-2.38771033146412;-2.13528416623329;-2.53309018003583;-1.22566594477934;-0.898290403890333;-2.36148235241895;-1.12454049052621;-1.28093640608611;-2.54704664582248;-2.31638499060757;-1.8480579738016;-2.49381932023552;-1.7286756731291;-2.2602676579777;-2.30952549926444;-1.86562007776425;-1.86659915143791;-1.24599510388036;-2.35375775305821;-2.54910056627088;-1.76444746266541;-2.25212722669563;-2.25715967220031;-2.65813106369417
3450;-2.68956806306827;-1.64320585005117;-2.20778206669751;-1.9210073185228;-1.87107791463381;-2.13145765853511;-2.38176683163598;-2.10561031745784;-2.51837073578677;-1.22733740118586;-0.879172990733125;-2.28246493259072;-1.07256549089294;-1.34900775424353;-2.55090097356351;-2.38148587085674;-1.82990203614597;-2.49007019781268;-1.76784234353747;-2.34548850188285;-2.31604814899384;-1.83869212538961;-1.90896548869285;-1.23425894145483;-2.36907925921625;-2.54521146501392;-1.73441262536343;-2.3265319488849;-2.22792438972604;-2.55226796883625
3475;-2.64925428970932;-1.64220486220347;-2.19072945522936;-1.88727710120232;-1.83806575348031;-2.14996443640073;-2.3888546890793;-2.17392662236044;-2.48833234520272;-1.19960362145813;-0.872217805217781;-2.28431238725163;-1.11605171020317;-1.35821828994813;-2.50304029827689;-2.2840285782011;-1.84521186477148;-2.52225956894225;-1.75988491672699;-2.32577244828496;-2.39367817213207;-1.82965088480191;-1.88581671723612;-1.27467131793976;-2.34127636069519;-2.56826851308027;-1.71891325650197;-2.2365312687106;-2.22538675761133;-2.59962960597448
3500;-2.7013019335913;-1.63448541336565;-2.18080994822512;-1.91006771264126;-1.86138364187447;-2.13560868883823;-2.41001071880317;-2.11535628787844;-2.55528889754219;-1.23119098866454;-0.886476480167789;-2.4302433583961;-1.09477031734556;-1.38556763616891;-2.51512639292581;-2.2087175720954;-1.92367801532535;-2.44961234845557;-1.6483928487398;-2.33034894431947;-2.40935363218604;-1.79442757970654;-1.91120362410783;-1.32422391643253;-2.35889706997016;-2.5178488134108;-1.80152824442144;-2.21667498814602;-2.23503560267208;-2.64553464103356
3525;-2.6461695283227;-1.5991279476303;-2.1808404775967;-1.91299270653403;-1.94327438079562;-2.12802502295688;-2.3423166375373;-2.15954240939673;-2.61676055637235;-1.23810812671336;-0.884685704724215;-2.51240592102973;-1.03326548100684;-1.39986401220608;-2.50804631819554;-2.246175012467;-1.95844538810509;-2.54352474965082;-1.58562533623282;-2.31382231612662;-2.46330654317293;-1.81562990305436;-1.96770700929514;-1.32757653326853;-2.34085930389459;-2.54692836937407;-1.72826705626537;-2.18806881325184;-2.20888563951428;-2.5774112605229
3550;-2.63435390175205;-1.56318946246815;-2.16505088402724;-1.90055585460981;-1.95529470122456;-2.14870426631152;-2.26073914562799;-2.18067050624938;-2.63147776517883;-1.2317984018324;-0.842471383169068;-2.48170417761323;-1.04712968716484;-1.39187133538256;-2.47714271581167;-2.188323867734;-1.98453112185368;-2.50040357582163;-1.66008141540339;-2.32038386610709;-2.49539963779821;-1.77874803359924;-1.99585866637464;-1.35409368855021;-2.39890651937227;-2.53607053716357;-1.70931404145135;-2.18829016346481;-2.20538248294033;-2.61000934511633
3575;-2.62582867574776;-1.51325758359866;-2.16499683037411;-1.87129980118048;-1.97785825563102;-2.13864225694582;-2.3623193628024;-2.18447397357249;-2.69947014014043;-1.21213900017338;-0.821675616505833;-2.56387997642503;-1.04676630610257;-1.39101325889802;-2.48419692581144;-2.26738221245774;-1.99155688923992;-2.56017817953028;-1.70817611492587;-2.31758250365459;-2.48209772804972;-1.81917870342038;-2.00257140673491;-1.3695867116732;-2.34655698213004;-2.46815897366287;-1.72255164377939;-2.13808825387565;-2.23138438473526;-2.56371413696972
3600;-2.65269730315668;-1.48760299698736;-2.20592892574581;-1.88140475527325;-2.02393508841536;-2.23334448023489;-2.29935960964547;-2.20597628232185;-2.71315930697286;-1.22476508084423;-0.804819217966827;-2.53727595687321;-1.0638100099292;-1.38631345711227;-2.45948550184705;-2.18602936345044;-2.09065572537128;-2.61435904344204;-1.70539665089762;-2.33407082811672;-2.49679905264571;-1.77289033055061;-2.01315383805728;-1.39381411704832;-2.34162726637509;-2.46496747527223;-1.65337565800342;-2.12195809307217;-2.22440516543635;-2.56625944837842
3625;-2.62565691846185;-1.45590016282105;-2.21401316660111;-1.92720345304067;-2.03362655825717;-2.22579472916867;-2.40429194041825;-2.15391552465001;-2.78409483270996;-1.28239043547324;-0.794808859402554;-2.54603112989303;-1.06955500221852;-1.38148901858819;-2.45848430858629;-2.20332992580323;-2.11389229097474;-2.57971583958183;-1.67347485670198;-2.36118093720203;-2.54771369778775;-1.761281481286;-2.08274709885434;-1.42842961213008;-2.31204214493341;-2.4573176812618;-1.6530814154112;-2.11624771942135;-2.22311757301544;-2.52808017322122
3650;-2.64656048229807;-1.44599371727236;-2.23164616989414;-1.90983868961963;-2.05026392816059;-2.17390109884836;-2.3598801896879;-2.1414769971515;-2.78828899565946;-1.24597647333061;-0.763778684264694;-2.46833294748458;-1.06245049193909;-1.36656579970698;-2.40320458054283;-2.08477018488914;-2.12362094272366;-2.56674269137707;-1.61204501720895;-2.33771150737815;-2.50235212142578;-1.79191750066294;-2.07009430634658;-1.45900310002243;-2.26057218796202;-2.46020873353095;-1.62746274565852;-2.08157299360646;-2.21607077059485;-2.60400603445598
3675;-2.66611966529829;-1.45223253713227;-2.31809898723363;-1.86635038971027;-2.09398422025845;-2.16740156548389;-2.42770433951249;-2.15933460829322;-2.7951068964863;-1.19852317935603;-0.728211886153111;-2.49748264081847;-1.02629166380029;-1.3712516823183;-2.36018394161689;-2.05008876051957;-2.19159012230634;-2.67109834179797;-1.54089849021045;-2.32805842412815;-2.49344026547267;-1.88581658293207;-2.06492859041108;-1.49749641595813;-2.28337236844393;-2.46836876112893;-1.59837193006854;-2.03149868592956;-2.22186278181125;-2.56539823218753
3700;-2.6196094092034;-1.46685465028533;-2.2815410073588;-1.86398183857721;-2.08600845680574;-2.18139384486853;-2.4291566538155;-2.15739164285543;-2.85201592830215;-1.21004524139026;-0.703513383574703;-2.51649858223399;-1.02583913428307;-1.36063432891705;-2.31892081159777;-2.01414612808147;-2.19535249942609;-2.54175438436052;-1.55373592064753;-2.34857170568957;-2.49889053714486;-1.85271352801213;-2.0589272297356;-1.4738923264399;-2.23547482535866;-2.48634778623795;-1.38207395968961;-2.04112805170027;-2.27068161378866;-2.5755274742293
3725;-2.59481996110192;-1.48901593949884;-2.29949848082843;-1.83872620397647;-2.0957166213339;-2.20103706252256;-2.4667691084779;-2.15001836581632;-2.95678627271959;-1.18294324980753;-0.656789586398078;-2.49661636575244;-1.03280576723471;-1.33204504670537;-2.28878902694949;-1.96976476788821;-2.18651613630382;-2.50600336717975;-1.5703164804145;-2.38904366276296;-2.510663089217;-1.92965647492615;-2.0244326203712;-1.47163738909542;-2.13448543723378;-2.48049212688947;-1.54148273079929;-2.06421811856082;-2.3302167181962;-2.5608228972466
3750;-2.64966697465551;-1.49489567939464;-2.3765555721927;-1.7994827195737;-2.11785329787187;-2.21825363247518;-2.48125524794466;-2.12803355217288;-2.97213456397929;-1.15015439172928;-0.627759921936027;-2.59197665543118;-1.02689302113699;-1.3121321113402;-2.229791599004;-1.99940355453509;-2.23208275575032;-2.53160036027849;-1.56943201438285;-2.36225178263206;-2.4677593016136;-1.91308217272259;-2.03089275632231;-1.54090943199912;-2.05401005867949;-2.43313895745371;-1.40587070892231;-2.04402698975358;-2.38053442247455;-2.54760349849363
3775;-2.67737749323113;-1.49892415254158;-2.37553782379732;-1.81640127572896;-2.09366241173911;-2.13817442895684;-2.47656294891887;-2.10809706307486;-2.96300296364802;-1.10387236999489;-0.607826650715314;-2.57710100316327;-1.01291090797208;-1.27401718124307;-2.22393310875894;-2.00743734086651;-2.2571638727009;-2.56766949886579;-1.56796908428684;-2.37037180101383;-2.41879596825975;-1.92597983493141;-2.01332448392006;-1.53984483540445;-2.0500687529636;-2.44927168124438;-1.53240992879996;-2.07042680400147;-2.38595659267059;-2.53001309615417
3800;-2.65363670801486;-1.51537369968341;-2.40636017927352;-1.82637896714109;-2.09143973109686;-2.21716435774691;-2.45291780728221;-2.02315919952565;-3.1454191107551;-1.02661852995817;-0.57298904319841;-2.47009135726832;-1.00962597128421;-1.16142361116708;-2.20462739907166;-1.95464517325686;-2.31404928695262;-2.521287653748;-1.57405859743074;-2.32856281237519;-2.38721304113325;-1.97901903144209;-2.02860312378175;-1.59692696816456;-2.07201983937693;-2.4275224001929;-1.49146355498286;-2.0606884847358;-2.25513312548045;-2.52341957786238
3825;-2.65056222435734;-1.53601992750992;-2.40779228087616;-1.94515282978031;-2.12850474965039;-2.10295085634555;-2.39722449636745;-2.03438169663853;-3.03460187891901;-1.08791931007164;-0.53597538964032;-2.6256407743937;-0.963502645548469;-1.16192090320127;-2.18710620232905;-2.0083386642959;-2.27649927373682;-2.54556118891425;-1.60941123837825;-2.31840878357284;-2.33590622934889;-2.00166771122904;-1.9471121711549;-1.60924358079692;-2.01637836855919;-2.42793891162198;-1.45747094456351;-2.08319229151746;-2.29192625457655;-2.52946061340756
3850;-2.6808002263351;-1.54894736189533;-2.42096535413507;-1.85256374530935;-2.111987839069;-2.17187920908075;-2.31679996483267;-2.17353560292979;-3.03971325802883;-1.05287862773746;-0.531047818709349;-2.62420438139615;-0.995828586214459;-1.20111845723415;-2.18789915029133;-1.99923679229739;-2.28544135874707;-2.50708311739069;-1.61925251994132;-2.38164605613935;-2.29354887479024;-2.02816496673321;-1.94476710037299;-1.60495059180363;-2.01320516801686;-2.37263466884336;-1.45228753599426;-2.09397770518689;-2.24370209362848;-2.53996364902238
3875;-2.69455438136743;-1.57785797572143;-2.38921967574483;-1.85017911262323;-2.09390597602081;-2.18804697068023;-2.37556508903132;-2.18373192782328;-3.03570027068798;-1.07555020456199;-0.527488152669322;-2.61807285638914;-0.950068919878295;-1.19044066298911;-2.11433268648029;-2.00636354027524;-2.31497719755679;-2.52287881325937;-1.62052866645315;-2.38496888697509;-2.29337975819366;-2.06152887379432;-2.00810627309823;-1.6157479890947;-1.95539184574255;-2.31730616472347;-1.4885786846508;-2.09416457129201;-2.35155869512271;-2.54297313069488
3900;-2.67974309245861;-1.60008890464962;-2.26646350634378;-1.87892255222631;-2.12691136857863;-2.15383252374983;-2.37631518422402;-2.2258311432624;-3.05105940903951;-1.06025662489821;-0.51956917224189;-2.65139627719857;-0.960570964533421;-1.16101526504171;-2.07920939577445;-2.05436522763317;-2.30970132582833;-2.52604733706031;-1.65125310587509;-2.38290816609099;-2.22282810526689;-2.05535517770995;-1.9767144469364;-1.56589273625137;-1.97818634381451;-2.35504093464554;-1.45253525043933;-2.0642808055351;-2.35180488672651;-2.57053470339401
3925;-2.66844359492714;-1.63996249149492;-2.40709754734182;-1.87736778255468;-2.0925682371881;-2.13200729169635;-2.40741789041675;-2.19399798032937;-3.10734702947812;-1.05916201220128;-0.502022646299513;-2.67704298976062;-0.862155539794358;-1.13403578254066;-2.21262725297783;-2.04033257055758;-2.33228575900056;-2.4829893322694;-1.680050401039;-2.42301902262815;-2.14833581919827;-2.06463753316108;-1.97060851097494;-1.55445906226983;-2.01529242592791;-2.28883552983878;-1.47407412193782;-2.0377878580642;-2.33559209274316;-2.54447427658943
3950;-2.71663140651706;-1.68115952308429;-2.45484564199145;-1.87448211719435;-2.10393668786088;-2.14700503753284;-2.49783452793495;-2.18504549381699;-3.06990321453529;-1.10471901618228;-0.516065731559236;-2.7010080765815;-0.883926048717285;-1.07765101898613;-2.19577131565556;-2.07506561894876;-2.28535136943048;-2.49003938339395;-1.71413574805509;-2.39431548133167;-2.1425832797825;-2.07405370415382;-1.97089433260424;-1.63534591847737;-2.00110729008184;-2.30857424757185;-1.51009948680499;-2.05508611407321;-2.32453403680025;-2.5815183161416
3975;-2.70680393111302;-1.71184338877542;-2.46408388813941;-1.90645427477126;-2.14796984108824;-2.0832428384844;-2.41037662599472;-2.21217380984903;-2.9816239392382;-1.06325597313449;-0.544239184394388;-2.75697440308449;-0.7403998728962;-1.06241311520506;-2.24014991406319;-2.11584421941087;-2.25001317892013;-2.51718475408005;-1.75987691223275;-2.42982806248648;-2.14221818312873;-2.12198955173331;-1.91317079650539;-1.63583007255263;-2.06411503525709;-2.34849316704558;-1.49421650085956;-2.04644149133457;-2.31014381995513;-2.5910708995676
4000;-2.69964169197836;-1.74117986627707;-2.46453731658897;-1.94980993082468;-2.17487286684053;-1.99147018988202;-2.36002494635666;-2.24526795904254;-3.0655813142848;-1.13501620421151;-0.57464350409135;-2.75513337952984;-0.80302722195526;-1.04103397642044;-2.26536098660603;-2.12259385671555;-2.24171755111114;-2.46322285344261;-1.79041992672278;-2.47898952385633;-2.12842561512471;-2.12803346198062;-1.95975976040204;-1.6119411981871;-2.05923882668999;-2.3210509574106;-1.55148051378534;-2.02916188773805;-2.26687943054693;-2.59006700373495
4025;-2.68727075485252;-1.78704975031402;-2.4678899710748;-1.90231147059181;-2.17413018944664;-2.03084479959278;-2.35591756784482;-2.18416873743065;-3.04261895140467;-1.15213567043354;-0.626361321490259;-2.76025088982798;-0.817572261618477;-1.02491697710892;-2.28923920546742;-2.06014845186261;-2.20187784016881;-2.51546566782774;-1.78838502024942;-2.47498659682819;-2.12010170638908;-2.02125741381952;-1.94814826448884;-1.64153996661008;-2.0927408037947;-2.34281411896018;-1.50910889222266;-2.02382983077823;-2.20792897343189;-2.59279490665053
4050;-2.65974432193492;-1.80918487533805;-2.4515320696006;-1.91954298204785;-2.17595311765717;-2.00117237822239;-2.34812719567254;-2.21087685720392;-2.8515948670768;-1.13646177197638;-0.651528630484982;-2.78208646487049;-0.738325132149833;-1.02022639006456;-2.3173095812092;-2.11570692112681;-2.1907952927478;-2.50086371341721;-1.80477097800673;-2.44837239100848;-2.10776953807744;-2.05140053191017;-1.92289479950812;-1.64812810004862;-2.14055399021498;-2.33524984852978;-1.4980429973468;-2.02689117593015;-2.15799068451738;-2.58710231191496
4075;-2.63863035952155;-1.81522835678654;-2.45275838399665;-1.92406105469219;-2.16361538107736;-1.92208500073203;-2.29951099375545;-2.25990231381182;-2.80815355814337;-1.12102965122515;-0.697366262334938;-2.75539914048678;-0.822843297172416;-1.03263920806317;-2.32835621908117;-2.17155305082664;-2.12474211939954;-2.50604827743834;-1.84721704742033;-2.44153887989685;-2.07355287388453;-2.13373641722513;-1.93155057323305;-1.64532759372096;-2.14430104964981;-2.44259623472342;-1.52065753716164;-2.00592559490438;-2.12571933487412;-2.59203310725346
4100;-2.57582672569498;-1.82946858534924;-2.4910029626525;-1.79006831122327;-2.18129094523858;-1.8949863382679;-2.29183821020282;-2.28462622143731;-2.90311501967006;-1.21109392473588;-0.72375994155736;-2.76276404435491;-0.629985976322024;-1.02414391855808;-2.38075062406773;-2.05372803412891;-2.09706037014582;-2.50517653793737;-1.87298395758018;-2.47646418294199;-2.06660361219007;-2.08082454521411;-1.92496187136743;-1.63410378070854;-2.21687692603734;-2.46288795443538;-1.47994522019623;-1.97525646209963;-2.06544523669377;-2.55483716572929
4125;-2.55952807164914;-1.81896881097565;-2.43901188621254;-1.92097680884569;-2.19962808629673;-1.84573079278085;-2.27067106892104;-2.26845636002211;-2.76604816487544;-1.20169461404317;-0.767949044882748;-2.88800234215346;-0.819656205304104;-1.02293772566865;-2.39830666662738;-2.17976973710667;-2.08810742166319;-2.545351532873;-1.89488811828874;-2.51153855514353;-2.07296763060614;-2.02847474316783;-1.92878211935249;-1.63713703914514;-2.24262271502171;-2.51194706434474;-1.4941934221563;-1.95022312538017;-2.04048083747714;-2.59800009536408
4150;-2.52676042184487;-1.81727303717307;-2.35935836466692;-1.91981838469601;-2.20330678941719;-1.73136437130363;-2.23951918925988;-2.28708338204423;-2.95138026960889;-1.23402987954478;-0.794808161557764;-2.88500069449908;-0.781748713090496;-1.0802479394136;-2.49186684321148;-2.22366801292607;-2.11328016429029;-2.52856242298534;-1.91135095318162;-2.54377649147349;-2.00711154749859;-2.05142894733706;-1.94073660991088;-1.65642465265191;-2.21232069029667;-2.5529647297395;-1.49476112725621;-1.9242853953346;-2.01730206730273;-2.56106790884306
4175;-2.35308248581258;-1.8474620245573;-2.36887651245853;-1.95554352635941;-2.20074216887311;-1.7254878249532;-2.24235434294564;-2.30778030091927;-2.93560130268589;-1.23950543083906;-0.81248791709733;-2.86962149260576;-0.759137454901738;-1.07417716781543;-2.49483108176478;-2.23741928186905;-2.13110581909155;-2.51620197320029;-1.8962196841374;-2.52091254164343;-2.00465197557758;-2.066254969106;-1.93399944661999;-1.65718864048722;-2.30144768049624;-2.5838186287347;-1.43405740631184;-1.9461873609923;-2.01331405666466;-2.54432850789477
4200;-2.46668085894884;-1.87858557953992;-2.37503055964448;-1.9663059605774;-2.18054046329506;-1.65613417145549;-2.19832277352345;-2.2663211178203;-2.89982279614669;-1.23662432297745;-0.870244637375309;-2.83936034275371;-0.760724150824116;-1.11281753523975;-2.49476738877576;-2.21961551864971;-2.1174052503519;-2.49043939745451;-1.9086433206645;-2.58345387108134;-2.15184137557937;-2.03873942178434;-1.93994627452945;-1.63095394222184;-2.26489971885996;-2.64801500002889;-1.43550231156319;-1.94487673040175;-2.01975558139158;-2.53632753732174
4225;-2.4342309386489;-1.93804685666203;-2.37639065157355;-1.96413734393744;-2.15219694738877;-1.64037422377729;-2.18109706176111;-2.24547933450016;-2.92193240297079;-1.2046192892415;-0.91260484913063;-2.82541260020346;-0.791914646319173;-1.18759428723791;-2.49443412449581;-2.26486966378949;-2.12764880806425;-2.50782152287821;-1.91417186436354;-2.56894817181511;-2.16939492449597;-2.02213233807938;-1.97184374095742;-1.63685956389677;-2.25450443368719;-2.76002888885621;-1.38312782238294;-1.95765975749237;-2.02982125480075;-2.53000319397497
4250;-2.41716885918856;-1.94787654935192;-2.26488047766835;-1.95022197330302;-2.19348237324516;-1.64855553818429;-2.16369835636267;-2.27325693737059;-2.92550549255935;-1.21572561011041;-0.900279951896825;-2.82452008449818;-0.747488627904799;-1.17358436231804;-2.50218404285813;-2.266150984396;-2.11590314650065;-2.4853325165339;-1.84354109563675;-2.60123076639289;-2.24083649511485;-2.02303371624625;-1.93651038255321;-1.66791006282181;-2.26102345358684;-2.83004884585302;-1.3681234462978;-2.00581612123204;-2.03444401135237;-2.51983247903665
4275;-2.31717865615014;-1.89916376857375;-2.27711298278915;-1.88471296283604;-2.18551473868991;-1.58398502369235;-2.10677425267269;-2.20295015605085;-2.8740735829387;-1.13445579221943;-0.87582356594763;-2.85618094547537;-0.658292381696026;-1.16308406961517;-2.52625299778842;-2.31464657312253;-2.11154490958282;-2.50247076207716;-1.85495947622073;-2.62075630255438;-2.23394305399478;-2.07168121567095;-1.96951395561247;-1.68271161825384;-2.24958820228829;-2.85600811471304;-1.38890725607327;-2.01393536308264;-2.02108719798483;-2.46792802574672
4300;-2.36440247834372;-1.83773346289329;-2.20996211839759;-1.96508744282146;-2.17916321068399;-1.57833492535391;-2.07827847379069;-2.29755595517847;-2.87594890235171;-1.22296685697745;-0.899898725798241;-2.79100297619608;-0.681029860757114;-1.18800302677305;-2.53438442442605;-2.23110397133252;-2.11060020252612;-2.52109766099111;-1.85338094768554;-2.57856278720573;-2.20658999831569;-2.05385389616327;-1.98899028935763;-1.67542244081009;-2.26046034828769;-2.86407251171567;-1.29380791548833;-2.01462466457062;-2.06704134018148;-2.45364479795747
4325;-2.34486897718936;-1.86674650538964;-2.21738541444154;-1.91945953947971;-2.16201857320557;-1.54932563080412;-2.05660635954919;-2.26069604288821;-2.85844476854281;-1.24520389657743;-0.917506826409777;-2.74080805976743;-0.657736405033558;-1.20056797052769;-2.55694445657612;-2.24091908658772;-2.1159222448831;-2.26267386498164;-1.80535043323454;-2.54613497565917;-2.20743415154549;-2.10190356663151;-1.93734255590286;-1.65476605670375;-2.25334668084102;-2.91765400917912;-1.23767510857251;-2.06189747574002;-2.07463601305756;-2.41596665091612
4350;-2.32660814940353;-1.87956503665529;-2.21240576268448;-1.82495154334632;-2.13915043688008;-1.50251478057497;-1.99920765783844;-2.22443722318038;-2.87179126666139;-1.148771525902;-0.900715168629295;-2.73468413541508;-0.617187222769454;-1.24485254060957;-2.54328567321413;-2.32004033917499;-2.06826316132043;-2.43453084253184;-1.7608786711074;-2.54271711816274;-2.19971659542728;-2.01626575865352;-1.9114319235065;-1.64217844868273;-2.22761626501615;-2.96007288009444;-1.22624832897574;-2.04501008221214;-2.06159170997022;-2.40349208458288
4375;-2.34081408934235;-1.84842598320454;-2.16153684892697;-1.84419430778966;-2.15149757777978;-1.51130660006426;-1.93098092034686;-2.17912968731977;-2.77799230945612;-1.15787641567031;-0.91185534474379;-2.73818198652891;-0.487368909309985;-1.24661694875608;-2.55508426708326;-2.23138574239552;-2.04622513640913;-2.40178714860663;-1.7323436650323;-2.53616377575016;-2.23295750362846;-1.97903312252432;-1.93466517849686;-1.61161155395706;-2.20508308312464;-2.93583461921372;-1.10347215960404;-2.06176996662607;-2.06491700425152;-2.328565733574
4400;-2.32159164725373;-1.84642310420395;-2.12721362551751;-1.83605646816072;-2.10517247746997;-1.46144808264553;-1.87482273561944;-2.14329152955608;-2.71622698130568;-1.0914221656174;-0.880069259967239;-2.6473761120688;-0.573775201471198;-1.1491754177441;-2.51798538005315;-2.19137251751659;-1.98853852929175;-2.3773801434007;-1.62549514865401;-2.51201392593405;-2.23302622638684;-1.92526110854415;-1.86563946159515;-1.60572416584112;-2.20439860632058;-2.95535815866478;-1.12540311646898;-2.03822303337645;-2.02030327074049;-2.24102793609308
4425;-2.28634149430936;-1.81237658774859;-2.04562716534493;-1.75513256951463;-2.06554793651771;-1.44997276408018;-1.84185530493575;-2.09369948465524;-2.71152056650863;-1.07771221012443;-0.857888874705108;-2.59542919920912;-0.416758453557554;-1.17651806172138;-2.49351310369146;-2.21915295920739;-1.97259982983409;-2.35415658732211;-1.57363540509618;-2.3931970971164;-2.20763695807437;-1.87957858763908;-1.81560759561201;-1.60573810819238;-2.16737709191196;-2.94914461692694;-1.0401214751252;-1.97318156533177;-1.96028396670894;-2.26914826808126
4450;-2.26224495853433;-1.73856042407756;-2.00104727945408;-1.73888113556475;-2.00505598791602;-1.45705097514751;-1.78722761421943;-2.00877992428722;-2.60864476985454;-1.00280380136395;-0.817602523444261;-2.597808191378;-0.490084791678153;-1.19241436510305;-2.42127774672705;-2.14721296491756;-1.89407481051883;-2.26014807333527;-1.56281421317473;-2.39609384272272;-2.19811641509524;-1.84565529437269;-1.83084821552617;-1.59534898480528;-2.08692717348294;-2.7913027552474;-1.02288564073764;-1.95997712664493;-1.98699629588945;-2.18557742042421
4475;-2.22689455492696;-1.63582919073892;-1.94986892677295;-1.68026176411361;-1.9271681851872;-1.42656529121361;-1.74371685804513;-2.00910199525461;-2.5033075013859;-1.03822429727413;-0.742171386654892;-2.58251702736989;-0.483650621936235;-1.15793595708999;-2.41533356415586;-2.08342302556313;-1.85172338871178;-2.24963229443095;-1.51714876213429;-2.29630157965596;-2.15921983010624;-1.82064877484465;-1.78024219663622;-1.501083996034;-2.07205485399914;-2.78737469879308;-1.01097874204064;-1.90599406744084;-1.96684843643617;-2.15215607832991
4500;-2.22687200482397;-1.60801857153853;-1.89415314431083;-1.61645998190461;-1.90698460448731;-1.36871444651662;-1.72371573651278;-1.95535234939853;-2.50892745824369;-0.925471985761719;-0.713586268362112;-2.47263346057726;-0.42411262440507;-1.11671019751941;-2.36730939370446;-1.95887525760503;-1.84691024083967;-2.16321406276953;-1.46562658280932;-2.28540107100479;-2.10478569646797;-1.76659551036455;-1.69193796644284;-1.4243286293771;-2.00809380299638;-2.74978962127221;-0.977512941613561;-1.8570819074703;-1.88179017097706;-2.13137578105287
4525;-2.15723042397181;-1.57272811343548;-1.85402752662679;-1.57513633092178;-1.82973400016589;-1.34135983191064;-1.71993052325463;-1.89504018994773;-2.40174446957853;-0.895887988298597;-0.660930503027951;-2.42942676970392;-0.380417988808379;-1.05713747095104;-2.32015596385104;-1.89861910862925;-1.81820504709838;-2.12468852395505;-1.41376228458047;-2.23876338576029;-2.08518614882451;-1.69077224472364;-1.67654638965033;-1.38758172988865;-1.9555127381636;-2.69759524566847;-0.940707090084585;-1.83674372212544;-1.84481066214011;-2.06014709302511
4550;-2.11313488005495;-1.50763388888085;-1.82139534144953;-1.53605032725063;-1.73624357884064;-1.30130111883026;-1.6413542852301;-1.8169190638044;-2.3635440946319;-0.748222358578371;-0.660590947876119;-2.36001118035278;-0.27395803564071;-0.982727562138682;-2.30055929339297;-1.89447075137565;-1.73021142151802;-2.06978248578169;-1.3838889339291;-2.18398728509104;-2.02667882410258;-1.63560326547931;-1.63714111517637;-1.34871729269145;-1.91766412378956;-2.66950075759263;-0.910508146213106;-1.77371780399107;-1.80286559590754;-2.00286549551392
4575;-2.09827541278087;-1.42732951726737;-1.80859787456441;-1.49783739503197;-1.73207864174682;-1.24571356556857;-1.58557251568344;-1.84141020243186;-2.27485723872086;-0.764328016309287;-0.612994170956008;-2.3124605647463;-0.282060531736598;-0.993038562839275;-2.19099679581641;-1.8913102681574;-1.64937752407519;-2.04522118302878;-1.32705804080528;-2.14077325979767;-1.9904533487532;-1.5560180252299;-1.5646128760641;-1.3045182186867;-1.87623736820684;-2.5775290338072;-0.891677642775518;-1.75350023005329;-1.67574907887087;-2.09697848329896
4600;-1.99057156226574;-1.3478278925007;-1.76265536419587;-1.4604211119625;-1.73403403559478;-1.21685503877368;-1.57801297584307;-1.99624245474364;-2.19668512270702;-0.698232176497434;-0.530213889297444;-2.21522058756378;-0.289362917139936;-0.960042381317136;-2.14371774808088;-1.88899419756307;-1.59109387328525;-1.97926929406486;-1.2613964862554;-2.10294466501402;-1.92646717350137;-1.53424243228404;-1.5191892516748;-1.25150218674272;-1.85071546829203;-2.46100685623065;-0.826770997015346;-1.71513971698791;-1.59445757036342;-2.28568914263277
4625;-2.01387539274065;-1.29572251329877;-1.79848134443775;-1.42370031688446;-1.72758017970238;-1.26807349164723;-1.56177481413416;-2.28225130732151;-2.15174719041697;-0.647405771595369;-0.483166633380638;-2.16516327071741;-0.232712250116633;-0.890432711551279;-2.11245040911802;-1.887379031283;-1.54868901463862;-1.86918675117631;-1.25033246623563;-2.06961102805846;-1.8877994254701;-1.48995435630753;-1.37796249266038;-1.22782286150831;-1.81251920766314;-2.42126393283811;-0.823405538680937;-1.65067530401393;-1.51913632824909;-2.49944372364465
4650;-1.95806930676346;-1.28092817153206;-1.68598189525125;-1.38757346221418;-1.71565108996497;-1.29456726786997;-1.48230464293305;-2.60076278039638;-2.15359267367365;-0.610814154339876;-0.440241188300029;-2.13146262316396;-0.167595794847812;-0.844936470199642;-2.08490514363494;-1.88632126100757;-1.51080743212703;-1.86693177710188;-1.24818859305051;-2.03988187624939;-1.85594297028433;-1.49519271540449;-1.39534349780643;-1.18890237665473;-1.73184174828881;-2.36359558465348;-0.766855887437763;-1.60728940293453;-1.45164244657946;-2.66868259297959
4675;-1.96899380182896;-1.27515973289893;-1.67609761956042;-1.35193900036798;-1.69857882108408;-1.31968835180639;-1.47166500472879;-2.85310289419913;-2.15746599288777;-0.5545140929734;-0.401147631389741;-2.08074428213919;-0.130104164321562;-0.80027076782858;-2.0852750914378;-1.88567737842712;-1.4733980406486;-1.83811893651765;-1.24471627282337;-2.01286673690519;-1.82892646871164;-1.38670646809999;-1.3864359010762;-1.24063855174806;-1.73473370473923;-2.26367216191532;-0.755562850148363;-1.58472844293958;-1.39383354284645;-2.72348703536346
4700;-2.01147881495548;-1.24851747035293;-1.63843321003933;-1.31669538376221;-1.67669566952435;-1.3433690595411;-1.47660073992628;-2.93933551743453;-2.16248536440413;-0.521715233979216;-0.365596039983897;-2.04970613214959;-0.0596197629594238;-0.801391217343014;-2.32947480483988;-1.88530387523202;-1.43649978716991;-1.66040916259541;-1.24002275926274;-1.98767538309116;-1.80477881520789;-1.35401993157203;-1.32506405635467;-1.31109732366221;-1.70264364818496;-2.23673127292534;-0.745984331171802;-1.55166378204099;-1.34756553952996;-2.60355008781021
4725;-2.07384441822304;-1.2046167758191;-1.60518350792625;-1.28174106481318;-1.65033324958801;-1.3655419787175;-1.47616454545436;-2.70770623855759;-2.16776916527651;-0.487233666378574;-0.333296491416616;-1.97682887213107;0.0469292254382769;-0.737503545875033;-2.69858780913076;-1.88505724542277;-1.40015274361657;-1.76333620681004;-1.2339432094133;-1.96341684575387;-1.78152820404788;-1.31710267625397;-1.30064206148432;-1.3071345707272;-1.6517907249095;-2.12768567376399;-0.740662603462517;-1.47455526270238;-1.31469616024338;-2.35534764253136
4750;-2.14670751054306;-1.14940137735706;-1.5924155316801;-1.24697484297491;-1.61982381129243;-1.38613969697896;-1.43458700447107;-2.29760753262561;-2.17243561890157;-0.457646340883605;-0.303959063022024;-1.95168765136678;0.177715898373742;-0.69717679846269;-2.99912058807478;-1.88479397695327;-1.36439660542139;-1.6993909256771;-1.22631286492105;-1.93920091174061;-1.7572035485155;-1.28623292759688;-1.26964830395836;-1.29944082596467;-1.63019693624762;-2.05939302492751;-0.677085392368452;-1.32956921868688;-1.29708249903825;-2.0447972454942
4775;-2.22068528498046;-1.08881500302639;-1.54863364530122;-1.21229447623412;-1.58549940933912;-1.40509480196891;-1.3843358287505;-1.9846664684759;-2.17560299460554;-0.418797584099718;-0.27729408637175;-1.89532206854614;0.320914321220294;-0.696052874643873;-3.06493808208225;-1.88437056437517;-1.32927106801719;-1.67584693053429;-1.21696673160806;-1.91413710836976;-1.72983350937834;-1.26258366509118;-1.23570770694229;-1.28823335036551;-1.62567275901154;-2.00205541169679;-0.667725199245369;-1.14312534475915;-1.61956957615411;-1.65995166908002
4800;-2.28639493460018;-1.02880138088668;-1.51657711096068;-1.17759876541446;-1.54769209842959;-1.42233988133072;-1.32593871218376;-1.87868317119536;-2.10851716821938;-0.400421789395674;-0.253011107953538;-1.85139317096843;0.464698559351259;-0.698966111593961;-3.05025110335601;-1.88364349937881;-1.29481582683679;-1.63425870653024;-1.20574003478863;-1.8873349629597;-1.69790912995175;-1.24224028394903;-1.20122800356151;-1.27372938467327;-1.55265005705285;-1.95137945429725;-0.650103822674697;-0.943429807518581;-1.61599223438406;-1.65261272567583
4825;-2.33445365246714;-0.975304721536134;-1.53073503465614;-1.14278616293228;-1.50673393326537;-1.43780737715484;-1.26590369909462;-1.79037386720906;-1.66075349228428;-0.311591739086982;-0.230820484609377;-1.80822615434336;0.597242678139963;-0.70347696621788;-3.02001435706414;-1.88246927365457;-1.261070577313;-1.62520700750437;-1.19246793150745;-1.85790400282882;-1.6641966373762;-1.22128760522343;-1.16641660625357;-1.2561461696315;-1.55343512243184;-1.90653841802312;-0.643829065030094;-0.758688773564531;-1.13771565700722;-1.63870150825365
4850;-2.35547863164627;-0.934267633649034;-1.54396534556868;-1.10775512120389;-1.46295696854795;-1.45143018697465;-1.21073839374466;-1.71281650627825;-1.8757292206104;-0.324107978980176;-0.210432293673385;-1.76328959169111;0.706719803002584;-0.708716039352492;-2.97562570665512;-1.88070437889279;-1.22807534092747;-1.61607802560746;-1.17698557880921;-1.82495375529549;-1.62950320742004;-1.19581103760844;-1.13176898817752;-1.23570094598377;-1.56434191072576;-1.86670711338758;-0.598417008469256;-0.617108409496371;-1.16174501449631;-1.61876422552503
4875;-1.67464236082641;-0.91163442269914;-1.49827839167576;-1.07240409264564;-1.41669373290479;-1.46314073477059;-1.16695040039547;-1.64488063447088;-1.85974251071861;-0.283714835614814;-0.191556612479688;-1.71854836732086;0.781306287243063;-0.713813795811966;-2.91848295111914;-1.87820530678384;-1.1958691529237;-1.60534183120295;-1.15912813373861;-1.78759374767811;-1.59378289434614;-1.16189577637552;-1.09778062249243;-1.21261095447364;-1.5086033106267;-1.83105981225257;-0.584386397873903;-0.546895133178885;-1.20273718112467;-1.5940970882461
4900;-1.77617527315101;-1.12924379931208;-1.44991639287566;-1.03663152967385;-1.36827535307057;-1.47287160818606;-1.14104732330866;-1.58543579785492;-1.82593181814906;-0.281940153940739;-0.173903518362407;-1.67596777396857;0.809174966511142;-0.717900738977173;-2.8499838894464;-1.87482858764929;-1.16449204247806;-1.59373404086591;-1.13873075334033;-1.74493396333007;-1.55698867597864;-1.11562701679609;-1.06494698235735;-1.18709370241192;-1.51330534998078;-1.79877078648001;-0.553255347274421;-1.18886526487962;-1.25234247566276;-1.56592362986722
4925;-1.74759956308211;-1.28711118835506;-1.42448333390324;-1.0003362505859;-1.31803433446742;-1.48055539486445;-1.20388405014319;-1.53335203026744;-1.77973288218415;-0.245625922312661;-0.157183088655664;-1.63751182801846;0.805700171172323;-0.720107372228988;-2.77152632062709;-1.86143132169505;-1.13398370502338;-1.58195662664521;-1.11562859465906;-1.69608308385379;-1.51907459607725;-1.05308995414161;-1.03376384283914;-1.15936591842264;-1.50401962923252;-1.76901430793182;-0.564262361503331;-1.24932538217714;-1.30221134452171;-1.53546738383869
4950;-1.72690010498151;-1.27915260679842;-1.38905624121214;-0.963415982789519;-1.26630273179683;-1.48612468244916;-1.28817723416937;-1.48749784559363;-1.72658138948032;-0.247898716972705;-0.141105559210498;-1.60514585363054;0.795616347724282;-0.5896653608531;-2.68450804365141;-1.25205551646289;-1.10438383599247;-1.57071156058969;-1.08965708933276;-1.6401510351526;-1.47999434643652;-0.952405048277104;-1.00472604934912;-1.12964508662941;-1.48328777099856;-1.74096464846994;-0.515268302571017;-1.20755817798322;-1.34399423411264;-1.5039521999584
4975;-1.71410836647037;-1.26258711461707;-1.38190672496708;-0.925769538843987;-1.21341259976032;-1.48951205858359;-1.21455293776699;-1.44674334561873;-1.67191302669402;-0.241357118500632;-0.125380688248774;-1.58083473511398;0.779660879629235;-0.470769919163795;-2.5903278303985;-1.20611811301095;-1.07573213081814;-1.56070090633693;-1.06065087638594;-1.53947173275088;-1.43970161885101;-0.477126295526117;-0.978329395931953;-1.09814844777577;-1.45397641232078;-1.71379634996734;-0.519952473144645;-1.18094111963661;-1.36934159084666;-1.47260097122183
5000;-1.70573106411631;-1.23634466335722;-1.33167768646611;-0.887295371165638;-1.1596959930594;-1.49061915109149;-1.1021830299306;-1.4099580764107;-1.6211634804817;-0.203998892320967;-0.10971871659895;-1.56654335677792;0.758568743084603;-0.545751727789589;-2.49038158473877;-1.13691314742042;-1.04806828493321;-1.55262642988743;-1.02844535793851;-1.49530356044467;-1.39815010511526;-0.487731335726955;-0.956786489402687;-1.06509324260528;-1.41895219024103;-1.68668314783852;-0.517866543045345;-1.1608989633685;-1.24680735380043;-1.44263754295225
5025;-1.69903862721454;-1.19935563172677;-1.34167752839911;-0.847891932170802;-1.10548496639559;-0.793442358432569;-0.956709942334323;-1.3760115840375;-1.57976843749978;-0.115787601604532;-0.0938297215951481;-1.57769158353163;0.733074914287805;-0.552311732659712;-2.38606801391637;-1.13401226532171;-1.02143225484249;-1.54719021073051;-0.992875691035142;-1.47962922845182;-1.35529349702383;-0.512293032975075;-0.927577701202972;-1.03069671186151;-1.38108212515069;-1.65879958863841;-0.514648612726108;-1.1447051367756;-1.14301269350703;-1.41528544860001
5050;-1.6913014850603;-1.15054924045943;-1.28973624572339;-0.80745767427581;-1.05111211786582;-0.757866609164968;-0.794332449401256;-1.34377341456708;-1.55316375837043;0.00318512072061587;-0.0774237805714897;-1.61201591111876;0.703914676900629;-0.49790572226924;-2.2787849169215;-1.11293909356368;-0.995863202964702;-1.54509422091503;-0.953777032720539;-1.45672366402068;-1.30183725539969;-0.546654677676103;-0.88521086175718;-0.995176096288014;-1.34323207285664;-1.62931994422892;-0.510474894421305;-1.12963322164272;-1.19590628670259;-1.38838877286365
5075;-1.67979021002113;-1.08885575545187;-1.2534904926813;-0.765891049896994;-0.978417668534768;-0.798549837504768;-0.631249325554481;-1.3121131140674;-1.55070631363408;0.132436451837228;-0.0602109708621002;-1.56469129410524;0.671822417832268;-0.390054203465605;-2.16993009274436;-1.04539237082469;-0.971401096277841;-1.54511985004049;-0.873728100924202;-1.44438245392525;-1.30330534662239;-0.586659560235669;-0.878072068342844;-0.958748636628346;-1.30826903962216;-1.59741848647199;-0.50517479402053;-1.11295636686897;-1.1755216757193;-1.38315732988242
5100;-1.66177502392744;-1.01320512825029;-1.27099962849224;-0.723090945929306;-0.964122525361708;-0.722284709926896;-0.483659345217083;-1.27990055724001;-1.57352951408457;0.251483568928057;-0.0419013698011002;-1.57163414177043;0.637533387754829;-0.244178617470156;-2.06090134037513;-1.02266371474456;-0.948085630214721;-1.54520632378271;-0.774244007819874;-1.42032462243566;-1.29189591416239;-0.628150971059401;-0.895350695060978;-0.921631947490645;-1.27873019742524;-1.56226948722954;-0.498577790431758;-1.09194815182419;-1.11891213359459;-1.36718079949977
5125;-1.63452644776042;-0.732220405795466;-1.23455212092862;-0.678954959693074;-0.929932787693409;-0.754165106002606;-0.367761282812144;-1.2460046553665;-1.51271198730718;0.339843649175851;-0.0222052595692697;-1.61763768407497;0.601782562865734;-0.0789143335610083;-1.95309645880401;-1.00580319573056;-0.925956500208158;-1.54533328408306;-0.766814477453358;-1.40408407731676;-1.26952570506898;-0.666972200552927;-0.953362417407302;-0.884042525526455;-1.2539550619659;-1.52304721836349;-0.490513159035249;-1.06388200410512;-1.0850654016509;-1.3228176472867
5150;-1.43603798116872;-0.608098565879617;-1.23043170907979;-0.633381965237405;-0.911219183165099;-0.758661837386011;-0.299754299359349;-1.20929527197123;-1.51717936154636;0.377033869763366;-0.000832326021923224;-1.59750185999135;0.565304919362403;0.0871032789837228;-1.84791428100311;-0.993051023566063;-0.905053401690968;-1.54548483463629;-0.745377497351837;-1.32990191364476;-1.25780306106023;-0.698966267189849;-1.03720820414258;-0.846197979534538;-1.23566443127149;-1.4789264201581;-0.480810364917356;-1.01376942057927;-1.09395960264874;-1.30651416363681
5175;-1.52953367662279;-0.603760988354731;-1.18069818262902;-0.579500404423449;-0.893122082950394;-0.708550761440018;-0.608817330197191;-1.16864195312218;-1.49882434793778;-0.0132513543126112;0.0225071639756708;-1.55873379519263;0.528835433442258;0.235237521162858;-1.74675049081895;-0.983801130284222;-0.885416030095967;-1.54564507754432;-0.683333342667212;-1.31650374158543;-1.2055438901507;-0.719977135848746;-1.13137188449484;-0.808315550258452;-1.22026063434927;-1.41565954611143;-0.469298813967679;-0.989820199541577;-1.08480905913943;-1.29654928060321
5200;-1.56348692591396;-0.555386473149846;-1.16383179180412;-0.561255904006571;-0.876701037117471;-0.673804991938057;-1.07681026312725;-1.12291424488728;-1.43756719191472;-0.00891213506296358;0.0481031330893921;-1.50828302937589;0.493109081302717;0.346856141457764;-1.65100395442661;-0.970784154167077;-0.867596693989954;-1.54579811983899;-0.665201141711168;-1.30114493272261;-1.20125013598838;-0.725521769249901;-1.22033728769214;-0.770612478441755;-1.20668363235717;-1.40535074415417;-0.455807912075809;-0.961038246788375;-1.04552981891707;-1.26688218573864
5225;-1.55029950009948;-0.536374733383622;-1.19123517977856;-0.509308355307321;-0.867531840633024;-0.670322744006081;-1.05076254209819;-1.07098169333452;-1.43035873248873;0.04519080935956;0.0762455039851168;-1.45309910223818;0.458861171756653;0.403322168892697;-1.56207247081628;-0.955017233074726;-0.849189040511857;-1.54592806362971;-0.646006551968452;-1.28516439070329;-1.2121920390175;-0.712376268894423;-1.28858824296249;-0.733306004828006;-1.19387299360454;-1.39327254581545;-0.440167065131343;-0.957374276927506;-0.994358901246956;-1.23768950451865
5250;-1.51264410850581;-0.511440912230687;-1.15289584427957;-0.530456910236281;-0.835702037169498;-0.669116121799453;-1.01130502898818;-1.01171384453183;-1.37257848107448;-0.00460487142682104;0.107224199328724;-1.40013155347659;0.426825989966943;-0.126309705235897;-1.48135383897816;-0.936934781119097;-0.827422018127398;-1.5460190126112;-0.613229953740426;-1.24709165640196;-1.12590935492662;-0.701977014111238;-1.32060857953395;-0.696613370160764;-1.18076869221413;-1.34162165889651;-0.422205679023875;-0.9388440698057;-0.990195577718106;-1.22147797778043
5275;-1.50702182694281;-0.525991383150002;-1.12042210167925;-0.479548401253549;-0.819972359693241;-0.6532791891097;-0.996250213978906;-0.928046950843467;-1.36417364621901;-0.00357544959045482;0.146663251784441;-1.35633029178105;0.397738863200926;-0.268698961547094;-1.41024585790244;-0.916970656227905;-0.834421637113214;-1.54605507047821;-0.602751304442696;-1.21907419396601;-1.29681828162611;-0.695596506902327;-0.756035646738664;-0.660752168891358;-1.16631055918232;-1.36254848423481;-0.401753377174973;-0.921262063063233;-0.989386839712092;-1.183841202809
5300;-1.53350440640412;-0.512487343476896;-1.14302846005277;-0.487095105759466;-0.809121556589442;-0.626109172216383;-0.995361503943105;-0.902004152519971;-1.31118404497026;0.00194521382049111;0.173692552585468;-1.32864392297662;0.372334767656023;-0.25529668864529;-1.35014632657932;-0.895559251528627;-0.791005800911022;-1.13723671967591;-0.534236255615871;-1.19967043006143;-1.55082092701294;-0.67000331039364;-0.721419664347415;-0.625938922779333;-1.1494384255055;-1.33270638528702;-0.378639157878326;-0.878112600097941;-0.963349542416636;-1.16034086066127
5325;-1.50928524445211;-0.453166104373535;-1.18818704980661;-0.458757399280479;-0.756810210724703;-0.574271566056546;-0.982676949453094;-0.902029352661844;-1.34220950243938;0.011425739640352;0.196089868544097;-1.32400112743889;0.351348679529652;-0.241144227741407;-1.30245345420911;-0.873134790190934;-0.747995218846977;-1.08332099078945;-0.516000342430787;-1.20790631267853;-1.54594082696795;-0.657061240684376;-0.710112861308219;-0.592391235672256;-1.12762226542009;-1.28344716398541;-0.352692618793269;-0.839715988894774;-0.905248966221529;-1.12442595445922
5350;-1.49627208644159;-0.443086037053532;-1.24758318054754;-0.482819248951429;-0.715541863377672;-0.578834903882396;-0.933583764870709;-0.910112033658;-1.31169018596123;0.0249591583591519;0.221345524669614;-1.34177451541117;0.335515575019238;-0.240734171175044;-1.26856407434395;-0.850131495384494;-0.72497096176902;-1.06571325300837;-0.493620598105783;-1.24372539706391;-1.53515128557488;-0.65361499250992;-0.710793673833946;-0.560326348313685;-1.1106357585521;-1.27213318521626;-0.323743165809393;-0.80274296958427;-0.819502869399836;-1.08913337705418
5375;-1.52495967876903;-0.421604364727875;-1.31290083682469;-0.480195656013378;-0.716147969802086;-0.586125973294516;-0.910236521102834;-0.872299168910593;-1.15758215019014;0.0426389262387898;0.163119282511372;-1.35735938775747;0.325570430322199;-0.247520070109994;-1.2498765272251;-0.826983590278974;-0.671416227944054;-1.04060383292147;-0.499087622608443;-1.29824832389155;-1.51742127412092;-0.648692239324845;-0.71327518195442;-0.529961501447181;-1.13804255010182;-1.23813509064513;-0.291620204816298;-0.767083532878779;-0.71611741741543;-1.10209469793629
5400;-1.47963349957172;-0.377674790907849;-1.37582435584474;-0.499600174986882;-0.719879942693156;-0.63695508238245;-0.915712026284343;-0.803448582971164;-1.25383469724551;0.0645581147624243;0.215020264244011;-1.34122100895106;0.322413825458875;-0.244639736513394;-1.24775999348249;-0.804125298044043;-0.700718174063216;-0.992261097239286;-0.499854448368199;-1.36305518159046;-1.49172006417818;-0.619053043228258;-0.671241193522057;-0.501513935816301;-1.10944572378199;-1.2164203979674;-0.256153141703576;-0.734215186307869;-0.605099890641588;-1.09727813947853
5425;-1.42707100896685;-0.389300201755252;-1.42803807481435;-0.439264177882059;-0.692141937823333;-0.665692702594593;-0.90498615524426;-0.806665584880438;-1.35142785011681;0.0908099103190136;0.236200918909009;-1.33430578436589;0.380989667236653;-0.206483753116665;-1.24618075818048;-0.78199084184937;-0.676599547125677;-1.007325033758;-0.436853669143361;-1.42972541067866;-1.45701612163684;-0.623256750157155;-0.722456336018621;-0.475200892164604;-1.10366241212515;-1.17349785312592;-0.212326372016841;-0.705615697110103;-0.496454150969187;-1.04432727143207
5450;-1.4435429425041;-0.343023428865307;-1.4612263309402;-0.42401407526382;-0.700726936001548;-0.680877612286408;-0.855950270597042;-0.79864846203282;-1.17888778551985;0.121487499297515;0.278515459700702;-1.32426843929385;0.38405644739945;-0.232466322442847;-1.24203839898355;-0.761014647374764;-0.691416111958476;-0.982874050824874;-0.436440733538853;-1.48984050305658;-1.41227863320571;-0.561301286182979;-0.702537103384253;-0.451239838347466;-1.10069849247265;-1.08871142902556;-0.0841878449299848;-0.682761988553747;-0.400187452472037;-1.08519043985682
5475;-1.44022642225591;-0.284587492659855;-1.36386456937948;-0.389334061558345;-0.737350604109633;-0.735779314241215;-0.858762414873751;-0.801577691498123;-1.1686606173429;0.208064294299629;0.309899419386783;-1.31796495339535;0.435152618526919;-0.234680677905105;-1.25159557606858;-0.741630514677139;-0.663424701015949;-0.94548934056128;-0.455674175342261;-1.53497987578515;-1.356476570172;-0.578079941315503;-0.70613859967156;-0.429847534110723;-1.03993633292671;-1.07649541907956;-0.150878005692795;-0.667131877946793;-0.32630596061401;-1.11024195183736
5500;-1.42943173009531;-0.254133262419272;-0.925937399459985;-0.402147674135497;-0.740142275996823;-0.746595234228339;-0.870415680468256;-0.805892666616307;-1.17767844221399;0.251059287306522;0.322617317754922;-1.30938955927495;0.364056154641235;-0.227452659741129;-1.26613877016746;-0.724272883186891;-0.633513917790553;-0.926010068951467;-0.459269276119413;-1.55672361729339;-1.13572621829071;-0.570641518526772;-0.657928851043088;-0.411241471911605;-0.993315481033046;-1.079478818583;-0.175141659313039;-0.660202872818814;-0.28481584085898;-1.10675978124495
5525;-1.413439025106;-0.261558648723029;-0.893731002747232;-0.374895018215593;-0.777315523673179;-0.805635005472091;-0.841016212518587;-0.789320683628953;-1.19029923244092;0.250577443384514;0.352094519968265;-1.27137103359605;0.41697288175952;-0.19891601678139;-1.32047580203264;-0.709375976073688;-0.459934215577703;-0.900197168650135;-0.491565451840397;-0.993456002320592;-0.963551227815505;-0.579984858932805;-0.648033568067424;-0.39563889249367;-0.946394392739014;-1.07776487388429;-0.152203865787009;-0.70701241155369;-0.528994961113421;-1.10099015763278
5550;-1.39426597837407;-0.269391442216424;-0.990864546445908;-0.386855741967587;-0.786423538592231;-0.812315898983549;-0.819386911241158;-0.778831962445571;-1.15181862676027;0.303766599888547;0.367160045036571;-1.26323317639406;0.37129591673872;-0.157381381240516;-1.33302384719747;-0.6973740165072;-0.526272427795389;-0.865256288685543;-0.485018674854981;-1.08850737334754;-0.947846691123143;-0.625703122560043;-0.637964915199807;-0.383257036600476;-0.901313363615778;-1.07473492796985;-0.145031670956689;-0.707784754454112;-0.74545305324424;-1.09372818006685
5575;-1.37393026098559;-0.267751897929951;-1.17088419122945;-0.38900224510148;-0.72743181724693;-0.789311330259763;-0.844568501555781;-0.768531204464266;-1.16395373798328;0.316597326970253;0.356599899813854;-1.26145609048156;0.39052696724859;-0.170357285418859;-1.34894550617837;-0.688701227657093;-0.654200975165235;-0.896233722943707;-0.539236634318239;-1.11094113995135;-0.935317185382074;-0.635279389808972;-0.624273873819168;-0.374313144975583;-0.860211335397221;-1.07090577184914;-0.137009008795649;-0.705632407391548;-0.704175759646901;-1.08576892688021
5600;-1.35444972781869;-0.265229109228832;-1.41582064380701;-0.380369679299184;-0.746923693482698;-0.80291671272553;-0.86605691159089;-0.779542326798169;-1.23870059285104;0.326397356431209;0.360277731990362;-1.25473047990859;0.389250017127333;-0.127965768557074;-1.37770889907781;-0.683791832693037;-0.815952468148511;-0.85017506738018;-0.579386300411733;-1.02525758907904;-0.937438594378639;-0.663091728671331;-0.558392188316694;-0.369024458362548;-0.825228632747618;-1.06679419653157;-0.129496914900083;-0.660564026973374;-0.697339904385883;-1.07790747640587
5625;-1.3378416435635;-0.262041203006301;-1.6779635877662;-0.361909664411309;-0.744239291657755;-0.784209089593957;-0.866336785658742;-0.783508107951437;-1.21251074948283;0.332541881589599;0.362261117681294;-1.23409262852258;0.399019505261504;-0.122235235420578;-1.38200832851631;-0.682572365208648;-0.983755709875019;-0.832479555207605;-0.598736157177499;-1.11226422717399;-0.931725721693004;-0.657198187113955;-0.603993375823164;-0.367088270258213;-0.798505116789044;-1.06291699302659;-0.121752752321579;-0.698413068207564;-0.707845807451666;-1.07093890697688
5650;-1.32612388173491;-0.258541171862131;-1.90960270669465;-0.346899000921609;-0.771181464588673;-0.795524680831227;-0.857104319533977;-0.768826357357593;-1.21293366496865;0.390636865638489;0.375627074742755;-1.22480241001543;0.357696656455595;-0.0948735886588334;-1.41538681406438;-0.661581702226437;-1.12984052101498;-0.843986576725399;-0.61374834452111;-1.13066480411911;-0.908298261255049;-0.64410012382929;-0.533589546999217;-0.380221274936747;-0.782180648643569;-1.05979095234363;-0.11303397864175;-0.676072250462483;-0.706804699901035;-1.06565829692627
5675;-1.32131411341901;-0.255082008396097;-2.06302768417999;-0.349081325576529;-0.757178857892975;-0.797256880240054;-0.854041497883745;-0.764636566940666;-1.2082811034987;0.436085508574888;0.382800259459198;-1.20974628495198;0.375945883904743;-0.0699382491542635;-1.45166185945567;-0.654936696066781;-1.22643672223862;-0.850048398712168;-0.625527435675706;-1.13117240547496;-0.888853792161398;-0.625970419372065;-0.507539468646364;-0.368459339222927;-0.808913831493691;-1.05793286549211;-0.102597788737049;-0.632712317493709;-0.665065233957002;-1.06286073749648
5700;-1.33561255674334;-0.252016705207971;-2.02254297322645;-0.350663703912895;-0.730260353215192;-0.780149858266209;-0.844461916795415;-0.750318527711232;-1.22215168073155;0.437819597917187;0.401333376192065;-1.20846457440842;0.401438449245079;-0.074528498016178;-1.43079498929166;-0.627610476160195;-1.09411298074855;-0.808252146578331;-0.635177542896256;-1.12347564411264;-0.91455505612216;-0.604982171215134;-0.468255030332676;-0.360928274178237;-1.02780365021227;-1.05939614000493;-0.0897016267299559;-0.656355677557597;-0.645173383198675;-1.06594349299587
5725;-1.30977433151997;-0.249698273169719;-1.23130607256613;-0.30790423038112;-0.71143733215242;-0.722292123296922;-0.839834912986085;-0.720123228708327;-1.2212143177291;0.444798024999381;0.404522052949436;-1.20130575534471;0.415076515999724;-0.0502927378454884;-1.41966161210517;-0.638984073222979;-0.479821643040687;-0.782379582731618;-0.643802948394766;-1.08093298945662;-0.888434750412391;-0.583307822071789;-0.465522688701852;-0.353763910603707;-1.03362853803253;-1.052612214507;-0.0736028556720633;-0.633624841849023;-0.641382233573597;-1.07780357629513
5750;-1.32104023660166;-0.248479655574352;-0.850421866863748;-0.292706944464494;-0.683902285262305;-0.705726781352684;-0.818808918981448;-0.733903728632052;-1.19652056267483;0.449550829184088;0.406747281888832;-1.19278006879108;0.429932439204455;-0.0181337998990018;-1.41231320353087;-0.625825403194444;-0.609140301924299;-0.765139871293643;-0.652507934383239;-1.08269803701823;-0.862231401275755;-0.563120451692989;-0.46603657722696;-0.356037289550611;-1.05624469320721;-1.04723272233786;-0.0535588386149605;-0.618877683200825;-0.600746756715572;-1.09356116344057
5775;-1.295306903284;-0.260288781805811;-0.82385480218498;-0.276769200028608;-0.665335092197826;-0.639903134021065;-0.810533943371578;-0.689446778953834;-1.20436215372242;0.490555461035829;0.403718969354685;-1.21013360386684;0.410620961207425;-0.0232308756777519;-1.39979604787798;-0.62010801679468;-0.592732555016072;-0.730203847057697;-0.662396783073677;-1.07728665111705;-0.8768957338033;-0.546592940633465;-0.469855506689517;-0.358425690649031;-1.05734900388714;-1.04618614803616;-0.026415722137971;-0.646220717184733;-0.593400820966181;-1.07453734573848
5800;-1.27088730094919;-0.262210978695293;-0.820342477875169;-0.23828603793439;-0.67176613958375;-0.723349601906516;-0.827036181988132;-0.674754459893701;-1.14250229164088;0.492555013019697;0.414705370425645;-1.20099630763172;0.419933298904904;-0.0364651607805326;-1.40126208717073;-0.628881330581052;-0.589102107312441;-0.877006815631027;-0.674573776678085;-1.0577464264;-0.860811023531137;-0.535898169447938;-0.494494519776183;-0.349574329862621;-1.03622134908134;-1.04499085355231;0.0403705050719062;-0.617296326234376;-0.58435508176756;-1.06171272758
5825;-1.26483000173823;-0.27168453732063;-0.827078958790356;-0.257808245905401;-0.623033959329799;-0.708878314534715;-0.829097311668394;-0.68308066365711;-1.128311629266;0.49516957348513;0.421896044880538;-1.20284906548977;0.378866581229001;0.0165748028969266;-1.39213032499822;-0.622231177389898;-0.612164247085669;-0.748362266565028;-0.690478409832944;-1.05965118410229;-0.848569081818932;-0.571996318492025;-0.421909054934479;-0.335604159055537;-1.06128697672119;-1.04583772542065;0.0110149776047689;-0.600531461473859;-0.54137475261514;-1.05358971540634
5850;-1.28140243057046;-0.273859508750564;-0.847690090862165;-0.253258278565817;-0.59700142918984;-0.66831583942795;-0.778789795357816;-0.673048717541655;-1.12216265523227;0.510990341706585;0.427646945362563;-1.19708293968687;0.370190026422641;0.00704915939507571;-1.37430804685982;-0.625230885691821;-0.560921632927569;-0.719201635561094;-0.710969659773482;-1.02499369042934;-0.862733610829401;-0.888720072311;-0.363584753022498;-0.331804955737538;-1.04083581416378;-1.03604244014527;0.0298983974713057;-0.580839501238952;-0.529145058597767;-1.05461197450291
5875;-1.29108482007016;-0.267682490436022;-0.84334912928855;-0.233589969780057;-0.578147287172493;-0.690135358686207;-0.729708196898404;-0.635513734100191;-1.13619958818176;0.530337121148315;0.449824118771497;-1.17329972683904;0.425658379876356;0.00567534058514645;-1.34917378082914;-0.614913209266366;-0.544167842393294;-0.692394441974433;-0.716661560424586;-1.05486691204001;-0.894005388947295;-0.865404902193242;-0.385973989065342;-0.318513445371413;-1.03260568235183;-1.03547571602427;0.0193206317865345;-0.598233179863052;-0.504330550165075;-1.02989177195266
5900;-1.26713623683428;-0.248211386405164;-0.86144351980538;-0.21613063589197;-0.522282465829745;-0.638240280963866;-0.710596868793927;-0.629462256840074;-1.06089559787143;0.514896909630832;0.449619129604034;-1.16105593554151;0.414680444201639;0.0372456030134356;-1.31810525755546;-0.580853369454011;-0.53808506668817;-0.667844751954281;-0.701291540333301;-1.00420705329074;-0.943879282948167;-0.916886897075674;-0.386992480289772;-0.30398049813448;-1.03791823801561;-1.01228932397923;0.0238335172442266;-0.645554063656356;-0.494348006735525;-1.01628327946798
5925;-1.22780820549351;-0.231784029403546;-0.839385165456521;-0.184522155424552;-0.503483184359533;-0.661527313467181;-0.713042155657259;-0.638154729490066;-1.035743040294;0.493910389521118;0.436433160856578;-1.16024805918767;0.45770122707298;0.0460612158067959;-1.28248093888612;-0.585995069706234;-0.532040313760739;-0.645465023214979;-0.66191890706192;-0.991756987866779;-0.97812065652485;-0.929702123803815;-0.386967054457804;-0.301431708582884;-1.02877903551888;-1.00424692006321;0.0308362860992951;-0.652985149117049;-0.496835335269237;-0.998450349159704
5950;-1.21654912628787;-0.235436934119511;-0.837271919967753;-0.235206110580871;-0.506285146427927;-0.664619675325388;-0.725791141582094;-0.585939826231004;-1.06141661686122;0.514102598178673;0.464375457392864;-1.17448775754565;0.417472649543238;0.0647969643779814;-1.24367906960499;-0.590951697766651;-0.504741857400027;-0.625167433836969;-0.691657284305919;-0.994346128629665;-0.980126598647499;-0.940242036684305;-0.386911904167611;-0.30184987752562;-1.00604549965258;-1.00261819507318;0.0421658958867351;-0.622807397097441;-0.500520310897691;-0.971233400036196
5975;-1.19742148823969;-0.236064923716758;-0.851424455765108;-0.196194059678159;-0.474769433963638;-0.665913761192532;-0.722538668688109;-0.59522613458711;-1.05499483843621;0.531572243711225;0.493142632091034;-1.17667773028;0.477882356810815;0.0837290835371936;-1.20307789449593;-0.557018165486871;-0.444392611633124;-0.606864161900697;-0.660701142355347;-0.971544442185621;-0.963595006982537;-0.870265046563282;-0.386817306083025;-0.313522938245407;-0.991305602465492;-1.00405100959132;0.0552507074192058;-0.663273570147743;-0.482565891013839;-0.950430549080165
6000;-1.18163990090767;-0.224606376171388;-0.862708357686127;-0.199029698372427;-0.459130968908853;-0.636762046249104;-0.718276859942836;-0.598719459278828;-1.00259434798052;0.550278465761047;0.495962021507425;-1.14653515713807;0.490786005735095;0.0573223904694076;-1.15183622083341;-0.541854030563492;-0.422582911054702;-0.590467385486605;-0.639378562646107;-0.966973734020737;-1.00899729968386;-0.865211927689739;-0.386673538583697;-0.28632602220883;-0.988720227902436;-0.97170382537376;0.0605233286806451;-0.690882614069408;-0.466981908211464;-0.945642174639758
6025;-1.19128243821942;-0.200709408939958;-0.867427554793727;-0.179162314691076;-0.409122521900552;-0.585128361127511;-0.712676875447196;-0.595756100124958;-0.994190184076126;0.542444112674518;0.508229616926158;-1.08510385512855;0.296843628433645;0.0529138566810583;-1.12402318994764;-0.561249410007164;-0.422428390413366;-0.575889282675135;-0.605567160853967;-0.979056126082354;-1.05352176917068;-0.839808951913526;-0.386470875539336;-0.270021773064621;-0.983975743670175;-0.940194828835511;0.0513149219044918;-0.683522478042971;-0.46454271481659;-0.922203615118705
6050;-1.2142280018632;-0.199839948727283;-0.850558465012989;-0.169654855635391;-0.396435504722706;-0.664028593368626;-0.68148914479574;-0.584875649271066;-1.0604581209199;0.572240502397184;0.506913956361082;-1.08862944181776;0.276528904168063;0.0811247539468818;-1.14683626343362;-0.56180766916643;-0.409304658337056;-0.563042031546732;-0.648152807043356;-0.949970534128163;-1.06325891400495;-0.82998230794579;-0.386199594789308;-0.20857402997142;-0.951200115843784;-0.94176815405277;0.0870145260603426;-0.685412755844142;-0.429376536545218;-0.906096167089429
6075;-1.19247132225379;-0.180759179531962;-0.833146426268965;-0.107093651797586;-0.389436680801766;-0.62388405239328;-0.674772163469495;-0.584559359626845;-1.04679111562245;0.612294996467991;0.523497192126117;-1.10772466333726;0.503963428796084;0.0924446389014757;-1.14138011519773;-0.528151020696123;-0.411631143517113;-0.55183791429339;-0.586092149337825;-0.953930702236661;-1.10823704726745;-0.753731421636151;-0.385849972997447;-0.219223308031043;-0.950470025417506;-0.949744442139778;0.0962411244584141;-0.715898099833854;-0.42456060156059;-0.839198702544461
6100;-1.14128487583671;-0.154764743294324;-0.817831220108529;-0.147816090931646;-0.38610600630291;-0.619453740573467;-0.627769746534475;-0.579185517322931;-1.00519613920581;0.609593275986376;0.511094242669691;-1.08055452031485;0.484165192832105;0.110335646004534;-1.07390048063847;-0.535199710307683;-0.400342576851054;-0.542188885660684;-0.53932589948097;-0.935504515710058;-1.07453547489943;-0.722915839977491;-0.286185720407592;-0.244507945648687;-0.946223447298373;-0.970541766962011;0.0676751531803025;-0.703936157507586;-0.434399233941849;-0.841883310868683
6125;-1.11808763597955;-0.15372937302952;-0.806784010967016;-0.142387780020669;-0.381809388074397;-0.581740149170109;-0.589739464058557;-0.580708314447326;-0.985875553259471;0.631205402400074;0.52585053069284;-1.0814570981645;0.46497763198861;0.106348637399066;-1.0681198915612;-0.534302501772491;-0.388343818822973;-0.534007243830522;-0.519935717674041;-0.922873721758606;-1.05160846498742;-0.734302175286153;-0.273173248341903;-0.257579852605221;-0.93070650584768;-1.0031330898184;0.0953119374486836;-0.701502345432096;-0.418130345294023;-0.812957252011946
6150;-1.10114551411842;-0.119529780207003;-0.830879036576415;-0.112909473288994;-0.331180373813859;-0.558474127988175;-0.638339931823474;-0.629041496104177;-0.902138076263506;0.57336590344904;0.543191496573485;-1.07224682534846;0.568832444218089;0.104826181585994;-1.06759223327942;-0.539378103605005;-0.371117965507215;-0.527205166883348;-0.509428629834399;-0.928254302696666;-1.05956341845465;-0.691505611275824;-0.286794336914297;-0.22920394896454;-0.94022933779066;-1.02177939303236;0.0683684796301377;-0.698463960913153;-0.376833442378638;-0.786030214724789
6175;-1.07854616355892;-0.106917424391499;-0.788658792943694;-0.07516419272697;-0.315304696696242;-0.530073454684652;-0.645379288745174;-0.618706623491849;-0.889630050116944;0.600784038948183;0.512096445940231;-1.04459921144022;0.549519472386303;0.100731247930939;-1.04871991926503;-0.595105226990662;-0.419133939631092;-0.521694832899604;-0.479710170334584;-0.91195812777451;-1.07731765374322;-0.700596497987167;-0.263562411226484;-0.191791198549735;-0.922172690108179;-1.01507545057753;0.102450698375032;-0.648583530424005;-0.384201595951562;-0.777462995366592
6200;-1.04717381170625;-0.0920342194282268;-0.763731708599968;-0.0541782242097049;-0.314070920957484;-0.542209530133984;-0.627437481498182;-0.622277883266935;-0.836107177261614;0.588149971782509;0.373472996146858;-1.03246645494707;0.610132135808865;0.097754652550611;-1.02469659880928;-0.594797453641358;-0.417766220695485;-0.517388419959733;-0.492816306484673;-0.857541025633106;-1.11804782306354;-0.677916940106463;-0.24352800030567;-0.180378530946204;-0.921043583873965;-1.03157236350531;0.116641451586688;-0.644197270315362;-0.385598339481784;-0.760352817340734
6225;-1.02283910603766;-0.0914223749511748;-0.762066996871175;-0.0172946891419792;-0.304741556185331;-0.546775118330265;-0.628954093558326;-0.687610134694089;-0.848730069288237;0.639252295688827;0.170421757987176;-1.01389415396372;0.621000243737208;0.104185413099085;-0.986519614637027;-0.606406070927098;-0.414953934170181;-0.51419810614418;-0.464035879535734;-0.857747786435598;-1.11680558678115;-0.670881697211937;-0.203511238549436;-0.194637519455462;-0.880241926648129;-1.04936562857285;0.0618594659747512;-0.6379169082578;-0.37867447677202;-0.72640019799878
6250;-1.03692613084781;-0.0996399545997681;-0.765289977686324;-0.0192151564489094;-0.281473458482181;-0.495282005910284;-0.640569393124785;-0.788947178161263;-0.822522738492381;0.630852313026074;-0.0478885044690927;-0.998326904990007;0.675584590784285;0.0975019766911416;-0.967645128433922;-0.633771820660369;-0.449737828403555;-0.512036086303811;-0.475606925832921;-0.876160369210524;-1.06175770056414;-0.6567872185093;-0.187581166564474;-0.196135691164975;-0.857395455052912;-1.05956787056532;0.0681556609747477;-0.608741094408542;-0.420305580324671;-0.713123291520324
6275;-1.03421957478706;-0.0892060150953765;-0.753975974356741;0.0131764511140617;-0.262122875224471;-0.457515960036117;-0.609794207434742;-0.737970931944189;-0.794690412165623;0.64493736672496;-0.232282766475024;-1.00144111993197;0.628416581549312;0.105209823303988;-0.959024240718275;-0.647744923188697;-0.478827124443919;-0.510814496013491;-0.4285730997804;-0.849272591969203;-1.04913608448463;-0.608433876306849;-0.167809687398315;-0.183118064729017;-0.852692592583172;-1.07511040924669;0.0734455978028067;-0.577965357230008;-0.406440927140444;-0.69259711847535
6300;-1.01482547879942;-0.0765956568631233;-0.772020346099472;0.000872144719871359;-0.24068368452274;-0.414766526189799;-0.6005223247281;-0.723859793017812;-0.797494309929286;0.642350844607174;-0.333587793477027;-0.995511229690987;0.68094095738258;0.0771801164187301;-0.941010015397732;-0.651317131398428;-0.466183817135168;-0.510506890949297;-0.429273990755315;-0.795419943828284;-1.0407891348093;-0.607474032238027;-0.169743317797837;-0.184585005102265;-0.833017674705484;-1.04622765663986;0.0979076996843576;-0.607617947228244;-0.38888842203211;-0.674482885295459
6325;-1.034628637824;-0.0251242657979615;-0.762986398749091;0.00919355177920207;-0.217805525483379;-0.39769845540899;-0.563845861393216;-0.728599939876446;-0.782118204782954;0.632852751307052;0.217998810308362;-1.00664574566356;0.671086734236926;0.118343906604058;-0.937887931420727;-0.6815461123856;-0.447242830386956;-0.526066858476444;-0.421405025361158;-0.801602409275124;-1.05982385892791;-0.603961128795518;-0.124642662591428;-0.164201694265468;-0.837838154922039;-1.03723717796599;0.0537882752305235;-0.568656980486468;-0.383363783829934;-0.660544871552896
6350;-1.03123098260789;-0.0225121396586793;-0.738193995042827;-0.0239340064032132;-0.192139234821741;-0.35686434587264;-0.588862367947127;-0.711099573380426;-0.787277953620782;0.588946487496374;0.591735667815568;-0.997063854894065;0.719634280990678;0.0989243646992653;-0.947702886097494;-0.702844067463602;-0.40594941532581;-0.497007935263373;-0.428232908684843;-0.800142263579895;-1.06473800036806;-0.540679617432229;-0.13251681308208;-0.120796459289136;-0.852714402572119;-1.05054925229366;0.0748174483943388;-0.588971083066122;-0.385667395956622;-0.631688064888616
6375;-0.978916281392107;-0.0275810094597758;-0.745697034199786;-0.0143415223822916;-0.163793739613905;-0.325304070011906;-0.637740285446983;-0.721202263691945;-0.771397766885752;0.68334755493788;0.602796369778409;-0.978017908500756;0.684337600146461;0.0916009470926161;-0.932397271256609;-0.719995446350397;-0.389004731314387;-0.504786528397348;-0.395182458367421;-0.807497611952029;-1.01162769507038;-0.524644480410336;-0.124855663949967;-0.110088179981772;-0.820576503833785;-1.05610422327948;0.0537331230408221;-0.573671258197798;-0.388678956246936;-0.600311655222627
6400;-1.02340918255944;-0.00351412818051169;-0.724883914858372;0.00735229892014595;-0.165260611740002;-0.267074024492004;-0.625845238209162;-0.724404344963536;-0.745641779872632;0.740790576723126;0.614660576084369;-1.01578984924328;0.702043568043343;0.0692067607661775;-0.928379784939457;-0.740276721960551;-0.401377256989108;-0.486653418528311;-0.384444265210276;-0.837748507718189;-0.942886278229335;-0.500797796861909;-0.0937312106701527;-0.103218224542132;-0.813188606049345;-1.03674117335284;0.0991290598740021;-0.594045798317543;-0.393779207719564;-0.595792305741129
6425;-1.00129747222663;0.0142044351435614;-0.726024104373839;-0.00158797288840655;-0.152717222964782;-0.262325220959702;-0.634289769014679;-0.730146235913559;-0.735065367324957;0.678288112786558;0.611718644537707;-1.03437260854944;0.682501680150017;0.00499596321610078;-0.92761390332954;-0.764053523307448;-0.415988210799341;-0.480654022482672;-0.3511711817779;-0.789643142500335;-0.914566469552552;-0.48623541342134;-0.0759155438527455;-0.0728200354318874;-0.807680268781512;-1.01049964073606;0.0800779807447272;-0.598730955272634;-0.434736125174781;-0.566233152522121
6450;-0.981408275904237;0.0172783154034873;-0.720412857014692;0.0279871014093218;-0.144345773516721;-0.241837266059106;-0.661410460349805;-0.712937841683633;-0.717638669843849;0.695317926758746;0.639484819053435;-0.94323009396796;0.657893382733767;-0.0822536707920638;-0.906644296801315;-0.731752166345987;-0.422991553666752;-0.486166991529729;-0.357049881088387;-0.793165025431869;-0.91547350042097;-0.5034560464991;-0.0225769223770158;-0.0360008737059628;-0.800091244882698;-0.989960555060438;0.160146551955338;-0.604221185033968;-0.445193413940903;-0.566761062872737
6475;-0.957967930140769;0.0225029151029269;-0.707252474677599;0.0516381728731683;-0.0909598558913437;-0.21699988749096;-0.681652046240448;-0.677115548631619;-0.710403899698776;0.802119724659928;0.65844658300497;-0.945595332297486;0.592106300143773;-0.1726931661501;-0.873953977625596;-0.725771163981627;-0.360916199640151;-0.507875628912984;-0.30099772074628;-0.791505709380515;-0.930796471687227;-0.4546493627665;-0.0424322239045518;-0.00832927860331538;-0.776104186225281;-0.980672247357613;0.835335509736699;-0.629249029957038;-0.445880684740679;-0.54601523342161
6500;-0.925962417680359;0.0497138851871462;-0.693184280020307;0.0471343406016369;-0.0586640910755033;-0.166265800989328;-0.711557084071449;-0.644290456788878;-0.731409575166478;0.732952044591008;0.665075505346952;-0.935782407654345;0.517206942698939;-0.246474008474068;-0.866515766575761;-0.721035937579669;-0.320215249022987;-0.531896526730289;-0.253610415392409;-0.79872329750711;-0.901816808327347;-0.419593405024357;-0.102146938886246;0.015473883981524;-0.764314329839761;-0.968399674030295;0.124916115263429;-0.647179727442117;-0.465987470781206;-0.518965884424699
6525;-0.906900184566638;0.0556039199842456;-0.690583603451326;0.0466407482965158;-0.0596894500312132;-0.189375512342396;-0.721586716049887;-0.638018570506034;-0.74186180004036;0.734205854472133;0.672092164937287;-0.956208755218647;0.435566849706372;-0.283747683380028;-0.849616555336536;-0.695954608831744;-0.29016481333321;-0.524972495956074;-0.286053156540516;-0.789910500915001;-0.875653754359309;-0.400020037066571;-0.0661554553222594;0.0392414601612594;-0.760816018724516;-0.928786706536025;0.138524492257383;-0.643364213291394;-0.455372817706182;-0.508321639499223
6550;-0.913619242314282;0.0581235949132129;-0.702873874541228;0.0857628197139068;-0.00876852114124773;-0.181935049608376;-0.713871711167593;-0.579612074453241;-0.717003655937871;0.725971583541605;0.689552386389904;-0.918955732261777;0.383858922983521;0.143582966248272;-0.820147972829868;-0.655608407178885;-0.245461569062856;-0.508073479084478;-0.238416804731551;-0.805906087506827;-0.908928251041219;-0.436748984323958;-0.0323838805852825;0.0670340305974801;-0.77258555548152;-0.922151809571054;0.121007123202462;-0.695230801870009;-0.44592413062209;-0.510433066680136
6575;-0.898841739742903;0.107148399238346;-0.658889189555654;0.0562225051027378;-0.0147966440740749;-0.171514737805587;-0.710983310250809;-0.578924570734231;-0.686300639795473;0.741592164434369;0.698767715326901;-0.906658925758104;0.400373007237061;0.228572149283833;-0.785932330230449;-0.63562795568406;-0.225365660382707;-0.493332101585595;-0.245051646357978;-0.795431893413716;-0.911588587756607;-0.446448859931601;-0.0437403407238188;0.0896828446325952;-0.76319950083345;-0.928760355963807;0.139319678272165;-0.679544551725993;-0.46032588540679;-0.512034361148702
6600;-0.898773377938863;0.129261938628386;-0.6362035579853;0.113332365839561;-0.0144848306348683;-0.182515658018373;-0.717681788111876;-0.538642729908364;-0.685054846634223;0.774040659569223;0.772729500799235;-0.921529704730948;0.398951089639132;0.227479270312142;-0.766992994374331;-0.60086941692083;-0.21474528749013;-0.489063295456898;-0.183924305528715;-0.803638484512318;-0.924269843218156;-0.367354565550384;-0.018408159807936;0.117142767681407;-0.732154731603777;-0.955695967977653;0.125401376506986;-0.701337735830866;-0.456156796427804;-0.491468260932098
6625;-0.88765947273306;0.177920923745415;-0.64360244454519;0.140261451992782;-0.000181634058908386;-0.165962895380531;-0.723835056551283;-0.463124312213548;-0.691107801514366;0.799408905026195;0.790220056968072;-0.887808781615456;0.338375397201521;0.275733393067131;-0.773371972023554;-0.571896043861883;-0.171800276642361;-0.513021253700656;-0.155634395377238;-0.794365554160705;-0.939467878665872;-0.369035069381954;0.0357055390053371;0.137724784026048;-0.739451146434027;-0.958657498307678;0.186708166747982;-0.657928431657812;-0.463782912258946;-0.47678435166178
6650;-0.868524306601664;0.140823271542658;-0.656678875871055;0.142024926344697;0.0285608727664407;-0.149338663208584;-0.709006080402307;-0.461513759197843;-0.667003132901578;0.827988024326257;0.752129479506045;-0.867399710137459;0.348104397096431;0.260404371420847;-0.7521087561006;-0.52332343212303;-0.155053968286531;-0.469359703540475;-0.197399751418414;-0.780123848376511;-0.969505357779972;-0.34998838623931;-0.0632526517840992;0.164713220505056;-0.701987192784282;-0.899058510604495;0.184820722620573;-0.674754526412388;-0.46494266199831;-0.440194480175626
6675;-0.832919355143159;0.18965316317819;-0.61427447102018;0.171678927406298;0.0687829129625813;-0.184446859725945;-0.680352689644296;-0.431886067350168;-0.626356381964477;0.857105811398582;0.768685236972832;-0.865484077001614;0.289686393060151;0.269490629343443;-0.728572451845898;-0.517254824799898;-0.141479950293015;-0.438201407599562;-0.168832332841941;-0.799404377109893;-0.963488924807212;-0.354779670337266;-0.0425322858320929;0.171887927554303;-0.694809256727823;-0.847080088709622;0.221023787241938;-0.652217003102198;-0.375096567381311;-0.461399264119276
6700;-0.837933232783897;0.234488705763099;-0.596026754838313;0.182986454623852;0.065941073159634;-0.1584016949784;-0.690170757205243;-0.424545321042421;-0.672123189648128;0.851057340892852;0.744112146100369;-0.873425234245255;0.306657664330288;0.303222412736398;-0.693320354993038;-0.500542127842601;-0.120617416597888;-0.403056741110979;-0.156954972360178;-0.75381141170238;-0.985062366427324;-0.35403582660361;-0.0155749938577856;0.202026819577106;-0.685421302865;-0.863455807119425;0.206753329868255;-0.670743747236241;-0.384380353465352;-0.46235600270879
6725;-0.828889850631197;0.244299518256949;-0.591922367929755;0.224008789946047;0.0849340361126952;-0.127024301973983;-0.699803181599394;-0.393195740553025;-0.608730258775434;0.901857721533429;0.742045374119943;-0.860844753320868;0.316090904031329;0.32825287972007;-0.651061580671484;-0.437290477776486;-0.110625830421998;-0.405209490249028;-0.147845579033604;-0.749850803852053;-1.0209563805921;-0.332400323396645;-0.00691776324251259;0.203819990309058;-0.692390751609728;-0.836096590819187;0.211754560745092;-0.646121051843729;-0.411962506897827;-0.469866847695994
6750;-0.84751764362958;0.241637047740611;-0.593371407306675;0.243257364707859;0.0793650171310359;-0.159201944826042;-0.679896388388481;-0.407440045161496;-0.590321943868925;0.885309134060815;0.732691425768305;-0.855031459249031;0.354322024285369;0.358590832337994;-0.635469336686791;-0.394229550191558;-0.0792230802576615;-0.412553417019272;-0.100909429709333;-0.715717637507981;-1.03493040021877;-0.34492976339278;0.0550554401111361;0.238724259875699;-0.670744335618289;-0.790759068613218;0.212245378212766;-0.605448862817901;-0.305010593571543;-0.477651094409566
6775;-0.821905801670826;0.244148662722533;-0.569817161893594;0.245421519601533;0.0706063039764745;-0.144241029788861;-0.664006749471431;-0.370227305497047;-0.567110635852262;0.85959080142603;0.705059407866254;-0.866323426282463;0.386460604800025;0.365996714740779;-0.631499722201835;-0.392486260350613;-0.110511446528758;-0.338561036315761;-0.118479937607475;-0.715579151251691;-1.1052124063178;-0.378929418891939;0.0352778229422543;0.249557341963714;-0.688441830945184;-0.836451550463798;0.241524636726042;-0.569493533567698;-0.306690928971332;-0.434902997535005
6800;-0.844149147725622;0.259990196295835;-0.564374442813004;0.26852009985047;0.0445024834881945;-0.0888090566309166;-0.632815435816501;-0.344903271026216;-0.556814003742245;0.934070434354096;0.696744634635868;-0.843931428783915;0.407952928782782;0.360243249353028;-0.612814217994891;-0.361076578075898;-0.0636939932192318;-0.338912097204672;-0.10969721319584;-0.705132430445124;-1.11846061384038;-0.391825488647832;0.0871925243544289;0.252209863753119;-0.703302418329874;-0.922445982527897;0.261368955965302;-0.571840744719904;-0.334011474481613;-0.437309383536102
6825;-0.826069349125598;0.259367816060719;-0.55801487400297;0.219804379699067;0.0386608109965888;-0.0709890590865644;-0.632159887944199;-0.328527474973517;-0.562332590251654;0.918447245972711;0.700263957351556;-0.806003558583868;0.496163276017875;0.376576986556279;-0.616622794765585;-0.32927177087586;-0.0362851338507032;-0.324119568954787;-0.114889522963266;-0.661837569871249;-1.08944461012324;-0.390050740062778;0.0910146218249721;0.326958533567478;-0.673707050381405;-0.931249165930364;0.278522826227432;-0.546797909102196;-0.28580952918136;-0.485451187718025
6850;-0.790298516637283;0.245028303538381;-0.506013047908605;0.243222320729703;0.0493015311159622;-0.0857855997175413;-0.61021419441832;-0.292875816054964;-0.524503910421809;0.950744491243955;0.715112636816252;-0.812535884469076;0.498204327140682;0.426205548684175;-0.58966179722498;-0.340827856327685;-0.0382415116541467;-0.29515690399096;-0.0875433022746761;-0.650482964075819;-1.0684950751879;-0.428358783467552;0.187490549883062;0.327416902312798;-0.662683369276321;-0.914406377751154;0.226970565345298;-0.52193652517638;-0.278560618269911;-0.475222395146618
6875;-0.80904687606178;0.245540351407885;-0.509368311354208;0.232835009575125;-0.0489481724188984;-0.0736471231856276;-0.571233371838051;-0.283333379349765;-0.487825491239584;0.959643948646004;0.721434669586536;-0.837968409273012;0.538775471775365;0.420224448900198;-0.577586827376474;-0.335367928574185;-0.0131147808547956;-0.276788577107715;-0.0894582633771406;-0.643428854663152;-1.0865665262219;-0.451952333311226;0.106963449675842;0.319182999581623;-0.638345910299443;-0.927040878176643;0.306123354627906;-0.520513600927552;-0.25640255831108;-0.41122553164647
6900;-0.778072598332071;0.241918761683523;-0.523023348912415;0.258688572129646;-0.156122832329962;0.00916735050585573;-0.537852930751288;-0.281700270506431;-0.498504970191819;0.96777980174323;0.744626105514421;-0.822446119506852;0.553133274686;0.419835505662588;-0.592366249647715;-0.351424171350726;0.00301492001934824;-0.249692766849242;-0.0852065105599809;-0.598690743654725;-1.07857741742519;-0.485615540012026;0.084658486476427;0.327888607610189;-0.606800553261532;-0.9788626454088;0.307649876306931;-0.497472790079429;-0.240671621981591;-0.454207516564815
6925;-0.767401251715089;0.230585675062248;-0.440420370268492;0.254597269032899;-0.181586093358609;-0.0839997112807052;-0.519528309197232;-0.270312764073262;-0.437634556058941;0.978532840214306;0.755363385737009;-0.820160454724215;0.677877179932845;0.406301718731243;-0.588870826153597;-0.360711510904589;0.0281122545045803;-0.25222377123036;-0.0905485815666327;-0.620975380483437;-1.06430411011707;-0.525329982872943;0.155843656883036;0.353060975327048;-0.603483700189884;-0.979282678667373;0.294246411208102;-0.457346483953536;-0.228379746758456;-0.47590358993224
6950;-0.779073827139786;0.183809605663033;-0.435017525336443;0.233941150527237;-0.260036403340041;-0.209158292042462;-0.489291555248602;-0.245800362645781;-0.380375546224579;1.01136689551344;0.787149067276481;-0.779951561734353;0.703117973251549;0.412140913479293;-0.580584959949076;-0.372289250033663;0.0284936734506679;-0.227965237123073;-0.0626366283503175;-0.580510759936902;-1.02023453388289;-0.598421365518794;0.15054498016675;0.359990471235809;-0.565633854991425;-0.989486879326745;0.306895275808904;-0.440966860488981;-0.224285394893673;-0.501363875152158
6975;-0.759557780623779;0.235326095929698;-0.436754470038053;0.224442385416643;-0.376795837487378;-0.215471457501943;-0.472442076912669;-0.248681433121408;-0.479993173749028;1.01032965971516;0.806524623803098;-0.756233243082431;0.748917766546613;0.403535110136954;-0.58685795834816;-0.39321181999953;0.0264262316369567;-0.2502930740568;-0.056881237470003;-0.517429723531232;-1.01103375903826;-0.647007365233532;0.201347532163306;0.367763689254933;-0.568780347285955;-1.06228487378605;0.310844366173422;-0.45241049433013;-0.220565691644735;-0.521166676601003
7000;-0.738139221963553;0.27991574623546;-0.427534864815966;0.221856306060473;-0.446143368790129;-0.221115212060243;-0.482145890665056;-0.242228690887626;-0.49943493992567;1.05506230958594;0.841487429391154;-0.733219193592132;0.74045348295125;0.409819244747615;-0.583744732778304;-0.399857234972066;0.0436310702596333;-0.2333617926112;-0.0472731975358909;-0.547732297837056;-1.01060111957941;-0.689029429912684;0.209261035537741;0.388924033678482;-0.52841658407353;-1.1018287355145;0.321749502781941;-0.443385578257426;-0.187348831240945;-0.554032094867354
7025;-0.742340441878201;0.271773339580984;-0.386209180554464;0.278422479953722;-0.51097629437241;-0.278641481317514;-0.461999883508871;-0.234698537266787;-0.520948155047167;1.03015136969404;0.844835311994128;-0.673773872787322;0.800624769049998;0.400196730307901;-0.571191304219888;-0.417239050027923;0.0425884448504067;-0.191718303840285;-0.0349607848276121;-0.542482310065409;-0.983685876153105;-0.719697798160378;0.20036863350247;0.437569802643912;-0.501196972791272;-1.09741973682585;0.331956751765887;-0.444897793714963;-0.197278880132559;-0.554113413089296
7050;-0.717056883083202;0.272620374002346;-0.377685896825889;0.217635537160334;-0.557087305167613;-0.365193714926746;-0.419371150775039;-0.217786950119627;-0.533641582750291;1.04655376260953;0.862332271944474;-0.659071337224716;0.838616420359272;0.386486760262388;-0.56721437239351;-0.406199347212481;0.0382015781768753;-0.189569208127175;-0.0731387643856718;-0.524358854822656;-1.00034469671586;-0.721979294823886;0.177712140964053;0.442094616279426;-0.450462588446084;-1.09767291505923;0.346552910575206;-0.420092434620127;-0.201537762985366;-0.618314694688093
7075;-0.714915893198315;0.287269777609349;-0.375548798668151;0.220470393758673;-0.6555727172275;-0.395293178645502;-0.420525776105579;-0.199531251566594;-0.50578853662739;1.05166839650991;0.86902663954968;-0.630757523732748;0.812829376036261;0.417300647426821;-0.575188095090136;-0.415056591895196;0.0384687272784384;-0.177717763619103;-0.0977090349839664;-0.519831182456257;-0.959442370035693;-0.702563816093644;0.176121878901615;0.457570933833981;-0.436760696457323;-1.12740808369466;0.329758834938494;-0.403081324376823;-0.196856244830099;-0.658623388947765
7100;-0.670568654989492;0.284019593445109;-0.352296323363036;0.232634178940664;-0.691025805606203;-0.458944099602474;-0.382088660291018;-0.179335967971411;-0.476513587368987;1.06912015314422;0.87078658136805;-0.619658740179931;0.8342368728251;0.409024275546987;-0.561993230347595;-0.399834143155938;0.0593184838021152;-0.198278565300987;-0.0802051250184648;-0.474970974690339;-0.913180259422466;-0.691285453354964;0.213392783962534;0.468046511175016;-0.457426038147634;-1.11651941603783;0.317813623335763;-0.413472062070328;-0.191668999400556;-0.717055695304711
7125;-0.668083007261986;0.333174350066914;-0.356198366077596;0.26576883910852;-0.746401451302254;-0.530951063960011;-0.361843943980801;-0.179645978962433;-0.479014932475289;1.06476037213964;0.911149223562905;-0.626224867665092;0.933422943908158;0.394265366210041;-0.546902188458091;-0.379108576900094;0.0988896471493918;-0.182030145539716;-0.0952217065917069;-0.481109015415004;-0.909917302417317;-0.686404651237983;0.194249744536938;0.468765899754828;-0.383675972244045;-1.10540320459013;0.347386051223409;-0.413851407316357;-0.170075884506819;-0.781088646174543
7150;-0.70549433359071;0.338994547776425;-0.36514854018947;0.239662874239948;-0.790789148158409;-0.626642431856663;-0.327058597569776;-0.16533291246274;-0.499503475078839;1.09994742799999;0.936694562805678;-0.623076280627589;0.90973575985489;0.428125002027437;-0.589875481956961;-0.369833787439674;0.0855518624335848;-0.170680289583973;-0.0946286973354451;-0.464660920660473;-0.89123046532892;-0.706854867783516;0.200679853361824;0.498378629905227;-0.376686605855733;-1.08479095017961;0.333976940207961;-0.376339399247344;-0.150402542949142;-0.821394076263545
7175;-0.650937637881504;0.385429315529304;-0.339666196300815;0.276231382093135;-0.820553863003265;-0.815880472833621;-0.328018261841887;-0.13278935429597;-0.50884228328552;1.09079731109048;0.968124278188614;-0.620001232828447;0.928336114074737;0.461065017136251;-0.607364747939328;-0.355862009321421;0.0712836146375083;-0.202645443739078;-0.145683699732602;-0.457861565458055;-0.856133535628428;-0.711855497514693;0.225088140728665;0.530940307527189;-0.382327544499493;-1.04641506285613;0.331590175943624;-0.36520818525901;-0.116586857459133;-0.847506326884962
7200;-0.643628286508581;0.429758156108202;-0.325591275567524;0.314815190236348;-0.839940153714284;-0.68635163288601;-0.349837920681597;-0.125069003772655;-0.509015608079945;1.1217805594527;0.991982646417451;-0.606451635306814;0.963018951064174;0.470319758756974;-0.580860179744615;-0.330073562699885;0.0999989206511566;-0.226641705238286;-0.149347910117246;-0.44224939134012;-0.887984044941117;-0.636887632470198;0.171984040113587;0.553613577961414;-0.347779970042327;-1.03457863222063;0.396089756441341;-0.402831944688957;-0.108363167895648;-0.893808220414779
7225;-0.57471735215968;0.386221264015297;-0.352565562721454;0.315685328499467;-0.863344204720702;-0.7373304651553;-0.355768241136868;-0.120917675110747;-0.50267878895643;1.14593099499285;1.03252736328908;-0.602852037833592;0.967715439734185;0.476200548039802;-0.580756096801677;-0.357668321054442;0.0801772024125162;-0.182639494047653;-0.146494981316283;-0.480466944629751;-0.835065670524421;-0.564631918625617;0.193124479336863;0.568931926271389;-0.33196680546266;-1.04513043091847;0.365609611601786;-0.393479646283939;-0.109963167101912;-0.920336009142811
7250;-0.432853068219581;0.454707584073603;-0.345625827407659;0.341209486346346;-0.854620448657601;-0.792810385536407;-0.348482348022777;-0.118692949545906;-0.539816604552745;1.1555563783292;1.03619874544335;-0.593871877995815;0.949338354872303;0.496796239308143;-0.571938296073764;-0.298215087380045;0.0645841019994659;-0.194825452707713;-0.158775394626541;-0.426189418074668;-0.868567503643684;-0.591994820613585;0.242482836939947;0.570584077772243;-0.320807558115984;-1.03695599119621;0.372401530271128;-0.386502285363211;-0.131293876823051;-0.944470834006099
7275;-0.63721780645923;0.448335797183094;-0.366697824061209;0.358077639685725;-0.854132984609374;-0.829474776309829;-0.322977485918315;-0.0876884260761946;-0.576922966113846;1.14915449395959;1.05405731697044;-0.604070258529849;0.968382257364475;0.568227874826543;-0.554945587778839;-0.322951339025898;0.0819693047156288;-0.178837174943092;-0.170809145082883;-0.476760187279263;-0.897878481913137;-0.536545737371798;0.302601965199682;0.541826053136857;-0.282140472544651;-1.01231800216969;0.426440050089918;-0.329387518970737;-0.145334447066851;-0.992663410352942
7300;-0.639484727487462;0.469647467416135;-0.396595933591454;0.376293057212914;-0.82992971020093;-0.867592797410948;-0.312145655955622;-0.0423292556219595;-0.605774620999232;1.17819945049889;1.06613218660115;-0.582172627150472;0.964981726029966;0.565456605262631;-0.56305200079262;-0.318565089760296;0.100653483442261;-0.196167410026083;-0.156514412572348;-0.424826615935146;-0.874896203783773;-0.495217273941097;0.308146981318969;0.564723818802162;-0.241886289536549;-1.01530237834415;0.390204027072188;-0.329619097880929;-0.132867246442319;-1.05938532822451
7325;-0.655897006950899;0.479948170797207;-0.420733038412963;0.353473450955275;-0.786381312134062;-0.87996635297664;-0.291705433189593;-0.0786774937595361;-0.64539418549344;1.19233092542148;1.09493563379178;-0.560783587553905;0.938930640258134;0.599379679226015;-0.581558482995018;-0.274088247562355;0.103712679598665;-0.205078803223539;-0.152464397236579;-0.426860967071729;-0.896919757903464;-0.464022565401007;0.320903004411122;0.592976620887342;-0.235560663828349;-0.989899945745837;0.367882559281972;-0.340735939651329;-0.136704780089408;-1.03193544240098
7350;-0.572690661287094;0.503445974930332;-0.415470929949257;0.416377187048462;-0.748088426333016;-0.93600828480658;-0.270943080159606;-0.0921446599496177;-0.672331449759201;1.16623885006118;1.11520310149778;-0.561397353797766;0.942208873364432;0.619857284329693;-0.573561746134933;-0.248110926376652;0.108796444430625;-0.183026551146687;-0.135599668196025;-0.435208806287485;-0.879817884716986;-0.454723857312695;0.369165132484796;0.610885308041379;-0.239970004406051;-0.927514693736882;0.428979690967135;-0.312415475029172;-0.190001894174281;-1.036581065008
7375;-0.652535402653651;0.50897311293913;-0.432584240960489;0.441999927951011;-0.725111032975165;-0.961617972461175;-0.250283099291676;-0.0300355042407662;-0.670283636977029;1.17228206825065;1.12850590042012;-0.57742315843558;0.935004593459614;0.660329766331168;-0.570153993534225;-0.241584621171671;0.092277220101913;-0.180031524364191;-0.124176531123207;-0.435504925368741;-0.865510839811476;-0.558585342051309;0.317931948436867;0.606704402823349;-0.215680823310803;-0.916674434435108;0.424061962741086;-0.309128291873879;-0.189095353451306;-1.04722841073641
7400;-0.633752726311394;0.537720510330229;-0.440415833795048;0.430364894090295;-0.664637414546869;-0.976770535038608;-0.264323721053425;-0.0112890792455385;-0.680747620382321;1.19569250653692;1.14327202399899;-0.599434579211053;0.970241136672409;0.653766877903744;-0.566770339832498;-0.23712247809993;0.0596780423872964;-0.201688269614509;-0.104113769659364;-0.455353303564884;-0.889566798765076;-0.344941724197995;0.34106019975679;0.614460309268291;-0.191781614751187;-0.905593254141601;0.458603301302544;-0.3231069965701;-0.214056999889933;-1.08116574986891
7425;-0.624910503836472;0.542315947745978;-0.461066087547903;0.453698188823968;-0.678018655218158;-1.03139005951212;-0.258432683581268;-0.0225322955713566;-0.715478129386491;1.18844529753492;1.15023924189505;-0.594554485338094;0.972119624622128;0.679968841926904;-0.549275427540655;-0.240346202399845;0.0326802410370643;-0.208119020276972;-0.0656417599754406;-0.49700649328603;-0.879983455290883;-0.350509954440261;0.377194670457859;0.625167825941252;-0.18775230028203;-0.884720848834743;0.477132606947865;-0.317913246379036;-0.291176509674476;-1.07617096826201
7450;-0.664040941289522;0.569446572001097;-0.502598720115122;0.496463859537875;-0.634097001668422;-1.03810324363035;-0.245714858706227;-0.0138666931765553;-0.709492554769582;1.24505335793457;1.16291675815704;-0.59388370936884;1.00263781565461;0.684652902135173;-0.530916416149872;-0.24294335469977;0.0182335974076892;-0.210781963340542;-0.0636112750189093;-0.512972683336351;-0.843944298490385;-0.304512526235936;0.377565768302903;0.652755234517111;-0.206125864400477;-0.846497727502809;0.453064041037813;-0.337657384496386;-0.384475798275652;-1.0848611546529
7475;-0.644240083317114;0.560302716160362;-0.519943034952874;0.453704277801189;-0.599998289515574;-1.07825114337487;-0.223772411178821;-0.0240806111807038;-0.676119658331045;1.24361988464846;1.18581361942043;-0.591404996247742;0.976023906531795;0.702465666662222;-0.509525796885484;-0.220621383252135;-0.0298292748694252;-0.196014579863188;-0.0571460095298169;-0.56137968745614;-0.842453116487175;-0.266696435498338;0.388739107757854;0.644349109319094;-0.186483401754402;-0.851579119893438;0.452133893419899;-0.336071727920645;-0.399654806276371;-1.03950347083317
7500;-0.619458653720693;0.551282530808266;-0.5263761544813;0.456398748174286;-0.572579711035213;-1.09408785944158;-0.211586697620714;-0.0252243674651041;-0.659207562640634;1.22934548335106;1.19199994087817;-0.592459835844217;0.983114102056123;0.717756040963967;-0.507220624176044;-0.206681462330969;-0.0450847755467104;-0.143976606507961;-0.0536971416367567;-0.554368270393062;-0.857681055874661;-0.23875969416001;0.457028296081177;0.655629584746153;-0.166946075155962;-0.843358859651951;0.459946634506431;-0.327586170745194;-0.513679091402999;-1.05547945734385
7525;-0.647284757569749;0.541018147688624;-0.523695262517287;0.465713939881876;-0.519867662817682;-1.14451666042485;-0.226879526102849;-0.0107957733771274;-0.652826600236327;1.22579432265248;1.20096913399454;-0.626162303669661;1.02766124889938;0.717674808604114;-0.509579762483713;-0.234141773828436;-0.0740417694731928;-0.135547589091048;-0.0177875505055067;-0.575592857751315;-0.916008050100625;-0.232942198284389;0.418561638289865;0.659347414313429;-0.160533025242712;-0.765813958715904;0.484540170951989;-0.30833285510198;-0.571624469964438;-1.05349396537654
7550;-0.651129385217819;0.574028572474849;-0.53014930158706;0.469016991341636;-0.482302174619522;-1.12125414493415;-0.255880113200922;-0.027796137589286;-0.64614730022459;1.16320962731209;1.20174636776214;-0.641734057827246;0.987211321596072;0.715374990014569;-0.501004858090492;-0.20145424854617;-0.100884308457925;-0.166904743304567;-0.0157940173258742;-0.577426969541028;-0.919230582897537;-0.211287699276375;0.434261958271833;0.695097830342574;-0.17045258136368;-0.747299986425892;0.46626683309795;-0.336631323426023;-0.634875628839749;-1.03650509639982
7575;-0.658257130628532;0.520877490997027;-0.551048049974159;0.445530524368574;-0.483152408999054;-1.17780436964307;-0.246911583493227;-0.0295589157065875;-0.63031044577847;1.19963109234584;1.19893524710641;-0.647771506436421;1.03259375335665;0.717483167837105;-0.603676317869587;-0.183361526009151;-0.124580657373724;-0.196847537632446;-0.0154989837109683;-0.607816512225863;-0.879759908400729;-0.153553286650536;0.428545322734909;0.714538625712556;-0.187404639802133;-0.768979835429783;0.43857554530728;-0.308749861018197;-0.691318928488162;-1.02601460082333
7600;-0.687917113725636;0.511783637241294;-0.560479452955482;0.437619090932524;-0.443458704465359;-1.19398896108071;-0.254316488307197;-0.0148059064159475;-0.578134235606085;1.13398644994976;1.18404766467299;-0.674246504887484;1.06936904922523;0.725413584893553;-0.602634844958035;-0.16902432504876;-0.163384829641568;-0.210011653524058;0.0345132099190022;-0.611804091047915;-0.85243839525161;-0.142055990124678;0.448514954105289;0.737068788461309;-0.254103434632424;-0.765138894338261;0.458118290874921;-0.330767587898157;-0.677888854346947;-1.03246519682599
7625;-0.727938771657697;0.544057825414496;-0.546241690427234;0.41742764989851;-0.410355771557455;-1.22535262253138;-0.257708751508251;0.0181275419628603;-0.582082969250355;1.10054010355768;1.19360495043981;-0.684989247236884;0.967401436995296;0.727731633376239;-0.508973582662479;-0.191634435369927;-0.155901846961037;-0.230812597677155;0.0593425971184334;-0.625138914633844;-0.812686024233252;-0.158424923382347;0.468074870851736;0.735923888110168;-0.269317365812938;-0.74318040935428;0.462945501438865;-0.313534405231347;-0.729474107908871;-1.03195760478405
7650;-0.707131279050869;0.528033965829504;-0.531812136129928;0.467512545038218;-0.386722687031512;-1.22830212015861;-0.214397013606019;-0.0410981901755115;-0.602336065666304;1.04424668507475;1.20856307836292;-0.714208034369304;0.95951235906284;0.741104503374685;-0.510687159998193;-0.188029106034937;-0.167942451003224;-0.213723270848817;0.0532010631929691;-0.653692137444205;-0.842804455244635;-0.0944496536226651;0.458563721757609;0.758471354474844;-0.278220081050886;-0.716557456527943;0.459168397990203;-0.295149780861899;-0.791024940947614;-1.01049273406586
7675;-0.717005852149721;0.512473626608382;-0.530107221361391;0.418560636875298;-0.346030898703236;-1.21453257980949;-0.213554513362085;0.0174867862814418;-0.6094418084385;1.04981331834961;1.20769426053022;-0.764246652397637;1.00375539136772;0.740382505111987;-0.477404247223955;-0.163739109221808;-0.158349340010928;-0.260319277055069;0.0692864100869524;-0.628393147035805;-0.835665799779994;-0.100583599133284;0.46390955835538;0.745691354085958;-0.301452140257889;-0.800313330376859;0.446396842031807;-0.360602911471806;-0.783224964874983;-1.02061155631302
7700;-0.700605523576949;0.464730243064762;-0.553956696049678;0.428605763096062;-0.274495734676978;-1.24884817121961;-0.267502119456768;0.0694230313706755;-0.636541626122154;1.01640621767919;1.23615070051105;-0.765461564882483;0.980000286137133;0.722107648852494;-0.461894891084522;-0.151010572546959;-0.145208327011486;-0.333462164087267;0.0767487447930475;-0.614487882156151;-0.790701119414144;-0.0891665351023165;0.460517688595178;0.747032935055067;-0.350451208565756;-0.802797862787924;0.448368000158888;-0.433588766758757;-0.832019497882735;-1.05796830744933
7725;-0.751817227139729;0.443855594214482;-0.536817051862743;0.413448821199756;-0.293623629043768;-1.26123389636019;-0.287843886921925;0.0563313666090181;-0.673664550298281;1.05242790596811;1.21339736038758;-0.756751239419912;0.946264867584662;0.742000544474649;-0.471285051899374;-0.137279309214968;-0.134086439963219;-0.371048540105292;0.0882476378658308;-0.614012549144922;-0.806001905956747;-0.0953016453492681;0.426861611754365;0.777802268365144;-0.40525579261061;-0.801444334185192;0.44269748909851;-0.526190221085908;-0.850691173177959;-1.04246696693538
7750;-0.758687317923194;0.419903497368874;-0.498189505054111;0.4805003286514;-0.25793113822791;-1.24682851689318;-0.382108057389724;0.0495434295784848;-0.7336389960512;1.00441623898128;1.20735107520859;-0.770337378795212;0.983643856746515;0.744132460123968;-0.456678024308623;-0.0948088217979199;-0.129558853052952;-0.44106435620288;0.0619843014732893;-0.611853461232536;-0.796444685545073;-0.0607731354472942;0.421007075625002;0.805221452318673;-0.383572297543788;-0.805922499907907;0.411429524353632;-0.595510218532824;-0.834891972783323;-1.0773403402683
7775;-0.758144310282731;0.396249976127699;-0.498420661607961;0.476618032046557;-0.254299338183003;-1.25452822514254;-0.307378318244132;0.0160323535068409;-0.821054084700953;1.04016001624751;1.19075187600785;-0.767853526312392;1.00968830246972;0.745231772101943;-0.423902051991216;-0.132049021399133;-0.116120780895143;-0.440885694795205;0.0429175006591227;-0.62746373148592;-0.752431457553604;-0.0905784883753833;0.434025013330011;0.832608156070716;-0.420145095318156;-0.830479075937122;0.393910628257111;-0.681604251206617;-0.844971434379394;-1.0818201654733
7800;-0.738946448446389;0.435404863755806;-0.507795287857765;0.45820606434663;-0.181555932371057;-1.24673734077511;-0.254545476382623;0.0668845739360135;-0.875093378949262;1.0334253365333;1.20157766493448;-0.752841531771047;1.01798932241746;0.729598765410127;-0.435938434746815;-0.0935207195310026;-0.0988521741399405;-0.449503229395949;0.0438729313625381;-0.596342706346817;-0.70300667327815;-0.0445492873406665;0.403518433999501;0.83694805254753;-0.433976556377888;-0.820819267138099;0.363999181420476;-0.716341680900302;-0.849932107349686;-1.0079505357728
7825;-0.774442568836612;0.362571917837619;-0.499033314052472;0.47635152979752;-0.148510893941217;-1.19279520593492;-0.247418091875715;-0.0062312911062222;-0.898664648767627;1.02675365343352;1.2157165138162;-0.722486187077145;1.01907734735855;0.72885933871888;-0.443583898932661;-0.0829710103774035;-0.016765924013148;-0.516976790189721;0.00752139477106573;-0.596319144666355;-0.684498307639239;-0.0373938664952227;0.405811903588518;0.833958597933496;-0.415714019488427;-0.82387081373473;0.400354037237593;-0.791625294654656;-0.835923418662362;-0.99744382282489
7850;-0.78677593789979;0.330990517708766;-0.471679045085196;0.468194416015442;-0.143394666808322;-1.22639146331836;-0.253807820722938;-0.00355847821403086;-0.9588023022624;1.02500896729517;1.20428053051709;-0.680206266377006;1.02383971614174;0.732333087497541;-0.431487930427337;-0.0849505580206253;-0.013228947624241;-0.571231721362703;-0.00803417241557414;-0.587867285969912;-0.654021043955406;-0.0569882796461234;0.40519991541595;0.837028799637213;-0.399638972428292;-0.860651763139275;0.421506123772756;-0.808541109322187;-0.837597206608639;-1.03336758137194
7875;-0.783826101576564;0.342372791072974;-0.458857563700418;0.48978663049603;-0.0563616690033516;-1.2047725868991;-0.286709114728598;-0.0377386960051166;-1.03716888628682;1.00126285000488;1.23446349610268;-0.712606694706177;1.04706895770853;0.747932176322888;-0.413086395037441;-0.0748984369483052;-0.0116437601885851;-0.645964417901012;-0.0186708612291189;-0.576323111840272;-0.621530442512249;-0.0495382761159255;0.368403313388231;0.865946669105871;-0.385337259969482;-0.847937329402411;0.432578875215055;-0.839351861808061;-0.832231117668383;-1.02193976610492
7900;-0.773870701573625;0.459118414884136;-0.454626518430815;0.517808943325495;-0.0573166484050484;-1.2143919380235;-0.290068430583477;-0.0385021166039728;-1.05201748146407;1.04107790597482;1.22109084286028;-0.742003209994274;1.05016024218912;0.788716109328463;-0.326344403761679;-0.0768379323065798;0.0328115177265992;-0.686957409908039;-0.0368355757741248;-0.561741856882052;-0.562033318509441;-0.0548270385287475;0.299275247227423;0.867214641896139;-0.376082572863916;-0.840109156350012;0.461478569443789;-0.876700704274182;-0.827728729418507;-1.00658162468959
7925;-0.784781705712594;0.301147004677888;-0.445666356362045;0.556028578851353;-0.047541356576501;-1.19090501549465;-0.31013570242017;-0.0400446027728732;-1.04800148672314;1.05582431364394;1.21595386541054;-0.708014976196447;1.07050470190781;0.771533955583169;-0.335746107784198;-0.0942657102663045;0.0370041849661097;-0.718429834481158;-0.0441025196671379;-0.565680511145319;-0.527140824076328;-0.0398843604391244;0.29564961691006;0.881682957182457;-0.370738856381147;-0.859977081046771;0.440243192073704;-0.874150524705311;-0.799049128448539;-1.02483300462603
7950;-0.765625019485702;0.294910178054797;-0.38997378263056;0.560768085759981;-0.0232196135779347;-1.12499604641588;-0.333209532399589;-0.0680277684824001;-1.09993967916953;1.1054751894378;1.23414355544351;-0.676720964287105;1.04500070300008;0.790662350785913;-0.358532512402109;-0.0483210771424538;0.0465819565783737;-0.774756368821894;-0.0302448949296648;-0.521466126208022;-0.513849863323421;0.0159865365789307;0.211799032394666;0.910290381925035;-0.352236358275529;-0.877935914918635;0.464001398968308;-0.881719626896612;-0.809706153153664;-0.962526703600314
7975;-0.753111999373794;0.294750997639927;-0.356089500578472;0.609229811265478;-0.00579157833452229;-1.1324267494666;-0.325436160653554;-0.0635634012368048;-1.13971209001031;1.18347733461436;1.22026693234369;-0.648152053611048;1.09657727828481;0.796040338164617;-0.349294512112154;-0.0413761580253444;0.0565659690684132;-0.794133915223436;-0.00702000570372752;-0.51002623568798;-0.53422027597951;0.0356339146632358;0.163912094084621;0.937820202026189;-0.360889698427293;-0.870472434573522;0.496176636075788;-0.885572631822309;-0.819064330416723;-0.952559146580968
8000;-0.715795793688484;0.299571861468799;-0.344989901580805;0.6353035622237;0.00272918629565542;-1.11935164161562;-0.308641903657445;-0.0801683163540491;-1.17405269941976;1.20530872285124;1.23879084506688;-0.646275210604742;1.05753723347241;0.797355410957697;-0.337889691514471;-0.0340928907117846;0.0703111701855949;-0.847235129997503;-0.0311495788915948;-0.506868006234964;-0.514941212068138;-0.00112982726165956;0.148181117143436;0.931645047148066;-0.331794018052634;-0.870853118521265;0.506556508059735;-0.797917651782861;-0.776075162424192;-0.933257984485264
8025;-0.720164630999198;0.344800142143095;-0.318038189056711;0.620295475369689;0.0140311558091005;-1.05359751730377;-0.335673481700282;-0.073504616664806;-1.19188507034821;1.21445270301427;1.23704781461315;-0.636591028621096;1.07557249579562;0.853926169557491;-0.31167073434979;-0.0461989392980682;0.112639973166498;-0.930926375344023;0.00484591257797051;-0.474942417688197;-0.457374555555341;-0.00267771364294656;0.11431081471236;1.0009050667344;-0.308380353067936;-0.862789041560066;0.511533765646015;-0.777277703460031;-0.732681106227753;-0.926610925493464
8050;-0.668399726218062;0.349449881335897;-0.308336808909548;0.657471159697763;0.018200697911707;-1.03481580561369;-0.346623241215322;-0.0319386112290071;-1.18136419567266;1.25375617606541;1.25958060167254;-0.597027297851234;1.08370735663091;0.83771674492895;-0.308272586020971;-0.035518311280434;0.192727134148051;-0.929439006778132;0.0155709999711404;-0.485644674233451;-0.471941532583631;0.0340142300584374;0.0434253470574111;0.99656122043586;-0.294755362115309;-0.838301867978675;0.537995399871706;-0.758115878533709;-0.739671121471116;-0.917443783798346
8075;-0.67361144902288;0.362814796797091;-0.306465804931731;0.678762230645093;0.0505837142087803;-1.01918859284097;-0.206267900521339;-0.0151493836789623;-1.17605468189225;1.28811388314757;1.2639010163706;-0.607078541479701;1.13422719605095;0.850768725082561;-0.292742443420241;0.00321603539911219;0.20765318732686;-0.963652174968367;0.0114903687549002;-0.45802789410542;-0.45909770196043;0.0201652036124751;0.0254159567625531;0.970891989195554;-0.282763016180723;-0.856022520054332;0.540352765511439;-0.774638476843694;-0.734222623810954;-0.796064717224828
8100;-0.650290453692111;0.389889434245661;-0.322223499415336;0.714776428312089;0.0946544354273785;-0.967528642548935;-0.213567121956978;-0.0064236540674719;-1.19997478677806;1.31272674113621;1.30917508225559;-0.582595280119243;1.13099441600674;0.90015644233777;-0.278532551396797;0.0303813395278709;0.171463001382504;-0.979612027481309;-0.00700428518133434;-0.442742799153547;-0.451749472267724;0.0578318634538022;-0.0492109409957842;0.959533061196638;-0.264333359760625;-0.82193537635834;0.574973543226686;-0.690255667673192;-0.700014990996088;-0.845251447865011
8125;-0.639523015441551;0.395940078360478;-0.29625139116337;0.725090842052881;0.0824168020065713;-0.941662382179521;-0.260961196551888;-0.000443829183198163;-1.18861375280309;1.32234859838247;1.3224300556323;-0.554379746453998;1.16887950542666;0.9030430011377;-0.282881568503773;0.0492221974797893;0.175867510765508;-0.990490693183569;-0.00369534051674991;-0.450674704200246;-0.407164429069646;0.113820263719947;-0.0150541240235686;0.988561086078382;-0.2448345173514;-0.764389050325743;0.616721197241882;-0.649859751043103;-0.661369230664914;-0.851749794312446
8150;-0.615013234003582;0.411201101195043;-0.233826273660208;0.712145073402184;0.0872210004994201;-0.942302031004166;-0.290000064659504;0.00163923269088708;-1.17041658257464;1.28673005193918;1.29695600853284;-0.545442577485416;1.18331847718472;0.918176221317223;-0.27857955800878;0.0721485519567988;0.174217771486563;-0.96731928889004;0.00339597732313068;-0.419069106586342;-0.357049885258427;0.0566091180611485;-0.0428374611469418;0.949252848354968;-0.241701239934989;-0.776881900492643;0.620773982780496;-0.641180698277038;-0.66484022253633;-0.84881619854793
8175;-0.579017187112716;0.420381078575325;-0.242572847782375;0.736849213759063;0.125937905771443;-0.848208811128385;-0.279305465997283;-0.00706032438204915;-1.16186899230911;1.31783376443096;1.30756230978063;-0.539159302878752;1.18376492351296;0.954002327214852;-0.286730416076299;0.0756905362903018;0.174836220208399;-1.03408117073761;0.0351982825095551;-0.435438272328012;-0.385914914691289;0.089536595705755;-0.057753305080458;0.859123222652414;-0.244483212330364;-0.819776684752572;0.572566388100153;-0.607241971791172;-0.692327912687572;-0.817850848806805
8200;-0.488915399008902;0.453229670672658;-0.228092671264091;0.717613428090195;0.145075321049928;-0.840367969356515;-0.301956825260354;-0.000285599694320604;-1.13592938271798;1.28314063996795;1.32109873593189;-0.519550916659597;1.18451049606347;0.967034186370735;-0.28279309924403;0.0812805651356623;0.178720409432162;-1.01738352534332;0.0398502688006244;-0.430408476101146;-0.362902513326674;0.0897763658755475;-0.060453727484272;0.799746333335908;-0.240205059314235;-0.79768310370464;0.461499885997571;-0.565519573855631;-0.702297075688872;-0.812489747293525
8225;-0.456338822979549;0.372773382377338;-0.203253545124517;0.712789008411056;0.139519105257461;-0.805588325758671;-0.32337242018805;-0.00232542320338944;-1.14636280076984;1.2474379952395;1.37970637218755;-0.49679816416652;1.18791808526301;0.971695146522825;-0.173132529163533;0.130836300413928;0.202521899265968;-0.99002593709571;0.0666272927059981;-0.394043033735403;-0.35373438471436;0.0732701177690276;-0.0978660631870965;0.676608299149648;-0.225863990906333;-0.746030850256639;0.6524938660891;-0.582399082129966;-0.708355449642846;-0.808546049570143
8250;-0.54313646222715;0.449692911876487;-0.199966011500728;0.724121478011492;0.168327991894921;-0.755987269677068;-0.332641400151548;-0.0501955564086812;-1.19357894300696;1.20968856251468;1.51405154115595;-0.487820758862634;1.18759017219956;0.997199322088371;-0.155021430333454;0.125287273185295;0.197190843496964;-0.97185235847335;0.0640318691035895;-0.379864822655185;-0.372340041603769;0.0864681718835822;-0.13116397254735;0.583884687646248;-0.218398649968078;-0.709676013501584;0.647784622987154;-0.487784724088906;-0.73402601013552;-0.803891289715445
8275;-0.548708882577927;0.454111645321211;-0.112337287305656;0.719022187310801;0.200661692395973;-0.704130705317138;-0.469603068598531;-0.0737288015061333;-1.16388100166719;1.22499928989302;1.50525281108819;-0.464564437682624;1.18777113532147;0.999180892072441;-0.221419239179099;0.133740897239524;0.197159508521257;-0.953092964388878;0.0650044230875015;-0.3740867020416;-0.34483007348378;0.0827249974021467;-0.176551623708783;0.558063399675325;-0.205731462893931;-0.722216903130004;0.635401568100289;-0.471571502250443;-0.737762693007187;-0.769319069285208
8300;-0.505556344413832;0.500649487661316;-0.0656436697312635;0.694963280401743;0.205509351815066;-0.63477412664577;-0.429483851324099;-0.153169640197372;-1.11294340681198;1.15782313114258;1.49205925177974;-0.434667459333707;1.19906698138391;1.03738949162962;-0.24635460917811;0.144755288097731;0.233313650714568;-0.928066956551664;0.0750657293749968;-0.378577227651362;-0.33219908929686;0.111367022328557;-0.185467093940124;0.419672545057177;-0.195809922297708;-0.724264639247913;0.671325908978366;-0.448619767425988;-0.719687726890276;-0.70592578948178
8325;-0.451174027008615;0.49687729135978;-0.215460226727581;0.674236152783519;0.186382270193998;-0.621619981364998;-0.411919875164881;-0.207069291019115;-1.12899767804836;1.13610348762864;1.38205556793809;-0.427191932640154;1.14953965851073;1.05623568389589;-0.252161168218651;0.124760160771627;0.220559475120846;-0.896957215978291;0.0808638255257956;-0.311239920137649;-0.329012775297228;0.137073249115744;-0.228186361361818;0.381243334514886;-0.214408836968834;-0.696908911379745;0.692686170847494;-0.447639184831115;-0.709407673392729;-0.693626907885983
8350;-0.447339735965697;0.504885048393564;-0.246367344573836;0.651429492421438;0.198802044165484;-0.5631175033469;-0.40312015916727;-0.272060707360052;-1.11839592018645;1.12810582331934;1.35277894745954;-0.437091378717625;1.11109408620823;1.06895943901132;-0.231734989774997;0.140113733182763;0.165436016518069;-0.890089802575294;0.113572474692729;-0.306724342599893;-0.324542771026123;0.151600981192703;-0.268008105598768;0.311975797821868;-0.21755171239126;-0.691618493025621;0.758376183506077;-0.430370127158553;-0.695123977411688;-0.625113399268696
8375;-0.457726722328434;0.54403462461011;-0.0431249996110359;0.619779588560596;0.198227884568598;-0.504280541440873;-0.406401293954773;-0.299393131507983;-1.11221915912147;1.12167312184282;1.34331694086049;-0.445638364271643;1.10418723474266;1.053171837219;-0.244003424968627;0.195233181789254;0.152726516242997;-0.804655427799909;0.132647934956682;-0.276263782510875;-0.327502942454121;0.186062238168701;-0.252032265161471;0.263140692575978;-0.224059841764525;-0.661302172374885;0.814042074346687;-0.425291228474706;-0.681395195034013;-0.622900380649887
8400;-0.493460901162286;0.556670638304966;-0.0171387815638604;0.618533873130665;0.188849668545534;-0.483210314372428;-0.431047519812723;-0.34727889381559;-1.06707091540706;1.1203580078898;1.35352343609049;-0.398510759867409;1.04482731664695;1.06990133057457;-0.243203488882227;0.137520566148961;0.130898927403604;-0.740733212280966;0.139467640018565;-0.324373741294576;-0.289470799871455;0.200423086651202;-0.291404704730823;0.250344418404016;-0.223154465564344;-0.697710582851048;0.724272017097957;-0.397704137929138;-0.647056243693794;-0.623243673403742
8425;-0.413681267266108;0.575143793790815;-0.0257671734450509;0.625526538609585;0.235442771394391;-0.458060595125234;-0.483600116251099;-0.411446709480483;-1.05384328008378;1.10204366568497;1.37695715212148;-0.379162439198763;1.07389769196925;1.01126924013612;-0.185628898584498;0.163094470582908;0.0813561231334649;-0.801322525436045;0.127847729303872;-0.243678303323467;-0.270573656522959;0.1851169474377;-0.256604535981824;0.190616357890756;-0.21203180107215;-0.680469336272368;0.750479020840054;-0.439627578756466;-0.619914814710937;-0.616718908802604
8450;-0.436506762920332;0.595129448507426;0.00189007957204308;0.59337704059164;0.271472138000645;-0.39258670155478;-0.47310244848946;-0.464193781067749;-1.03821923056735;1.08103580256741;1.48232372034647;-0.396184425668161;1.0642368016096;1.0268393462162;-0.144768270197345;0.150891229095934;0.0878062453012715;-0.716120151869333;0.140940698711532;-0.180119687092366;-0.266452066642605;0.228177131280314;-0.277019382735775;0.219824782138491;-0.20403386801333;-0.645532353201127;0.746439699872701;-0.405165496880595;-0.620256698070556;-0.609428273406804
8475;-0.372332291173912;0.61524281818249;0.108583162929825;0.624513339607777;0.281106644864691;-0.357033820945762;-0.436500248777533;-0.533058737199572;-0.963656016941044;1.08262199262307;1.38318807038196;-0.38974490549184;1.03780424412343;1.01270962349684;-0.140226147740016;0.150100119374108;0.113091025838262;-0.730637293031787;0.158794615490633;-0.258168252845063;-0.240157738385289;0.22024793490902;-0.289932501633446;0.222042777236485;-0.206890939885154;-0.690158878020451;0.804572334951245;-0.402210091620103;-0.605108051249653;-0.60354329116123
8500;-0.374713690375234;0.58281175400129;0.0662962665333055;0.62108341371299;0.261129193439551;-0.354409711908142;-0.456793138526754;-0.579556191472886;-0.953189155203902;1.09160585747057;1.50210940164325;-0.3992693852689;1.03028660727477;1.01420608366178;-0.162845828661954;0.18239068819046;0.0911787890131831;-0.711401635227077;0.162159716977105;-0.195508291435201;-0.219127983625068;0.197321401450241;-0.264284696218911;0.304867509955646;-0.229383353142962;-0.680889953571756;0.846832582319341;-0.432611592337397;-0.568254191228514;-0.591196084926413
8525;-0.397509533490607;0.612289018662618;0.0310947421099574;0.61922590561887;0.257721830924349;-0.312594085675866;-0.462939101613847;-0.59819773950552;-0.927842869566781;1.1425244657641;1.38900102174198;-0.385364570722095;1.02943177842235;1.00774779742591;-0.204635571715496;0.193375538590311;0.0606079457071102;-0.648617297316943;0.18132750586435;-0.264404392157844;-0.230319802196794;0.241963612894458;-0.238657430828454;0.245516145530703;-0.228217393629389;-0.642288334418713;0.804661350138322;-0.438091970809579;-0.550521614840572;-0.545323578295466
8550;-0.392570929438674;0.60001412803935;0.105728378255709;0.620650547686118;0.291827993035788;-0.29734655298212;-0.447797894960617;-0.610697693949149;-0.978959751537224;1.16597927936541;1.4601230272694;-0.368408720993684;1.01519025244359;0.967372923153755;-0.195948852710839;0.209911720313261;0.0797356002149475;-0.578489320938435;0.178092241114072;-0.273320218920228;-0.215636671919479;0.242468881040726;-0.241697349165952;0.247515092566339;-0.221672618554077;-0.644035450669909;0.87615466843273;-0.43446467122392;-0.467892176968703;-0.546608433594699
8575;-0.392569444386229;0.617395471398345;0.0661198986171665;0.637332783986371;0.276096232851623;-0.311066397714955;-0.433598597912272;-0.620101674439695;-0.952051743076044;1.12493393773432;1.4908795291769;-0.368398628560048;1.0673939381326;0.998020614886793;-0.188949257963893;0.199402573128742;0.0923121043555472;-0.568037255606596;0.166492351322308;-0.181323364163904;-0.220419662725889;0.236304772467257;-0.241709489603246;0.264865722098257;-0.19054204649216;-0.678908123509442;0.916572691178294;-0.434302195889454;-0.396707989385863;-0.543871804161685
8600;-0.403285401731925;0.582771965253132;0.0538005871155307;0.62401280314534;0.292211691900921;-0.329820183503768;-0.456116284812063;-0.598131263310066;-0.797081711096588;1.14512145645403;1.43977955212448;-0.341029460720292;1.13004301290605;1.00804530607468;-0.17807449712851;0.21431804503781;0.06121845899603;-0.515093132026225;0.186092498935794;-0.207557813588642;-0.2555720295239;0.252708707728576;-0.181433715302173;0.294151603006495;-0.193576603063534;-0.669834596821513;0.861309289508387;-0.423125240506963;-0.380096810635906;-0.48345195295077
8625;-0.384282640908543;0.567382949577633;0.0587671887364256;0.598221568245633;0.324274642665551;-0.292322242284824;-0.406376484288104;-0.6057262269766;-0.787636846665512;1.15228654907648;1.45608686979896;-0.333607792953579;1.14164639531966;0.977852654723777;-0.1752465921057;0.210723792337327;0.0821356180478647;-0.509253487437856;0.198679795920321;-0.152812342067205;-0.172594395106195;0.271315574198252;-0.169927762868286;0.319913570545202;-0.201119213643527;-0.680999356182063;0.857733613978351;-0.426413142986236;-0.349634047264419;-0.505810689463442
8650;-0.388736482684351;0.549237479353856;0.0464660288033678;0.648594879267017;0.3279245476987;-0.29864246046663;-0.41255160145556;-0.595294614649013;-0.749300548871036;1.15222875885008;1.38128334555622;-0.329319464772688;1.14577698211317;0.958361563457527;-0.187207742467452;0.243580231786983;0.102481011801418;-0.631374432000113;0.219745276292271;-0.142817734327004;-0.176349108071555;0.274137201658377;-0.150269431810927;0.41119798194075;-0.167951784291073;-0.691544791428919;0.887116935631678;-0.448242448899713;-0.326389290005497;-0.520575492428282
8675;-0.352871023317153;0.541973585010193;0.0943154003278974;0.639305437653251;0.319062175765097;-0.277794738847502;-0.398843706663553;-0.583618430820909;-0.688691758011781;1.18875974150635;1.39279735304357;-0.322398908976323;1.17352095814612;0.942840610447733;-0.159544095805577;0.234877985804792;0.0924639825531789;-0.456455722051987;0.211003172359771;-0.182199258518632;-0.168677868243158;0.275586784643902;-0.184824579430052;0.444993222833932;-0.134807237450188;-0.687248170104699;0.796645701236269;-0.421665204320989;-0.265613755804659;-0.507071461032912
8700;-0.337396185733554;0.494219538544277;0.102031838134791;0.6374076671754;0.372275490380993;-0.324009438457026;-0.382887440317787;-0.576093210033849;-0.671050799922653;1.20934585027605;1.47025192565489;-0.293952991139335;1.18099114688006;0.94721350657515;-0.118977924823155;0.298723446504874;0.111222945308638;-0.413041477339653;0.250076744565586;-0.176613567552897;-0.177596977975761;0.268095267646676;-0.243924019634944;0.511965325529934;-0.121069190811709;-0.711931466427843;0.74296060462892;-0.422527595936545;-0.250311152566772;-0.497323037709095
8725;-0.341186521667284;0.418815936646386;0.131509584652443;0.660097741728224;0.389080499039067;-0.324489950917339;-0.359881686904254;-0.517196371929955;-0.66425435073566;1.23021095081685;1.45178851359739;-0.265602909801061;1.20304428365519;0.960428289285289;-0.12851275897289;0.246925488507461;0.1469117716797;-0.403252570014296;0.291049239076327;-0.189617966583816;-0.179023992575878;0.266133684207359;-0.347052343725839;0.539912125891234;-0.116718657636351;-0.707171095620768;0.707848656684775;-0.42824571622356;-0.185808754606255;-0.491259778626735
8750;-0.33939808179018;0.407046117168685;0.132372611118382;0.699769169809307;0.40121295229561;-0.29451317366384;-0.295346950833819;-0.489100071482443;-0.651763669287865;1.22215275923958;1.47843556513919;-0.295732714586346;1.23766315042047;0.98784687015116;-0.135671980350696;0.296543282487136;0.169933028672952;-0.365151724722058;0.232918411812867;-0.188745465394714;-0.194829754769569;0.256701298820745;-0.427454283081387;0.59038443879485;-0.114989900006621;-0.695038382046445;0.643960804108004;-0.458074420196729;-0.169632143883814;-0.449499623078386
8775;-0.334661551136635;0.363921389194243;0.103678989598481;0.667760325730467;0.440845178953996;-0.286000818124699;-0.282725226928304;-0.439773492418645;-0.63598054571203;1.22701167519365;1.48643148388167;-0.29884927044049;1.25632038825536;0.949521040798484;-0.15419042605796;0.334072974884378;0.184606613575613;-0.3536421820128;0.278813173023055;-0.167522690407018;-0.192189855530673;0.250503832157063;-0.50470006860314;0.621965415812232;-0.101759908445482;-0.728786935486934;0.599305303341198;-0.454880751446375;-0.120518843284128;-0.464207412169484
8800;-0.339145749572719;0.32245979412653;0.123824080328586;0.707586624984019;0.434485143042143;-0.304255361265518;-0.292416488136793;-0.379944600066215;-0.604678221449519;1.29744369217139;1.39073672970211;-0.291059394515343;1.27932159150011;0.980913883586863;-0.121941240385893;0.323825114476871;0.185337944545954;-0.354020495551548;0.278597012900938;-0.164253756825778;-0.228579294351384;0.258492332181872;-0.553848119179141;0.644217270967276;-0.0944626812114686;-0.708566559239459;0.555899310508645;-0.413767733315235;-0.105865990284747;-0.464468587976009
8825;-0.307524301870835;0.296325196849464;0.124584553104839;0.654900854810683;0.460588877901072;-0.328087935904506;-0.260781367194287;-0.327359381333553;-0.586472729386758;1.2621974364527;1.41043941544877;-0.315758922097086;1.26289819261376;0.976201625631895;-0.166531166363811;0.303162636994393;0.18662897647277;-0.317161172429795;0.31419633611589;-0.19770341852561;-0.280957552655404;0.249633646183048;-0.690174442596437;0.692316099173643;-0.0624104768520022;-0.750888128858079;0.522460162800062;-0.460842807313276;-0.0576239646278796;-0.441387164286052
8850;-0.298455684714748;0.260229291835682;0.17236603516812;0.666050138791987;0.503073536476642;-0.264853306266013;-0.199327343600779;-0.301929446358432;-0.556472060732955;1.26614233246779;1.5190208671238;-0.336839813043915;1.27633534813527;0.985143407222589;-0.163038352218757;0.230555532526205;0.223642025947571;-0.304594823333592;0.241794410763691;-0.17738547896771;-0.313962396403714;0.248598962526352;-0.699335305823766;0.708069985900292;-0.0461836270699925;-0.743463876584901;0.515287420492013;-0.468822560187775;-0.0473650537393502;-0.437364877478229
8875;-0.321724323601879;0.208652412785122;0.178961671716317;0.678050088724527;0.431523609074557;-0.246961132058032;-0.165756805552975;-0.277970066155799;-0.553430229647581;1.2787009109945;1.49319394487056;-0.363694508750776;1.26900059505085;1.00155629292574;-0.167858139122529;0.313711959701668;0.267442668058921;-0.293775474554481;0.30778758039565;-0.154362977837182;-0.339978806811247;0.233417786761414;-0.741655014246233;0.731554937374598;-0.165738577854972;-0.749095624565283;0.459702058872057;-0.444433917603147;-0.0593286945493097;-0.448248968550379
8900;-0.289902071481118;0.161615668601576;0.158304193127601;0.674322759412223;0.423391248857677;-0.24054811020058;-0.14016439485456;-0.225318760975228;-0.570666683713818;1.28426841273567;1.48079592485167;-0.41113891642897;1.23581589882034;1.01454725127897;-0.164067838327816;0.297601436569805;0.261621199389641;-0.28738867905849;0.241383715700798;-0.153885370725165;-0.371201410182813;0.201160569586494;-0.806763853342042;0.755183857434359;-0.258730110039267;-0.770223975414967;0.40832275599565;-0.399805065752757;-0.00817462972953487;-0.441917578430389
8925;-0.313032955461242;0.17780617466516;0.180880487845062;0.661567895823274;0.428704199792044;-0.243464467059616;-0.119995932389824;-0.234302256652761;-0.624232335960225;1.30886572857665;1.50084020635063;-0.459567100930114;1.1102213661374;1.08670330311318;-0.196817623293032;0.306999903454183;0.229647360074919;-0.282508891938928;0.237632287964038;-0.113332570253939;-0.383098371682015;0.203777408241839;-0.777941262918976;0.779249655939684;-0.288209917215545;-0.777596973830421;0.334936014053916;-0.409821261164465;-0.0597271381177829;-0.422744159924818
8950;-0.298514835947049;0.192369427920957;0.179747463559527;0.644503723678096;0.466127776970259;-0.189660378424201;-0.0890795071645067;-0.187824145180431;-0.659796652117174;1.33256235363635;1.48385322945572;-0.542198186282117;1.01369350805765;1.0237438174609;-0.189833937616723;0.297823015420259;0.234892570820359;-0.269681888042797;0.259835655357263;-0.097486257230576;-0.358337120451998;0.206965606503096;-0.788174151702316;0.800600097523557;-0.351731709558868;-0.821011025738828;0.288536978038188;-0.389031597798877;-0.0281690668632184;-0.423765010550844
8975;-0.284434560103215;0.184571307808495;0.173809629966236;0.601452350032811;0.422627344970247;-0.162120340101245;-0.0922277470189109;-0.149945623568889;-0.675850431935081;1.34455342337066;1.47113566520264;-0.620059028120932;0.929500405082576;1.05583999461913;-0.152508204746549;0.294796911928201;0.265252520706818;-0.239301771755972;0.278690721451456;-0.116265580507162;-0.350154649368849;0.200157588172655;-0.813816229717068;0.837303990625696;-0.372798386897464;-0.838432507976735;0.257128534319293;-0.337148822249598;-0.0514130235395422;-0.412324607250368
9000;-0.297406590415074;0.196134703566384;0.184766515629159;0.530689151800716;0.41274590986271;-0.157611401736302;-0.0837391930322927;-0.156729596814045;-0.745210722801706;1.29049950526864;1.52124391369904;-0.694848318720261;0.749633549932305;1.0870853519131;-0.221815670691412;0.287919661914992;0.296690281222611;-0.230629047921188;0.289408421367199;-0.0538753228348924;-0.355317241037689;0.184911404833765;-0.774769831120612;0.900712188804665;-0.376500505139725;-0.882494665697135;0.168131496203175;-0.364814251934432;-0.0749614546344468;-0.40256196491443
9025;-0.284063545915271;0.184544552228126;0.22475323816982;0.444457064470468;0.402873557198136;-0.130496305681137;-0.0444364928843512;-0.0959247951778311;-0.810234439319267;1.30586796589392;1.46942688612588;-0.761135590959274;0.640360349869523;1.0867416919469;-0.483160723447185;0.279688281879644;0.30302085657206;-0.184027460031814;0.301358101651277;-0.092560641204774;-0.384762522009279;0.136495624484172;-0.748541143331225;0.830606921496653;-0.415205398281152;-0.946028119896356;0.116402272008007;-0.373836375819082;-0.0723958366581965;-0.416715834127805
9050;-0.300313086855993;0.210019365397492;0.212060902782705;0.330717911147121;0.350124176127994;-0.111376967988146;-0.0559673810360985;-0.0604665920007256;-0.886986891964649;1.29873093595722;1.43329656928578;-0.871486007104423;0.523683396527148;1.09914109150475;-0.596040485633509;0.275215404784886;0.282195274677142;-0.201747845679055;0.326736496789157;-0.0629262602732915;-0.372720225562466;0.0735846877784765;-0.752221779677192;0.828160829827454;-0.446958143034588;-0.961809372576172;0.0819515671825436;-0.336088583297519;-0.0881295517322374;-0.444516844988373
9075;-0.286292823077766;0.252796219659328;0.210017911308543;0.28080861153894;0.383866863931202;-0.0952636490584163;-0.0262503338602222;-0.0520362973431635;-0.947063611075022;1.26348658000982;1.48860424530085;-0.987583990346914;0.395809259863527;1.14144638953589;-0.660331215172049;0.274896141673536;0.267179245791191;-0.170418449068849;0.409911535793777;-0.0679708147327874;-0.338806819278934;0.0625319454369431;-0.677841183145992;0.86356949757688;-0.46541655613892;-1.04495897977303;0.0426231212833378;-0.218453188230257;-0.131050472570463;-0.410851617815455
9100;-0.269320502396693;0.264058138798732;0.228186815384007;0.166952435566755;0.353491797993177;-0.0802281415166511;-0.0225827975895853;-0.0233370645076894;-0.931416800311571;1.26953030029552;1.46668715546749;-1.06467525297943;0.317417896983161;1.11067168935461;-0.698178249901331;0.292695093276948;0.276137272507701;-0.185127419262654;0.394614133120624;-0.0463612940848389;-0.308315995713461;0.0391488885625659;-0.63713414697752;0.861445949132975;-0.472944740323321;-1.15395684752426;-0.0077366295129401;-0.295024595338901;-0.114837916775541;-0.449970908424605
9125;-0.285391386329918;0.287240078872176;0.219536251892438;0.0975936255965153;0.298215770223902;-0.0670250281367183;0.00639663013163014;0.0486276238208704;-0.952639334417631;1.25288162062298;1.48023908341639;-1.15048483580693;0.216676818729898;1.13330074895424;-0.762252064296289;0.294040027697759;0.277769207504544;-0.21374009351087;0.374370072357007;-0.0903239506156682;-0.333060111329811;-0.0130207780680525;-0.58611337622452;0.850836119324918;-0.456079641232296;-1.21887167300522;-0.0193007266346436;-0.294255352465767;-0.0626590618064731;-0.452568513841926
9150;-0.305520877955726;0.322766048687661;0.219842535053772;-0.0101686766304634;0.247781590902392;-0.0261601517094657;0.0131038479757396;0.021422956579647;-1.0227987026592;1.23060096202003;1.52388351877724;-1.19736053591138;0.148522980488706;1.11908779224715;-0.822417748471022;0.323484384933081;0.220994792661332;-0.175437791292737;0.475982221870224;-0.0615371492378213;-0.302446192920533;-0.0228398566212078;-0.557061919416618;0.870153552479485;-0.443391540439745;-1.22919229636982;-0.0240304533094343;-0.280025977529049;-0.0736325345185229;-0.449783494006603
9175;-0.277941561174931;0.339143647760334;0.247745182716729;-0.0504284031491538;0.24034875699719;0.0136044023708776;0.0294175491000487;0.0535994489513697;-1.03775938993988;1.16796501598314;1.40907134149106;-1.25091489011757;0.0816685761998416;1.13521208062364;-0.830560026698132;0.328391619858276;0.208972622819807;-0.174117420543723;0.50402676639026;-0.0559135811971339;-0.27550729207779;-0.0739590920254114;-0.468667231361963;0.876001597261283;-0.462837939850237;-1.28976766229546;-0.0298944466889087;-0.25990611831751;-0.062113161171282;-0.492344199408471
9200;-0.289088403486371;0.37076526299452;0.255224175381843;-0.102253115590048;0.173715103857555;0.0299280604557201;0.0548096912091039;-0.00533190502444101;-1.04440670587457;1.11529522052615;1.53952546389966;-1.31765733905301;0.00571615836927593;1.16534481427655;-0.827235649233363;0.333716934701587;0.21953268610183;-0.177845299053219;0.512679156262567;-0.0669579817675055;-0.292009725518622;-0.11304524556698;-0.413452525464149;0.883085729661037;-0.463270973850644;-1.36170259715754;-0.0576131845332598;-0.264508869420782;-0.0662198920736519;-0.463576324149597
9225;-0.281513408610584;0.333629190992684;0.240653761744018;-0.14298047168485;0.10572556185514;0.0473842098814729;0.0824064404378105;-0.0888437012492459;-1.02572317508573;1.02590200813374;1.57300418719786;-1.35476734492609;-0.0125352944847524;1.20279439214251;-0.86223544648621;0.391428225013991;0.183838242369039;-0.147971381834093;0.466509622502644;-0.0597115034486292;-0.270486276577282;-0.126821105558673;-0.395818392053972;0.88194588195843;-0.426051644428167;-1.36700482260885;-0.0563729969068822;-0.290413652812266;-0.0401176390505074;-0.473948260801248
9250;-0.270838317001827;0.389093153281604;0.248568151882535;-0.147489663652923;0.0609120942625566;0.00532908522772826;0.0847431119762564;-0.103559995262204;-1.00806808758307;0.943960721696021;1.41517995125962;-1.39187619816813;-0.00840710423996565;1.14891832537974;-0.892576602511639;0.398321022297155;0.164317202760484;-0.165160354606988;0.355599084602305;-0.0217661983005058;-0.272892588063143;-0.113490526867922;-0.380326368399497;0.904363132542652;-0.340325810550912;-1.45531746745018;-0.0441950642327253;-0.269535146411805;-0.0112695538184007;-0.513885312528533
9275;-0.260596404685256;0.446621516680384;0.244918550637068;-0.196014425022042;0.0437395796118679;0.0192665572054308;0.111642350499431;-0.172644759641169;-0.97631943374386;0.887119675971121;1.42791455124977;-1.4381837071703;-0.061666936502681;1.14208994508384;-0.874552459233238;0.350247987351663;0.139457639632529;-0.162745297610314;0.365288668333003;0.00389276926632345;-0.236917491148733;-0.0965228491049011;-0.308234986882706;0.900186669086922;-0.313410057848134;-1.53299904540719;-0.00837161251063381;-0.261974327568195;-0.0120635661990323;-0.510508455648317
9300;-0.295928001880677;0.478216695030373;0.254406616931215;-0.171055822180048;-0.0365455387978274;0.0271360308571099;0.112642644822969;-0.256218794011452;-0.94197812624098;0.775258505431887;1.45284430944374;-1.4359645875947;-0.0914989748803721;1.182001589157;-0.868778585290399;0.365508767425848;0.12279122951319;-0.149717258621585;0.407554971495621;-0.0543888843897827;-0.224278449506054;-0.0749159174105445;-0.287005215040658;0.898288794627896;-0.351737466376947;-1.55513057418823;-0.00126472936164848;-0.249990470897203;-0.00552047175318582;-0.509581699166741
9325;-0.272625486675391;0.485337199143654;0.263947464925609;-0.159688519203959;-0.0619592296015629;0.0578985953775636;0.1145650191743;-0.276187349970694;-0.935324251826639;0.657126754479285;1.4331112099634;-1.42123440582902;-0.110046297807022;1.21227872284691;-0.853128229662134;0.440654187921032;0.105928118181528;-0.184427543984427;0.431962663583926;-0.0304010696604516;-0.235295401844619;0.00551828215843497;-0.316494473427454;0.907652496278135;-0.330734616810878;-1.6357836080193;0.00817367817595547;-0.270982923194097;0.0269100645007059;-0.554759070946433
9350;-0.304080459098175;0.509802983819501;0.251763484626369;-0.183866848753691;-0.0989772884861718;0.0718912011753116;0.121197535644811;-0.339151756211921;-0.912060698527909;0.536981288042433;1.52658897893953;-1.42891299304997;-0.118018101449309;1.18056680546546;-0.878852823977434;0.43619836180149;0.0807923401359406;-0.202939115164406;0.436585459937095;-0.0369818832410203;-0.233168773188162;0.0554308039676876;-0.291989588383056;0.930829701952703;-0.304348668605597;-1.70768227122778;0.0131000826421176;-0.223363009438415;0.0609081841841206;-0.505886313215711
9375;-0.269121698085799;0.524942774093562;0.249765849774161;-0.185655139622484;-0.104934398869151;0.0780049722523432;0.126977840100785;-0.334115456000018;-0.851394838593655;0.469296452702682;1.49272750642486;-1.44354514236061;-0.0932546528303289;1.1992576867099;-0.880130715555242;0.464296616747536;0.0829910973688685;-0.207239658183804;0.381291997976005;-0.0597166741263427;-0.223530265970562;-0.0262800512375854;-0.321424341545013;0.907790269120915;-0.279320171143364;-1.75132556931152;0.0191397766595961;-0.231056859662411;0.0632300679323741;-0.523760019153276
9400;-0.277995865920778;0.561514304987447;0.219240619349382;-0.218821134089327;-0.0710591130600674;0.0668307773182925;0.0822876452615243;-0.352401118627008;-0.866837198720315;0.379916811833388;1.48338703909754;-1.41155047710037;-0.11765246302414;1.19102458553154;-0.800725914955806;0.400865794014549;0.0945184088227304;-0.188287066469696;0.382029690805584;-0.0717385615609066;-0.261479850575989;-0.034726053652619;-0.285206270793362;0.93772899508649;-0.228418758152062;-1.80320097157803;0.0456790795955369;-0.215718426132119;0.0982174193662704;-0.522778304021936
9425;-0.302681818248298;0.611501993088556;0.210465519566694;-0.0735070821692081;-0.151868346349814;0.0708783937502699;0.0786312801230596;-0.336146162939415;-0.864932924699711;0.308893268803339;1.50697880850839;-1.42403598120669;-0.112536231711295;1.17375160683764;-0.791323107702121;0.345462598118659;0.0901464992582463;-0.182367903798418;0.387189229166459;-0.0763737104100178;-0.246296251719463;-0.0200906809314716;-0.323134690282214;0.915292288923831;-0.215135399987259;-1.88255379557834;0.0914459327664171;-0.157026046545238;0.12261553791141;-0.501185508836817
9450;-0.283660773005898;0.621345588526732;0.197685064620207;-0.10654470662544;-0.147767667473153;0.0553949437367193;0.102552194438768;-0.334845952472194;-0.830156689824765;0.209835969771447;1.5064244783401;-1.47464456759728;-0.0235328203475853;1.17653784929299;-0.781504291453143;0.342479537655718;0.0873159589709386;-0.221727910926663;0.408492090118046;-0.0745962193330355;-0.242738253070473;-0.104020820772956;-0.35703727352377;0.937477791239689;-0.242778172269801;-1.96306361625259;0.110298307291257;-0.144986489146671;0.158038665373058;-0.532067140396167
9475;-0.267640091315141;0.643931427048455;0.129322970624764;-0.0640655911570165;-0.130457022280376;0.0433426173891049;0.130198140192142;-0.317286781935975;-0.807851262897929;0.173359897841369;1.43441632734189;-1.44511191969904;-0.0676279122341233;1.19540618903275;-0.74827518025522;0.330732037313922;0.0962378324693588;-0.229404390553397;0.408793341008991;-0.127604263060835;-0.247051803201176;-0.135654897633721;-0.351301005861531;0.932809346783232;-0.205668452818295;-1.9835907919222;0.157255552862137;-0.169287758544829;0.159693910385353;-0.552799512243719
9500;-0.283431223272187;0.654897842586663;0.141568878447595;-0.0526421817047012;-0.150856752514629;0.0769534516474823;0.151819477095481;-0.301941292551036;-0.780352401631005;0.127399026131804;1.45028434702985;-1.42779751894596;-0.052928782231573;1.16606211223712;-0.708171375560144;0.343308505361314;0.0976722058435816;-0.183491564935295;0.376654372117398;-0.140343179764605;-0.298378129712539;0.01727328120841;-0.359557662037471;0.940508763418095;-0.202795498484189;-2.02385629820991;0.218782359131761;-0.124886958756158;0.191940923505662;-0.551246043917875
9525;-0.288782840759977;0.646409652702699;0.0979508569928691;-0.0461004796442484;-0.130382692577948;0.0630519604189358;0.159866329107787;-0.277812008986673;-0.79369459573121;0.0554544154374951;1.47899721288178;-1.4741538110722;-0.0575233720452509;1.19723800841479;-0.677521177280878;0.345959618830824;0.0811369788441764;-0.169543053673597;0.323984814206286;-0.124097606721458;-0.290481693691894;0.0641399441394406;-0.308420971936878;0.968924542413182;-0.176744546710374;-2.08870995161587;0.250216085337554;-0.144920591513082;0.230638973772398;-0.506220350341547
9550;-0.287657164662705;0.659366420226823;0.0208160793980618;-0.0134001144339373;-0.1492754127302;0.180926463414075;0.205204460581571;-0.231017557190463;-0.817623518547662;0.0189427647145214;1.45554947360965;-1.50935399818332;-0.0349678075943465;1.20294825428208;-0.628230071998491;0.354792623597833;0.0915970487274419;-0.175658078473144;0.350013223718701;-0.13170360836437;-0.24048394100442;0.0545440357505387;-0.34903470846806;0.947319228038046;-0.121093999294062;-2.04655167661232;0.313721953354475;-0.156894751349722;0.227662614902513;-0.504780773715124
9575;-0.277579627357508;0.649747760173421;-0.0421431133954884;0.0162436619039234;-0.149594283324579;0.100821257495781;0.202625325639104;-0.22910689048772;-0.830248778097847;0.0171066264865937;1.49903902727994;-1.53928083481242;-0.00766146081389478;1.17754107413866;-0.588285138642088;0.335956374854034;0.137828488372227;-0.194187606394653;0.405283049893979;-0.260209425463115;-0.273780190612349;0.0150104983943671;-0.364122118902874;0.931982824060483;-0.114631657643874;-2.06400313020264;0.330838890861864;-0.104721255200722;0.261443773134862;-0.493005985532135
9600;-0.313647941494319;0.632881118933284;-0.162050559758195;0.0103194784789599;-0.114861277815238;0.129338659392546;0.198181300103747;-0.198250626297605;-0.828802538539289;-0.0354047731354026;1.57383815115206;-1.58621119619156;-0.0656582998716817;1.1464534436437;-0.568678338423454;0.28359721982339;0.140513331008279;-0.16154015889045;0.414791006517205;-0.348247507216781;-0.291722684225265;0.0374595129604292;-0.352920323089275;0.946807408195213;-0.1014121545412;-2.10220761481127;0.348565615129377;-0.0982686108242357;0.299714789003301;-0.497762498605256
9625;-0.326307575466079;0.686569287017797;-0.241928320045556;0.0417020864287889;-0.119502439119509;0.106566547143407;0.233503487973436;-0.168941734734473;-0.852311249983261;-0.0153814143722087;1.55306337102362;-1.59461099018342;-0.024005176143183;1.17280315272508;-0.514562920507667;0.302051360062692;0.177231311116506;-0.177523406854661;0.449368775517477;-0.400052102580986;-0.296779510246325;0.0767178446871475;-0.342082640171821;0.952851667928427;-0.116306734228643;-2.07549870802358;0.386276964921214;-0.0813338101562806;0.277687950904538;-0.496512736197738
9650;-0.375670090473828;0.669423065275045;-0.318984863819639;0.0270550038353154;-0.102228401445611;0.110516933763907;0.228969418987676;-0.0939090844679046;-0.886387813777568;-0.0420863711116067;1.51234058923327;-1.59852921961357;-0.00620452716681412;1.18723694331756;-0.526842220094888;0.290743973124748;0.200345265012707;-0.190631521364892;0.475235487907143;-0.452968214166937;-0.306898745093063;0.0677589833438461;-0.317579754217379;0.960154525946704;-0.126646248600502;-2.06552145584473;0.39893053667628;-0.068933690491952;0.311582980967583;-0.468497149034804
9675;-0.421926186274086;0.672848377186201;-0.397984378047411;0.0327088619263444;-0.104152729213707;0.0807459256880178;0.248521431498281;-0.0570334251337979;-0.913450786165317;-0.0990657894192025;1.56868696569931;-1.61732382829221;0.0194890838192383;1.20296160711822;-0.497391190019255;0.272025329364019;0.187998815368416;-0.226886889170572;0.442161120676291;-0.548179284947884;-0.335836822674734;0.0414952518935385;-0.31574679482031;0.984313581087596;-0.146943498703894;-2.02007451720801;0.434325271223325;-0.0961390722710283;0.318512453607331;-0.469878924557668
9700;-0.462358382107397;0.675772262641799;-0.454146092474397;0.0411203016435437;-0.0531460397208651;0.0807472178438357;0.249127376407274;-0.027070649491402;-0.98893243851691;-0.108087982509209;1.48388462831167;-1.64352938778154;0.0707319420993228;1.19274025225734;-0.495553462727696;0.229286882575058;0.197379898254892;-0.237763167855303;0.468986625309469;-0.494453903276722;-0.297446803812331;0.084707055276213;-0.280245476256873;0.946068432212082;-0.132067411751767;-1.94532675973016;0.454323660620779;-0.0686703823771353;0.323390117298376;-0.451137395491427
9725;-0.426423893813878;0.702999730206675;-0.500708204400477;0.034861133783083;-0.0664771652696933;0.0883804000017611;0.249683289493606;-0.0267718145108276;-1.0730771572137;-0.0806751810566522;1.60982066712678;-1.63190988784212;0.124178731547451;1.21995712352472;-0.475298235345078;0.18147204758394;0.215386433019252;-0.239305726126284;0.495941617444069;-0.490777262446744;-0.33839219812225;0.0597748744827638;-0.290964135191009;0.957374819974373;-0.103374121320735;-1.90039315243816;0.473006890975926;-0.0967102472129691;0.331376654722742;-0.472399967268543
9750;-0.66589633055498;0.701927689053262;-0.53662886486649;0.047501187699233;-0.0596287435672064;0.080655221780782;0.311558591655742;-0.0124734064284072;-1.16008465655494;-0.0985288754407639;1.53927271022445;-1.65155333420359;0.16857427047222;1.21975548665723;-0.446559620382481;0.134873931611768;0.232279888290392;-0.243675360371274;0.485426014304636;-0.514736504572672;-0.334296004207082;0.000195629505779005;-0.245123688192542;0.985946364394044;-0.115675117680949;-1.84375796420386;0.522776666644274;-0.132892688742171;0.329350033854771;-0.436617066465158
9775;-0.707809708046271;0.733719726866962;-0.62279312635415;0.057756830880058;0.00957875278464968;0.09228914425715;0.241507069019082;0.0417034937765727;-1.21721995982078;-0.0913716493524293;1.49375793631857;-1.66426146028226;0.219398103144536;1.23536538958513;-0.31911310368642;0.122371464495276;0.241009481882031;-0.261580801618118;0.505217811399562;-0.52407110170393;-0.313553896331848;0.0156170190767606;-0.261370368598885;1.00182191892649;-0.124366515072012;-1.8036085366242;0.546193636635589;-0.159636895032675;0.354676280063751;-0.425239011081726
9800;-0.754098756264472;0.860412459549762;-0.654133549531503;0.0608190112576907;0.0223461258452474;0.105200200571793;0.286740996536728;0.0456764154554864;-1.27113205597972;-0.103221716003691;1.48273180302902;-1.65924418110559;0.247134155267856;1.26244657098278;-0.369800552236968;0.0874874947277569;0.224286934945947;-0.258255076356381;0.529262723503867;-0.515374625252077;-0.376139807667906;0.0326269825932564;-0.230171073490075;1.04246239368824;-0.144680880805059;-1.79703467503766;0.540329211567942;-0.197906267458852;0.358821420456428;-0.279006826129366
9825;-0.825324738533639;0.772993004511688;-0.659899068201354;0.061690915237405;0.028703014928905;0.115819168366476;0.26310538199183;0.093534689215078;-1.35195447776411;-0.106806092806689;1.51576375384329;-1.65151105612886;0.343016869993423;1.24708129141327;-0.401742548800693;0.0468985126284149;0.248233430821785;-0.277364805206782;0.5494109693976;-0.489837434179553;-0.37891606147794;-0.00244741110090341;-0.230086136361685;1.04065833260791;-0.148560501734587;-1.68857242478445;0.596846130845683;-0.173582792415636;0.385858273676143;-0.432468969981275
9850;-0.895881862783722;0.772416724837526;-0.697896725378297;0.0711903022744624;0.066690909603707;0.0920992894854737;0.271904988789993;0.0940378814520947;-1.47146513728744;-0.0899183806945284;1.51190866043455;-1.66328199887419;0.366113976999825;1.20397214373381;-0.39304377172995;0.0119910465664645;0.289342423459391;-0.249116786224482;0.527774412667914;-0.460987431544953;-0.391190237744022;-0.0365701241478795;-0.228786488740805;0.988114233940236;-0.100075726468297;-1.57475749893855;0.605809125034602;-0.188978254090388;0.398702176548734;-0.404560712484117
9875;-0.953399148590526;0.791909603582013;-0.740338424611554;0.0659162274422251;0.0829337119673555;0.0800738284935922;0.257719193603789;0.0876579675862451;-1.49387048316184;-0.0528747732608453;1.49454521453293;-1.69103710487459;0.404493793795078;1.24112776467473;-0.326126014645055;-0.0296674918033002;0.316654853116424;-0.235871662881957;0.54442086264463;-0.466543913712402;-0.45928969601583;-0.0551035988471502;-0.28205748736578;1.02285663355737;-0.112489984646094;-1.53544350841266;0.599633568234908;-0.206472756468116;0.40516861874159;-0.444623555183666
9900;-0.986022818457161;0.797358974791447;-0.757501097103165;0.0788968092260691;0.113349569348511;0.0979072491019621;0.234702163919923;0.125469820541883;-1.49322180842786;-0.0836138825529954;1.51478732412198;-1.68969744829943;0.454877260921733;1.18472600732344;-0.347590131711924;-0.087346517722426;0.311194512489806;-0.238298458999134;0.570378575859515;-0.627132694878541;-0.439911962070502;-0.0586308203124613;-0.293278435105874;1.00301893971841;-0.14080885324303;-1.47865278836388;0.614631410333064;-0.202134867495953;0.39952297547018;-0.428998540909657
9925;-1.01742574938963;0.837212747000747;-0.751484934437496;0.0868356573782533;0.168788524705295;0.104321902360665;0.218712095152982;0.137239051598046;-1.56575548925506;-0.0996194395975217;1.47392396209485;-1.67711051778922;0.551565976699467;1.15146299233912;-0.291836540789783;-0.119407760455987;0.315269208038632;-0.258044503988365;0.595004835387604;-0.427998736444314;-0.440334739966448;-0.073683523930258;-0.346606136894807;1.02831831350895;-0.106864515245269;-1.42192332712467;0.612198114073927;-0.191866369826513;0.397164287612137;-0.454118727936933
9950;-1.04517239244357;0.89134871990704;-0.794169850726503;0.124810726638697;0.157224697790322;0.0815458299375346;0.199412384813308;0.127268459053445;-1.6513795173615;-0.0439337343372093;1.46642166163001;-1.67498826206867;0.609776587379469;1.2021668984625;-0.320265123756523;-0.126900024013668;0.334644003140646;-0.211393853840662;0.571838315278641;-0.379413605391;-0.485933561229235;-0.108698868391018;-0.380256166874494;1.05544658124563;-0.0647307076631867;-1.30993145680344;0.674573685354987;-0.185588873396992;0.39273818869447;-0.442694766283994
9975;-1.06111345567156;0.879472411476443;-0.810656875245789;0.141741616065908;0.19177251190272;0.126926918344238;0.131388082568003;0.133206710910564;-1.63124448794991;-0.0424929093888725;1.45609641550044;-1.67467429790854;0.665362535220761;1.13328396382067;-0.219259221683393;-0.130375678978851;0.367225789446581;-0.228301275927149;0.627083411737322;-0.328231833827222;-0.501891090435531;-0.115782829534808;-0.394313881865852;1.08131641928898;-0.0431601919101867;-1.28492591016438;0.694978933966258;-0.179010511035791;0.343853847236786;-0.480602974227051
10000;-1.12170799476206;0.868358468407919;-0.802706995373943;0.128929868993822;0.206318860444928;0.149581751138444;0.137679446226551;0.146702472692246;-1.67689907366955;-0.0719126543130849;1.37121395239394;-1.68131764998784;0.686935951180331;1.13370592409392;-0.334893636090378;-0.224454206061341;0.379229905542093;-0.246873556962019;0.642217464766942;-0.353089287253424;-0.500605604758329;-0.131621776515677;-0.502070219639595;1.06420021152519;-0.0184129235918178;-1.21300875368347;0.713277764759755;-0.170879647010744;0.329701662915773;-0.47001557784881
10025;-1.20438377507398;0.87994417648609;-0.812425107354035;0.119814701554191;0.249354370788628;0.154870407420703;0.0606465366723824;0.175928114394266;-1.72924040034826;-0.0498870271815447;1.31230152837948;-1.66543274470095;0.694709908456797;1.12401182829204;-0.43465156021941;-0.229929549235148;0.383833486575389;-0.194577568729029;0.593128690345687;-0.224876978226132;-0.505808078790906;-0.136759640010207;-0.488674175062562;1.11973301036553;-0.013272027019533;-1.18568766553834;0.724705770604372;-0.158922927095384;0.292718023625403;-0.499558368645242
10050;-1.23534498180661;0.879274194594958;-0.829757233927164;0.134981780600795;0.245933571621585;0.201109283999683;0.0509973648233305;0.23178817712112;-1.72852664069843;-0.0379566279035105;1.29637384616607;-1.65533827728561;0.713382182785733;1.096675661985;-0.496831873550249;-0.242162567699111;0.37495462919937;-0.179007139182814;0.608255512296773;-0.161831609774797;-0.527163654678126;-0.130123937341191;-0.529150795337241;1.13647537116385;-0.0173066690649133;-1.13597487134379;0.734605882090277;-0.139311594957283;0.26998127665867;-0.533553142130697
10075;-1.30292572469259;0.744114640505336;-0.846037140102535;0.127162271031366;0.284555916373626;0.192419748760084;-0.0254343370318847;0.222738890294259;-1.70971769217161;-0.0442576218839173;1.26587941577665;-1.62121902889713;0.718492977855294;1.0512791101949;-0.520379321065266;-0.266928985566333;0.348198857831657;-0.135952568172309;0.618082949475127;-0.0882482595831867;-0.553773443871475;-0.133250328706813;-0.559574309876767;1.07450469829262;0.0650909728252245;-1.06238445556527;0.736137321866948;-0.0813956065152297;0.226933920474878;-0.530260770131573
10100;-1.36396124855999;0.868989886881694;-0.862794693409712;0.151119386464031;0.285097039839914;0.197856951143852;-0.144029465616825;0.234214168299303;-1.70579638508473;0.0182252784434781;1.36295679695436;-1.58967264727482;0.703866882618245;1.00825819834752;-0.54780657288246;-0.326783732089376;0.352035905409649;-0.113017316385085;0.623727025565668;-0.166940927980747;-0.539460237430017;-0.123847243713903;-0.597947459470567;1.08137843591431;0.0576259271803048;-1.0617331741419;0.753811995659423;-0.138360614872608;0.226235974204215;-0.734366732006494
10125;-1.37262864183192;0.858852601200398;-0.856593504846249;0.191159719330179;0.373496461716073;0.166392238161531;-0.215160819616914;0.255541180037437;-1.72094675074393;0.0382295660171876;1.24332539609496;-1.57291558747881;0.672348901882379;0.949753600377678;-0.59138622435501;-0.354863330356367;0.338556640137653;-0.0945924919006701;0.65366035960603;-0.151196818549102;-0.531413402424983;-0.0953031457009759;-0.625433483151705;1.11700908332724;0.0189523948605865;-0.973760525264667;0.776391777985734;-0.116566232214748;0.149471823914581;-0.5921991910632
10150;-1.45871666722901;0.881909247203628;-0.937451596521218;0.173034129581291;0.305531748971486;0.213481122906762;-0.32673039185043;0.235555724022714;-1.70784981510785;0.0293142561614683;1.25286605662438;-1.53093453679127;0.657283623509974;0.869697586376056;-0.666580904276677;-0.319806961412365;0.327828017595941;-0.050472361158227;0.667245701782667;-0.0663593461292772;-0.524637571424484;-0.0983073468862032;-0.636736827240073;1.10411093070477;0.0269715351957638;-0.962081059240836;0.791994325983056;-0.0746040022557981;0.121946440108434;-0.556710789163864
10175;-1.49012148021221;0.908895168306849;-0.887869059082548;0.175868484507388;0.32013562957026;0.235284778193486;-0.405135375802477;0.236101666565282;-1.70861795432481;0.0513974600595892;1.2117540095939;-1.45840962975595;0.584181783577284;0.766201424580762;-0.651683067825074;-0.354695640714935;0.275308527276436;-0.0431718557061248;0.670978364972172;-0.153532630797136;-0.506950814636843;-0.0999479145333957;-0.630673529455688;1.09485472318956;0.0607602003057579;-0.98501640267433;0.810014080972492;-0.0512838089909114;0.0662866736548817;-0.531561913652402
10200;-1.52396834912086;0.74923220473782;-0.827107971887074;0.202259204976163;0.28350788481187;0.238998496927571;-0.488830073812831;0.187056829782253;-1.70492916693404;0.0725862298604984;1.23553858684407;-1.43901162844731;0.500961761636831;0.67064070505817;-0.66018438469355;-0.37546960648323;0.245314442780896;-0.0432577742885992;0.67193102171565;-0.0110310036313429;-0.479016149536121;-0.108992091208515;-0.637224566720058;1.04977693699511;-0.0583674456899166;-0.987367008455608;0.849706382288719;-0.0706621320146326;0.029636562784251;-0.553395214991338
10225;-1.53426091913702;0.737408328433016;-0.837075357155494;0.207371188495072;0.310432558151618;0.271587594981383;-0.60948209974367;0.186061422005644;-1.68231447657403;0.0964131602682649;1.19890175098771;-1.4317516413706;0.422276580119564;0.591001782354627;-0.706948451849467;-0.384065512969333;0.207827706419805;-0.0344120208507991;0.682399719818285;-0.000670378746388067;-0.495327658360827;-0.14262267574228;-0.598568057090144;1.0867119655719;-0.157629276647708;-0.97248305144511;0.89686556945862;-0.0342072911052674;-0.0117489455923565;-0.586877915392777
10250;-1.61057596834854;0.614297647990037;-0.780022528948864;0.205359900177555;0.41639190831806;0.280329224628214;-0.67885359858476;0.219288683521391;-1.67997457562141;0.177268093907687;1.20095271640349;-1.39005253733709;0.391256657631807;0.554144369621999;-0.711640878952033;-0.359961727558312;0.132561955926116;-0.0317601684696794;0.667275339391973;0.0174973693848232;-0.468167028499874;-0.186513798043525;-0.599299130461868;1.00510983874675;-0.192889914693945;-1.02217475431182;0.890811668160988;-0.0288751947023301;-0.0411164894964069;-0.563294175287577
