;1;2;3;4;5;6;7;8;9;10;11;12;13;14;15;16;17;18;19;20;21;22;23;24;25;26;27;28;29;30
-500;-0.0119052372701568;-0.0757670308400793;-0.0689639055492393;-0.0424351116480708;-0.00599544725703045;-0.136787979725921;-0.0886463249206677;0.0167736271940635;-0.000183239690307024;-0.0532725376065053;-0.0297556351613195;0.0634275825478063;-0.0475079364505548;-0.10666547148291;-0.190313936926781;0.015511995196832;-0.0302214841430471;-0.0528736673010118;0.0456854228220548;-0.0128354368839413;0.0227680798521912;-0.0874020541141951;0.0158560384140402;-0.0847638150384667;-0.0811580900799523;0.0326861727756855;-0.0346049317284949;0.0238626193507108;0.0208242105532238;-0.0129127133175578
-475;-0.0141414542560615;-0.068785260740571;-0.0692901236838975;-0.0375946097608699;-0.0111087521476833;-0.133314484593054;-0.0769275918536552;0.0196826146323659;0.00502348378948754;-0.047656443637289;-0.0281619014625771;0.0586719047112502;-0.0345672092898868;-0.0996257134116196;-0.179129739883826;0.0129245376391939;-0.0273268635790403;-0.0545769626229716;0.0366873591097979;-0.000357047508892849;0.024278710956572;-0.0875104392287523;0.00996928862091986;-0.075890702996258;-0.0772563091362711;0.0246927877288228;-0.0236888277582421;0.0177090533479023;0.005012395408558;-0.0191980294094394
-450;-0.014536505871054;-0.0586434056766642;-0.0701916814355049;-0.0296133495726398;-0.0158920412149705;-0.124558230386769;-0.0657392391856291;0.0221517541177772;0.00711955461824894;-0.0397096942690767;-0.0220977907402025;0.0543617528389619;-0.0272462398101654;-0.0911209799275325;-0.166293757605098;0.0127433137430332;-0.0208050296983138;-0.0531574591568963;0.0271585672477922;0.00770907813166057;0.0229170006673666;-0.0635943601142642;0.0113001502666074;-0.0651106079169939;-0.0665512269481804;0.0210672383894901;-0.0164027758048409;0.0104934621801933;-0.00694952593940559;-0.0176147320609513
-425;-0.0161537784608273;-0.0500204458167128;-0.0681766240869105;-0.0185702300561748;-0.0170312793403808;-0.116909983891356;-0.0558338459974069;0.0256243575973576;0.00539331083089452;-0.032658674075686;-0.0152010109848246;0.0503889045017116;-0.0213319131843495;-0.0829847588497405;-0.152324221489508;0.012944778016378;-0.0165619891556257;-0.0490841999399719;0.0190951423506659;0.0179379539841654;0.0201373785537781;-0.0470145758600656;0.0127215958851296;-0.0532070025760794;-0.0562241184818696;0.0179606233702334;-0.0145654342985793;0.0076844577708155;-0.0115552766906461;-0.013674166362726
-400;-0.018502316922067;-0.043665295684359;-0.0658013019759941;-0.0145177006849775;-0.0198994191765904;-0.106647692207862;-0.043775651117328;0.0278275790534322;0.00727537943438024;-0.0240130407661883;-0.00929824892524134;0.0450417175273454;-0.0130383264604363;-0.0759388765381774;-0.131646965193868;0.0166069494948088;-0.0097690404525959;-0.0441600692955345;0.0110059466464611;0.0185372414764374;0.0190439006915084;-0.035601386121787;0.00388627369005325;-0.0427634503197583;-0.0430921517050896;0.0185765166525977;-0.0105019426791742;-0.000881064138286147;-0.0122666665674852;-0.0222342028304315
-375;-0.0202314227751773;-0.036336398263685;-0.0634395163853948;-0.00951818847886199;-0.0254266618204606;-0.0968558788635224;-0.0310719638759254;0.0272394528256213;0.0122813557614445;-0.0163829652133409;-0.00387415473248054;0.0403815530325832;-0.00528864469034662;-0.0676047752273425;-0.108703567629082;0.0185307932704072;-0.00312801882018081;-0.0418833442796079;0.00170047377291151;0.0184295271806417;0.0159094932046746;-0.0310962261148549;0.00339479788060428;-0.0318857470596329;-0.0285612881069849;0.0175441611064164;-0.00584116351503088;-0.00485545767653917;-0.019749718938611;-0.0306416251060096
-350;-0.0190278641683949;-0.0297870008321017;-0.0602402864095471;-0.00936404925211343;-0.033251363912131;-0.0822631723987012;-0.0202824100125268;0.0238398755134615;0.0158555025751536;-0.00816654645502224;0.00484304234600885;0.0372790669259632;0.000376572862818669;-0.0541946735202718;-0.0829885821458056;0.0198380715398669;-0.000747391809069731;-0.0332893821746661;-0.00358780051787697;0.0148712204487495;0.0101347213042157;-0.0227356555422989;0.0061889456190273;-0.0217590942845743;-0.0136768638680099;0.0167270185203379;-0.00256509067841808;-0.0100002879780747;-0.0189669152433726;-0.0357079576401611
-325;-0.0158705395409421;-0.0264726489185442;-0.0554044157217951;-0.000383121472884662;-0.0342795894392513;-0.0667578824941314;-0.0109735604739221;0.0201731891848019;0.0177943433591578;-0.00316866040374952;0.010150775114725;0.0304908549209219;0.00321615051251456;-0.040661276102679;-0.0594679723462122;0.0213324575724284;0.00207524903216112;-0.0242737809478327;-0.00562241380679893;0.0130212745187822;0.00278035334373823;-0.0107510931224335;0.00761614213658737;-0.0118122882972288;0.00211975521261323;0.0180615331651188;-0.0034355362841108;-0.0134716457932142;-0.0230582870796444;-0.0343363055369606
-300;-0.0126040119085013;-0.0193061477839564;-0.0480076206902727;0.00511995400502907;-0.0305859348223651;-0.0489450019645673;0.000357598817120675;0.0183958314903956;0.0167637611737325;0.000371408682587226;0.0130168395495505;0.0218636027222496;0.00657034921580557;-0.0287859423294567;-0.0337307720951019;0.0188740427419786;0.00386636497770394;-0.0142663439651712;-0.0107190446973858;0.00643871443156754;-0.00183478247039619;0.0206320964698905;0.00931025381132313;-0.00051936667097161;0.0123242811723831;0.0134854618490421;0.00120390351229833;-0.0148009693004025;-0.0229817044279389;-0.0314779275485558
-275;-0.00856099264729062;-0.013671740234638;-0.0361816706556005;0.00831745395492756;-0.026861495864638;-0.0247744843835814;0.0105611182002143;0.0145922918732931;0.0162289874033168;0.00439781759800217;0.0161066505254761;0.00769752161113852;0.00735857145600871;-0.0169879890830615;-0.00843373963143179;0.0191961023039337;0.00894937069443853;-0.00439425225169208;-0.0152018168686757;-0.00104160713292587;-0.00570496589065654;0.033188277601323;0.0085988064570576;0.0142902452138784;0.0190237811258815;0.00873926034570371;0.000142925970595797;-0.0166445994942703;-0.02524828702013;-0.0211330922694255
-250;-0.00266922079877743;-0.00273527745027331;-0.0196308372299559;0.0107492951045918;-0.0214646936816778;-0.00360379582519452;0.0197688349625562;0.00903984750057778;0.0171770836092632;0.00710478324106267;0.0188190538136805;-0.00268645589659138;0.00750058776688256;-0.000925068230518145;0.0164261013540745;0.0136679885738062;0.0114107736605206;0.00649404557668012;-0.0142239460563648;-0.00854804365003479;-0.0118201434182468;0.0667454216912835;0.00499434410032231;0.026081034328933;0.0247610382248164;0.00385585881058526;0.00431016446532713;-0.0155905373390437;-0.0229475500173281;-0.0167302612553273
-225;0.00287127277158659;0.00647949483900727;-0.00249964736220241;0.00836259901208591;-0.0122141202248982;0.017874434065139;0.0292467348466536;0.00471217120827565;0.0160256300798029;0.00941786422443736;0.0214342328212;-0.0110712279743721;0.010801717219457;0.0167350833596545;0.0420753689419922;0.0119715236925554;0.0165266399514538;0.0155216448260659;-0.0120044090332151;-0.0115596563906875;-0.0168353359637741;0.0744193762778626;0.00472711561631103;0.0368873407360287;0.0299997626280536;0.00123556674921521;0.00894940221268765;-0.017179337412945;-0.0216413403628827;-0.00962152464533244
-200;0.0077311517397157;0.0168961649242215;0.0176969081048933;0.00209220649024089;-0.00660444407542244;0.0385187695272965;0.035925566853127;-0.0013179621089296;0.0107472041983824;0.0138126427143717;0.0234159400888123;-0.023249155874817;0.0115360072556454;0.0362434564008934;0.0657302664563053;0.0118391591445514;0.0160595600879953;0.0210895454367107;-0.0123872947586841;-0.0184092221073254;-0.0198161702657705;0.0790332379074294;0.00413839567385912;0.0467000501011609;0.0343709206579236;-0.00198952944410791;0.0130099433242121;-0.0122191817625692;-0.0109914286469498;-0.00775498380425326
-175;0.0118135128366418;0.0300239470763591;0.0360232363713554;-0.00329848395449539;-0.000820633968285422;0.0560627419848722;0.0413573869559542;-0.0083412969349776;0.00452020462622067;0.0192626632679249;0.024613235739068;-0.0312993290039279;0.0136535186094999;0.0526964170550364;0.0878799497474256;0.0082764379041528;0.018474026028231;0.030505789979859;-0.0137884080144271;-0.0138290456983804;-0.0204540359461816;0.068213849945123;-0.000446014615531265;0.0546792340298862;0.0356653758333966;-0.00446199994448082;0.0172188205772851;-0.00408126947602017;-0.0026245149155423;0.00120483161359815
-150;0.0154369603367971;0.0385740597922726;0.0529052499224435;-0.00466811286926849;0.0127700631085435;0.0789116543048151;0.0452977998155168;-0.016705691502274;-0.0049999724226049;0.0219216367236155;0.0212220790299942;-0.0396059691400082;0.014481094237162;0.0671566893302207;0.108974891543328;-0.000509095101296353;0.015241658802124;0.0391673762774944;-0.0139833512912878;-0.00947537975812893;-0.0179933529884902;0.0643115353723569;-0.00332520532503464;0.0560853192543095;0.0343246261672551;-0.0138125009549313;0.0192663251589995;0.00529812913795014;0.00624543209729631;0.0148996630054558
-125;0.0170513448685431;0.0453937700475398;0.07090959932927;-0.000603152388544581;0.026352848794375;0.0990121475465126;0.0454323600596569;-0.0269840187449537;-0.012898429191004;0.02372590830069;0.0129414304658761;-0.0461684902500297;0.0152671022927686;0.0810969749075486;0.125538242717958;-0.0103754744132521;0.0150743362119558;0.0436554418437111;-0.0126745867019219;-0.00803216110485914;-0.0164970360516974;0.0468258528019516;-0.00898067824926061;0.0519843587537431;0.0328709755739446;-0.017832939531172;0.01240146914481;0.0101302460446606;0.0171003395689676;0.0206136109546346
-100;0.0175657964780359;0.0504906946762609;0.0891051726955245;0.0160768323939695;0.0363084299899535;0.121055027511361;0.0442877210612329;-0.0358028664498224;-0.0227661528374888;0.0247388160432309;0.000617452337779989;-0.0563709456892783;0.0121179773152509;0.0876190436061007;0.139643992517948;-0.0264125138036869;0.0101625079930518;0.0483912226097533;-0.0114669199138341;-0.00807046015158073;-0.0185439694462697;0.0167987618477345;-0.00845987504716836;0.0408263741651406;0.0308876706541964;-0.0257228958874796;0.0075472900412878;0.00878033560011393;0.0283741589341043;0.0239395903503985
-75;0.0214051120945352;0.0584926960093602;0.1029911257746;0.031564146810952;0.0482132148610846;0.146257540562148;0.0411326882446545;-0.0431293720973355;-0.0340425744235584;0.0254138169766382;-0.00995692236979617;-0.0645171718279434;0.00892279307790389;0.0955266134798439;0.154512276724028;-0.0427842181190435;-0.00191386909442897;0.0504757109897315;-0.00911105429139756;-0.00724572916764274;-0.0145805059475799;-0.000967374644601993;-0.0180229449264965;0.0267030997996444;0.0323322910587244;-0.0295661063368671;0.00773406475258849;0.00267826476368538;0.0315342713734415;0.0432549551994363
-50;0.026820663620228;0.0757698695536564;0.118457752518596;0.040902647059317;0.0616143525392645;0.174632019541271;0.0383478712362521;-0.0485659738007795;-0.0390066849114148;0.031070673504201;-0.0206094109743276;-0.0701569407471059;0.0138517096885957;0.107818326577406;0.172901934327074;-0.0614239258049119;-0.0044597768464159;0.0553066533031012;-0.00629560730011001;-0.00602521365164397;-0.00497317411811298;-0.0331889080553245;-0.025045554392869;0.0191886303369192;0.0355848699062808;-0.0451142326794922;0.00533079601092474;0.00623193469737982;0.037340662336942;0.0681109119299485
-25;0.0335075298731669;0.103069955322907;0.139738586469632;0.0473809753077876;0.0761769676525641;0.209094251691245;0.0415349063841221;-0.0492054105523509;-0.0383087479831077;0.0437905311500963;-0.0282256564814023;-0.064478774935858;0.0233261183754259;0.120602919986605;0.19935023061658;-0.0727529235917355;-0.00290702384091772;0.061352031092249;-0.00026625869770367;0.00848399303403915;0.0110838339331311;-0.0503063369963768;-0.038421875615482;0.0142863884403201;0.0422547001108885;-0.0561319946847181;0.0144905975758746;0.0168558474779534;0.0525497455774032;0.10101395873366
0;0.0404323854889387;0.133123596953035;0.164632974956334;0.0518093545782736;0.0919882794743585;0.241024856590211;0.0469713832240208;-0.0450987631908219;-0.0293468786364169;0.0610730354589957;-0.0282971672197776;-0.0465582815055301;0.0311838516339309;0.129781010369622;0.222154795652465;-0.074392006608497;0.000415162112890011;0.0709830322382635;0.0099221842934746;0.0265275650207421;0.0299610301449324;-0.0650799004826077;-0.0327307265997892;0.0154006188874226;0.05348851775673;-0.0610533216451088;0.0191560852875334;0.0309329417336255;0.0665806747375458;0.141975090654857
25;0.0512939619190274;0.163123963599607;0.193329647926877;0.0535373501975129;0.113297243651151;0.274158505053809;0.0567068770786181;-0.037007673820872;-0.0236960765806562;0.0824832544445964;-0.02346460403354;-0.0259916808366123;0.0370135419232787;0.14336569590861;0.246274506648555;-0.0702085461609117;0.00740773108827093;0.0851418162827828;0.0239794831859873;0.051946543080634;0.0533515429417152;-0.0771306387062059;-0.0312261992171604;0.0224391906583436;0.056744614332675;-0.0557525820730607;0.025713377608451;0.049428258761637;0.0911637568986697;0.183067697617153
50;0.0610988924984729;0.192845817928025;0.22427735458639;0.0500248391589053;0.133261990330295;0.310409891472479;0.0699414651882197;-0.0238579142274648;-0.019698329195466;0.107554415116962;-0.013189926183746;-0.000883907223634006;0.0532456393401244;0.159580052879632;0.272258794331931;-0.0565119798296477;0.0165081165968303;0.104006637305464;0.0388013993148272;0.0841395937875557;0.0720562808209916;-0.0786136113663301;-0.0279778080376368;0.0294352121878675;0.0667784781977362;-0.0483390614788408;0.0400676852416241;0.0667008421940409;0.124066444392064;0.222196861891829
75;0.0633103079943656;0.219998095665174;0.252934240649925;0.0510276388948812;0.148122768803373;0.346327358744854;0.0829841432241622;-0.00679290119932836;-0.00976371652927326;0.12926690419372;-0.00210478766436206;0.0275691107648414;0.0710292582211753;0.171659543093743;0.298737872525007;-0.0436722783626943;0.0251673468081974;0.120014469989653;0.0526677555414604;0.114445654248208;0.0873409090063162;-0.0834293554081758;-0.0246851514399281;0.0409970465136985;0.0771853458799944;-0.0377070779793598;0.0585204982577585;0.0834789264475939;0.15467065411544;0.263188223403744
100;0.0584779968532097;0.238285384142448;0.279346283901438;0.0476274917707211;0.168881609504191;0.374395577816385;0.100938833614762;0.00653115255887386;-0.000369088563267494;0.145693140509351;0.00527400958247726;0.051868873006085;0.0842376381896832;0.181050004733267;0.319934550689131;-0.037634656173744;0.0359713017060081;0.133098699900364;0.0638398231418188;0.144945637877704;0.0941035294259697;-0.0987125038761419;-0.0199804058673215;0.0475562144032863;0.0834500416717775;-0.0213627557924763;0.067530888112482;0.0958578000978696;0.181201561768529;0.296120376653828
125;0.0463665133653307;0.247084598061888;0.29665188964386;0.0314401157096806;0.186933206645576;0.385608000719288;0.114878707235875;0.0135837719768875;0.000578418788040169;0.157780009247029;0.00647572145546005;0.0708760215154242;0.0915499054485176;0.184833584010343;0.333906261784645;-0.030996538300165;0.0416986680303517;0.138154520043508;0.0632109877442057;0.163282436727885;0.0884750246576149;-0.124125034249454;-0.0177130913497018;0.0477677581569508;0.0870636872525012;-0.0132684329325661;0.0645923443999463;0.0991122494557779;0.20796216840184;0.316667378411729
150;0.0275061289318935;0.243369234285447;0.303324059372888;0.00228649270652581;0.186787467624201;0.384447857771054;0.117097252380631;0.0154982067134926;-0.00992870822110219;0.160820694693166;0.00145404578323327;0.08156815604175;0.0920585813193355;0.180506628304026;0.33844228120116;-0.0355108152526334;0.0364104523504837;0.133361145442473;0.052404821120779;0.169601889215286;0.0635735689794008;-0.16428478207126;-0.025219193751462;0.0356790698685873;0.0805816588723335;-0.0109497825163147;0.0542501055187882;0.0936750611904069;0.216977587594982;0.316595655523118
175;0.00223155873745293;0.217778539782384;0.295581826912355;-0.0410852494576954;0.169745612097301;0.364941626024356;0.1091713426533;0.00344131682938102;-0.030821732796865;0.150956949859756;-0.0157324401940053;0.0782981497933361;0.0811507804824201;0.16617621066114;0.322306550032522;-0.0551828950279424;0.0232060496174519;0.121139618257233;0.0286572558766286;0.156923924139945;0.0271274979261488;-0.196999239559565;-0.0370209988530244;0.0129404025516794;0.0653243916476635;-0.0183211807411394;0.0318800701764596;0.0726118058979461;0.208390306129618;0.289803115795061
200;-0.0361341026333547;0.170957006495744;0.271994531299288;-0.0994301173369652;0.136462494375188;0.322646521308444;0.0855539306798205;-0.0224981133757316;-0.0626114329684886;0.12704677610724;-0.0436992748237637;0.0591197314215588;0.0575949455632232;0.135755292806785;0.287842124076644;-0.0851994496863618;-0.00381009370594003;0.0902701671176097;-0.0142775801627254;0.124219991673238;-0.024604003524718;-0.258123652519166;-0.0608500403719639;-0.0249454711695814;0.0319061688759422;-0.039852236972149;-0.0157599287675161;0.0373089801430748;0.186297600713879;0.242235092971537
225;-0.0857822561258058;0.109744479239597;0.231057533672681;-0.169935837917401;0.0896197310285163;0.261905727907409;0.0442443494176851;-0.0637122942097185;-0.11068781484185;0.0855327477234158;-0.0814157652495247;0.0239836646225271;0.0174324424316445;0.09043288532756;0.233501619821109;-0.135248313560245;-0.0538844843267561;0.039693653299956;-0.0741388827956651;0.0727806625950348;-0.10301227450455;-0.335184331892352;-0.0937366651309582;-0.0776985078994753;-0.0171054129572209;-0.0785228443423038;-0.0831356776217536;-0.0131763175729354;0.14370526539039;0.172393082686624
250;-0.145531184629586;0.0253420958673618;0.165226642110589;-0.253463001453279;0.0291548414887815;0.180495442610524;-0.0103078118453917;-0.123778541518988;-0.173071735148857;0.0189090609381606;-0.138795849362312;-0.0290965071021568;-0.0446757034867646;0.0295117401931467;0.163096601801765;-0.204379264147818;-0.118788583571181;-0.029697805563938;-0.152267790854646;-0.00236928670535073;-0.201307139793349;-0.420745584810395;-0.139747346520383;-0.152654796706053;-0.0817044091069091;-0.135104004452235;-0.171864100923895;-0.0777125519881776;0.0781653162044849;0.083272391392865
275;-0.220601041024706;-0.0799401014657728;0.0830645010233021;-0.350934048430533;-0.0575908270966443;0.0791544436550581;-0.0815447455092125;-0.199535843407001;-0.255044818167809;-0.0677820389683848;-0.212512304031288;-0.105296779776106;-0.12764621806136;-0.0459177342943131;0.0691464807071478;-0.290303371516045;-0.205070359907321;-0.115900414144427;-0.251231666022198;-0.102989307579137;-0.323210246337089;-0.532950482559192;-0.200535849390182;-0.239905336277454;-0.189722218737206;-0.205223573918606;-0.281474027540675;-0.164329586748689;-0.00937837162500457;-0.036041610373476
300;-0.307339560141043;-0.207601381837061;-0.0163470535183007;-0.464023743661336;-0.164361327405328;-0.037858250749926;-0.17400765433325;-0.294832656906647;-0.350220148994468;-0.170162617981836;-0.307400452418595;-0.194077649383996;-0.227001139522246;-0.138502205910914;-0.0448412725947627;-0.384767335669656;-0.309344515196214;-0.216023475791657;-0.364220421644563;-0.219081083305203;-0.450133996642329;-0.66309346617232;-0.272889582253583;-0.346735199166104;-0.304888082828333;-0.288602107988517;-0.410950402433901;-0.261566231150934;-0.123122570703328;-0.175657001784334
325;-0.407167779292688;-0.349145180984673;-0.134257029891999;-0.587642074199554;-0.284862386373151;-0.17352521788471;-0.279172623479401;-0.407586068114778;-0.462505262299198;-0.289876889684055;-0.42297111184204;-0.298061268873322;-0.343191964346334;-0.244928516972184;-0.175468334990319;-0.500992938433254;-0.428749655894554;-0.335030536045813;-0.487473987342889;-0.3513762679807;-0.600120969877588;-0.798916145186268;-0.362131571094438;-0.471299194684647;-0.433806758005514;-0.391913580934447;-0.560639206738296;-0.371274085828271;-0.266934323240643;-0.328696671584914
350;-0.518945148850691;-0.505756729706143;-0.267052445940764;-0.720403443256813;-0.422630034525118;-0.319632813811769;-0.401274712664842;-0.531529388540087;-0.588479988407636;-0.425014240623599;-0.548915637730708;-0.417400473887922;-0.478235564712175;-0.362821698678439;-0.32432996965729;-0.628038208494967;-0.558437674426981;-0.465771567752518;-0.62322123760378;-0.500430276530832;-0.757822515992518;-0.936593669584567;-0.451696091803079;-0.611745156981495;-0.579623625257484;-0.509880089908865;-0.723324023715086;-0.491672787978001;-0.42171602118151;-0.496090805646369
375;-0.642104243705599;-0.670977857880855;-0.405309479428865;-0.85244037562286;-0.571358498600822;-0.476844648229972;-0.536705641741291;-0.669304476571245;-0.723891916620748;-0.57409654198217;-0.687593613448333;-0.548650015758029;-0.622087674927952;-0.49886044324003;-0.486060380222868;-0.765935773418879;-0.701123618247574;-0.604357780037644;-0.770532422278163;-0.65809658361236;-0.928983967160313;-1.09474794319154;-0.558544283743935;-0.761022959320742;-0.736165192407213;-0.63480588245501;-0.899685137920295;-0.6174283068294;-0.589933964728785;-0.673670047604434
400;-0.770292317323944;-0.843691500769809;-0.555595035808298;-0.996777965687303;-0.727872823986383;-0.639820235495329;-0.679559066133889;-0.809638139802787;-0.863744325619424;-0.731824074647583;-0.831228281785058;-0.687999413284564;-0.770824286403617;-0.643303863862008;-0.654089284638273;-0.910151433495027;-0.850169242990411;-0.753006698207453;-0.923512396506703;-0.828793821100079;-1.10399486203405;-1.25558379388826;-0.67173303016012;-0.917593115853359;-0.89631481175799;-0.768645712131332;-1.08349792611352;-0.752826845394656;-0.770836376544766;-0.86450293777781
425;-0.903470418962188;-1.01980752497844;-0.710080642678775;-1.13633096647196;-0.892437206535772;-0.805195795729772;-0.827734171814355;-0.951352978276095;-1.00187104644922;-0.89408080564324;-0.980740696632268;-0.82937331875311;-0.923602429073046;-0.787505552319423;-0.831861692779778;-1.06361818436665;-0.999813218154438;-0.903664531543276;-1.07777009307635;-1.00309307774016;-1.28550276001271;-1.42306995069066;-0.783057264098157;-1.07494685881789;-1.05843088906979;-0.909802707052432;-1.26786225463774;-0.891100432710643;-0.9601878114321;-1.04672878439348
450;-1.03654468379692;-1.19385025399129;-0.860098602512442;-1.27380169484514;-1.05686042731795;-0.963693084682326;-0.9773408020428;-1.09407140867759;-1.13944949784258;-1.05816301982799;-1.13079811319757;-0.970699674424263;-1.07742501986274;-0.935626271196784;-1.00260737251586;-1.21191413164585;-1.15735294028377;-1.05040809731503;-1.23050566115991;-1.1773401995525;-1.46352043694953;-1.58153616697419;-0.902863746360298;-1.23816548560359;-1.21412857614645;-1.05091375841607;-1.45517603412276;-1.02640822315489;-1.14973622065587;-1.22578038924787
475;-1.16746009541169;-1.36241419586991;-1.00648838204693;-1.40213983231348;-1.21211609064539;-1.11533017867576;-1.12772599618967;-1.23284725176964;-1.27238597999332;-1.22155252836831;-1.27867133409145;-1.10793374194922;-1.22798014276338;-1.08123656598955;-1.16984508610644;-1.36076412324919;-1.3065732919466;-1.19716755432678;-1.37480468009799;-1.3479692918821;-1.63040998353238;-1.73324897937334;-1.0160254478837;-1.38736380418466;-1.36461040693424;-1.19142750762073;-1.63546496114717;-1.15586777924741;-1.33161229047495;-1.3893060165737
500;-1.29691163689627;-1.52017627300004;-1.14702155947813;-1.52351292968028;-1.35817719551618;-1.25291036842515;-1.27305163528133;-1.36570841842608;-1.40086988646673;-1.37792232291267;-1.4162971721302;-1.23854861924953;-1.37253498277027;-1.22246646962797;-1.32817183567747;-1.50152236813287;-1.44631765804428;-1.33770394905133;-1.51085604727437;-1.50865017699492;-1.7855344620133;-1.86858499226605;-1.12819457719215;-1.52863713951074;-1.51143722954391;-1.32876405087479;-1.79921555065431;-1.27541249831514;-1.498168237612;-1.53598082370993
525;-1.41696788235579;-1.66681890417268;-1.27524635385562;-1.63729244030771;-1.49754753523721;-1.37533505908704;-1.40933906426715;-1.48934137967987;-1.51901439050378;-1.52385402262879;-1.54383270005644;-1.35962725138412;-1.50669549526711;-1.3544333004028;-1.47386015347451;-1.62656103842604;-1.57354559712901;-1.4676025755503;-1.63672248728207;-1.65648310161238;-1.92627881395949;-1.99226409297355;-1.23963740604841;-1.65636167836211;-1.6413975386891;-1.45280158395699;-1.95380186827587;-1.38252900032236;-1.65447982446103;-1.66337055442291
550;-1.52694370690054;-1.7965843133397;-1.38986528863545;-1.73801570139361;-1.62512234465597;-1.48648521773933;-1.5323480067125;-1.60214343627687;-1.62221198232356;-1.65767776058323;-1.65569016867261;-1.46054959713892;-1.62472977015664;-1.47147956619024;-1.60465265941373;-1.74028750024737;-1.68564743998176;-1.58197319188157;-1.74258462140588;-1.7865174149639;-2.04995911033075;-2.08017815980009;-1.33939170277379;-1.76693821457713;-1.75783265102569;-1.56201268245199;-2.08667576285843;-1.47656163861887;-1.79297684656381;-1.77073063154159
575;-1.62946328181938;-1.90897287513254;-1.48824136481336;-1.83877346901606;-1.73883804179737;-1.58834349265581;-1.6412295284008;-1.70169448891864;-1.71485900256227;-1.77656312880296;-1.75283196359342;-1.54633455200242;-1.7312762987632;-1.57767519118373;-1.72112126172109;-1.83579737736241;-1.78581859478877;-1.68809620554774;-1.83312493776139;-1.89960609711893;-2.15144226968924;-2.16641035858611;-1.42225406626515;-1.86430913018873;-1.86288607617986;-1.65858605310307;-2.19864556474491;-1.55804218223493;-1.90531368594836;-1.8559498313581
600;-1.7217938264818;-2.00137840091885;-1.5735374218452;-1.93255885957937;-1.83821262025722;-1.67191488113883;-1.73765145401259;-1.78908260962781;-1.79386094044957;-1.879798798245;-1.83387259903981;-1.61926246726409;-1.82270470804061;-1.67238125123661;-1.81964934690727;-1.91719565315946;-1.86738202804117;-1.77953406297787;-1.91094017270773;-1.99522707449967;-2.24210350359484;-2.23387543152334;-1.49050328328655;-1.94925583744182;-1.94992530725797;-1.74043949656003;-2.29378656599133;-1.62435760908635;-2.01237533290924;-1.92909427609022
625;-1.80575051970378;-2.08058396488825;-1.64338519794496;-2.01607917406942;-1.91820220801164;-1.74663214145628;-1.81975173505894;-1.86358269184925;-1.860322070606;-1.97008841353482;-1.90126727491114;-1.67686801118989;-1.8965079023467;-1.75311822414237;-1.90652003814604;-1.98278627132507;-1.93598795425889;-1.85378075674973;-1.97493226245178;-2.06694478911623;-2.31729099268296;-2.30213931911472;-1.55339302581729;-2.01946989897343;-2.02262394126727;-1.80674266782258;-2.36901758622147;-1.67807875282277;-2.10345970723474;-1.98405245622549
650;-1.88518848416497;-2.15646760839953;-1.70279145521192;-2.08643747196363;-1.98688998378847;-1.8113741401303;-1.88679781623577;-1.9281775986691;-1.92020333532168;-2.05102033933035;-1.96012927686269;-1.72558335310966;-1.95791552712786;-1.81878286689041;-1.97886769462195;-2.03991616635339;-1.99356484267855;-1.92146227308716;-2.02715918048105;-2.13171226352311;-2.38086609927587;-2.34031958743164;-1.60322679952343;-2.07851937277833;-2.08300967524353;-1.85867948059983;-2.43349771876854;-1.72448361313225;-2.17048859358175;-2.0358693023034
675;-1.95996589694626;-2.22217147752043;-1.75428651525119;-2.1369879275593;-2.04942982579566;-1.87616834680651;-1.9468072456334;-1.98705071337348;-1.96630456674817;-2.12537594561195;-2.01400312710266;-1.76646391699876;-2.01005492036913;-1.87599928629569;-2.04431427420397;-2.08809266353091;-2.0417413080966;-1.97208983672505;-2.07504693285342;-2.18789032002519;-2.43667849806961;-2.37882904226442;-1.65106124019741;-2.12769869934682;-2.13565302729031;-1.90020103176062;-2.49541982891991;-1.76419042400682;-2.22337175594393;-2.09002523897217
700;-2.02801661920232;-2.28753480272595;-1.79906664525138;-2.17386474988339;-2.10633882758767;-1.9342869853486;-2.00359851907418;-2.03974560373147;-2.01133803702034;-2.19673945621994;-2.06176038783308;-1.80479896499198;-2.05620147432385;-1.92845766614516;-2.10020793278128;-2.1342539484886;-2.08404786429373;-2.01779941153505;-2.12115496042209;-2.23796863900547;-2.485539692796;-2.41460775101004;-1.67936395801039;-2.17391766224057;-2.18293265891294;-1.93963748641993;-2.54811520192838;-1.80197912784265;-2.28057000052354;-2.13335068201218
725;-2.08696680192462;-2.3423516156438;-1.8451766971489;-2.21228270568492;-2.16109797783285;-1.98263675324827;-2.05771238444342;-2.08822603754509;-2.05387343853687;-2.25871782399349;-2.10513205036314;-1.84442561551657;-2.09631133638267;-1.97188068569512;-2.14408203972892;-2.18010202779319;-2.12383740703709;-2.06040099628307;-2.16189441062142;-2.28419964234143;-2.52657421740108;-2.45054506097825;-1.71596016602122;-2.22001213978674;-2.22685544031044;-1.97465539829593;-2.59194938728553;-1.83914501649029;-2.33129985002943;-2.16767243466377
750;-2.13886812456664;-2.3929442478323;-1.88795170629365;-2.25380440109587;-2.21331331529749;-2.02956256605747;-2.10268922255402;-2.13078200871349;-2.0882472304766;-2.31414651584076;-2.14594032372231;-1.88114135187551;-2.12947235966598;-2.01177419054113;-2.18445046817148;-2.22428180934743;-2.1553294960907;-2.09991488932579;-2.19975836307307;-2.32612863809844;-2.56170309988453;-2.48407775023905;-1.74491890978543;-2.2519828846293;-2.2624388795064;-2.01231828862734;-2.63765222383772;-1.8687969042433;-2.37414441768915;-2.20339086616892
775;-2.18633404000651;-2.44199776991548;-1.92791985826777;-2.29820384242898;-2.26443223663083;-2.07918977659236;-2.14177983524515;-2.16879197866311;-2.11962034106997;-2.36388876253791;-2.18311152369084;-1.91079849850468;-2.16019031239304;-2.04907170168435;-2.21769953930992;-2.25779590854077;-2.18275391493301;-2.13594113758828;-2.23513839895843;-2.36662685704006;-2.58725579255131;-2.51295823339651;-1.77429759723853;-2.28158987581577;-2.29246990142625;-2.04084987702218;-2.6677646087126;-1.89556023404637;-2.41408346035249;-2.23303877194906
800;-2.22955408024837;-2.48435951647191;-1.9670000637695;-2.33402285407275;-2.30949667604095;-2.1273164403581;-2.18046555168382;-2.20821395635701;-2.14583014165786;-2.408959566234;-2.21767562021846;-1.93426091439741;-2.19423289947969;-2.08653102400928;-2.25355548688272;-2.28683185246531;-2.21165897611198;-2.16930943496942;-2.26799524033762;-2.40383330168731;-2.60934126564363;-2.53817882230642;-1.79002551675807;-2.30871674817968;-2.32350016365854;-2.06974790949566;-2.71104074893641;-1.92214440829023;-2.46027166996695;-2.26087323944047
825;-2.26205288142774;-2.52565953968663;-2.00383874631941;-2.36278270679513;-2.34951977278835;-2.17030652717424;-2.21379705808632;-2.24265786860463;-2.18079391828075;-2.45001101965425;-2.25200814116894;-1.95649679801318;-2.22498104083176;-2.11508874136602;-2.28671130723154;-2.30742673483937;-2.23785900978438;-2.19947933682223;-2.29789945373945;-2.44032762741147;-2.62909585381663;-2.5633262656385;-1.81406601438378;-2.33179092562283;-2.35911746849885;-2.09029986935072;-2.74904745202468;-1.94656778088402;-2.4942309455495;-2.28648851808641
850;-2.29018654464041;-2.56185849412421;-2.0356043561266;-2.40120843330764;-2.38592419863072;-2.20086804057792;-2.24552666207721;-2.27092852357564;-2.21000277349715;-2.48617373057663;-2.27985574112324;-1.97467520896469;-2.24477179991561;-2.140756295648;-2.30624927533278;-2.3262628169167;-2.26224757729297;-2.22636179903678;-2.32944525731962;-2.46902155759958;-2.64655716113702;-2.5790742157123;-1.82934595447971;-2.35517551301791;-2.38045337067684;-2.11298660844133;-2.78441414387309;-1.97113249804794;-2.52648339787369;-2.30916436339313
875;-2.32135386483692;-2.59435117996391;-2.06736461019515;-2.43023407385585;-2.41859522222504;-2.22934985018873;-2.27500830912065;-2.29652184907062;-2.23025605543175;-2.51931755580843;-2.30758229773866;-1.99210444962134;-2.26695706449818;-2.16758205136;-2.32584604809725;-2.35226060824305;-2.28437211602625;-2.24805495485961;-2.35414542883687;-2.49720255259957;-2.66158081894941;-2.60254968498062;-1.85098330757281;-2.37535121573459;-2.40465400210493;-2.13207816595713;-2.80867497485486;-1.99419549846962;-2.56710450913324;-2.33112395597313
900;-2.3546048252472;-2.62521742304198;-2.09556909554166;-2.46043982951309;-2.45008476551546;-2.25625380771827;-2.29681837410774;-2.32334582866778;-2.25060616462168;-2.55039387704853;-2.34391007047392;-2.00958753488288;-2.29410782554757;-2.1892160483391;-2.34662344584204;-2.37182969492326;-2.29497167482819;-2.265226718676;-2.36901667413481;-2.51563674545393;-2.67412328291091;-2.6265411444661;-1.86977118809051;-2.39532024604016;-2.42698521075612;-2.14561101784541;-2.83615023299824;-2.01257439192097;-2.59604906360337;-2.35126715185939
925;-2.38596524592114;-2.65310668092215;-2.11999578791925;-2.48810883849027;-2.48225964916162;-2.28591630377869;-2.31983382915734;-2.34892632925561;-2.27229313694026;-2.57935077109914;-2.3713481638375;-2.02565137631719;-2.31828315644265;-2.20896878621489;-2.36714126752093;-2.38724611062462;-2.30830684184409;-2.27869120121601;-2.38665359128067;-2.53933548433933;-2.69139505223172;-2.65058541530917;-1.88508602050134;-2.41276945353156;-2.44720014488001;-2.16068050154844;-2.86576385625684;-2.02847802412831;-2.62415977770156;-2.37405081792402
950;-2.41519583067065;-2.68044349456463;-2.14297379170447;-2.51491776505615;-2.51036017133416;-2.31310921238972;-2.34329157772004;-2.36738344719338;-2.28949358488069;-2.60536464727091;-2.39362107640527;-2.03868282994528;-2.34005760110068;-2.22505992886136;-2.38161424523058;-2.40216753009224;-2.32151160269313;-2.29606178574907;-2.40600792790193;-2.55612013603014;-2.70798781356026;-2.67201617037718;-1.90196749406806;-2.42740294592289;-2.46770045919444;-2.17539496488862;-2.88984561027383;-2.04454143132654;-2.65262742245141;-2.39708008818908
975;-2.44111519409852;-2.70972397285009;-2.16202923037445;-2.54384127969496;-2.5359881654314;-2.33923114002452;-2.36447099900918;-2.38250259881462;-2.30394765650966;-2.63273628089647;-2.41796285897892;-2.05234940698343;-2.35495947741853;-2.24116188781809;-2.40171163261335;-2.4162828205955;-2.33190242522141;-2.29942284961008;-2.42053240919897;-2.57614932339831;-2.72130180047366;-2.68184082811815;-1.91915801217604;-2.44162613081428;-2.48305414014806;-2.18588533659254;-2.91265390202055;-2.05944171514694;-2.68039736947038;-2.41874864331299
1000;-2.46904382401923;-2.73575686410511;-2.17696171974649;-2.57181883742009;-2.55790944138044;-2.36514585586137;-2.38795054393438;-2.39286150506323;-2.31041187888643;-2.65982975584915;-2.44233694169755;-2.06766503617187;-2.36747640860965;-2.25946138853352;-2.42246707937751;-2.42897084273551;-2.34298094525402;-2.30903424526047;-2.43310295262428;-2.59082014506653;-2.73504442969099;-2.69835523339123;-1.93176962058542;-2.45148742848973;-2.4957501057563;-2.20133936787447;-2.93757819693273;-2.07101949350855;-2.69476294489844;-2.43617716945008
1025;-2.49566447729805;-2.75846427083631;-2.19542787758261;-2.59556899732586;-2.57277876621821;-2.38564703638396;-2.41074873500705;-2.40338726502727;-2.31612863994971;-2.68831000063926;-2.46452850615009;-2.07682864558285;-2.38376417390201;-2.27602421085924;-2.44012704634023;-2.4446029529345;-2.35526290929513;-2.31483832177394;-2.44485426667341;-2.60258543080689;-2.75547512022473;-2.71301093822476;-1.94347720589972;-2.46102761976687;-2.51058649173905;-2.21262246889117;-2.95592834545398;-2.08208450588926;-2.7091383958208;-2.45304377086847
1050;-2.51917793729317;-2.78034950914104;-2.21172186755331;-2.61978783873473;-2.58609552017041;-2.40816281997464;-2.43106803566329;-2.41360575183598;-2.32309080893473;-2.7164486025072;-2.48446401543358;-2.08944222430057;-2.40092659562281;-2.29278123129883;-2.45511135999964;-2.45594161125921;-2.36883284572203;-2.32459239483041;-2.45903175110178;-2.6161147370529;-2.77612822001137;-2.72333965188689;-1.95943521189532;-2.47068442877076;-2.51928803161258;-2.22004367514185;-2.97697542990275;-2.09434644393361;-2.72376076829694;-2.46728293277543
1075;-2.5420292715242;-2.80376395835934;-2.22194722576639;-2.64133029474097;-2.60141872288428;-2.42810938740942;-2.45022616152985;-2.42180590004413;-2.33115376294617;-2.74010149466576;-2.49926177987052;-2.09870694728631;-2.41859859511023;-2.30561114519435;-2.46920023075915;-2.47037619321574;-2.38580602712573;-2.33025764609203;-2.47184928741498;-2.62751344280355;-2.79354925211401;-2.73303732038154;-1.97191949245261;-2.47623090585858;-2.52890297939681;-2.22680263657763;-2.9976146795318;-2.10450320559083;-2.73609018995979;-2.48474473762911
1100;-2.56254868703722;-2.82563399185847;-2.23122714134726;-2.6636465936491;-2.61521611894246;-2.44608730595117;-2.47235999338864;-2.43269269444041;-2.33775079193887;-2.76151092515933;-2.51754928547222;-2.09754980189564;-2.4342286280152;-2.31753661189413;-2.48390478470277;-2.47872301338468;-2.40134944301072;-2.34213469017169;-2.47830720491141;-2.63566771678055;-2.79778570324416;-2.74122029536728;-1.98502732750211;-2.47786307113508;-2.53678774272945;-2.23045799562253;-3.00787282753584;-2.11171741620006;-2.75338464194106;-2.50047362663284
1125;-2.58031149580139;-2.8472462822143;-2.24121075920016;-2.68410476292968;-2.62777207283182;-2.46554770462242;-2.49275483320716;-2.44517904460033;-2.34812407498663;-2.78466998057008;-2.53788290974223;-2.09865583494758;-2.44657699301144;-2.32944889793824;-2.49466044818119;-2.49683561453781;-2.41315465097816;-2.35243647351612;-2.48242704247705;-2.64503451176363;-2.8045534872666;-2.7490448876032;-1.99630527669099;-2.48402103027538;-2.54242625655023;-2.2358440890379;-3.02318335805477;-2.11819624979983;-2.76587990729391;-2.51261960025268
1150;-2.59449497887397;-2.87148542824411;-2.25161667540148;-2.70226846926121;-2.63907827373426;-2.48258457816199;-2.51030147270052;-2.45806334875425;-2.35851412507352;-2.80932565636182;-2.55596645397308;-2.09873905483564;-2.46314002326609;-2.33993998475337;-2.50422262055428;-2.49933595490508;-2.4231585239516;-2.36160410019157;-2.49034030245569;-2.65166212989863;-2.8144766477019;-2.75585124767302;-2.00320214209416;-2.49007612389941;-2.54822472661264;-2.24301755546834;-3.03350476625755;-2.1200524020871;-2.78412666092999;-2.52026029415381
1175;-2.60958653812848;-2.88691077024525;-2.25913588722609;-2.71600303285895;-2.65034047187021;-2.50194247879221;-2.52780160084484;-2.47293111752478;-2.36829255384479;-2.83253739861354;-2.57178429158533;-2.09835544260643;-2.47757998132332;-2.35246890740264;-2.51615644272375;-2.50183746090355;-2.43357625156909;-2.37021715863282;-2.49819525528972;-2.65673418493261;-2.81939170728255;-2.768091202694;-2.01382891964593;-2.49176076471792;-2.55535200869038;-2.24518938057378;-3.04520773687198;-2.11794349211172;-2.80122196812479;-2.52768632686057
1200;-2.62187925264475;-2.9068709841084;-2.26553098210667;-2.73269238031026;-2.66082724459059;-2.51814524085039;-2.54392225762893;-2.47886577590414;-2.37607931616857;-2.85401277167884;-2.58749254861166;-2.10052460058619;-2.48835906232901;-2.35903843160584;-2.53102809541923;-2.50562149334413;-2.44944401692697;-2.37845205747642;-2.50376850012128;-2.66767230813719;-2.82375699451472;-2.77582696427744;-2.01953517253627;-2.49183275866724;-2.5641708003861;-2.24976926939669;-3.06231896392678;-2.11666240586626;-2.81976801788689;-2.53056702185182
1225;-2.63743366622632;-2.92430512595621;-2.26925615304148;-2.74822381615899;-2.67083644604266;-2.53999835500207;-2.55848837498916;-2.47984826121306;-2.38255303496431;-2.87251283577486;-2.60047676811562;-2.10099114966704;-2.49839201580272;-2.36193753118711;-2.54186812259683;-2.5128015287127;-2.46153566019009;-2.37769932273073;-2.50934522456391;-2.68147278555218;-2.8266174070661;-2.78293786840129;-2.02662477264568;-2.49039252928216;-2.56616609192757;-2.25414738580365;-3.07429565094285;-2.11390255592619;-2.83781332524269;-2.53479754563843
1250;-2.64829477955638;-2.93807803163466;-2.27251651484262;-2.75989834490267;-2.67994737987918;-2.55675394787614;-2.57302171195603;-2.48542206330933;-2.39018312900391;-2.89228597423443;-2.61111854102279;-2.09763968563457;-2.50848862050684;-2.368515873782;-2.55108690825755;-2.51822570705144;-2.47879035989624;-2.38474585396303;-2.51453119048939;-2.69320191170115;-2.83255444571178;-2.78667961913296;-2.03496707683744;-2.49255993787643;-2.56584149126262;-2.2590200675434;-3.09406176560719;-2.11344238614089;-2.85588080421301;-2.54530064366266
1275;-2.65931265154904;-2.95343010772793;-2.27843764616116;-2.7694355149401;-2.68422010251347;-2.56750129876476;-2.58658198857768;-2.49291761267306;-2.3979436937371;-2.91307219726851;-2.61888327258503;-2.09284781860879;-2.51636546658613;-2.37340490991806;-2.55527763754147;-2.52986428547119;-2.49287125666901;-2.3873853300453;-2.5154515678195;-2.70885869964529;-2.83916152607455;-2.79055431305924;-2.03875610157859;-2.48593728511553;-2.57037973489381;-2.26450892713327;-3.1072751037115;-2.11231489359386;-2.87101881567227;-2.55136293503056
1300;-2.66701340204146;-2.97088848188644;-2.28573188222623;-2.77709928811164;-2.69078174737545;-2.57874849097952;-2.60003909683508;-2.5035482125851;-2.40680680717888;-2.93223560367118;-2.62748822364013;-2.09462294433994;-2.52173389339004;-2.37814873784914;-2.56013384751978;-2.54141621035113;-2.50335930772308;-2.39055448953819;-2.51984916718996;-2.72276864952921;-2.83903624472827;-2.78969863458277;-2.04594367623475;-2.48416767529264;-2.57603371507783;-2.26564486264436;-3.12287824152694;-2.10806508696695;-2.87628189550749;-2.55741607831301
1325;-2.6728091464869;-2.98969982322059;-2.29130359972333;-2.7853050543575;-2.70278567425407;-2.58700462102652;-2.61294388434387;-2.51423467529249;-2.41659372758387;-2.95083655121839;-2.636957736296;-2.09408038935356;-2.52434962628269;-2.38242392372358;-2.56851938468164;-2.54891249809272;-2.50920235502188;-2.39157726311777;-2.52792701103083;-2.73482169512699;-2.83681132412532;-2.79393034768345;-2.05625118317466;-2.47948433953872;-2.57862564349585;-2.26794118196096;-3.12811632118903;-2.10247911879462;-2.88867864329891;-2.56349505834699
1350;-2.67698332366592;-3.00730495841704;-2.30072495834596;-2.78963017079978;-2.71681702156569;-2.59627901288067;-2.62256867757715;-2.52698851143024;-2.42336234055044;-2.96689390808871;-2.64417679530365;-2.09273761028424;-2.53167913601352;-2.38570280840867;-2.57973487033815;-2.55665968691881;-2.51667473809398;-2.39162457426166;-2.52760720911576;-2.74454075632324;-2.82992034002906;-2.79420530832749;-2.06125423335992;-2.47407708562601;-2.58508762923591;-2.26783088299488;-3.13757526930588;-2.10034728161839;-2.89387596931126;-2.56746687299664
1375;-2.68459458825519;-3.02394107484413;-2.31173592797689;-2.7995887440777;-2.73137009422784;-2.60740192990632;-2.62939165369194;-2.53807326335741;-2.42713473586652;-2.98011457494827;-2.64809850928137;-2.09308773819482;-2.54450334747199;-2.3928240429881;-2.59136519791845;-2.56797051142593;-2.521654011203;-2.39013358972647;-2.52446003027047;-2.7594909946336;-2.82070098234879;-2.7920390126923;-2.06313281261924;-2.46885329386779;-2.59774875069823;-2.27414599447316;-3.13322791816815;-2.10347183080309;-2.89710872423388;-2.56678491402062
1400;-2.69072790239028;-3.03939147688829;-2.32317590304223;-2.80850038550404;-2.74290993292035;-2.61161263286129;-2.63857008586266;-2.54627267196221;-2.42725542121418;-2.99061174665513;-2.65031386625233;-2.09727714354356;-2.55391951316198;-2.40002242794646;-2.60237751394465;-2.57709148849515;-2.5237725999996;-2.39113501529227;-2.52351826884716;-2.76825023912982;-2.82246073770409;-2.7909679370634;-2.06637898865065;-2.47112008153069;-2.60039040621905;-2.27996012333557;-3.14911544455262;-2.10692081380916;-2.90728251828675;-2.56552192353643
1425;-2.69727967908986;-3.05562812108058;-2.32843962132805;-2.81324957252013;-2.7483092376234;-2.62135777814673;-2.64203165293743;-2.55652825607427;-2.42895335232637;-2.99972027935729;-2.65240386386186;-2.10348873962068;-2.56316089187066;-2.40339731825516;-2.61766370421468;-2.58506567780971;-2.52557695910767;-2.39141053730885;-2.51975257057908;-2.77845377969259;-2.82092617803286;-2.79273727351471;-2.07300561289127;-2.46658014560298;-2.6007135035054;-2.28108858750032;-3.15693066731182;-2.10783034942285;-2.91018614359515;-2.56544774420314
1450;-2.70559094917513;-3.06905663084615;-2.33553269381946;-2.81867876481616;-2.75249029447019;-2.63299376505869;-2.64100601810673;-2.56465812515348;-2.42515642856712;-3.01113369050119;-2.6529632927408;-2.11327456926756;-2.57392179184661;-2.40424383325144;-2.62513490089641;-2.5926341858996;-2.52744894449108;-2.39047553040216;-2.51412493981764;-2.79317621979011;-2.81494850599952;-2.79562578763196;-2.07452928642483;-2.46473489327595;-2.6046470822873;-2.28707979836526;-3.16174785394772;-2.10700076458358;-2.9065631061959;-2.56190360316901
1475;-2.71485399353096;-3.0762035444746;-2.34324224881991;-2.82158637948334;-2.75327215702679;-2.6446333863948;-2.64428406263314;-2.57349890944783;-2.41718827316796;-3.02240047936693;-2.65500740460719;-2.12028538248298;-2.58303783613911;-2.40408872951222;-2.63560621750549;-2.598060099835;-2.52754967614985;-2.38356558788152;-2.51072112216667;-2.80293585838406;-2.81427704499184;-2.79305838618974;-2.07740515300306;-2.46212631736629;-2.61191877074008;-2.29293233739482;-3.17321027236573;-2.10429767896408;-2.90789076231367;-2.55916436623977
1500;-2.71909184845807;-3.08574026605334;-2.34780464971342;-2.8261662979062;-2.75420715160765;-2.65543838596846;-2.65001365538209;-2.58890892305308;-2.41489495193036;-3.03218624688811;-2.65411016226613;-2.12751303220348;-2.59068681080023;-2.40751655688754;-2.64323011930332;-2.60174726530785;-2.52858932611622;-2.38258556183228;-2.50743511945684;-2.8138055014895;-2.80978395829085;-2.79404546386663;-2.07214066116447;-2.46442208610234;-2.62183750667211;-2.30278616507711;-3.18041385517458;-2.10188700428006;-2.91696392689713;-2.55209407654626
1525;-2.72279507590218;-3.08913694786458;-2.35218806779365;-2.83140884565989;-2.75560394742469;-2.66560789521461;-2.65569317931078;-2.59439976798141;-2.41251017538757;-3.03895574245292;-2.65264045132431;-2.13953110948899;-2.59763130942687;-2.41295968714294;-2.65258762584317;-2.60839218821508;-2.52965648573152;-2.37929416585617;-2.50387110283649;-2.82035679627742;-2.81408950181313;-2.79363090887342;-2.06869143626601;-2.46991855335311;-2.62948225406935;-2.31082010358333;-3.18652143927249;-2.09595640001823;-2.91718335413534;-2.54952188361157
1550;-2.72689432180906;-3.0986191630625;-2.35364123136291;-2.83351725998491;-2.75635907104181;-2.68209376253697;-2.65499786705407;-2.59362335273689;-2.4085994951217;-3.04578430735522;-2.64665937333858;-2.15420531639612;-2.60651762565907;-2.41799377982806;-2.6609396154261;-2.61612529641601;-2.52966134847195;-2.37778044702854;-2.49773904083243;-2.82493679498627;-2.81699135227314;-2.79427955987956;-2.06219081262807;-2.46466696573354;-2.63826686526447;-2.31411393331466;-3.18887728306169;-2.08890551282499;-2.91194534294945;-2.54502941592513
1575;-2.73289984125012;-3.10535897917905;-2.3537495433065;-2.83991313304384;-2.75456421192391;-2.69973769306785;-2.65366830630862;-2.59402890190745;-2.40638974203477;-3.05136480447219;-2.64055671118945;-2.16437984059129;-2.61071794767296;-2.42046692785424;-2.6666223926177;-2.61855768667582;-2.53085851135716;-2.37615331189257;-2.49177566232701;-2.82941344434956;-2.81924324035443;-2.7883523823616;-2.05664624367681;-2.4640051523386;-2.64140275918217;-2.31997142999514;-3.18686968310865;-2.08554509357487;-2.908323790664;-2.53665447314556
1600;-2.73756615029516;-3.10516152808167;-2.35461690011555;-2.83657997552632;-2.75006979008739;-2.71235543463675;-2.65036816552092;-2.59651599508472;-2.40389265638123;-3.05511881340905;-2.63646635256866;-2.17267340856964;-2.60959433178876;-2.42265580177397;-2.67428613048723;-2.62308566551672;-2.5313455880693;-2.3791611174842;-2.49003904244707;-2.82696507043419;-2.81620580851525;-2.7795647095951;-2.04749523273089;-2.46291365685199;-2.64718779345741;-2.32328743335351;-3.1850458923976;-2.08467649727837;-2.90929485297132;-2.53600345671525
1625;-2.74095476635384;-3.10376510662118;-2.35485762803607;-2.83289951108764;-2.74388638197987;-2.72351553406689;-2.64806048430622;-2.60011209072071;-2.40345319035976;-3.06149904802323;-2.63480388481311;-2.1807177295076;-2.6063350505078;-2.42367014314857;-2.67414865211004;-2.62154830155998;-2.53011275424163;-2.3843838509148;-2.48810311765358;-2.83562441687619;-2.81900946581855;-2.77842665061489;-2.04319315323789;-2.46118318086896;-2.65114318060873;-2.32025545035076;-3.18748971466551;-2.08022643995619;-2.91190391755633;-2.52116732018783
1650;-2.74177435200306;-3.10297534986319;-2.35282678291278;-2.8412781609865;-2.73685125253919;-2.72945852741682;-2.64461013249122;-2.60121997193605;-2.39943285438659;-3.07176579559805;-2.63228380607058;-2.18305918741814;-2.60208566923698;-2.42926345748723;-2.66759825477282;-2.62511018855009;-2.52997873349752;-2.39867404773052;-2.48761542328715;-2.84089006047081;-2.81756611513819;-2.77533132686887;-2.03176195993192;-2.4621522073756;-2.65132401516998;-2.32325015671926;-3.19379664711582;-2.07610569236584;-2.91777140927518;-2.50971382953626
1675;-2.7435206529688;-3.10119355408604;-2.35186704819295;-2.84361361418439;-2.72936266728143;-2.73339401439422;-2.63920577785489;-2.59845771207;-2.40120734684933;-3.07963641241426;-2.62990153028797;-2.18436649070791;-2.60216291467729;-2.43027671283949;-2.66772836432255;-2.62755018908733;-2.52728060666335;-2.40661642605331;-2.48566731548064;-2.84487115081247;-2.81816311023728;-2.77375298988219;-2.02867929716877;-2.46174323271018;-2.66127538795171;-2.32658450648658;-3.18934010399122;-2.07244155244731;-2.92792551061183;-2.4982963629911
1700;-2.74756511998257;-3.10010455123803;-2.35033817635871;-2.8445090431696;-2.72500545521679;-2.74085385249668;-2.63308762700738;-2.59847246243811;-2.40384662909432;-3.0852013265312;-2.63355050857045;-2.18473708965833;-2.60349333320923;-2.42701589142709;-2.66134896015482;-2.62681461091946;-2.52011326248445;-2.4191045295709;-2.48005875925986;-2.84294974467508;-2.81489925151902;-2.76847609637303;-2.02202042780019;-2.46197271207449;-2.66441737993691;-2.32960911569099;-3.19391271240034;-2.0686939495354;-2.9313150353023;-2.48684557762256
1725;-2.74838013028109;-3.09605036563798;-2.34570152956357;-2.84779484425885;-2.72013893102651;-2.74619225096904;-2.62927977419595;-2.60304297197829;-2.41047396924295;-3.08949198558101;-2.62434609002194;-2.17992619129785;-2.60333243774039;-2.42763013619808;-2.6524749880301;-2.63512618449714;-2.5174536209995;-2.4288156250236;-2.47774268374985;-2.8467853040532;-2.8194471625266;-2.76146951486531;-2.01605016541079;-2.46184793648548;-2.67067990665882;-2.32988236441747;-3.20224096867858;-2.06702783308876;-2.93851126890391;-2.48161289504371
1750;-2.75034797986546;-3.09507565682025;-2.33966308223365;-2.84688274740943;-2.71125577629746;-2.7487804750804;-2.62312430322903;-2.60225161490372;-2.41685032318906;-3.09308322833095;-2.61360217621546;-2.1736003062113;-2.60455577902691;-2.42893643107034;-2.63522620597459;-2.63311855025399;-2.51324443717357;-2.44636587016992;-2.47805555204306;-2.84927350663488;-2.81935021550015;-2.75802508917006;-2.01461825023834;-2.46125051699555;-2.67974240779371;-2.33187958919858;-3.20689163512123;-2.06525223510775;-2.94621968820485;-2.4828821205038
1775;-2.74931254397977;-3.0956394199645;-2.33045568154805;-2.84520884105208;-2.70589317212695;-2.74867055823341;-2.61779930019264;-2.59362930580695;-2.42432646040351;-3.0962940738585;-2.60771319306763;-2.17022870782983;-2.60424029014266;-2.43408110199849;-2.62653437744272;-2.63333831936402;-2.50939561954696;-2.45672278046186;-2.47402720709293;-2.85202898480951;-2.81029511877601;-2.75539033380046;-2.01166405004522;-2.46263932479771;-2.68532789828427;-2.33000143164124;-3.20880708088244;-2.06475437530446;-2.95071845119197;-2.48953084799927
1800;-2.75064032777215;-3.09322171068548;-2.32086102900386;-2.84631630391602;-2.7006165119092;-2.74952548982966;-2.61600705394984;-2.58657547498684;-2.42504145057226;-3.09780324702687;-2.60253524050644;-2.16620684662509;-2.60677979620807;-2.43943795735565;-2.61895669001139;-2.63242604250213;-2.50786918706617;-2.46838846262491;-2.47072292820876;-2.85102558493522;-2.80643352903314;-2.75082800452013;-2.00594040247687;-2.46325614630649;-2.68744994431733;-2.32745357230605;-3.21027098574502;-2.06200287264615;-2.9492307191804;-2.50121774253068
1825;-2.75463316019337;-3.09195947254831;-2.31610177400397;-2.84670080873662;-2.69631167508686;-2.74712777643872;-2.61063167007046;-2.58220441967051;-2.42973700291876;-3.10054969268515;-2.59710479460481;-2.16239735170585;-2.61099559554419;-2.44379947504306;-2.60540123217315;-2.6394483853945;-2.50683316860248;-2.47846912839814;-2.47232728810333;-2.85284346965311;-2.80286171334895;-2.74536735218335;-2.00973089481968;-2.46663195954463;-2.69792785570507;-2.32366756013631;-3.2174846893733;-2.06349458067113;-2.95295520301229;-2.51024427166693
1850;-2.75803306008993;-3.095205080642;-2.31234998901854;-2.84375401245132;-2.69540498216152;-2.74903120830873;-2.60459555411282;-2.57626417491892;-2.43558871412991;-3.10219738194212;-2.59150570634095;-2.1643277908267;-2.61493462699394;-2.44864274324228;-2.59373904439318;-2.64132016430628;-2.50663491482323;-2.48970330308554;-2.47336968192753;-2.85347591609864;-2.79754239138724;-2.73824227914514;-2.01491548498102;-2.46984179521537;-2.70764180545689;-2.31858822204782;-3.22602564840357;-2.06901018554684;-2.96070011143057;-2.52032299278365
1875;-2.7627397260067;-3.0945998724146;-2.31041106978471;-2.84390783400635;-2.69218850011228;-2.74384797496033;-2.5986957446083;-2.56877082874995;-2.44104733061389;-3.10259818225176;-2.5882792020515;-2.16383648638532;-2.62272381855272;-2.45325788138745;-2.58327654665305;-2.65041767611117;-2.50726181440696;-2.50027586958077;-2.47179003824179;-2.84934015798803;-2.78454541223128;-2.73458798224605;-2.01552528642979;-2.47856508478512;-2.71662400977506;-2.31497370694784;-3.22989647250703;-2.07192296841726;-2.96591698542906;-2.52869699229744
1900;-2.76822317526767;-3.09402266991263;-2.30887593023329;-2.84722326222461;-2.68987002640925;-2.73593130547343;-2.59387335328922;-2.56509743881175;-2.44154595575276;-3.10096346526772;-2.58971490398497;-2.16089532846521;-2.63051598064421;-2.46081552267935;-2.58166518536857;-2.65173833683916;-2.50471767897587;-2.51578358892249;-2.46572651160256;-2.8452446702299;-2.77713410872918;-2.72767514832551;-2.01773767909928;-2.48534151498996;-2.72803848094408;-2.31131562580982;-3.22574383202181;-2.07667655021528;-2.97019584634956;-2.53971380122969
1925;-2.7701703541118;-3.09669089093862;-2.30953288144368;-2.84848785405815;-2.68734014710521;-2.72456054383957;-2.59314484602062;-2.56226324147178;-2.44402102214448;-3.09799895345695;-2.59301626297437;-2.16317016334772;-2.6378477626664;-2.47063726733801;-2.57645653838088;-2.66025311917117;-2.50386787302907;-2.52222964577307;-2.45852363513492;-2.84038424578878;-2.76758806572295;-2.72184582354264;-2.01985149556281;-2.49301418761209;-2.74112342735496;-2.30933941080198;-3.22839923615408;-2.07909439728355;-2.96380777878479;-2.54583511863075
1950;-2.77061788188521;-3.09850587951306;-2.31351347817758;-2.84768181740699;-2.6819718407319;-2.71512422825015;-2.58777499709405;-2.56035288542507;-2.44560252702465;-3.0942402451474;-2.59556881090448;-2.16539744672496;-2.64874492129553;-2.48263490763432;-2.57074597363661;-2.65286079385957;-2.50199885473771;-2.52915458062414;-2.45338762841125;-2.82889221404299;-2.7592637935034;-2.71483601687416;-2.01915690432987;-2.50220170313386;-2.74398081496157;-2.31025237212305;-3.23065844632642;-2.07594077826646;-2.96256006825465;-2.54498890396572
1975;-2.7741382304835;-3.09520614153936;-2.31449631768785;-2.84604288296316;-2.68085486529957;-2.70976919722309;-2.58147515214967;-2.55107254203657;-2.44302853839487;-3.08991492791998;-2.59723618788637;-2.17022268332923;-2.65965549707848;-2.48823202651157;-2.56601383846245;-2.64707916324867;-2.50045719683022;-2.53450820442518;-2.44593165729522;-2.81843667593253;-2.74570553868345;-2.70751274271284;-2.01384068295424;-2.50507898000969;-2.75101362046431;-2.30786289867986;-3.22697664747501;-2.07233776439517;-2.9586269985431;-2.5437366901116
2000;-2.77310699483647;-3.09571773643377;-2.30986949596762;-2.84646897203416;-2.68341093801932;-2.70112569424944;-2.57413240273935;-2.53931219733561;-2.43501154504154;-3.08541816346552;-2.60405938201202;-2.17186459636525;-2.6716650185851;-2.48760069767091;-2.56310434243307;-2.63711319475875;-2.5051067498366;-2.53626746462236;-2.43235619793832;-2.80936433238261;-2.7318578584596;-2.70208319406476;-2.00968254846859;-2.50578390563696;-2.76205904207521;-2.30540236832608;-3.23118997947725;-2.06837660311754;-2.95513788642544;-2.54001110538497
2025;-2.77339084334973;-3.09488269932167;-2.31219202528956;-2.8456023464471;-2.68184118428015;-2.69855292800116;-2.56722615098401;-2.52561761147436;-2.42736995588769;-3.08113259002177;-2.60297727356593;-2.17155662329402;-2.68517156907462;-2.48820326984014;-2.55328227489832;-2.62847718043637;-2.50416262070009;-2.53232954876812;-2.42259467247252;-2.7995999799173;-2.71631339426507;-2.70215896491448;-2.00729116859887;-2.50384124583061;-2.76503061384042;-2.30720627466163;-3.22892332452881;-2.06171332707733;-2.94822427866447;-2.53663837721395
2050;-2.77317303609427;-3.09622904483152;-2.31467738572595;-2.84171561707523;-2.67881921139654;-2.68996676838429;-2.56426912369226;-2.51794918789088;-2.41996379003644;-3.07886571662941;-2.59880137581677;-2.16387046578589;-2.69635044243302;-2.49313416564275;-2.54556360800338;-2.61648537919678;-2.50863514726336;-2.53449160152097;-2.41189184778817;-2.78816362530915;-2.70425075657859;-2.69275368528391;-1.99604745979194;-2.5041241068434;-2.7661667907374;-2.30616041067163;-3.23806568367179;-2.05582508800817;-2.94010026069452;-2.5253333560678
2075;-2.77192135717947;-3.09826523581484;-2.30932392613054;-2.83328582127649;-2.66981248748672;-2.68602522217564;-2.55758974769669;-2.50913387316889;-2.41535934296726;-3.07538203019555;-2.59784886717216;-2.16126160352679;-2.70607484305011;-2.49834852205858;-2.53536785268996;-2.60816147319721;-2.51251967653936;-2.53026780605083;-2.40149697775937;-2.78322568747595;-2.69238378526315;-2.68320747430804;-1.98844077783523;-2.50345739391674;-2.77381073311101;-2.30687844865117;-3.23988340760254;-2.05182172704084;-2.93779551448935;-2.51650015151925
2100;-2.76852002634562;-3.10221991607244;-2.30340400936294;-2.82742513993541;-2.6588699842584;-2.68446631103752;-2.55386154678669;-2.50283537965705;-2.40839158925569;-3.07760154491447;-2.60505057586368;-2.16333765869543;-2.71560906190354;-2.50083321153551;-2.53085649274235;-2.60318589738904;-2.51474045531587;-2.52334563610977;-2.39593780648678;-2.77543701719871;-2.6777785847628;-2.67352718374955;-1.98182980823705;-2.50217069184702;-2.78009226090006;-2.3053146081905;-3.24307589375941;-2.04596475694655;-2.92969180997036;-2.50353997768952
2125;-2.7701436913298;-3.10367346438352;-2.29794483258996;-2.82184275584626;-2.6524129724685;-2.68340099510267;-2.55347507356964;-2.49870856892912;-2.40405535393261;-3.07940239711997;-2.61495447572304;-2.15925833206565;-2.72390898740932;-2.50351325784297;-2.52721059406035;-2.59211241250867;-2.50943641409633;-2.51766387838856;-2.39427839517977;-2.76916221065624;-2.6619805184372;-2.66532699578101;-1.97353378947676;-2.49450149535312;-2.78446003453824;-2.30616165679077;-3.23395247547019;-2.03858708560019;-2.92873473667512;-2.4902402707514
2150;-2.77016746590648;-3.10477497769129;-2.29512655912588;-2.81426723541456;-2.64882806353909;-2.68392382378218;-2.55007663456334;-2.49453516307481;-2.39496896426988;-3.07722510703144;-2.62197335394186;-2.15213984104883;-2.73294129919008;-2.50663905661758;-2.52491103051733;-2.58380450075567;-2.50705554794673;-2.51098670328528;-2.38938168263652;-2.76214430877007;-2.6470236991034;-2.65916563447256;-1.96499442523625;-2.48588297406913;-2.79041746919399;-2.30454655423517;-3.23027013858101;-2.03296164792277;-2.92405688252807;-2.47540857705326
2175;-2.77125722794866;-3.1061228662966;-2.29270765456866;-2.80557294989027;-2.64679024310604;-2.68361145935209;-2.54732104033746;-2.48905678202864;-2.38144788779573;-3.0769177637682;-2.62760066077986;-2.14291565360322;-2.73971660037561;-2.50686827174226;-2.52419248279397;-2.57978934258039;-2.50338196706698;-2.5006783821831;-2.38571382675987;-2.76018457372556;-2.63140042614121;-2.65221527386747;-1.95643926405333;-2.4726405060725;-2.79440250905897;-2.30332786981674;-3.21444762808586;-2.02792300710407;-2.91774660558208;-2.45563164451622
2200;-2.77109719801929;-3.11123454886185;-2.28767458093028;-2.80378686941273;-2.64282555307755;-2.68040274813607;-2.54714377723694;-2.48101847081209;-2.3669832126714;-3.07658282171121;-2.63231981813964;-2.13356865406746;-2.74311450107106;-2.50512556262485;-2.52482056248629;-2.57415215757022;-2.49895520896722;-2.4913044635358;-2.38612743448714;-2.7543859541624;-2.61770703363972;-2.65083659605044;-1.95202905744687;-2.46276178628596;-2.79464619565125;-2.29876775074685;-3.21557888186103;-2.01921860035308;-2.90251182400386;-2.43914235143723
2225;-2.77018682085298;-3.11514368451048;-2.27887486769558;-2.77903643957119;-2.63484452075451;-2.68259809991202;-2.54503467420782;-2.47609554958748;-2.3544087818778;-3.07761941531608;-2.63406652242876;-2.1244281289381;-2.74852323270026;-2.50359732465961;-2.52583438871056;-2.56930213270879;-2.49405319976283;-2.48041461205149;-2.38454637748585;-2.74809316541764;-2.6018308945908;-2.64734349023384;-1.94215076435565;-2.4426421276927;-2.7928765585733;-2.2926312792414;-3.20690085200213;-2.00971586301152;-2.8955866250001;-2.42413683132205
2250;-2.77074390044835;-3.11934669213317;-2.27690186196044;-2.76577055810528;-2.62560456612958;-2.6816792777363;-2.54528648355262;-2.4738448377498;-2.34130623735132;-3.0793113422342;-2.63367665165496;-2.11020384948846;-2.7530309674896;-2.49858467142516;-2.52418886062873;-2.56415959801193;-2.48667538302368;-2.47072287465151;-2.38412652152983;-2.74429278990427;-2.59216860569584;-2.64270661289119;-1.93665805223055;-2.43052900252739;-2.79801277133626;-2.29070727841449;-3.19882662319773;-2.00104525448335;-2.88698960599841;-2.407555102218
2275;-2.77343050631014;-3.11979289293092;-2.27793095740792;-2.74928680794834;-2.61863947307285;-2.67692373920087;-2.55011502452141;-2.47535501589443;-2.32509815419447;-3.07971652726968;-2.64169496012129;-2.09503082968132;-2.75584064941598;-2.49355122450264;-2.52005872219225;-2.55521605020355;-2.48018642697837;-2.46536173989669;-2.38613858788749;-2.7408888786345;-2.57553276261556;-2.6409705179073;-1.93148136202741;-2.41851426640453;-2.80460995708784;-2.28445779862552;-3.19602048917276;-1.99385977954997;-2.88369406354557;-2.39842318246086
2300;-2.76850217454783;-3.1230774017755;-2.27550097429994;-2.73052581843636;-2.61668524999592;-2.6732955801031;-2.55672897829051;-2.47916678597731;-2.31677442358955;-3.08007971180803;-2.64657504958195;-2.08166835809426;-2.75633219015679;-2.49249564342382;-2.51764879371138;-2.55480527991444;-2.47898854084155;-2.459947563448;-2.39153946577722;-2.73770909713967;-2.55730129429038;-2.64139920116883;-1.92817129787637;-2.40094699681238;-2.80513155499123;-2.28368726130326;-3.19174411064616;-1.98785608053771;-2.8748752611202;-2.38650571497989
2325;-2.76421411306748;-3.12401924523624;-2.26781824316305;-2.7233591684725;-2.61376940493814;-2.67831770749083;-2.55939482395286;-2.46973743545252;-2.30703400241103;-3.081777944195;-2.6487657852705;-2.07002446402066;-2.75099284953167;-2.49235379115093;-2.51683972270488;-2.55491039492077;-2.47548460075964;-2.45451927034394;-2.39907872142226;-2.73338729838979;-2.5419715206129;-2.63923164080643;-1.92130743216456;-2.38406546087588;-2.8057320510759;-2.28199475843798;-3.18590807669637;-1.9791609842268;-2.86745088512709;-2.3845926887253
2350;-2.76120588463496;-3.13014042407077;-2.26062001846982;-2.70732995322734;-2.6098591994291;-2.68382139120396;-2.55680164400651;-2.46299329535968;-2.30177023869687;-3.08201087828348;-2.64669414317616;-2.06274663115885;-2.74687232322996;-2.48963491279199;-2.51188924079314;-2.55621069232935;-2.47155588992906;-2.45105879213736;-2.4044437001832;-2.73246462014738;-2.52453221712903;-2.63611069674387;-1.91762317161206;-2.36982721858274;-2.81086394802927;-2.27767395492321;-3.18080540753051;-1.97244030720831;-2.85885478071817;-2.38535022740825
2375;-2.75428554844058;-3.13062590771835;-2.25646743316073;-2.69779508139529;-2.60557488909374;-2.68350988783378;-2.55661935031728;-2.46149444518114;-2.29358008242805;-3.08095239700688;-2.64666062565255;-2.05495291987317;-2.74456276573329;-2.48915213583312;-2.5063711937363;-2.55166813439462;-2.47021494153755;-2.44912533302257;-2.41223007837397;-2.729085399236;-2.51344716642507;-2.62373911554922;-1.91195664812392;-2.35679582795183;-2.80919971317656;-2.27747997764624;-3.17274200106733;-1.97176506879061;-2.85247680839591;-2.39380810995824
2400;-2.74973728135604;-3.12565395328568;-2.25553489290413;-2.68918965246063;-2.60030245728368;-2.68661262355795;-2.55641679211432;-2.46492282071159;-2.28493977110075;-3.07958640617899;-2.64654903469207;-2.04895886221684;-2.7367596436607;-2.49049397008642;-2.50042510179416;-2.55264122552946;-2.46505704517997;-2.44685148211995;-2.42135304254323;-2.72778195663228;-2.49870237459999;-2.62007858354976;-1.90807917447241;-2.34761621479844;-2.8122457153099;-2.27351992907388;-3.16345802808329;-1.96914065052107;-2.84942890062147;-2.40117774265739
2425;-2.75080560271417;-3.1217008640368;-2.25306978734089;-2.68579942581703;-2.59813304797037;-2.68723706110815;-2.55941814530973;-2.46608274477765;-2.27551199800762;-3.0809577880545;-2.64565118245463;-2.04381269188567;-2.72475094427972;-2.49134945424702;-2.48986889561331;-2.55009109789769;-2.45939634195408;-2.44425340334465;-2.43075655679487;-2.73408752278032;-2.48955640087115;-2.61655868088018;-1.90690951201934;-2.33557679658821;-2.81137212293506;-2.2683708665556;-3.15631988120338;-1.96590608184243;-2.84871390131873;-2.39627344960753
2450;-2.74618525421496;-3.12012190776571;-2.2490636870423;-2.6867914398551;-2.59851944001836;-2.68820135115849;-2.55636293824622;-2.46726080954576;-2.26205824030593;-3.08316895898621;-2.64830012524239;-2.03772315019259;-2.71535582033867;-2.48952101592993;-2.48237482584435;-2.55070382386492;-2.45433275527181;-2.45135425319546;-2.43929451355359;-2.74154112189278;-2.47804799168836;-2.60841433958356;-1.90081470621958;-2.32603997304349;-2.81035610355644;-2.26717539569385;-3.14650971233757;-1.95862128441043;-2.84587328057099;-2.39728106312594
2475;-2.736449799773;-3.11378399208038;-2.24909812472203;-2.68538736432397;-2.59620578144911;-2.68187223440586;-2.55411742942139;-2.468506746274;-2.25216382289753;-3.08332921325836;-2.65093200176181;-2.03536356771942;-2.70710272271072;-2.48232041343511;-2.47259928052785;-2.55013066010882;-2.44959131419334;-2.4527109281016;-2.44535938069773;-2.74694100108721;-2.46882689745859;-2.59946669298593;-1.89647119463549;-2.32157437297922;-2.81432367622868;-2.26826053193944;-3.13423140545549;-1.94611886401857;-2.8427711257059;-2.39143841081323
2500;-2.72775977027022;-3.10649563034;-2.24877239578918;-2.68386470019167;-2.59353631962966;-2.68074847737785;-2.55257792482219;-2.46967718615683;-2.24254195815977;-3.08042536691121;-2.65248725606759;-2.03346316751446;-2.69854705231657;-2.47604992973527;-2.45724892154863;-2.54948559932713;-2.44551468234226;-2.45760249777993;-2.44984016451905;-2.75106673213702;-2.46272850219188;-2.58688884245538;-1.89504344329323;-2.31828191425754;-2.81139752832556;-2.27194003079472;-3.12655528503755;-1.93570892876564;-2.83899376325684;-2.38645977896387
2525;-2.7165752991665;-3.09715015152162;-2.24555725574726;-2.69608792189547;-2.59120882952462;-2.67718464212752;-2.55285873061631;-2.4777724226619;-2.23632515648321;-3.07921999644477;-2.65182432885351;-2.03468267087298;-2.69223893899333;-2.47341757231398;-2.44633024152298;-2.5527941409522;-2.44306662421979;-2.45781364040028;-2.45407157062875;-2.75745782197379;-2.46370498581353;-2.57899975747557;-1.89340178578406;-2.31664559951037;-2.81187941127794;-2.27390542829707;-3.11920876819054;-1.93002100810558;-2.83361380379482;-2.3864833606293
2550;-2.70847638848918;-3.09222528425507;-2.2400604328131;-2.70009873867485;-2.59106001527783;-2.66925511441536;-2.54850547959724;-2.47555264831391;-2.22678014021671;-3.08043624026825;-2.6503387294202;-2.03543281026574;-2.68690274363929;-2.47145960150513;-2.43542203477308;-2.54726578872441;-2.43889250525869;-2.46383350186686;-2.45593674845594;-2.7625260151556;-2.46396629753907;-2.5814420866189;-1.88659047986323;-2.31476294104436;-2.81241137102732;-2.277532450998;-3.10778641720246;-1.92592131480426;-2.82962363756603;-2.38984610053305
2575;-2.69637347983989;-3.08517764321301;-2.23202546616881;-2.70889930991458;-2.59294750097734;-2.66849702302544;-2.54318221386608;-2.47165254837588;-2.211035339531;-3.07457774040875;-2.64893362661491;-2.03687537091442;-2.68167693971841;-2.46869877369995;-2.42952105618207;-2.5463215994;-2.43444074370515;-2.4672309991544;-2.45256313457761;-2.76579917919439;-2.46030898071288;-2.57575091258273;-1.87409921075009;-2.3152361694983;-2.80805887234893;-2.27780282670874;-3.09772288075929;-1.92523240227707;-2.81900699905099;-2.39571567822034
2600;-2.68789631510596;-3.07642108655209;-2.22185392437849;-2.71408375762535;-2.59332079660299;-2.67175058858043;-2.53456828780225;-2.46659411375954;-2.20771754120675;-3.07158342564339;-2.64246034729535;-2.04290274299391;-2.67832950631723;-2.46377005104167;-2.4221845118439;-2.53937503507403;-2.43206200419329;-2.4677978817283;-2.44572906096008;-2.77203161319995;-2.46037107011622;-2.57961985296296;-1.86505388877496;-2.31595247534114;-2.80098911001905;-2.27750433846568;-3.0887237711229;-1.92450258551889;-2.80976608892638;-2.39833177475099
2625;-2.67913322878582;-3.06895981551296;-2.2126320401084;-2.71574212672033;-2.59341947484311;-2.6745641413346;-2.52162959483182;-2.46325757260056;-2.20818854190932;-3.0693619546299;-2.63464782086079;-2.05063951831222;-2.67791591835194;-2.45578259750211;-2.4130114090475;-2.54077673547819;-2.42898491849981;-2.47507559650906;-2.44138518474675;-2.78081586987361;-2.45973023700615;-2.57830618337689;-1.85597140058116;-2.31574891296742;-2.80135367631131;-2.27721959991661;-3.08613469119354;-1.9310272391171;-2.7990817928564;-2.39778935125816
2650;-2.66989422297939;-3.06742199483388;-2.20979679236555;-2.71333832197417;-2.59519705857745;-2.67864035355976;-2.51326078127793;-2.46158698686888;-2.20654182136942;-3.0631685111348;-2.62893467267556;-2.05647374657497;-2.67681099663814;-2.44845309923103;-2.41448401550022;-2.53625871170291;-2.42186859924709;-2.4728878344813;-2.43311255877041;-2.78598447896547;-2.45618545995115;-2.57988297689973;-1.84283246119209;-2.3160314039095;-2.79879710236661;-2.27781961718082;-3.07943644466935;-1.94255158555028;-2.79132751068663;-2.39948469025527
2675;-2.66499477485969;-3.06145300048756;-2.20826202088211;-2.71261336154348;-2.59638092932085;-2.67729114399238;-2.50496234998957;-2.45882069209815;-2.20267443614692;-3.05666682033238;-2.62110801434184;-2.0645572606615;-2.67429511482228;-2.44491561907018;-2.41835844235924;-2.53676481049649;-2.41852154087392;-2.47503322480269;-2.42054395794061;-2.79350629901582;-2.45154080694099;-2.58282947842591;-1.83199658912;-2.3234875549571;-2.79715556691377;-2.27726067088584;-3.07164412646023;-1.95253740565954;-2.78348123728022;-2.40261403606801
2700;-2.66129668538531;-3.05824926793838;-2.20617397004707;-2.71598096816631;-2.60030479696425;-2.67544160271629;-2.49911979465686;-2.45803406734733;-2.19727899983383;-3.0480218655841;-2.61241867425492;-2.07342934985539;-2.6700990933733;-2.45009458368884;-2.42735454700102;-2.52809697588892;-2.41426260261822;-2.47698304738851;-2.40857356768014;-2.8012515054049;-2.46067178225496;-2.58532934110574;-1.82237527258589;-2.31946607700091;-2.80215070425153;-2.27925814762359;-3.06819874963882;-1.96283495020076;-2.77276773216855;-2.40589354549384
2725;-2.65688903829935;-3.04918323528238;-2.20580292836232;-2.71208417320146;-2.60522599110477;-2.66857764304403;-2.49291860474578;-2.45678554399437;-2.19383361555192;-3.03652393839376;-2.59835937947356;-2.08407187076681;-2.66149252783526;-2.44508315714061;-2.43253135443205;-2.52436613554718;-2.41319443050141;-2.47519338672345;-2.39701050315591;-2.80339023550587;-2.46124067503359;-2.58728420944029;-1.81234813041756;-2.31681356731638;-2.80311638599767;-2.27765389066318;-3.0672644842304;-1.97030189425754;-2.75546909400539;-2.40539273223092
2750;-2.65577090265364;-3.0364190521875;-2.20212115258149;-2.70314100032285;-2.61052426781154;-2.6620299720826;-2.48481408539529;-2.45584053706954;-2.19211844610864;-3.0265158043171;-2.5818073379898;-2.09117752536786;-2.65176808824286;-2.44157167845404;-2.44019620139023;-2.52191969218222;-2.41348448788483;-2.46982616180101;-2.38563136514832;-2.79815019129229;-2.46185141159732;-2.58680962310178;-1.80088272457576;-2.31384708048183;-2.79615807613309;-2.2734762191418;-3.06487345150582;-1.97329334237922;-2.73689265000175;-2.40449025451519
2775;-2.65523357719335;-3.02613892785402;-2.19784921587122;-2.69482100033693;-2.62151468442862;-2.65342616967724;-2.47413557669446;-2.45243747488952;-2.18645951411998;-3.01625305789361;-2.5645504593128;-2.09484205362013;-2.64193608162381;-2.43299643587724;-2.44376871972828;-2.51568842425391;-2.41153808449963;-2.46457267515576;-2.37579786580916;-2.79363206021422;-2.46152776627999;-2.58371277765084;-1.79162050230861;-2.30708729940379;-2.7948975592739;-2.26700622624793;-3.06255392904218;-1.97869121985875;-2.72215282630784;-2.40843885465984
2800;-2.64715258932851;-3.01638112957545;-2.19790964747106;-2.69204620017212;-2.63765253030973;-2.64351032570777;-2.46534447155437;-2.45214119300898;-2.17577644382993;-3.00459596745323;-2.54649890460657;-2.0962663973083;-2.62957431484995;-2.42135438089812;-2.44961858785874;-2.50962300423765;-2.41174576581365;-2.46068409502614;-2.36005717086601;-2.78401753895111;-2.45738792408395;-2.58978166603025;-1.78454100530496;-2.29829482234548;-2.79796886740038;-2.26391539742083;-3.06431527294392;-1.9794165503513;-2.70382825022036;-2.4096626392478
2825;-2.64293007012404;-3.01172844572501;-2.20541383151988;-2.68376520634233;-2.65103544742126;-2.63306957342577;-2.46137383917854;-2.45264678610164;-2.17035398222137;-2.9931202736513;-2.52332261303737;-2.09580408188553;-2.61503567925147;-2.41762934826377;-2.45459389503577;-2.50021575563483;-2.41062517605293;-2.45516454892935;-2.3481685817376;-2.77242634587532;-2.45318320052154;-2.59665887543222;-1.77584232366609;-2.28574260340756;-2.79663187564535;-2.26141309822965;-3.05972438414631;-1.97427375733626;-2.68700538533318;-2.40674973941212
2850;-2.64158751389055;-3.00624965899585;-2.20763931857014;-2.67695523163743;-2.66560001377135;-2.62093703555558;-2.46200975556261;-2.45467005207735;-2.16685910011268;-2.98249600034462;-2.49801936674535;-2.08861347003443;-2.59825188051266;-2.41714268072121;-2.4563781776644;-2.49314481031651;-2.41630300742545;-2.44958179338193;-2.3357696233825;-2.76196788944185;-2.44423805977887;-2.59303170882699;-1.76586298909983;-2.27649945645619;-2.79297903382531;-2.24777275246496;-3.06400059823125;-1.96770624698521;-2.67253082943922;-2.39786772029292
2875;-2.64167795850042;-3.00130888044029;-2.20415284142116;-2.66781278440951;-2.67457123864741;-2.61643387767134;-2.45797204067168;-2.45394813199561;-2.16835143879955;-2.97202947774379;-2.47364389159774;-2.08160350255517;-2.58177187458082;-2.4150522003116;-2.45958258154738;-2.48372359694853;-2.42129955114242;-2.44108902764628;-2.32708015998879;-2.74969878071124;-2.43924941453729;-2.58101201919125;-1.76239467882045;-2.27221481884114;-2.79607671205558;-2.24036471042185;-3.06504585910314;-1.96223562729164;-2.6635576453181;-2.39557732860255
2900;-2.64552930431346;-2.99443120328432;-2.20152044007685;-2.65929580371633;-2.67743396829633;-2.61125870655741;-2.45665999891911;-2.4509166143435;-2.16648821750059;-2.96793848106683;-2.45471058055835;-2.07623023308526;-2.56537339663348;-2.41340168791746;-2.45856980512765;-2.48120154826434;-2.42469175173182;-2.43212178150589;-2.32321195909113;-2.73658452254074;-2.43232876537442;-2.57075283849573;-1.75961669343663;-2.26488722246722;-2.79696243783737;-2.2347674734266;-3.07194871486782;-1.95442624132058;-2.65796014290641;-2.38828124578027
2925;-2.6489592293578;-2.98624511441983;-2.19648225300812;-2.6550051880461;-2.68468643243879;-2.60574191357254;-2.45557818806303;-2.4500493333176;-2.16700968114425;-2.9607692973524;-2.43546963014763;-2.06719092974366;-2.54672195737473;-2.41539245522855;-2.45418700928787;-2.47373585273967;-2.42226490751931;-2.43103118318011;-2.31985249390923;-2.72473836821468;-2.42785485015853;-2.56220445961038;-1.7563352758503;-2.25321928027521;-2.79529777331618;-2.23099899475975;-3.07869576588219;-1.94667882841605;-2.65684569988858;-2.38261621504205
2950;-2.65334816957117;-2.98038608626432;-2.19104857191754;-2.65431380531699;-2.68904211806448;-2.59826365881349;-2.45411365831547;-2.44914864179425;-2.16737302718241;-2.95112279825092;-2.42118738922678;-2.05641036949876;-2.52668623155822;-2.4184368727865;-2.44864103594206;-2.46688936249098;-2.42215900275525;-2.42620149932949;-2.3115323161767;-2.71431514753288;-2.42463636757186;-2.55649710918476;-1.75680940076194;-2.24856097809231;-2.79447936243319;-2.22773733260937;-3.08585059377348;-1.93844109328598;-2.65305352419973;-2.37393571363754
2975;-2.65656118753951;-2.97575169805937;-2.18548232670737;-2.65513548356189;-2.68979503417277;-2.59412759084852;-2.45470679835251;-2.44873755525252;-2.16263708233703;-2.94460542347947;-2.40615169119773;-2.04514619594087;-2.50773453208204;-2.41655053288113;-2.44050576389126;-2.45740220044594;-2.42547146749105;-2.41359351168263;-2.3074285181503;-2.70484213283849;-2.41260681142429;-2.54545124668756;-1.75455658692248;-2.24386246777533;-2.79309377941398;-2.22433646013311;-3.08308319143381;-1.92515334796969;-2.64613741814692;-2.36616065943522
3000;-2.65895047549322;-2.97049222683016;-2.17688263294657;-2.66618640004819;-2.68843666906067;-2.58744733359884;-2.45469373545001;-2.44417154970142;-2.15883482926946;-2.94104650752689;-2.39144518093436;-2.03257465982881;-2.49214805546895;-2.41619995722232;-2.43316591956619;-2.44643953679808;-2.42223314249454;-2.40387161396873;-2.30465862843184;-2.68859167414037;-2.41803404521288;-2.53675274415314;-1.75411741531115;-2.23719680952518;-2.79305826612658;-2.2192426859868;-3.08954509754977;-1.91055030191015;-2.64292095486977;-2.35987147655493
3025;-2.65760129739666;-2.96179147285768;-2.16366234952622;-2.65193812390096;-2.68299405983014;-2.58477440779854;-2.45969517744402;-2.4371913149882;-2.15526294610207;-2.93792422249321;-2.37664460797802;-2.0240100965781;-2.4796974416615;-2.41681731499462;-2.4228627952882;-2.43370523393541;-2.41994036594221;-2.39546012892942;-2.29947657470292;-2.6723784241981;-2.42080914992874;-2.5240493369956;-1.75217830293492;-2.23163659941743;-2.78834831190277;-2.21558653378443;-3.09153912215149;-1.89349922383617;-2.64234912459754;-2.35150149746834
3050;-2.65641795809773;-2.95671087985246;-2.1530183064774;-2.65790648642415;-2.67737922141915;-2.5760854770021;-2.46407478854774;-2.43472718167447;-2.15323379701389;-2.93237788862058;-2.36074560405435;-2.0121410999264;-2.46675694087314;-2.41792866438753;-2.411128021031;-2.42269365088446;-2.41264103271012;-2.38562667518504;-2.29618128823722;-2.66166779007632;-2.42659564200939;-2.51465096922003;-1.7568493224002;-2.23388877068402;-2.78751654928536;-2.21431452688405;-3.09242828210917;-1.88227750175304;-2.63999801819361;-2.34511409862309
3075;-2.65678779749636;-2.9430475255915;-2.14329236016532;-2.66313796071951;-2.66764853865529;-2.56617510282264;-2.46574061511929;-2.4243061765783;-2.14427096553567;-2.92828069689408;-2.35570888669032;-1.99957035770166;-2.45712285282246;-2.42327540019751;-2.39462990394811;-2.41262859809437;-2.40524128672643;-2.37884181531063;-2.29032343929982;-2.65421966456244;-2.42110890262531;-2.51745867473502;-1.76046659486222;-2.23642945516659;-2.78950619712398;-2.20930614063742;-3.09043761685651;-1.87128450208866;-2.63922319626762;-2.33901530309143
3100;-2.64830436578824;-2.93554931634302;-2.12551582477484;-2.65311807194813;-2.65696370379177;-2.56265483475599;-2.46431595117259;-2.41263314058405;-2.14924342136935;-2.92644276160328;-2.35127741386241;-1.99340317684494;-2.44872222383463;-2.42690695043602;-2.37991844098145;-2.41238222732467;-2.39919420301457;-2.37756761224299;-2.28421329855674;-2.64408687171086;-2.41794328263713;-2.52148159648341;-1.76475343518423;-2.23345717603244;-2.78731270800944;-2.20385403257382;-3.08749841295976;-1.86098933675779;-2.63604637969094;-2.32904333065909
3125;-2.64335318843672;-2.92953980684186;-2.10620635987426;-2.65450978564115;-2.64620352670952;-2.56489234969623;-2.46140238145399;-2.39918165259202;-2.15479467037095;-2.92482346947794;-2.34447964852419;-1.98590617898743;-2.43997101635654;-2.43061126220789;-2.36805966032446;-2.40361711451034;-2.39444442598991;-2.3738416071295;-2.27778516580997;-2.63455054186699;-2.41410746344949;-2.51697044959815;-1.76734518438409;-2.23200502182232;-2.78717601251405;-2.2011845942126;-3.08803370904894;-1.85361550918461;-2.63306673573861;-2.32556263898522
3150;-2.636556802928;-2.91884709506772;-2.09131995295219;-2.64831960089524;-2.63184258931546;-2.56497589541065;-2.45352537606046;-2.38822346981424;-2.16364982353402;-2.92290583840774;-2.33652521832729;-1.97961049438568;-2.4374671697298;-2.42989068491335;-2.35705791456328;-2.39451787779202;-2.38889933509674;-2.37086175789078;-2.27203768100448;-2.62585628878101;-2.40596316949107;-2.5081412319215;-1.76507376398539;-2.23052895940711;-2.78996987621729;-2.19700146265344;-3.08917206690288;-1.84825823281427;-2.63052736411003;-2.31856916793731
3175;-2.63218817809538;-2.90902408935502;-2.07519308424984;-2.64216958066689;-2.6162748402016;-2.55705246956322;-2.45054242493121;-2.37579625137591;-2.16852920916902;-2.91990871176349;-2.3339894257839;-1.97282636555172;-2.43855212239147;-2.42879057760819;-2.34811282976443;-2.38389081051581;-2.38542339729313;-2.3689051102477;-2.26310615127264;-2.61983646736156;-2.40209809547996;-2.50068942766006;-1.76120609494745;-2.2311729060575;-2.78430649691935;-2.19355356748262;-3.08728715137113;-1.84686968844368;-2.62420630127245;-2.31220436704462
3200;-2.62515075038469;-2.89562569965187;-2.06048223914684;-2.64050593555259;-2.60295694582788;-2.55618466003749;-2.44576638859802;-2.36594809438085;-2.17392497625369;-2.91770182528405;-2.32954764567737;-1.96494715031155;-2.43665464999905;-2.42952016015433;-2.33705556882813;-2.37087200620618;-2.378142676929;-2.36334061627602;-2.25187403455777;-2.61719163441495;-2.39509842033098;-2.50008478471067;-1.76025802292543;-2.23277250988873;-2.78573209515129;-2.18867743568197;-3.08761671019137;-1.8449826726188;-2.61836517995729;-2.29906321621963
3225;-2.62070803374991;-2.89247742086107;-2.04748812790846;-2.6397350047414;-2.59300969970067;-2.55142922595784;-2.43946067487295;-2.35667330633735;-2.17706634745421;-2.91345300123105;-2.32421606954835;-1.95755152444074;-2.43372392956553;-2.42513417533723;-2.3268458783008;-2.3588034511269;-2.37269297237506;-2.35904122276424;-2.24648537003825;-2.61629390722657;-2.38796137844359;-2.49631628945216;-1.75546397163937;-2.22954624907574;-2.78440973210834;-2.18331680103475;-3.07863181172402;-1.84525610590582;-2.61398964411761;-2.28781019718546
3250;-2.61193757876197;-2.88300568166002;-2.03485914227939;-2.63861052471175;-2.58449513107324;-2.54920011086848;-2.43226016675266;-2.35222203332354;-2.1799976692994;-2.90222817064249;-2.32361628136778;-1.95162917201013;-2.43648194752022;-2.42034436302396;-2.32429684211881;-2.3527873178891;-2.36837698962458;-2.35867279822486;-2.24068122133388;-2.61692526725005;-2.37324195081958;-2.49264283778631;-1.75041311029466;-2.22970849817832;-2.78058370498608;-2.18110478562785;-3.06868053767385;-1.8413115947027;-2.6061435955337;-2.27468575748677
3275;-2.6054886711159;-2.869918515403;-2.02736701261271;-2.63557870726119;-2.57771135533224;-2.54251184476014;-2.42165323852597;-2.3488210091449;-2.18425884824879;-2.89162137417649;-2.31754845808456;-1.94327637749147;-2.43852448233407;-2.41914017889113;-2.3187528839496;-2.34532533938892;-2.36602187988002;-2.359687515001;-2.23252388720125;-2.61771250366847;-2.35471003742118;-2.48862581106058;-1.74960379479054;-2.23051363129705;-2.7774229236969;-2.17803489074467;-3.05954850343308;-1.83713640383547;-2.59903635236174;-2.26529003049726
3300;-2.59876208584116;-2.85673423461075;-2.02061745901282;-2.63173767643487;-2.57261435890528;-2.53531388003577;-2.4125394599224;-2.34483040435965;-2.18547808876379;-2.88015446308325;-2.3102490816511;-1.93454317180272;-2.43833469848986;-2.4165366790731;-2.31309100296092;-2.33866725911242;-2.36056431414432;-2.35962473894384;-2.22809308987973;-2.62086752569236;-2.34445456049965;-2.4921915977659;-1.74999664017437;-2.22827746080109;-2.7760484787864;-2.17716745617184;-3.05325067912162;-1.83529185536008;-2.59033102184221;-2.25594490869112
3325;-2.59724276886776;-2.84925814360595;-2.01509329480995;-2.63807982983159;-2.56977282397578;-2.5281785137556;-2.4057577081303;-2.34309913238368;-2.18520334306232;-2.8696563654055;-2.31020385645849;-1.93175524899669;-2.43851345268018;-2.41043382261169;-2.31122942974074;-2.33205839815777;-2.36310641888251;-2.35723481755727;-2.22564701734338;-2.62461011963883;-2.33453422769482;-2.49799612483572;-1.74842919007609;-2.22514177803234;-2.77522891881313;-2.17199344960177;-3.05100569586226;-1.83376358603213;-2.58391630896801;-2.24866760489561
3350;-2.60074597028595;-2.83955052702291;-2.01358209708437;-2.64364831192271;-2.56778596035887;-2.51358877668057;-2.39565174249317;-2.3348048366556;-2.18030118077983;-2.85779577248812;-2.31275497293475;-1.93015514821546;-2.43995727597466;-2.403003713982;-2.30710017884011;-2.32746430657876;-2.36414003897868;-2.35443831536025;-2.22148473666215;-2.62323488012901;-2.32963577095259;-2.51009744206035;-1.74755628907393;-2.21749285730759;-2.77470985138752;-2.1650482592396;-3.04375068013769;-1.83170648461993;-2.5755410186545;-2.24040884060521
3375;-2.60250877232682;-2.83127250119474;-2.0133002659201;-2.64868096805706;-2.56618025511826;-2.50888149449393;-2.38454640606313;-2.32941082382191;-2.17249949816418;-2.84072379603331;-2.31530218018594;-1.92686283081808;-2.44183870901825;-2.39548580472387;-2.30432743656381;-2.32684205496969;-2.36283862120535;-2.35890603109511;-2.21475473567817;-2.62244952227308;-2.3176256063847;-2.51752733935209;-1.744547988857;-2.21054220086012;-2.77036390437853;-2.15444731019477;-3.04425369723754;-1.8262019100033;-2.56197752563574;-2.23579204731975
3400;-2.61024752118027;-2.82354601985416;-2.01208524383147;-2.65116621916917;-2.56521706046284;-2.50479990388981;-2.37353916132805;-2.31704050417046;-2.17737344019944;-2.82639108508015;-2.31767438905841;-1.92390480471041;-2.44413762435687;-2.38806542072205;-2.30091702233087;-2.32183181954623;-2.3656392477959;-2.36253541041436;-2.2165272396396;-2.62323242681403;-2.30584267098835;-2.52741809694138;-1.73952040539198;-2.20370489691724;-2.76846530279274;-2.14593102388943;-3.03608191819765;-1.81758771459706;-2.55225624403142;-2.23082769243059
3425;-2.6146838152192;-2.81518515800919;-2.01355416485279;-2.65372593104069;-2.56080520311321;-2.49722425288719;-2.35920887222841;-2.31111541691527;-2.17407734161684;-2.81288705321831;-2.31747036426161;-1.91780465746582;-2.44442816306273;-2.38205473142932;-2.30343302909953;-2.32398314996022;-2.36711639343134;-2.36665896006192;-2.20925800012023;-2.62628461286308;-2.29770655280773;-2.53489121675408;-1.73504004146047;-2.19918827756734;-2.7701288301741;-2.13332706064355;-3.03263818546998;-1.8108189067051;-2.53928488536256;-2.22345707579891
3450;-2.61816636882308;-2.81626410299139;-2.01869415723924;-2.65353945467826;-2.5604806333706;-2.48835170403459;-2.34943743808763;-2.30499699733685;-2.16997954031689;-2.79750920188357;-2.31415040962656;-1.90929465302574;-2.44036480629847;-2.37503137405304;-2.31319747953555;-2.32475559404073;-2.36619840464859;-2.36320554825754;-2.20031832560442;-2.62726017084326;-2.28930865911875;-2.54003024041808;-1.73218453743025;-2.1940459216918;-2.76609920214464;-2.12890725891509;-3.02567583693769;-1.80335823421009;-2.53098548815704;-2.21843917627876
3475;-2.62862626491317;-2.81626179717425;-2.02545012165064;-2.65491943852473;-2.56274304009495;-2.47694490027811;-2.33762028440222;-2.29703683492248;-2.16218154109238;-2.78665748613717;-2.31262798801698;-1.90204633881275;-2.43413154966349;-2.37411162185329;-2.31809302105989;-2.322533991908;-2.36915806176726;-2.36405733531482;-2.19038570094361;-2.62855463293135;-2.28632037822437;-2.5471897665233;-1.73134984225481;-2.19264768455543;-2.76879948616825;-2.12106231515887;-3.02067916177546;-1.7970327073535;-2.52351947044873;-2.22233969908537
3500;-2.63405490435053;-2.81238829061781;-2.03062306757356;-2.66093621135318;-2.56750208348901;-2.46504925447028;-2.32791284416042;-2.28567158225856;-2.16087728231668;-2.7766811183794;-2.31152830546265;-1.89885751948962;-2.42472530485998;-2.37881550987558;-2.32413817132362;-2.31828880908881;-2.37211386444182;-2.3679400542738;-2.18993961898468;-2.62731711523876;-2.28940238234723;-2.55386208393327;-1.73052686885636;-2.18336940962527;-2.76992977706609;-2.11464262347202;-3.01236079716537;-1.79122531947032;-2.51600406809629;-2.22285489283241
3525;-2.63489325430947;-2.80223710655742;-2.03594040040094;-2.659208657252;-2.56938000346761;-2.44911419077242;-2.31657904728125;-2.27321946513499;-2.15612857438458;-2.76728323221572;-2.30628041451131;-1.89316239106875;-2.41375136638302;-2.36709092437714;-2.33087081601358;-2.31703913778602;-2.37644643018928;-2.36708367522835;-2.19130559411082;-2.6239789351818;-2.28969778112473;-2.56078461229804;-1.72451211678513;-2.18180668099229;-2.76039560562838;-2.10329933732995;-3.00792640583197;-1.78671739834262;-2.50491228488563;-2.22678907020884
3550;-2.63618789552975;-2.79463762087252;-2.03697238639923;-2.65429577888744;-2.56896441835799;-2.43792207640283;-2.30269231768911;-2.26214799371554;-2.14997284466992;-2.76406170905906;-2.30103845323146;-1.88727628293431;-2.40302378009049;-2.35787818751233;-2.33463848931871;-2.31517560138194;-2.38186367905887;-2.36358529813666;-2.19623248697625;-2.61883325691945;-2.2913951178321;-2.56312780138074;-1.71864496994878;-2.17991897211913;-2.75798678117589;-2.08839206070935;-3.00698755048063;-1.78365511952598;-2.49737298775311;-2.2336405319884
3575;-2.63286301148583;-2.79011377847015;-2.04064082288587;-2.65411582744314;-2.56939017491597;-2.42920119449607;-2.28809385007653;-2.25262467808572;-2.14275322727865;-2.76095931623107;-2.29189198291032;-1.88425010810262;-2.38932558756308;-2.35354702686422;-2.33889887010084;-2.31116348051296;-2.38528746613311;-2.35872477040118;-2.20303104877742;-2.61254185750497;-2.29482531846495;-2.56502666439443;-1.71398255711526;-2.18126753539324;-2.75587984954946;-2.08038108557664;-3.00991527027574;-1.78647518510234;-2.49033510194985;-2.24374633407709
3600;-2.62505516816308;-2.78953640470111;-2.04851571311445;-2.65127586775579;-2.56954679774521;-2.4218313483413;-2.27648679300568;-2.23715263680335;-2.13728308624596;-2.75958902791636;-2.28591274020597;-1.88364778338551;-2.37485603847216;-2.34920146014813;-2.34449673773736;-2.30402029318166;-2.38297876499967;-2.35637867750005;-2.20851805711596;-2.6055374718048;-2.30202645684552;-2.57130110728319;-1.70896805780564;-2.17995108525332;-2.75864544319024;-2.07519075418043;-3.0089351094085;-1.78634331780671;-2.48312231337597;-2.24381284431859
3625;-2.61719874190156;-2.78937805220844;-2.05382226670947;-2.6455589379541;-2.57004337392647;-2.41847168044789;-2.26499574272085;-2.22678401398595;-2.136182292813;-2.75007870679199;-2.27786342064082;-1.88193927006676;-2.3649778661107;-2.34749200613465;-2.35033536544065;-2.29759386462353;-2.38485571249553;-2.35146516906268;-2.21672009182742;-2.60070028578618;-2.30629012103234;-2.57530556023946;-1.70337367709728;-2.18059884132002;-2.76134182325835;-2.06681526186075;-2.99905837497837;-1.7812776996095;-2.47886710023447;-2.24509190132047
3650;-2.61128688979315;-2.78578992500823;-2.0565627221449;-2.63820587433125;-2.57077860699113;-2.41277479387237;-2.2530068309364;-2.21833131424973;-2.13305936640884;-2.74236658004957;-2.27367120590665;-1.87707270266359;-2.3554878859755;-2.34237710491089;-2.36070934390565;-2.29964574889643;-2.38761210926622;-2.34467598996546;-2.22886860644596;-2.59837756918075;-2.31316894523835;-2.57647722768934;-1.70313689250314;-2.18288680069695;-2.7601083188191;-2.05463128187593;-2.99509176809409;-1.7787883317703;-2.46914085304671;-2.23912751696952
3675;-2.60465436339069;-2.78424201471538;-2.05869579073533;-2.63137652164028;-2.56702898414719;-2.40901154842125;-2.24220049834916;-2.21075478799523;-2.12963903928874;-2.73823646759825;-2.26517128623646;-1.87208764548644;-2.34283702472915;-2.33763434411055;-2.36975007525998;-2.29304867400203;-2.39077299264003;-2.33859892804515;-2.24615272591521;-2.59353434752482;-2.31682101565471;-2.5687915308336;-1.70074786480828;-2.18837148613222;-2.76328808123123;-2.0509689878274;-2.99209720176115;-1.77939525904247;-2.4640514161426;-2.23601099841254
3700;-2.59612964246307;-2.78064551721361;-2.05928748341985;-2.616619550541;-2.56489084243368;-2.40937412025881;-2.22967882842562;-2.1985414880143;-2.12505288274745;-2.73618196770689;-2.2569907915908;-1.86679390443538;-2.33048395229504;-2.33035113118192;-2.37643080878688;-2.29525796725516;-2.39631260862676;-2.33543074427074;-2.26408474575927;-2.58856814534208;-2.31849384069707;-2.56715707878976;-1.70124488875369;-2.19200711431995;-2.76458007564239;-2.04886097547979;-2.99128295724786;-1.77985377722665;-2.46839024325963;-2.2271302408025
3725;-2.58162227670365;-2.78563610548067;-2.05655861944285;-2.60764773533896;-2.56538373592874;-2.40671028018593;-2.21839223660881;-2.19136827777106;-2.12044741037948;-2.73513931591769;-2.24843876684884;-1.8615774523687;-2.32086846905416;-2.32677340544951;-2.38335351208294;-2.29524110961067;-2.400261188536;-2.33302523356101;-2.27660816099029;-2.58385582792918;-2.32210684660037;-2.56824405152812;-1.70221462518349;-2.1945055884533;-2.76582051272156;-2.0498522365951;-2.99234756701632;-1.78212436443376;-2.4713007554527;-2.22155405898762
3750;-2.56846076730233;-2.78774645512676;-2.05754272147592;-2.59916071759926;-2.55858543561481;-2.40753194700653;-2.20872699186852;-2.18682999874511;-2.11726755165256;-2.73546318366846;-2.24682398600575;-1.8556653744466;-2.31323620645748;-2.32191703432414;-2.38737817774576;-2.29785165509618;-2.40430239035182;-2.32635485502594;-2.28901067878647;-2.58386319697247;-2.32406431612926;-2.56675054306315;-1.69916089828268;-2.20753991829009;-2.76424131265137;-2.05023412725274;-2.99119476004345;-1.78441183556004;-2.4714179998468;-2.21125940781295
3775;-2.55425212998115;-2.78887300656302;-2.05739778865385;-2.58823386069164;-2.55119640276991;-2.40997219628916;-2.20191607194012;-2.18262777443848;-2.10874164027579;-2.73615615499636;-2.23913917392959;-1.85025137855663;-2.30938673517382;-2.31199505192468;-2.38918935189866;-2.29873136305105;-2.41045317323316;-2.31666834066829;-2.30371260902596;-2.58182977947995;-2.32100076989301;-2.56440015525637;-1.69603115055608;-2.21675319638851;-2.76115848924294;-2.05243981178686;-2.98580822415714;-1.7868524761465;-2.46998360309098;-2.19896287603287
3800;-2.5398971169994;-2.79060092735108;-2.05368299918854;-2.58168663302993;-2.54514630389271;-2.40645564283373;-2.19715951539612;-2.17580808600716;-2.09885008844663;-2.74014267914652;-2.23109553606721;-1.84714170223291;-2.30976791168698;-2.30499903951892;-2.39406364588031;-2.30271097735282;-2.411163532566;-2.31991014215429;-2.31374233931256;-2.57448991729984;-2.33600125589283;-2.56319547900125;-1.69549275514501;-2.21644832037069;-2.75727797987273;-2.056906377177;-2.98680980235928;-1.79332848698095;-2.47280572570479;-2.18474172853955
3825;-2.52151798690173;-2.79338048225693;-2.04671553825466;-2.56916943609069;-2.53884619979465;-2.40029576592994;-2.19601980260957;-2.16867915383547;-2.0872800664559;-2.74526825623192;-2.21951515503489;-1.84891730952978;-2.30767294468328;-2.29972232684456;-2.39722546693302;-2.30605648704768;-2.41206279643863;-2.31333531227545;-2.32112082715675;-2.57221923798932;-2.3338347143056;-2.56248900266096;-1.69512086282218;-2.22363290734258;-2.75356841477283;-2.06210967087333;-2.98434489540718;-1.79635780159285;-2.47424875338333;-2.16962883645109
3850;-2.5059984400696;-2.79539231312267;-2.04187878229589;-2.56930663524817;-2.53417135922297;-2.39384290843735;-2.19352209577994;-2.16061730464014;-2.07717004915771;-2.75083184850833;-2.20782021361481;-1.84713169438338;-2.30553172017606;-2.29790645945514;-2.40075073732948;-2.31733640776382;-2.40873523412729;-2.30547402819958;-2.32837703395627;-2.5708416115005;-2.33268912776891;-2.56811766745643;-1.68961365057369;-2.23281474626491;-2.74504843575926;-2.069440314953;-2.97325063400603;-1.80171806762342;-2.47032112131456;-2.16171073468006
3875;-2.49425148556248;-2.79522237210235;-2.03911276200204;-2.56722992510433;-2.52677964298364;-2.38787681869627;-2.1896157702094;-2.14795901399218;-2.06218285813022;-2.7585928316709;-2.19988007608672;-1.84169332664031;-2.30800999732326;-2.29938781168523;-2.40041685989599;-2.33238497278897;-2.40307688641786;-2.31075390027373;-2.33157103113635;-2.56397226877111;-2.33589230541163;-2.57929473949495;-1.68471559770052;-2.2367302748285;-2.74123668815969;-2.07066228119254;-2.96738818105147;-1.8028939550961;-2.47167461756949;-2.15340874795454
3900;-2.47842852657482;-2.79912394425537;-2.03358275768999;-2.54990916611999;-2.52251409544801;-2.38631630414851;-2.18568793977937;-2.1411559247348;-2.06010275803483;-2.76599879890604;-2.19294133730037;-1.84101806278443;-2.30828631375529;-2.30043314467462;-2.39775352423326;-2.34593970621045;-2.39748495818045;-2.30708366526294;-2.33167885423412;-2.55947454305348;-2.33880372026508;-2.58585231524994;-1.67928769615436;-2.23949940484082;-2.73775476218958;-2.07038647424005;-2.96484494571088;-1.8060073741158;-2.47590414633517;-2.14567423203512
3925;-2.47510175512804;-2.80292327619098;-2.03070597132578;-2.5403979248064;-2.52087674327175;-2.38390462080914;-2.18584015949198;-2.13218186539977;-2.0561212281914;-2.77259838495543;-2.18370888629426;-1.83683450648681;-2.30614272912663;-2.30146922124024;-2.39623079905838;-2.35740911637806;-2.39017327598833;-2.30270760710055;-2.32958373382864;-2.55866621278682;-2.34317462944953;-2.58659529665691;-1.67494181634214;-2.23855619322215;-2.73450095299441;-2.07234181020479;-2.96419172627443;-1.80839406735059;-2.4743799607784;-2.15065430667175
3950;-2.4699680751208;-2.80183298015126;-2.02727882510807;-2.52762391360933;-2.51571043410965;-2.37921673306764;-2.18566876170171;-2.12198405381663;-2.0522308953658;-2.78110854953997;-2.17506507298732;-1.8323656858203;-2.30433424211848;-2.30025796173075;-2.39038979849785;-2.37407605825238;-2.38087486188198;-2.29786070013977;-2.32625006564339;-2.55723530316866;-2.34199321007441;-2.58565062845777;-1.66709797115265;-2.23581096859173;-2.73044544310454;-2.07272335134252;-2.9607824271965;-1.81030951811643;-2.47537721557665;-2.13791898618538
3975;-2.46761498478532;-2.80608219757414;-2.02122410331135;-2.50959565526821;-2.51045332176549;-2.37159218489184;-2.19131090579715;-2.11290095256845;-2.04742997362638;-2.79046096282526;-2.16921232657281;-1.82931380768871;-2.30243697350947;-2.29951411699677;-2.38192721126057;-2.38647586788819;-2.37205676351202;-2.2925684209166;-2.31265715813128;-2.55720215343566;-2.34709255499435;-2.58262530283587;-1.66130680360291;-2.23637016891756;-2.72265618352658;-2.06875799434531;-2.95633466425724;-1.8087747362132;-2.4753582035975;-2.12819564901839
4000;-2.45858573127399;-2.80617542474705;-2.01720914743999;-2.49687126024013;-2.50928572413287;-2.36702154203085;-2.19820432072172;-2.10535151776258;-2.04179509539075;-2.8019190047998;-2.16096182680016;-1.82587893485935;-2.30067893688335;-2.29992709788156;-2.37187191762948;-2.39519047927547;-2.35844621867725;-2.28589631197355;-2.29818603555991;-2.55630138192182;-2.35430394717408;-2.58508028414666;-1.65536479864427;-2.23496428428163;-2.72371610829688;-2.06495772801964;-2.94992283394707;-1.80490458688187;-2.47569888551987;-2.12110995352472
4025;-2.45409012133303;-2.80519672772106;-2.01462774348247;-2.48469659911725;-2.50898395004456;-2.36265087909037;-2.2073648341582;-2.1010622631375;-2.03645559715119;-2.8108396995811;-2.15211109656702;-1.82055316467046;-2.29910563790744;-2.29818058815151;-2.3657454871545;-2.40577557788092;-2.34837674614757;-2.27978067167106;-2.2888546676793;-2.55585169430871;-2.36442831452246;-2.59380432193474;-1.6462844884297;-2.23446161755021;-2.7170809521536;-2.06101178272239;-2.93813183605172;-1.7997781196537;-2.47733936736818;-2.11088942838665
4050;-2.45126161737277;-2.79042971650421;-2.01009322789901;-2.47421781370453;-2.51072616535764;-2.36060563255147;-2.21771857180566;-2.097278639143;-2.03611662879637;-2.81559826074603;-2.14340765908856;-1.81554388341832;-2.29869540610445;-2.29792220382161;-2.36417048669547;-2.41478144429742;-2.34360566831692;-2.2728686462375;-2.27814086212915;-2.55680856869028;-2.37019108216309;-2.58710847763528;-1.63711846781999;-2.23434451428427;-2.70945120410755;-2.0563380416643;-2.92703805621703;-1.79701916205512;-2.47696213902532;-2.09906724599768
4075;-2.45189682091639;-2.76826249630894;-2.00735295151135;-2.46587940034672;-2.51773275284588;-2.35625652271602;-2.22304539790263;-2.09467678454618;-2.03607253514321;-2.81970981276414;-2.13177219398301;-1.81109119511344;-2.29660011057424;-2.29653022852626;-2.35561083253965;-2.420489683086;-2.33203110204526;-2.27037121005225;-2.2656905760158;-2.55901932419511;-2.37817710537337;-2.57382072692991;-1.62691728526393;-2.23397339451459;-2.70238417348224;-2.05145726623911;-2.91842515370333;-1.79457001228838;-2.47892392224007;-2.09785613044382
4100;-2.45084521719878;-2.75504791687789;-2.00537019308347;-2.46004001580384;-2.52361840005024;-2.35384335046525;-2.23205653696392;-2.09227839799389;-2.03589923416045;-2.82259782296126;-2.12431216931589;-1.80983968047048;-2.29260394161467;-2.29209588277753;-2.34909536557647;-2.42311445229221;-2.31512318279479;-2.26507057245119;-2.2551230588952;-2.56287123206329;-2.39266069613505;-2.56012078343229;-1.61401955291706;-2.23678832713889;-2.70090626374392;-2.04946926072213;-2.91085705694621;-1.79078939986798;-2.48319913110123;-2.09533346732969
4125;-2.4571284024174;-2.75653616551774;-2.00366549244931;-2.45764047437763;-2.52944355825413;-2.35325622625017;-2.23981974953088;-2.08693673109824;-2.04081973971849;-2.81225658204617;-2.12178236811619;-1.81465780149254;-2.28952953512067;-2.28321379598137;-2.34367973091499;-2.42061182837042;-2.30181961404211;-2.26117314450946;-2.24834474692158;-2.56706183621389;-2.40343977114487;-2.5423062389561;-1.60330857006888;-2.24079394667294;-2.70002398585863;-2.04430452400235;-2.90632708771455;-1.78749931010999;-2.48960788728192;-2.09209693945544
4150;-2.46546378459449;-2.7609607550924;-2.00299702020297;-2.45766246365826;-2.53436304105202;-2.3511439564562;-2.24489418115718;-2.0814718942051;-2.04627208911742;-2.80325773291695;-2.12004298861427;-1.82075017309652;-2.28746096585498;-2.27224900103109;-2.33710877687407;-2.4188191869905;-2.28639080664194;-2.25920004015647;-2.24261993858803;-2.57050173658807;-2.41726424649298;-2.52806954723334;-1.59390252598697;-2.24483475785606;-2.69677731921981;-2.04039429864124;-2.8993154802237;-1.78467276571993;-2.48887995082237;-2.08859288970959
4175;-2.47532112286575;-2.77734189027893;-2.00204579405842;-2.45519903702692;-2.54017504973504;-2.35578639739829;-2.24855092090216;-2.07585552607743;-2.05098008410041;-2.80511781611485;-2.12087454822504;-1.82520894216029;-2.28426897838589;-2.25908320509911;-2.33240568323016;-2.41677206541829;-2.27031234598337;-2.26390696253162;-2.23565856403782;-2.57393269049583;-2.42386469015429;-2.51886905612327;-1.5812221300108;-2.25039973267365;-2.69066718296375;-2.03769026237774;-2.89802086157368;-1.77892212841062;-2.48812581625257;-2.0857119086741
4200;-2.48911153650681;-2.79899897309149;-1.99988547789877;-2.45544482287966;-2.54538522556525;-2.3595653378349;-2.25129760290216;-2.06856375344265;-2.05588167378191;-2.81568969281473;-2.12409413791285;-1.83257281203817;-2.27871555239268;-2.24360166333323;-2.32950577009764;-2.41019456361581;-2.25858591384832;-2.26430938267358;-2.23494376641586;-2.57758197957852;-2.43345065975847;-2.512983978129;-1.57102399728192;-2.25843917585474;-2.69128343209323;-2.03834466357163;-2.89047100334585;-1.77055876083919;-2.48719553496589;-2.08125420503788
4225;-2.50049487125681;-2.82242228066424;-1.99599965012287;-2.47374009396062;-2.54470752672697;-2.35957012893304;-2.245698951515;-2.06513004803915;-2.05711412462035;-2.83471394017963;-2.1272131887812;-1.84050869469152;-2.27009327795088;-2.22737305066912;-2.32914919415871;-2.40525916224154;-2.24794414898414;-2.26545936836911;-2.22220079427196;-2.58149289607934;-2.441579807074;-2.51639943601237;-1.56662576116385;-2.26636306163086;-2.69786137697728;-2.04017950983917;-2.88345887396916;-1.75755571235457;-2.48061182240018;-2.07165346428439
4250;-2.511574238567;-2.8513696821893;-1.99256893682031;-2.4852996833698;-2.54670216729658;-2.35881560429148;-2.23868797069698;-2.06130216934435;-2.05635285072746;-2.85719288490726;-2.13051481984664;-1.84398345833668;-2.25772573107746;-2.20874718600419;-2.33129696605289;-2.39446305414629;-2.23962807036708;-2.2674358362529;-2.21087774780987;-2.58065941097328;-2.43713857867132;-2.52437226448513;-1.56610826480614;-2.26779318612099;-2.6952345375399;-2.04811798009774;-2.87500249589533;-1.74889025151694;-2.4740020720911;-2.06454584046049
4275;-2.52676842191214;-2.87518583099804;-1.98952487828574;-2.46487871084502;-2.54986110294542;-2.35670371060772;-2.22774358675357;-2.05908060837321;-2.0532960295125;-2.88280695590924;-2.13858457779499;-1.84687979787898;-2.24342209250824;-2.19433754580772;-2.33370179552552;-2.38320759048592;-2.23680706247774;-2.26961600284954;-2.19902038538943;-2.57636989189065;-2.42303261636932;-2.54038875824038;-1.56729383166786;-2.26839065822765;-2.69157295931689;-2.05286413838361;-2.8632531676385;-1.74154829437422;-2.46675208926636;-2.06423980341116
4300;-2.53563185367564;-2.89246283997846;-1.9840068285875;-2.42402142984149;-2.55478691157811;-2.35193767421057;-2.21233875436288;-2.05481196261361;-2.05280810117528;-2.90674192822548;-2.14620195132939;-1.85353918134726;-2.22746123470931;-2.18201110892781;-2.33699529036283;-2.37214837570111;-2.23681455269663;-2.27155229722909;-2.18976861741963;-2.56935507497282;-2.40142529027166;-2.55920140711751;-1.57110461464625;-2.26085469841624;-2.68062068063352;-2.05791380280094;-2.84559809561664;-1.7337702258146;-2.45577834869856;-2.06075700308453
4325;-2.54118125394885;-2.90359724527034;-1.97750140621225;-2.37267271989414;-2.55759547776862;-2.34488163126476;-2.19448092179331;-2.05077141370211;-2.04692609718745;-2.92823724235992;-2.15285421670898;-1.85867857819462;-2.21045180220667;-2.16587419109835;-2.33841667328304;-2.35814215210718;-2.24151237084386;-2.26901688780821;-2.17358856016101;-2.56191850232626;-2.37553571152573;-2.57803911909714;-1.57352449984778;-2.24822070894932;-2.66159577107357;-2.06454517861766;-2.83030409877852;-1.72669601539573;-2.44235230134658;-2.06005229888802
4350;-2.54469164439108;-2.91013637155155;-1.96682768220787;-2.32187085243123;-2.55573459184032;-2.34185259403152;-2.17032435538193;-2.04894338019826;-2.0367097120282;-2.94700794139701;-2.15777064173246;-1.86093156015211;-2.18987053661002;-2.15154713341696;-2.33716291336389;-2.34291252925027;-2.248333347879;-2.26567085908148;-2.15766004160674;-2.55196275659515;-2.35274154576175;-2.59162790865048;-1.57575925684755;-2.23191689355571;-2.6446823369206;-2.06878308524451;-2.81519722080083;-1.72117474760235;-2.43181744813243;-2.05964105591228
4375;-2.54250206276774;-2.9089841480804;-1.95345150360174;-2.2842042483841;-2.55054404533976;-2.33640889127184;-2.14410288370312;-2.04480784340649;-2.02642941198948;-2.9575813491957;-2.16036908301171;-1.86200009170482;-2.1655214162068;-2.14100085342286;-2.3353879973512;-2.32360000297112;-2.25610053990416;-2.2554963223089;-2.13778845188574;-2.53742329284553;-2.33746782720874;-2.59941338124926;-1.575989624496;-2.21105122953194;-2.62541555564431;-2.07407387115176;-2.79664371449006;-1.71377916105569;-2.41363118616482;-2.05744709288745
4400;-2.53629242688147;-2.90338028999189;-1.93760438759513;-2.26063546129649;-2.53941195498881;-2.33004869655214;-2.11487927636883;-2.03427035592224;-2.01372385137548;-2.95893537041465;-2.16483532768146;-1.85959540712742;-2.14094489891324;-2.12972113372088;-2.32948285364572;-2.30191720380368;-2.2596724123124;-2.24722803895128;-2.11790239851478;-2.52147815697136;-2.3358274403609;-2.60227971607569;-1.57519655523739;-2.18761312876915;-2.60564350739508;-2.07271061949373;-2.77412715926779;-1.70045048251016;-2.3907770993308;-2.04955987640471
4425;-2.5244787859403;-2.88654903060622;-1.9167235613493;-2.25973367073136;-2.52217436746272;-2.32552017792077;-2.08203392802507;-2.02817522388671;-1.99639758595183;-2.94290142873041;-2.1659734142329;-1.84901292864524;-2.11669597837761;-2.11671510967937;-2.32054285852076;-2.28038611144067;-2.26750832577252;-2.23373783562888;-2.09470930417909;-2.50275391164921;-2.34274745575971;-2.59603180782972;-1.57369751229273;-2.16127012163791;-2.58194539010649;-2.06493429031968;-2.73569754916292;-1.67838352115309;-2.36532052412517;-2.03625911299611
4450;-2.50990258504854;-2.86298149566464;-1.89271815789699;-2.28826739986144;-2.49766156658892;-2.31616251279097;-2.0481243736738;-2.02022145241487;-1.9743298059494;-2.92146210209709;-2.17072775481607;-1.83118807404224;-2.08947405004364;-2.10170749017722;-2.3081310566179;-2.25676149848616;-2.27289424746407;-2.21615565987007;-2.07477081014522;-2.4799614620256;-2.36886220206394;-2.58263569038645;-1.57147552193423;-2.13104254275563;-2.55287582611829;-2.05197935003019;-2.71122003745393;-1.65751830352588;-2.33575438024794;-2.00931599593538
4475;-2.48787059131797;-2.83300627908126;-1.86592833531421;-2.32684003476289;-2.46652501820739;-2.30846305137118;-2.01579829879371;-2.01042356171433;-1.94717785449475;-2.89336078990405;-2.1689620640718;-1.80885119836389;-2.06011126036731;-2.08705979451319;-2.28389361526206;-2.22515078392573;-2.27895729395895;-2.19517172678651;-2.04889813626183;-2.45263326943891;-2.37926940653569;-2.55893058609411;-1.56265978880691;-2.09997677227001;-2.52547538051828;-2.03220556923146;-2.69458717752784;-1.63310494986346;-2.30739728181711;-1.97872321520949
4500;-2.46039790356857;-2.79745821444122;-1.83585326158874;-2.35296608795236;-2.43308996686944;-2.30373576882397;-1.98024546702756;-1.99633912897119;-1.91641486491597;-2.85728335806173;-2.1647884793276;-1.77877949057361;-2.0315119064157;-2.06948522715378;-2.25053350167567;-2.19271769411312;-2.28516571764317;-2.16947166531663;-2.01542316517433;-2.42134349905591;-2.36449180517884;-2.52956407820487;-1.5503819644177;-2.06723615528081;-2.49194653364178;-2.00643224346994;-2.68534799816935;-1.60643299600156;-2.27415681064602;-1.94247724501642
4525;-2.42501614420793;-2.75914435476434;-1.8029032631725;-2.37499555758671;-2.39152475203063;-2.29999852070354;-1.94856243104331;-1.98186474886929;-1.88029126428243;-2.81583312345089;-2.13903039459666;-1.74419307344787;-2.00981495854575;-2.05472630459453;-2.20897394917907;-2.15685379115215;-2.28729841419249;-2.13980003367639;-1.97960032341594;-2.386910800709;-2.33600364101675;-2.49193862475774;-1.53412095030303;-2.03998902588;-2.45723618437716;-1.97755285039973;-2.68251701655635;-1.57691748396349;-2.23772444476779;-1.90779506787357
4550;-2.38449179923547;-2.71067065935936;-1.7702292206415;-2.38785983821309;-2.34465443751486;-2.29806528636565;-1.91790723309502;-1.96535300848701;-1.84183939790036;-2.76921256505431;-2.13289341834393;-1.70490822636388;-1.97824174452242;-2.03592020391782;-2.16141135224386;-2.11872243995703;-2.2854274567706;-2.10730327667141;-1.94522789655225;-2.35230653928609;-2.27632847823231;-2.44733343623532;-1.51145886656329;-2.02227595280017;-2.41472659407985;-1.94275281977692;-2.67661296631032;-1.54405355717399;-2.20117675262361;-1.87070185817536
4575;-2.3379379783363;-2.65804582578248;-1.73348872459324;-2.39226315183387;-2.29812897642618;-2.29093470166768;-1.89115578620415;-1.94582287485987;-1.7994231137378;-2.71672794826942;-2.13512595428939;-1.66216529394746;-1.94471049048302;-2.01450571384491;-2.11143173674634;-2.07520997399711;-2.28150372954418;-2.07315550066125;-1.90382939753313;-2.31592514938753;-2.19243126703758;-2.39556377572097;-1.48807307906977;-2.00437082029903;-2.36845616488323;-1.90604981239921;-2.66875136911373;-1.51208385159035;-2.16600535763724;-1.83223163880117
4600;-2.28573833548759;-2.61277415515138;-1.69483356486903;-2.39315360094842;-2.25122827155535;-2.28015192306726;-1.86658807318663;-1.92232837841828;-1.75405854171934;-2.66215652204076;-2.13730903657387;-1.61721737681337;-1.92442453136499;-1.99381796920855;-2.06114447431179;-2.0304272123615;-2.27202613423226;-2.04170061058759;-1.86194699590852;-2.27518838290583;-2.09566211408159;-2.33519976821195;-1.45924255372908;-1.98398193111363;-2.32262201102421;-1.86709591357772;-2.65669500275223;-1.47806476918561;-2.1334888190155;-1.79394801282703
4625;-2.22749763352033;-2.5627030428813;-1.65466695142166;-2.39147713965178;-2.20349135954794;-2.2681976418317;-1.84385671759453;-1.89469769618932;-1.70789005926241;-2.60736672283288;-2.13395887532353;-1.56492187433717;-1.91205705754749;-1.97029482494583;-2.01238492419757;-1.98255796457581;-2.25893592558615;-2.00171854100563;-1.81679798852659;-2.2349608393348;-1.98736276250225;-2.26933352711822;-1.42501215411218;-1.96913048300756;-2.2728725165988;-1.82524980089933;-2.63959169973035;-1.43960189549697;-2.09676116622391;-1.75681982717167
4650;-2.17116583972442;-2.51104706522339;-1.61514994801619;-2.38610010609349;-2.1577229587243;-2.25767924372137;-1.82250415026574;-1.8594564293778;-1.66201510536108;-2.55117856818503;-2.12099202111236;-1.50850808904029;-1.90587693689776;-1.94366862860653;-1.97578360386114;-1.93716412363181;-2.24055060666785;-1.9646027338631;-1.77728433195826;-2.19161985622452;-1.882414442891;-2.19992464464633;-1.3807449006491;-1.95194669032345;-2.21943658161971;-1.77969926424984;-2.60998627058043;-1.39426023587628;-2.05781140380682;-1.74322220768958
4675;-2.11723065802218;-2.46214543559278;-1.57654402702745;-2.37399943521394;-2.11360464563902;-2.24576638737255;-1.80016762172649;-1.82215528073056;-1.62695525509059;-2.49374906808042;-2.09255836493442;-1.45696738439505;-1.90391180886089;-1.91289993867493;-1.93145499963837;-1.88576056693321;-2.21725257202591;-1.93307334413927;-1.73980275345982;-2.14555256383919;-1.78878792526624;-2.12572029623143;-1.33355492330404;-1.92827543534511;-2.17002362370937;-1.73253542167603;-2.58112225983926;-1.34608961500472;-2.02220858005201;-1.71580914713275
4700;-2.06403012607844;-2.41431873778699;-1.53873838352299;-2.35712522445756;-2.07205478113335;-2.23421955772179;-1.77697340558971;-1.78290240895158;-1.58648716165509;-2.43562370870671;-2.04974053978453;-1.41181947541146;-1.89550679803865;-1.88162338335786;-1.86842126584384;-1.83152484428378;-2.18969097519305;-1.88965026003146;-1.70165010621149;-2.10587953077605;-1.70675386200719;-2.05154128042235;-1.28413491386364;-1.9036456431976;-2.1240780261605;-1.68730373738217;-2.54319750366206;-1.29819119154426;-1.98352567943817;-1.65539938856106
4725;-2.01848831298101;-2.37229336773029;-1.50213675109849;-2.33401416099947;-2.03151292977389;-2.22170233509376;-1.75342897495075;-1.73830938387202;-1.53567636295712;-2.37976357841033;-1.99060830087257;-1.37140884407124;-1.88551855494828;-1.85278775399384;-1.80504648223776;-1.77947540125879;-2.15526887903111;-1.85292125475851;-1.66429218869644;-2.06841100731188;-1.63843792979323;-1.98131222452297;-1.23409242073793;-1.87389754458821;-2.08014252632707;-1.64633383992723;-2.50187901911568;-1.25063082900781;-1.94194326269836;-1.57260731581818
4750;-1.97319484665465;-2.33643722387802;-1.46702337410475;-2.3050787075724;-1.99202587936502;-2.20856567148164;-1.72951707469209;-1.69156317728997;-1.48391929595766;-2.32767411782098;-1.91674835758409;-1.33508601378804;-1.87274840281947;-1.81286601112259;-1.73668909759984;-1.72411978952276;-2.11917696411487;-1.81290943472183;-1.62865369306033;-2.03002441642304;-1.58528236457552;-1.91228195679814;-1.18220163921982;-1.83858481276329;-2.03739612027737;-1.60794865627435;-2.45930819028764;-1.2066750908307;-1.90378113751108;-1.45934206737472
4775;-1.93092400832227;-2.30375971477643;-1.43358856768928;-2.2707988179792;-1.95400407042527;-2.19482438695144;-1.70518584798708;-1.645695813778;-1.43390466032491;-2.27954620154127;-1.82936059112651;-1.30258997393443;-1.85485098232772;-1.77420736527041;-1.66961413502614;-1.6694179018904;-2.08219167366198;-1.77213540286336;-1.59371526058046;-1.99229403544826;-1.54357487464162;-1.849990988458;-1.13195543769712;-1.80114305969247;-1.99927444206218;-1.56866150388219;-2.41445537240303;-1.16197975315791;-1.86253870272769;-1.34797667712185
4800;-1.89201625591774;-2.26948161638445;-1.40192136151761;-2.2320618820564;-1.91696439416932;-2.18049332460638;-1.68046007159366;-1.59517616305273;-1.38904621502903;-2.23520363498311;-1.72977084530826;-1.27121316450295;-1.83274228973129;-1.73642869979451;-1.60961417639285;-1.61709186387011;-2.04380963048752;-1.73063626784403;-1.55814209964222;-1.95776203439123;-1.51673865895927;-1.80422826484433;-1.08402656847707;-1.7612081582484;-1.96888896904538;-1.53004584748947;-2.36662598152985;-1.12056021651996;-1.82084418152321;-1.23725478030784
4825;-1.85666113872052;-2.22874180702646;-1.37200585094622;-2.19024016116911;-1.8833805800985;-2.16558730565118;-1.6554270631739;-1.54498380553988;-1.35295453369405;-2.19391501034499;-1.6216583450037;-1.24066237407084;-1.80741975818466;-1.7002972957611;-1.55641602656691;-1.56508028552435;-2.00948767772375;-1.68867096701595;-1.52535853257586;-1.92654621294361;-1.49645327879703;-1.76544974925661;-1.03248102367701;-1.71815844580553;-1.94001307675105;-1.49212562462714;-2.31553035422285;-1.08538610967853;-1.77856114178244;-1.12963229271967
4850;-1.82449843130046;-2.17883797741336;-1.34372172568504;-2.14725593018684;-1.85231385878424;-2.15012116839227;-1.63023408098599;-1.50103017318363;-1.32753724723759;-2.15446170106081;-1.50772016146515;-1.21355946794954;-1.77426566286889;-1.66587044966582;-1.50712640386545;-1.51694480805225;-1.97805636428725;-1.64664831055875;-1.49493839129662;-1.89885696648919;-1.48969991178879;-1.72217841207322;-0.978596539409397;-1.67204551020189;-1.92070807854802;-1.45516159327504;-2.26131552519455;-1.04684640497204;-1.73566675298912;-1.03490446444488
4875;-1.79464307662532;-2.12478301917515;-1.31684935055254;-2.10562915944536;-1.82260551423651;-2.13410975454646;-1.60508429511724;-1.46044899296275;-1.31328033098812;-2.11434346398918;-1.39157126794198;-1.18898963927332;-1.73447057522959;-1.63143487114657;-1.46007553925959;-1.47131668117222;-1.94049670844954;-1.60506232286357;-1.46668866334706;-1.87468129383937;-1.49337237002682;-1.68961327291509;-0.928335764884145;-1.62326048532412;-1.90150149422343;-1.4196260088249;-2.2045618357727;-1.00926262915063;-1.69588833789137;-0.962132611428324
4900;-1.76916218716681;-2.07920316855992;-1.29107993762143;-2.06850241936951;-1.79303668717067;-2.11756788564308;-1.58023095637157;-1.42248987058896;-1.30943704686621;-2.06983113234351;-1.27666841630057;-1.16459877078949;-1.69099452738557;-1.60443907027277;-1.41996254810269;-1.432730202094;-1.90203059921884;-1.56443134110704;-1.43933676858528;-1.8537776524857;-1.50465480626704;-1.64718372975783;-0.881836496119923;-1.57257270904721;-1.88974166679716;-1.3731376432289;-2.14624720965278;-0.977613989119983;-1.6622226425603;-0.906183005335245
4925;-1.7460003837453;-2.03848999197825;-1.26603120933156;-2.03963706403422;-1.76238973257959;-2.10051040037045;-1.55621097053477;-1.38645907194595;-1.32034656660438;-2.01618718650883;-1.16635740164919;-1.14438482175322;-1.65104823672023;-1.57036733186625;-1.38403551019367;-1.39729473842577;-1.86280634357021;-1.52523710107132;-1.41284492106729;-1.83568903803575;-1.52085362426705;-1.59819753773344;-0.838947682798834;-1.52109412073083;-1.87167217020266;-1.34261952431695;-2.08768128560135;-0.949648294762618;-1.62930360270318;-0.864353160651075
4950;-1.72455802104853;-1.9997998335292;-1.24126896106918;-2.02337461012058;-1.7294994232182;-2.0829521392909;-1.53655748713721;-1.35191078534997;-1.32832255168561;-1.97411882977041;-1.06374181149393;-1.12253674180813;-1.60527214766737;-1.53531624695216;-1.34903302925082;-1.3644560686172;-1.82297227567667;-1.48786005490698;-1.38489736319818;-1.81977767203524;-1.53920076367125;-1.54635634192143;-0.799409344973825;-1.4701880656835;-1.85415921910275;-1.32160477485591;-2.03029407971742;-0.93328206944084;-1.59273750181295;-0.834407461102523
4975;-1.7045516680462;-1.96567597094544;-1.2163350586009;-2.02455692308001;-1.69329632005672;-2.06490792449745;-1.51402454805221;-1.31867584629546;-1.3323062940084;-1.94504571099018;-0.971556519817865;-1.09702139476472;-1.55263872471108;-1.50114363703694;-1.31656544353601;-1.33584587094626;-1.78267672700599;-1.45250724108569;-1.35701482947093;-1.80528477978003;-1.55662688901581;-1.49545531947672;-0.762979141725695;-1.42419804848553;-1.83528454645876;-1.31042074525982;-1.9756134427208;-0.918098311175958;-1.56017540886401;-0.817798854540937
5000;-1.68454907985093;-1.93657355442422;-1.19078217551462;-2.04839831054018;-1.65284484055705;-2.0463925875943;-1.49017527331902;-1.28683022932122;-1.33169422866121;-1.92584689291477;-0.892054606699287;-1.07286100642409;-1.50134793102359;-1.46720566050748;-1.29159578853779;-1.30976894144489;-1.74206801186294;-1.41912911599704;-1.33568800579015;-1.79141910564817;-1.56950265394166;-1.44908370925632;-0.72951385794388;-1.38020250104455;-1.82119753962841;-1.30662696956651;-1.92663090053654;-0.900234103256342;-1.52714089025276;-0.816643340767765
5025;-1.66533609631219;-1.9105164080169;-1.16436014245058;-2.10030241663394;-1.60744373275083;-2.02742097758875;-1.46696987088898;-1.25665320554595;-1.3262728919675;-1.91510094537011;-0.82690907695645;-1.04680620087267;-1.44934678990574;-1.43401822453713;-1.26730876025711;-1.28385084215024;-1.70129446451026;-1.38749288846152;-1.31558942127295;-1.777725743572;-1.57026529011006;-1.41030328858796;-0.699012946098289;-1.33342229748596;-1.80459021188947;-1.30676034775069;-1.88541444740847;-0.879806914158671;-1.49356921971752;-0.825242317352707
5050;-1.64778893601352;-1.88709376538465;-1.14021002087351;-2.1365798768114;-1.56066895760888;-2.00800791390905;-1.44637467166789;-1.22857879905008;-1.31622040588736;-1.91455705527747;-0.777130658401574;-1.01688863037181;-1.39318305556168;-1.40317211963298;-1.23927046651618;-1.26147573153509;-1.66050440791664;-1.357351835606;-1.29387286137888;-1.76431230157566;-1.54127793646235;-1.38128081988204;-0.671630907410846;-1.28706889298678;-1.78085093544238;-1.30769379366283;-1.84834508650109;-0.867315525534678;-1.46760411571461;-0.840326847833409
5075;-1.63191013801684;-1.86582214031048;-1.11660669133933;-2.1427197500252;-1.51428360906346;-1.98816823601832;-1.43003513832869;-1.20241573938549;-1.30392877886483;-1.92504683745483;-0.743003256239571;-0.987842188899343;-1.34396890638242;-1.3743945724033;-1.21083474082778;-1.24299869266695;-1.6198461645165;-1.32923451443993;-1.272084371845;-1.74921908463271;-1.48724826212365;-1.36285052170801;-0.647665216270408;-1.23862964828197;-1.75527635895699;-1.30829933468131;-1.82100540094541;-0.852614323349075;-1.44044393259687;-0.86737440528645
5100;-1.61752704692729;-1.84622568409435;-1.09354693677254;-2.13123639438446;-1.47008488042607;-1.96791676747476;-1.41894455360469;-1.17324029949257;-1.28922351922516;-1.94364393660282;-0.724038397043143;-0.959769562437656;-1.30244277581378;-1.34949570131938;-1.18515053950284;-1.22187310663251;-1.57946806881514;-1.30098941365311;-1.24955807922322;-1.73277102446011;-1.40868768090593;-1.35396938659445;-0.622222366255501;-1.19288203900857;-1.72922596166485;-1.31026719559624;-1.79859134726261;-0.840374181132801;-1.41197513543647;-0.9023712934587
5125;-1.60402365210742;-1.82781006927398;-1.07102754159778;-2.10353448963483;-1.42815215939171;-1.94726834854912;-1.41342934620442;-1.15272645343074;-1.27250212403644;-1.96709915949469;-0.718950275470506;-0.932669267411167;-1.26206840903962;-1.32804267745736;-1.16488563808408;-1.20494234327947;-1.53951843608845;-1.27534055757306;-1.22346989677949;-1.71880548037643;-1.3148830428444;-1.35251799757907;-0.594585172958219;-1.15050271157769;-1.69852612910888;-1.31244663100479;-1.78055588443812;-0.827731674855303;-1.38492805193306;-0.943086967122201
5150;-1.59144621843623;-1.81001933461264;-1.04904526909283;-2.06369998091184;-1.38915790128439;-1.92623781732549;-1.41314073769038;-1.14531418717;-1.25311365308421;-1.99207727062869;-0.725653088432093;-0.904062803980848;-1.23182858466063;-1.3064882757424;-1.15196237568273;-1.18594066783317;-1.50014559770705;-1.24788639298316;-1.20210755742878;-1.70496747319746;-1.21570840031;-1.35703148053327;-0.586144808481444;-1.10948432867262;-1.66390448759523;-1.31210289469733;-1.75796866369463;-0.812566401605956;-1.36107923710688;-0.983155684444327
5175;-1.58004011476332;-1.79229872299836;-1.02759690247334;-2.01811395324013;-1.35348312728399;-1.9048399977177;-1.41710095903523;-1.14584027688568;-1.23606687807797;-2.01545997515683;-0.741282091105666;-0.876067897220527;-1.20807824077442;-1.28415678049142;-1.14729012224603;-1.16795492705377;-1.46149786315382;-1.22643114699277;-1.18421291891936;-1.69026735234204;-1.12026895823688;-1.36647040487652;-0.594157356162437;-1.07212869551889;-1.62769848248226;-1.30617830012262;-1.72573154372752;-0.798703365300019;-1.33861565882657;-1.01501649845101
5200;-1.57018435942515;-1.7741590836737;-1.00667922594454;-1.97465235287509;-1.32118693564974;-1.88308973019356;-1.42292690273117;-1.14901128709667;-1.21738950725101;-2.03465217600275;-0.762240201444744;-0.848252492095818;-1.18698733392202;-1.26300143284598;-1.15047963080983;-1.14710341137487;-1.42372356855369;-1.20766748739303;-1.16737199862232;-1.67420339420878;-1.05010107042914;-1.37505782617428;-0.612414935523252;-1.03882907390594;-1.59294138717067;-1.29377059807124;-1.69723852214813;-0.77763809755941;-1.31827294765066;-1.04113581835986
5225;-1.56231026739797;-1.75524333907975;-0.986289003624114;-1.94139771720709;-1.29201638913041;-1.86100185175888;-1.42574760441929;-1.15790529557848;-1.19594316392489;-2.04756051231251;-0.784272030995592;-0.819872248087536;-1.17146713556654;-1.24418841097569;-1.15954563630283;-1.1234670516553;-1.38707353651597;-1.19029272080078;-1.14721417530982;-1.65898205086871;-0.990546104114837;-1.38362992613364;-0.633137144150417;-1.00838488676335;-1.55868014617584;-1.27445495950727;-1.66578627152557;-0.753842449005542;-1.29917999797599;-1.04876127724194
5250;-1.55616331496367;-1.73539539856999;-0.96642301930507;-1.92478370202212;-1.26546170483696;-1.83859118698889;-1.43042020166786;-1.16789299737174;-1.17114373027147;-2.05265331344026;-0.802566831742663;-0.796971816572734;-1.16011885527795;-1.22488131413621;-1.17155927603492;-1.09824049137591;-1.35134998255338;-1.172082829691;-1.1337964215576;-1.64542676451674;-0.962172885103048;-1.39008546684425;-0.655547124916304;-0.981299045683447;-1.52524101385536;-1.24832318214929;-1.64877060630366;-0.727013292875719;-1.28047942724956;-1.03291757126332
5275;-1.55200830372773;-1.71473139039083;-0.947078036887064;-1.90373864266618;-1.24086239801642;-1.81587256318578;-1.43219434574477;-1.17934161415187;-1.14293650125042;-2.04904020383883;-0.811892416767459;-0.771090560311754;-1.15421846257878;-1.20735171952866;-1.18239008157314;-1.07258181631779;-1.31566544208037;-1.15443948441755;-1.11550355542597;-1.63107235009086;-0.946934262356964;-1.39257207418441;-0.677724681158166;-0.960063086648261;-1.49937639125945;-1.21784417800472;-1.63592259652901;-0.702596140664053;-1.25663911098423;-1.00364679880599
5300;-1.5518128151656;-1.69371340303416;-0.928250839437082;-1.87456801548167;-1.21757035181564;-1.79286083322469;-1.43313910330479;-1.18555274498063;-1.11187754046705;-2.03651739115912;-0.806762130428141;-0.743298466733322;-1.14748324896339;-1.1877364577815;-1.19216436282028;-1.04760260489531;-1.28329074597441;-1.14021980576633;-1.09842297169577;-1.61458999122375;-0.937130716215635;-1.39223673524294;-0.692668404423518;-0.940435304767387;-1.4718080713026;-1.17843490125534;-1.62445559938813;-0.678573742675635;-1.23518081045469;-0.959636155474388
5325;-1.5539644753099;-1.67322460741639;-0.909938209847397;-1.84462170401135;-1.19529235651981;-1.76957081645483;-1.42877112292971;-1.19014961162584;-1.07909361127547;-2.0155749478536;-0.78163631360033;-0.71803405629107;-1.13986625844067;-1.17654228305643;-1.20225786199256;-1.02435237015069;-1.25399768547995;-1.12807740275469;-1.08133054162364;-1.59395246248802;-0.94320328570766;-1.38881738095779;-0.701190288587793;-0.93103647141814;-1.44692195112234;-1.13704445999615;-1.61238669819737;-0.649861430360589;-1.21654255634948;-0.904205111788783
5350;-1.55823226374373;-1.65447820529644;-0.892136912312143;-1.81400311370536;-1.17647468348978;-1.74601734858633;-1.42276941380844;-1.19387705017382;-1.04615329287091;-1.98735923640707;-0.779537163883166;-0.699741634016369;-1.11508823845007;-1.1650425733635;-1.2109370828221;-1.00379570941207;-1.22430135089384;-1.11699282520743;-1.07115560387545;-1.57082004514104;-0.93872420452832;-1.38824262624626;-0.700787295183138;-0.929111179769036;-1.42488443517716;-1.09216863610199;-1.59812446191377;-0.623638321099768;-1.19561303153995;-0.83977413885425
5375;-1.56217385338843;-1.64043199847047;-0.874843729918642;-1.78281566376701;-1.16021538248548;-1.7222152554197;-1.4111851949435;-1.19461939322678;-1.01498486720097;-1.95358377281695;-0.778759813962713;-0.683022415179905;-1.0876365885692;-1.15151333722529;-1.22059210674582;-0.986781052880585;-1.19616204608804;-1.10574843804311;-1.05598733430963;-1.54411045178645;-0.936391321979536;-1.37314936847805;-0.696757109764428;-0.934989892619789;-1.40874553315752;-1.04668568909071;-1.58051841598951;-0.600063908065199;-1.17800455558131;-0.77576663209116
5400;-1.56172699881864;-1.63484086652591;-0.858055445088031;-1.75116274344716;-1.14620771132456;-1.69817937820233;-1.39458149558824;-1.19203571642367;-0.987774655147488;-1.91638121138384;-0.778039574118377;-0.666259489925703;-1.07337914176307;-1.14215408173933;-1.2329568624773;-0.973999113251004;-1.16949414856421;-1.0987840570146;-1.04196049184543;-1.5140676645832;-0.928202672126453;-1.35222535921664;-0.689761672526342;-0.945868620774164;-1.39521527958045;-1.00019838749182;-1.55815780267617;-0.575592401204779;-1.15940752250178;-0.725698912706242
5425;-1.56085137644839;-1.62814347867158;-0.84176882254638;-1.71914776207008;-1.1340389488779;-1.67392364855652;-1.36996589403615;-1.18511776230141;-0.966842315594266;-1.87836683399682;-0.777374270248486;-0.641839620559992;-1.05505310574112;-1.1359906320297;-1.2505014011017;-0.965929573655838;-1.14635187282656;-1.09135234585698;-1.02360066679889;-1.48300411874971;-0.91854301907579;-1.32959144526618;-0.677781311312026;-0.960780206950446;-1.38378480514282;-0.957380963359196;-1.52873472380342;-0.552686469505548;-1.14156100386957;-0.697688237411817
5450;-1.5656842944958;-1.62252222764925;-0.825980645632003;-1.68687411545313;-1.12319039139012;-1.6489605203246;-1.33730780138351;-1.17424550786236;-0.954489760043681;-1.84066297527198;-0.776761727660368;-0.625074868463279;-1.0425960416101;-1.12688205357418;-1.27590465339256;-0.961316517531055;-1.12508332071102;-1.08866850251548;-1.01644851657276;-1.45106286452619;-0.908322761171766;-1.30597020004285;-0.655464063213762;-0.977227013576323;-1.37336884638156;-0.916843981512086;-1.50222754110993;-0.527837186730743;-1.12679485719996;-0.70632905651395
5475;-1.56888548046168;-1.61750316202323;-0.810687696532979;-1.65444521594962;-1.11306258254059;-1.62513385554591;-1.29941237351208;-1.1599379152123;-0.952817808861381;-1.80439391983538;-0.776199770300303;-0.612833988470504;-1.03023392412511;-1.12045357427656;-1.28592609615241;-0.962944601162097;-1.1051488745073;-1.08364496946366;-1.00434763860282;-1.41875285281955;-0.896655384423461;-1.28330356461537;-0.630965464883358;-0.994576979085142;-1.36272663236734;-0.885054062596373;-1.47645540775913;-0.50577367339088;-1.10756316237973;-0.710420989156901
5500;-1.57111290886707;-1.61267489949725;-0.795886740724519;-1.62196446680021;-1.10303030853602;-1.60216085952526;-1.26023918504585;-1.14275396219418;-0.938115857007933;-1.77047138140619;-0.775686223989098;-0.605191148038783;-1.01178408121379;-1.11836751891261;-1.27818786534575;-0.968186754271379;-1.08955583617333;-1.0790682038229;-0.989612814730765;-1.38655542415734;-0.886253864983881;-1.25724570361573;-0.604048532645634;-1.00884024139405;-1.34991791943576;-0.861816281566489;-1.45461331437958;-0.484623265531703;-1.08851047985682;-0.69782404418568
5525;-1.57236911532444;-1.60767529922085;-0.781574562006488;-1.58953526934881;-1.09253161423809;-1.57834658601604;-1.22368287589051;-1.12318442079203;-0.919940682392092;-1.7394744432068;-0.775218914003905;-0.595552119665053;-0.999541440589343;-1.11816295459119;-1.26724573221535;-0.979517167533167;-1.08097341111225;-1.07444614276361;-0.98096934718425;-1.35160508625249;-0.876447981978074;-1.23034596169377;-0.575120171241805;-1.02142833589625;-1.3375138668261;-0.852472057746109;-1.43822136081168;-0.466193807715098;-1.07331136302384;-0.6858710497881
5550;-1.57261287311036;-1.60218236819748;-0.767747925631028;-1.55726103605362;-1.08119579480664;-1.55265053649962;-1.19275101812413;-1.10153142996066;-0.898417726838022;-1.7116931535376;-0.774795664455991;-0.584169256747407;-0.984091115107037;-1.10738493448195;-1.24534742403108;-0.988264307150315;-1.0753260566466;-1.06916486478823;-0.977777506394777;-1.31768611318358;-0.86578181807467;-1.21136467096934;-0.546897307547705;-1.02638093725152;-1.3205917342361;-0.848411570324077;-1.42760381599678;-0.454558430566576;-1.05817290537565;-0.673400934312615
5575;-1.57177462124369;-1.59590688768485;-0.754403614740888;-1.52524516468694;-1.06901554699631;-1.52646887251996;-1.16907944374323;-1.07751543452444;-0.874459224257685;-1.68767290892195;-0.774414301092256;-0.576214943209773;-0.967968171636405;-1.10230110642504;-1.21700329102127;-1.00151725431775;-1.06841439310056;-1.06209347091457;-0.978448307737777;-1.28687492058841;-0.852826453084099;-1.18689252433101;-0.519088060437556;-1.02905227757249;-1.3053583575439;-0.852701518641965;-1.42045175672501;-0.44204479629864;-1.04038842885559;-0.662368866208907
5600;-1.56976294777804;-1.58858329453245;-0.741538410299993;-1.49359094233595;-1.05656847834602;-1.49822295048119;-1.15639445981378;-1.05117469846893;-0.849748462355919;-1.66742996979264;-0.77407264807011;-0.567966234448952;-0.951823237708754;-1.09528204729155;-1.18559210022246;-1.0127167460966;-1.06439651323312;-1.05661083876563;-0.976849989865072;-1.25779473267296;-0.836840595839772;-1.16711108011174;-0.491963364531444;-1.02870405671085;-1.29456577763248;-0.865413671838175;-1.41974291739963;-0.436136271884076;-1.02050517922406;-0.653387315168229
5625;-1.56646278219502;-1.58093931209371;-0.729149077911803;-1.4623505520128;-1.04650930849944;-1.47148951520875;-1.17749449874857;-1.02717996032099;-0.826626604339459;-1.64859291558432;-0.77414475938806;-0.554532482424047;-0.932703800591636;-1.08672660394372;-1.15026073706249;-1.01890055187911;-1.06301810442481;-1.0520908457639;-0.977559592463868;-1.22966765427074;-0.816723701199694;-1.15233461872275;-0.461868888282406;-1.02737475950185;-1.2875179641604;-0.874068901644151;-1.42104338393782;-0.423259451775089;-0.998819951056363;-0.644046330710273
5650;-1.56141571236409;-1.57426038489423;-0.717232400771978;-1.43158736815885;-1.03772327617294;-1.44649691368673;-1.16088560189102;-1.01264645396464;-0.807860565635578;-1.63160434028081;-0.773993478742388;-0.54618363933696;-0.911620365976913;-1.08221133760141;-1.11317871688938;-1.02704872145647;-1.06250528849826;-1.04547135751744;-0.979782363611828;-1.20547296660169;-0.802966541377881;-1.15359573417311;-0.436300878544837;-1.02354208560174;-1.28557691055103;-0.880933540667453;-1.43018531171655;-0.397710740695634;-0.978963126455777;-0.642261818756865
5675;-1.55461577924971;-1.56848220745718;-0.705785159433645;-1.40143673978641;-1.03034131740769;-1.42239309283201;-1.11941974354863;-1.00325750535264;-0.796270456013137;-1.61906884514328;-0.773851088003634;-0.535905331888328;-0.892059361351923;-1.07364288322254;-1.076937360243;-1.03113336056719;-1.06266500517319;-1.04034413430694;-0.9820636091099;-1.18325030147624;-0.791048901062388;-1.16492957177883;-0.416965523672142;-1.01885699147833;-1.28075672134728;-0.880582000772252;-1.44383003527582;-0.378625360300825;-0.959364577214937;-0.634062825506319
5700;-1.54773351227033;-1.5616387635988;-0.694804120016706;-1.37207078752208;-1.02446447709682;-1.3979690802571;-1.0617640351615;-0.991725139741146;-0.794192195357613;-1.61155465420632;-0.774092801714943;-0.521584324784749;-0.876818674745531;-1.07187857604193;-1.04152948696868;-1.03536392745289;-1.06403689163884;-1.035138004648;-0.98485510619059;-1.16568625377935;-0.780803172828402;-1.16649386523526;-0.403622024882178;-1.01386972096469;-1.27816281129693;-0.867159478342232;-1.45280776463237;-0.363988553657535;-0.940447111177615;-0.625219026296157
5725;-1.53839482053027;-1.55404265497792;-0.6842860659285;-1.34367088429805;-1.02011650097602;-1.37217557182399;-0.994258019985561;-0.987412540107033;-0.802748736523833;-1.60499844805383;-0.773772334353525;-0.508776058059815;-0.867367762114201;-1.06118607180618;-1.00744165890206;-1.03448964052338;-1.06721760338979;-1.03378768254422;-0.977582082934747;-1.15705132846773;-0.771939341972053;-1.16729294459078;-0.397584465491626;-1.01148248659252;-1.27199302876422;-0.865180921067517;-1.46643616902979;-0.347487470353689;-0.91980366507936;-0.621401374438118
5750;-1.52720912432876;-1.54370437181813;-0.67422777747805;-1.31640694073436;-1.01723838939962;-1.34446037341652;-0.923814998705936;-0.988719898552859;-0.806380627809499;-1.60308807723698;-0.772490585836781;-0.492464182190809;-0.852415246160568;-1.05212427326187;-0.993799794422946;-1.028689898208;-1.07221135759129;-1.02981223502638;-0.968117613368425;-1.14950989596546;-0.764043078267248;-1.16135429614205;-0.398264406854738;-1.01420342969402;-1.26637633271715;-0.859620172330031;-1.47959534478654;-0.335285461892814;-0.896158757448522;-0.60966828403899
5775;-1.51449647582205;-1.5373550760966;-0.664626021447955;-1.29042276336601;-1.01568977445859;-1.31495426136702;-0.847427949319475;-0.995979811755334;-0.810894825206676;-1.60213321371613;-0.770718358181288;-0.464918634306574;-0.835632154281813;-1.04188823703017;-1.00083024468321;-1.02355645137187;-1.07373833514414;-1.02792000915897;-0.957431741881348;-1.14371297938054;-0.756575944485194;-1.15935853026412;-0.404246455686944;-1.02080916885077;-1.26212101940323;-0.854537844283971;-1.49441265972279;-0.322908184404794;-0.874051209106775;-0.599685392228742
5800;-1.50041748535412;-1.53159485566126;-0.655477581597332;-1.26582681510777;-1.01525846611649;-1.28453030483803;-0.776088397752651;-1.00654008084925;-0.815281762009213;-1.60009425671027;-0.768953547009681;-0.443819900163841;-0.822059190529398;-1.03721037410187;-1.02581424983219;-1.01433670121989;-1.07463201762463;-1.02633354371446;-0.947849359564797;-1.13915372798876;-0.748879002801065;-1.15046234828694;-0.413272221423084;-1.02545775991329;-1.25716926763439;-0.848938632550824;-1.51668781155847;-0.316407239693897;-0.851485672458335;-0.598063407846412
5825;-1.48751338833471;-1.52663853621005;-0.646779223843062;-1.24268751202583;-1.01567954191977;-1.25245374222526;-0.697394235651393;-1.01646957745379;-0.818639362818514;-1.59538126755116;-0.767683727363121;-0.422480232751367;-0.80539162424589;-1.03036315164938;-1.06108473847715;-1.00060207421548;-1.07552174534591;-1.02733086415121;-0.931319594860505;-1.13410437437307;-0.740181104471471;-1.14146093077169;-0.422256013803235;-1.02662681971739;-1.25095399726673;-0.842240414056107;-1.53467243672789;-0.307468437340935;-0.834469375277267;-0.592707155558637
5850;-1.47686951205041;-1.52205572882926;-0.638527733231312;-1.22103742044261;-1.01666565856955;-1.21579773809015;-0.628823389077459;-1.02047532330781;-0.820185562334808;-1.59070926290349;-0.767320300404546;-0.400780556994278;-0.78488322368132;-1.02069073440544;-1.09645049019934;-0.987793777929737;-1.07297135112429;-1.02827907884979;-0.909901447897081;-1.13233482085387;-0.729711543932205;-1.12790482948766;-0.427339734825543;-1.02909548408106;-1.24778596780611;-0.834493922364369;-1.54481304900315;-0.302287747042366;-0.824486894746292;-0.590542819136052
5875;-1.46725400590085;-1.51419474591334;-0.630719887473701;-1.20140857261828;-1.01795014856744;-1.19923756745086;-0.574781478745505;-1.02010263954253;-0.816396772927758;-1.5868596195744;-0.768149350007864;-0.377757795475453;-0.763087955419856;-1.0179116216612;-1.13023236808622;-0.970172975632426;-1.06771382830826;-1.02699686948744;-0.888107870151487;-1.13226967772864;-0.721083258568776;-1.11530417131272;-0.423995175146613;-1.03123944060561;-1.24771151783765;-0.825824839695476;-1.55333883921238;-0.2933946838199;-0.812404685187159;-0.598168458527083
5900;-1.45905455721817;-1.50652833671106;-0.623352453566566;-1.18201547827132;-1.01933355347627;-1.20006718141152;-0.537801484283977;-1.01745771039496;-0.81393137219061;-1.5826051174481;-0.770303505889742;-0.355759206637083;-0.747408280727226;-1.01552712062684;-1.16397027175385;-0.952929346026025;-1.06332325183405;-1.0251510180904;-0.865675737538;-1.13406857491248;-0.716335354956148;-1.10607704809125;-0.407181777102454;-1.03650206931724;-1.24909593705224;-0.816425706617742;-1.55578363504682;-0.288224648577708;-0.801415695935038;-0.607754784220117
5925;-1.45231346428638;-1.50113120521603;-0.616422214794023;-1.16222048133905;-1.02066622031627;-1.215511314614;-0.511314167748748;-1.01755574482987;-0.809552205732849;-1.57829583444575;-0.773751791632759;-0.339003855586969;-0.735884495107744;-1.0121522077684;-1.19594170141765;-0.943224310558017;-1.05764255964978;-1.02548651444702;-0.84124533082772;-1.13609008165493;-0.701258936895151;-1.09077052020525;-0.384008888098204;-1.03995922812801;-1.24548951657206;-0.806548190037567;-1.55338120135547;-0.283378083927443;-0.785537458060679;-0.617440085444837
5950;-1.44681492049742;-1.49814723471784;-0.609965128858598;-1.1461852602977;-1.0218503637681;-1.24194273885111;-0.504836663699511;-1.01837789716794;-0.810500370961114;-1.57441630604541;-0.778304334663271;-0.322890637717973;-0.736433738510428;-1.00449755110366;-1.22263358060301;-0.932874881544185;-1.05064297348693;-1.02389615055757;-0.812444372208064;-1.13727034277185;-0.697557340195808;-1.0770672160815;-0.373237823849691;-1.03739376831992;-1.24302023184243;-0.796493001194069;-1.53507471129552;-0.283487286522735;-0.78039983550909;-0.625888924346066
5975;-1.44226293637702;-1.49652644953514;-0.604066495201019;-1.13289364390867;-1.0228465330034;-1.27882676576884;-0.515099833055144;-1.01631122737886;-0.810182472135986;-1.57153116062448;-0.783629176562154;-0.309910697126903;-0.732437523465089;-1.00072935444802;-1.24388044455032;-0.928558045581131;-1.04389336646918;-1.02889750592094;-0.792530608032442;-1.13716702152586;-0.708416976085667;-1.06738738247926;-0.365606971080985;-1.03785841920927;-1.23978329526199;-0.786596631793156;-1.51354383869656;-0.290323393399461;-0.786905444776224;-0.634662679799483
6000;-1.43811524570656;-1.49474559752179;-0.599209308672961;-1.11970794967193;-1.02367342487002;-1.31564200013939;-0.539901464297239;-1.01093638498193;-0.809274790759343;-1.56924630063072;-0.789278616152702;-0.298922175254403;-0.726977335028506;-0.997428671863042;-1.25870905098451;-0.921569695122625;-1.0364084464359;-1.03030402972947;-0.761505515258555;-1.13849856317498;-0.723412563187928;-1.05678297531827;-0.357952950296484;-1.03255574495246;-1.23960567231798;-0.777757480719175;-1.49951370729509;-0.294515531038676;-0.797146982103872;-0.651197319556399
6025;-1.43474550703697;-1.49133813499059;-0.593036051183773;-1.10674613828042;-1.02440095711244;-1.36195357578755;-0.577079805540366;-1.00767971373466;-0.808127571470593;-1.56435438084249;-0.795629583452051;-0.293960476297984;-0.731830474685853;-0.993341546672835;-1.26421780108643;-0.911614903210035;-1.02773939164414;-1.02920367199298;-0.742605570378785;-1.14164336624435;-0.727722782263835;-1.05125775408679;-0.347718920890044;-1.0263842106007;-1.23893744994211;-0.768909007264552;-1.48649651369743;-0.297934920636687;-0.807670464087799;-0.667855971895863
6050;-1.43276601256666;-1.48525993549447;-0.585883216313348;-1.09456923049471;-1.02513538492418;-1.41086802205171;-0.630397864266668;-1.00225508786656;-0.8070665413408;-1.56704205938042;-0.800551429072652;-0.291577593077309;-0.735654773420253;-0.98576174097159;-1.26185741255165;-0.904163537980341;-1.01824905484865;-1.02622801418979;-0.718267819148637;-1.14577988490807;-0.7490679261851;-1.04621420207837;-0.34065307317652;-1.02344515512322;-1.23630943296515;-0.76074631938854;-1.47790614294444;-0.301693689623413;-0.82100834261762;-0.680983873556794
6075;-1.42915044931485;-1.47611695613067;-0.580428893063552;-1.08469428707069;-1.02599509223275;-1.46201439974476;-0.692346853819777;-0.994934229619434;-0.804611843474597;-1.57861628590231;-0.801336980549155;-0.282925482005207;-0.735279325408305;-0.977081033913371;-1.25011449187298;-0.8987599856398;-1.00878229121216;-1.02617237813245;-0.698494427947867;-1.14873236624574;-0.777343294031711;-1.04597323087201;-0.335469998715997;-1.0215928772527;-1.23537762718971;-0.754541762929408;-1.47068853031919;-0.308479580737146;-0.84424558274572;-0.694345157231366
6100;-1.42671126342204;-1.46427802418059;-0.573599175466078;-1.07390528455799;-1.02707551942812;-1.5049770609382;-0.762063057537485;-0.984449932751263;-0.797760220025583;-1.59570023311609;-0.801439548378832;-0.272277439816705;-0.729661772065197;-0.965542018599978;-1.22819304381349;-0.895542269632175;-1.00251280052795;-1.01888583183422;-0.681580696309216;-1.15124879030129;-0.799943757819267;-1.05023641047999;-0.325341619820554;-1.01829744911471;-1.22498516315099;-0.74413341162101;-1.47270544668022;-0.316047737225441;-0.872343569776104;-0.706773443731305
6125;-1.42415671512908;-1.45082035253585;-0.569177777955535;-1.06337480420048;-1.02840181885534;-1.54727251754385;-0.832969492304389;-0.976437486474637;-0.788924700001129;-1.61737525853266;-0.79877673789637;-0.267291932150859;-0.72481441059099;-0.95884047978161;-1.20464250217422;-0.89428410675104;-0.997241158376206;-1.01152290376863;-0.66056063888976;-1.15488189407633;-0.824081895009442;-1.05908303769291;-0.313654690311887;-1.01404854660654;-1.21450072481935;-0.736728116242279;-1.47934815463314;-0.321329224813967;-0.892467479542054;-0.716267097072557
6150;-1.41688586355456;-1.42825320578393;-0.57341990056347;-1.06299158269428;-1.02989577912919;-1.58693763733104;-0.905376492459189;-0.968034152771244;-0.777710004389173;-1.63919421995998;-0.79469339370692;-0.256139015331784;-0.706854580671515;-0.945585005740298;-1.17664761196625;-0.893345900749165;-0.987500312865987;-1.00334017865571;-0.6471222680099;-1.15848534891192;-0.846235809912138;-1.07395079677142;-0.301779308377695;-1.01026827621576;-1.20869229388563;-0.729611223049646;-1.47483002259361;-0.329645582689716;-0.911362510930585;-0.718545300838496
6175;-1.40904897400046;-1.41162565958882;-0.579287616486742;-1.05785807611105;-1.03233718362069;-1.61975732660171;-0.969323170602193;-0.955645167443495;-0.765374581404247;-1.66058713180612;-0.787056540080553;-0.249428822418671;-0.685043687556278;-0.92947597100459;-1.14468422153347;-0.89321497393724;-0.976635322890334;-0.992264239861321;-0.62967528939594;-1.15941199734027;-0.866253318259897;-1.07694442878518;-0.295901878938024;-1.00510750884525;-1.20357239072681;-0.722263044762973;-1.47520141557246;-0.334214395099325;-0.932464332568922;-0.713449154357854
6200;-1.39915125057157;-1.41561984866041;-0.582201579339771;-1.05507763365581;-1.03624919231511;-1.64304116908659;-1.020494803779;-0.944263755011336;-0.757918920727666;-1.68296227893718;-0.775542846503032;-0.240453661170101;-0.664626022219192;-0.913883726354531;-1.10920318128808;-0.89225748299601;-0.966849091032988;-0.98285111969983;-0.615276351662363;-1.1606557462831;-0.890729485281421;-1.08229585860211;-0.291112856179909;-1.00059462498513;-1.19419012211238;-0.713558141742464;-1.47642043724826;-0.337988987519704;-0.952765862516862;-0.710487896720324
6225;-1.39206696096544;-1.43640934544086;-0.581146230111002;-1.05003093113125;-1.03625263876994;-1.65801131111765;-1.05091917177338;-0.934933886141271;-0.736798630829256;-1.70319448304638;-0.766595486711327;-0.228540453944216;-0.639640643011088;-0.896965597783562;-1.07621367382922;-0.889529540689463;-0.959756562541727;-0.974392351742064;-0.592622839963946;-1.16289164448789;-0.921954186441336;-1.08630281408243;-0.284893528263165;-0.995711108098195;-1.18637920070298;-0.70952155660057;-1.47915173963889;-0.337230090320442;-0.972360337966409;-0.704650299033658
6250;-1.38561389613485;-1.47167075626142;-0.5750062557818;-1.04564916619083;-1.03655518066817;-1.66300003551409;-1.05823809338603;-0.923565744892672;-0.716699489065799;-1.72227282255851;-0.756063791267248;-0.221555095929774;-0.624104902324842;-0.88633564505708;-1.04711859437164;-0.892774797726666;-0.952183614173538;-0.966633765983682;-0.571166680990971;-1.16445742657984;-0.936257342836567;-1.09004350935145;-0.277374471186168;-0.98777612343569;-1.17552281831057;-0.703810984363809;-1.49105537377523;-0.334927051720751;-0.989915228189534;-0.695071595440557
6275;-1.37384762941149;-1.51338990623518;-0.571777110221588;-1.04035550350521;-1.03638182047218;-1.66178649283722;-1.04436052249094;-0.912417398769588;-0.700150376241357;-1.73413880101941;-0.745555348516571;-0.212490462349774;-0.598819897069434;-0.874235059294747;-1.02959993342713;-0.886862304794726;-0.943115297048438;-0.956971512993547;-0.5426341054133;-1.16425054320655;-0.941170791435836;-1.09545315350553;-0.271762734653335;-0.980376514895141;-1.16156329492142;-0.699709420844743;-1.50101226202259;-0.328524450062025;-1.00323342155123;-0.681601931395104
6300;-1.36591145369916;-1.55759784662213;-0.567037052543049;-1.0357755194698;-1.03697795437078;-1.6559896250122;-1.01293077008808;-0.902625797486047;-0.681427933649562;-1.7399819330312;-0.733119409445579;-0.198888562077115;-0.571156713581456;-0.862044964878572;-1.00869569020458;-0.880994846809079;-0.935414298317844;-0.947612188712637;-0.505863202543681;-1.16578230137887;-0.944936689706027;-1.09646330845498;-0.265714357343726;-0.972616010778806;-1.14808798354877;-0.69755348324766;-1.51953451047072;-0.32049435731296;-1.01129225750003;-0.663589562290637
6325;-1.35892944085355;-1.60750135809027;-0.560333464923741;-1.04624516511696;-1.03878609766058;-1.63113409785395;-0.974649908135494;-0.896225719609365;-0.662502248601758;-1.74381554516566;-0.729650056492594;-0.181821166108232;-0.546530202840331;-0.849992005338319;-0.99357575469043;-0.880987692642283;-0.931721633661666;-0.930227137290536;-0.476077527039883;-1.16285966968446;-0.948483972551471;-1.09536007439664;-0.259913025805426;-0.969970390980438;-1.13308684611515;-0.697785141637938;-1.53367829240832;-0.31144716980013;-1.01484951574084;-0.647291466245879
6350;-1.35067785957528;-1.65492177803343;-0.552511010369336;-1.03947005403708;-1.0420157313723;-1.60427397014191;-0.94035204828319;-0.892110294005695;-0.647505726481297;-1.74426329187214;-0.717172430114967;-0.164591867764125;-0.520419826713125;-0.837411227961085;-0.987393980483323;-0.876411007106389;-0.925307696324392;-0.913344915126388;-0.4517057468395;-1.16115241403827;-0.949126989827296;-1.09637566186581;-0.25292296343221;-0.957316853609619;-1.11899412232874;-0.692499395889635;-1.54864589594311;-0.305401687987218;-1.01279828580951;-0.628959611386799
6375;-1.34460629836533;-1.69788107153858;-0.5445937129003;-1.02191504514723;-1.04594563381644;-1.5758928235869;-0.918103533570012;-0.890798162772271;-0.635401873607399;-1.74051794074761;-0.706145347115742;-0.153921745490247;-0.49472098695966;-0.821756096950489;-0.988606525248298;-0.875949647743382;-0.914538588219164;-0.898849259901335;-0.422281755795906;-1.15871752074526;-0.945138549677401;-1.08424779438185;-0.246353343056669;-0.942072247764681;-1.106460597779;-0.687889643728503;-1.56620617793524;-0.299646789381834;-1.00765853785664;-0.612741524009542
6400;-1.33954870682741;-1.7344458947874;-0.536005248145966;-0.999058053953805;-1.05144577985001;-1.54509376923189;-0.920539650480119;-0.890129765052672;-0.620985285952167;-1.73119238817833;-0.695414383025218;-0.138448355107085;-0.474290396192736;-0.808460379247451;-0.993158126896741;-0.873860560575014;-0.907542917810644;-0.885564217715138;-0.395365229465504;-1.15520470143454;-0.932399166942064;-1.07013232352705;-0.241433214173013;-0.927971630985097;-1.09372568239782;-0.68260154320123;-1.58126396362254;-0.290640748127527;-1.00253152354113;-0.596669617674847
6425;-1.33509769863035;-1.76253291921489;-0.524338276451135;-0.9753949249014;-1.0598702077415;-1.52267933755896;-0.955878848537864;-0.892316896763345;-0.60928940597191;-1.71397067154866;-0.686896534858329;-0.119574950467358;-0.457958736342158;-0.798946600376196;-1.00055701753362;-0.874302313711151;-0.900547677158605;-0.868697227675896;-0.371149506312863;-1.14977585101458;-0.918885022800736;-1.05559000211392;-0.235565215539618;-0.917490358354026;-1.08408871093243;-0.670761444004944;-1.59454280301685;-0.275480438571845;-0.995696877632076;-0.584702750962918
6450;-1.33062164116039;-1.78027312705749;-0.512787871903501;-0.954568193797222;-1.06908405864789;-1.49971207603658;-0.950791348595177;-0.899879561703219;-0.60046921885123;-1.69294101339251;-0.683522921246059;-0.106109277796591;-0.450108801293835;-0.786873140675344;-1.00791214828073;-0.877450620776228;-0.891458987640382;-0.85082356673708;-0.352410497667645;-1.14166390778543;-0.902210566800355;-1.04323614141265;-0.228564508373141;-0.902354232890815;-1.07940769260065;-0.657614457366417;-1.6100756334133;-0.259350262100061;-0.988850612028707;-0.575909474644239
6475;-1.32776353510411;-1.78624267924228;-0.502194501812255;-0.939438022199847;-1.07988647441014;-1.48503487796427;-0.942729025269027;-0.899536272693908;-0.592112318434194;-1.66984859000901;-0.689333949722015;-0.0939469451664606;-0.453501786752196;-0.764905970098423;-1.00970346078584;-0.877960906441427;-0.882045892204218;-0.835227645181427;-0.336693243140216;-1.13101932716142;-0.880530305286081;-1.03038519023517;-0.217579987596717;-0.887499006415722;-1.07038126440373;-0.642788381651716;-1.62085674794689;-0.246710949182136;-0.975220867203268;-0.557488037420647
6500;-1.32481195878804;-1.77769209293478;-0.489357485738064;-0.932085626839744;-1.08462981963455;-1.47548913664596;-0.938390940266082;-0.893144417586884;-0.584616160772932;-1.64453510186896;-0.688215464873877;-0.0774552343345008;-0.467431639537269;-0.74280634081357;-0.996937549425434;-0.876585300768944;-0.874608374259922;-0.82331125544812;-0.333784392706857;-1.12512099081569;-0.860938475153824;-1.0148419265162;-0.205919850683256;-0.872524980794734;-1.06296628216942;-0.627570494584512;-1.62290671155583;-0.237585161612132;-0.960143755735385;-0.539785826137158
6525;-1.31462738524836;-1.75565856226841;-0.472044476830594;-0.933863909782323;-1.09361637324831;-1.47213393423089;-0.937010422134306;-0.899686396543396;-0.577298553859338;-1.61893519045273;-0.689528082549122;-0.0658410946362898;-0.491178566829067;-0.721523292576127;-0.97937945603651;-0.874716439416071;-0.869771456724651;-0.811139170044793;-0.320507814792638;-1.12283336833265;-0.841344312926337;-0.997259460985087;-0.194185797665121;-0.860694921305487;-1.05015854126872;-0.612178445413527;-1.63101024843001;-0.220209852236272;-0.94910264213879;-0.531423895530643
6550;-1.30880765871961;-1.72126791561834;-0.459411062461475;-0.945449128795979;-1.09844017593824;-1.4675588717691;-0.937084789246091;-0.905374935827084;-0.573409874477525;-1.59813059436245;-0.68502860100816;-0.0562399924546791;-0.523364884046544;-0.692953447559731;-0.970834847905587;-0.874480221886661;-0.865016707644339;-0.79131444090306;-0.313547946728405;-1.11593675432148;-0.824480636748619;-0.977896249832966;-0.182328747499098;-0.844632075956581;-1.03109327282457;-0.593866326193506;-1.63568754586735;-0.208342802228578;-0.935178917517527;-0.51510376414951
6575;-1.30851016985914;-1.68155220858393;-0.450015318884892;-0.966892100985925;-1.10030637457981;-1.46119797534054;-0.937253832084088;-0.910980121896716;-0.567392370789773;-1.5749955157027;-0.688305181385542;-0.0447097940730457;-0.564212248573693;-0.669155597040823;-0.963411811294503;-0.876995371503365;-0.859084517898427;-0.774561380333876;-0.311326826964539;-1.10589632530778;-0.806529867288541;-0.961241561388657;-0.170335106479412;-0.827827486565962;-1.0199230318194;-0.574638749261827;-1.6448263593032;-0.197784450135945;-0.920873334327545;-0.503528830981
6600;-1.30617728116843;-1.61975244091329;-0.439086322778313;-0.997667279755255;-1.10032360194806;-1.45109203547371;-0.936567087674154;-0.913811974191641;-0.561514320257275;-1.55425266950623;-0.686561826625248;-0.0375139799623625;-0.610456885304252;-0.647013950622437;-0.953414771767464;-0.877657222187889;-0.857097075891696;-0.754394122989071;-0.312459264338246;-1.09379339969528;-0.792631787631836;-0.945191291485856;-0.159228394943319;-0.810521712565988;-1.00454604658738;-0.558708147386585;-1.6549423455276;-0.188380497400263;-0.908215532685266;-0.496415763763178
6625;-1.30015800798111;-1.57197092602468;-0.427226656403312;-1.03671810971703;-1.09947185644964;-1.43458212763022;-0.924590743315158;-0.911530457342081;-0.553167115864003;-1.54559998192987;-0.678598204194415;-0.0320599096860815;-0.659493844651966;-0.618898229239472;-0.945775515654391;-0.875309527049823;-0.853475870440716;-0.73691383755637;-0.313805439925055;-1.0821996377171;-0.787178848775171;-0.928474188464563;-0.149229837366701;-0.793560164695562;-0.9870227841414;-0.541517707997744;-1.6598303851561;-0.175070562469563;-0.896554889072696;-0.485894271658027
6650;-1.29336140174671;-1.53734275582558;-0.422070250757596;-1.08249709684732;-1.09858227134333;-1.40947741387548;-0.920049659106074;-0.903019735092443;-0.539657439164897;-1.53960008794014;-0.672606499431746;-0.0263221149569902;-0.705211826961865;-0.587937098981806;-0.933013500523692;-0.874362686798474;-0.845795437133636;-0.718646288370309;-0.314796545726583;-1.06787363340083;-0.786569345226162;-0.912185007768903;-0.139302405252492;-0.775200177299968;-0.975824002188002;-0.522091109055711;-1.65491722534436;-0.162827974108084;-0.886190757009522;-0.480099220435496
6675;-1.28445656699396;-1.50849927324839;-0.415419565139368;-1.1329872009924;-1.09832718928326;-1.40072549669667;-0.918524130072842;-0.895925061604227;-0.522418271381379;-1.52888946349915;-0.661067391056339;-0.0143860298694865;-0.744168276307547;-0.563522664402155;-0.912244605500226;-0.869778887363057;-0.838457027048767;-0.695646971759867;-0.319501369761123;-1.04827123975797;-0.781204778779235;-0.899235098308741;-0.130477066472291;-0.763034512463969;-0.961204746247491;-0.504898609021689;-1.64954370680104;-0.151872178489914;-0.876806895709848;-0.474977290490772
6700;-1.27449731277762;-1.493256557449;-0.409971145815909;-1.18445653090996;-1.09921905561241;-1.39281425102783;-0.918048401237874;-0.896625769233195;-0.510556283583273;-1.52163459423043;-0.646509078573293;-0.0139029423512085;-0.791361565724902;-0.540256149461172;-0.902150201924086;-0.867980027574466;-0.830602509007977;-0.670711302545758;-0.320016662568727;-1.03247746097578;-0.771243853519308;-0.88473222223883;-0.120169727874071;-0.751489926350954;-0.943047227687863;-0.49050982292716;-1.64516425780273;-0.139650209479214;-0.866339821829255;-0.465741314076983
6725;-1.26466929357549;-1.49299220996189;-0.408667274559925;-1.23591735167594;-1.10161671725374;-1.38785680880494;-0.915885164444701;-0.893588526234943;-0.498381863728876;-1.51843340064112;-0.629059965862601;-0.00537883393116805;-0.839631812772287;-0.513056482910524;-0.892899624463609;-0.868077298897495;-0.821439057358216;-0.650317608884459;-0.320920755024839;-1.01864899313474;-0.74843797096314;-0.870332675405616;-0.111812295008674;-0.740608791628311;-0.924994130592356;-0.479213439414458;-1.63976750684936;-0.12421613275106;-0.850701971657641;-0.455991022961502
6750;-1.25067209721169;-1.50698645262345;-0.4086883499845;-1.28829108454167;-1.1058744318219;-1.380709830167;-0.924937730608247;-0.880504641655903;-0.491192671294523;-1.51492838888639;-0.617903213980561;0.00527914215680165;-0.881322594569877;-0.492233824507376;-0.884432367290866;-0.866563819370913;-0.81202630037977;-0.623712700044095;-0.312514787507745;-1.00641815509726;-0.737392861595165;-0.85496751128174;-0.105506991279905;-0.727754784271863;-0.918828426641742;-0.471964302496765;-1.63488187441283;-0.109778873067902;-0.841552697385233;-0.450665997174233
6775;-1.23296947212067;-1.53215490964483;-0.40794002454935;-1.33606472914572;-1.11383817669665;-1.37243376845775;-0.919351670357188;-0.865989115657626;-0.477810226280352;-1.50674204590473;-0.604600375938085;0.0175722261334438;-0.909933292895278;-0.475594254712988;-0.873788938762949;-0.8672507798904;-0.802556965552749;-0.597131895478659;-0.311256741109849;-0.991192327354925;-0.728344674842877;-0.836116907224308;-0.0994864370266218;-0.713503556448539;-0.898320479716575;-0.467003157924634;-1.63424821298884;-0.0980419256022287;-0.836853798276383;-0.445941199617893
6800;-1.21475273621552;-1.5640090461617;-0.412212424941722;-1.37523058797719;-1.11888252745892;-1.36068684321501;-0.903429340925352;-0.85003733031598;-0.469276489981299;-1.49004164633656;-0.588009174296641;0.0326536914751596;-0.935158580958719;-0.463646188617442;-0.863505373084305;-0.866018329524832;-0.798056060711963;-0.569346200273827;-0.301580125513338;-0.980108373898042;-0.712291978197706;-0.817382604528796;-0.0931059063402061;-0.69645845466481;-0.881923727333579;-0.464343960742433;-1.62600162125303;-0.0848207233220204;-0.832445871868083;-0.442030529115317
6825;-1.19645055883471;-1.59728815445541;-0.414419156701033;-1.40492963376981;-1.12781624153864;-1.35560910385176;-0.876877208828352;-0.830654502935699;-0.461529787921977;-1.46830078006001;-0.571852452888301;0.0439841356079373;-0.961802551722792;-0.450839750580975;-0.856961917387372;-0.86288267378173;-0.792319467149799;-0.541331153990311;-0.29941286622328;-0.970770322523139;-0.703649701211425;-0.80157816702271;-0.0871347393836724;-0.685830684769036;-0.868876973840215;-0.464848852724858;-1.6167786350068;-0.0681939392933886;-0.826732437449932;-0.435881402479111
6850;-1.17932922770191;-1.62643185205392;-0.414362971481016;-1.42585813212136;-1.13518033464457;-1.35055230676769;-0.845059783897564;-0.810907718212724;-0.4552310345502;-1.45118817967442;-0.556919184626144;0.0557133620958794;-0.979643881800636;-0.447310556450108;-0.846913204370525;-0.861348836162687;-0.781611287086567;-0.512615522657894;-0.290093702699788;-0.957730538662713;-0.702064055862177;-0.787306996769332;-0.081117736759171;-0.674480787594408;-0.858156494420778;-0.469120914883414;-1.60630631934212;-0.0547846436225645;-0.826587534205824;-0.429321573175946
6875;-1.16321867846982;-1.6458718171697;-0.412778431930489;-1.43339524625879;-1.14699266959249;-1.34357431243575;-0.815858362561057;-0.791624901709541;-0.447814912081364;-1.43693748053088;-0.544515383137272;0.0634229104576356;-0.987227406470127;-0.442411286236307;-0.834849573198758;-0.855800609274394;-0.767120663334439;-0.488359389811425;-0.284968007175749;-0.941905405762299;-0.695389263441473;-0.760862627375776;-0.0742727869351346;-0.662849244148481;-0.848883549880359;-0.47438274174545;-1.59659083160924;-0.0423807212224652;-0.833640602772694;-0.418936189030512
6900;-1.14897272192365;-1.64554295543021;-0.408685441578158;-1.42676342561688;-1.16107173984634;-1.32795944768029;-0.784776901439188;-0.772841788398133;-0.440062517393021;-1.42259077165703;-0.532814262045714;0.0687425005211856;-0.98770884758013;-0.439545100946758;-0.83116868274523;-0.856244541380097;-0.749935266251806;-0.459719795526372;-0.276541609842485;-0.927870723222739;-0.684040805926396;-0.736484376137393;-0.0664637046563864;-0.653633274006088;-0.84724225662565;-0.476230374349563;-1.5941235403691;-0.0368752887407673;-0.838763824578686;-0.411396331862793
6925;-1.13678420283749;-1.62506771861451;-0.408025015037136;-1.41456089201429;-1.17753165663692;-1.31769173053876;-0.755792827126994;-0.750023276287477;-0.433574893842436;-1.40565648943421;-0.518627330746149;0.0699024019906993;-0.983906632909499;-0.435960021503133;-0.826408588208401;-0.855482696702823;-0.730392871514983;-0.435346261788242;-0.264281226923353;-0.9164317918089;-0.676432717719349;-0.713606306015526;-0.0577813760568323;-0.640708251562223;-0.834969006044237;-0.481656715566649;-1.58685563375713;-0.0322141656902966;-0.841621025804815;-0.400737018662325
6950;-1.11773302771286;-1.59434818395074;-0.414785541682886;-1.39515849373862;-1.19596005075003;-1.30497881006996;-0.72550339616705;-0.724955901288218;-0.431309159540853;-1.38294841574244;-0.501113041507118;0.0760500600291713;-0.973675482179535;-0.435357703505111;-0.813456673804709;-0.857412754321062;-0.709337291243528;-0.41836396485877;-0.255753553041516;-0.905073791495412;-0.675249678052613;-0.695720464770478;-0.0485928366766331;-0.626413054296675;-0.826318115445859;-0.484746575101776;-1.56890893199247;-0.0226714036843665;-0.848608582392504;-0.389271854095176
6975;-1.10067977447252;-1.57715742648203;-0.414742309316817;-1.3632685527542;-1.21587742864796;-1.29442077304627;-0.696537617362297;-0.699808447732876;-0.429331217467936;-1.36027713497258;-0.481170533442574;0.0768447367325881;-0.960691904065063;-0.431626870925064;-0.803282970275093;-0.866043671005846;-0.688651841738673;-0.403345811802615;-0.249927390789419;-0.891781092346692;-0.66434907868205;-0.675593834790323;-0.0397182083977682;-0.610103047514802;-0.824514958806276;-0.484665875232811;-1.55530501764533;-0.0279116917926616;-0.859548898231831;-0.37403879825223
7000;-1.08337899997133;-1.57869081416891;-0.41502789461152;-1.32657978971494;-1.23640635685013;-1.28609869538401;-0.66924434891578;-0.676668909987268;-0.43171798961429;-1.34228464673347;-0.464402446144242;0.0809469362685337;-0.940904230132151;-0.427112077354899;-0.796524562393826;-0.86276650440632;-0.669712757906308;-0.393221161597748;-0.246817933035522;-0.874911884853101;-0.67141234497391;-0.661145195874772;-0.0287309998316295;-0.595079907761623;-0.825875846061487;-0.485255842357921;-1.54539634180844;-0.0328909401076387;-0.876675361415829;-0.364716845177171
7025;-1.06588127507272;-1.58500086833533;-0.4170211252227;-1.28256837806021;-1.24965768487439;-1.27698404328973;-0.647071083155121;-0.65384008762726;-0.420600424701316;-1.32194422523872;-0.447858477020649;0.0815177054125619;-0.924460721157345;-0.421530419448592;-0.788237190195176;-0.855938761445092;-0.654164539466783;-0.387288227073573;-0.23788653070149;-0.862018212956585;-0.676489725064538;-0.642091398652176;-0.0181651262334547;-0.577556337483453;-0.836965752887061;-0.487895993352541;-1.53395118780096;-0.0382507277877868;-0.892749755980749;-0.351795131007463
7050;-1.04780933864909;-1.59047885966631;-0.416678979740354;-1.24043825129252;-1.25963078573253;-1.2669849299225;-0.625574517035979;-0.627993532387539;-0.417154570353535;-1.30157305939745;-0.435745578852257;0.0802276558044985;-0.916555554521826;-0.42298682699669;-0.791348178123381;-0.85883121670205;-0.641347163470682;-0.380404909518603;-0.228308482893522;-0.847979345167235;-0.661037468054168;-0.628802432526164;-0.00782316889684251;-0.558572262406768;-0.830320558507538;-0.489323266653174;-1.52183735326407;-0.0398567637711051;-0.90890185035639;-0.335978718026647
7075;-1.02837795976882;-1.59610438853594;-0.424071439066113;-1.20348399630337;-1.26632200981047;-1.25624567069364;-0.610983380544459;-0.599961788440067;-0.415931722823739;-1.27844375641154;-0.423109091965884;0.0810028341721347;-0.898727502124257;-0.415757889350821;-0.804516845903418;-0.853415030651352;-0.62395910869979;-0.378114381351298;-0.22165877631113;-0.832243658106211;-0.651811807825152;-0.615386794092003;0.00472203933449391;-0.540517492373899;-0.824478015935311;-0.492225541158437;-1.50959292710429;-0.0354995788756411;-0.926177673177572;-0.317122285396732
7100;-1.01294268635954;-1.59946551874364;-0.427100706286027;-1.17484617976947;-1.27121234641261;-1.24721033234821;-0.600483880448738;-0.573776866348924;-0.408065356495408;-1.25602578466071;-0.411556550232682;0.0863889407681064;-0.886120231391001;-0.406101100352691;-0.808450249488273;-0.850525678060419;-0.605330471593463;-0.375155046113026;-0.214049394433572;-0.819285865261812;-0.649283950678424;-0.607682937706306;0.0155663155944578;-0.523051374882204;-0.817548888462363;-0.492964708099431;-1.50131118007336;-0.0298148352313692;-0.938470720642397;-0.299711905314638
7125;-0.996097744720354;-1.60619461383129;-0.422215856393962;-1.16354243942639;-1.2728234280465;-1.22986659943151;-0.596369875235594;-0.553871434323161;-0.402849055361582;-1.23140489234018;-0.409636985969161;0.0869267615162323;-0.869887525409345;-0.395032371883864;-0.812718073600416;-0.844840686734141;-0.589476389771436;-0.370456772518415;-0.209560404694507;-0.805897043146728;-0.651258123933974;-0.596261884196229;0.0270093571828251;-0.505899760186631;-0.816556151611505;-0.490182632198849;-1.48562242047383;-0.0297322353276328;-0.950843062380685;-0.287310602727259
7150;-0.977275520879922;-1.61136235809232;-0.418818623793353;-1.13614838761583;-1.27169100542117;-1.21764477878565;-0.599774563735144;-0.537560696331332;-0.399152869106266;-1.20818441895841;-0.393518944647672;0.0872043406028488;-0.854402631655149;-0.377054089148126;-0.812556070412352;-0.831371115104684;-0.577287966871815;-0.37318812942747;-0.207789690729695;-0.788028226032972;-0.652610881986285;-0.58819594869102;0.0405063227300086;-0.483143823953286;-0.811993254112717;-0.486988940498771;-1.47168801233643;-0.0244636870554504;-0.960891693280982;-0.269980237155123
7175;-0.961902032994443;-1.61520287971816;-0.415517159864342;-1.11130514834624;-1.26918454435796;-1.20618562932685;-0.60753227143721;-0.51945420686318;-0.39342528661248;-1.18782329689546;-0.38183020513655;0.089191030662163;-0.834249000504315;-0.35714788021817;-0.813041307856113;-0.819674126931055;-0.565836177740563;-0.37713410777992;-0.199733586061994;-0.771511734692754;-0.652024389380772;-0.576571856414744;0.0506853725050601;-0.463163780080813;-0.813888236207315;-0.482217319983442;-1.45952599820096;-0.0201053810576306;-0.966385899663465;-0.257713503138848
7200;-0.948087654161659;-1.6207633817474;-0.407111826326069;-1.08653084748276;-1.26627603051439;-1.19464415325946;-0.618653927947186;-0.498206516288826;-0.38611319167087;-1.17115818038326;-0.367438323488472;0.102977398575232;-0.816876041530355;-0.346323730580549;-0.816998256328838;-0.810020137715489;-0.553895236928475;-0.375695358006108;-0.197207643798266;-0.762098742534028;-0.646602864840462;-0.566409189064706;0.060791957194512;-0.446762083463174;-0.81190449141723;-0.47610385542668;-1.44063268509669;-0.0160708455987411;-0.976211145548621;-0.250224262275339
7225;-0.933738291571929;-1.62300240642509;-0.397937458556922;-1.06521177601623;-1.2633129540383;-1.18646431553588;-0.638019806650368;-0.479940403447152;-0.381377152322897;-1.15844535558375;-0.357664608521133;0.12797477303613;-0.798978900939757;-0.338607028058376;-0.82075245610165;-0.806544034140674;-0.54209314494701;-0.373023316805339;-0.192174101820978;-0.754367546369726;-0.648761122371491;-0.560534711322329;0.0693464434504624;-0.431734852055983;-0.799754437370083;-0.469266050298831;-1.42742100461737;-0.0144109018797873;-0.986283183099764;-0.237718831333597
7250;-0.917615396746472;-1.62492200653964;-0.389485296546095;-1.04460202029417;-1.25958501924194;-1.17122352950428;-0.646883378957072;-0.464022360117979;-0.378761689619662;-1.14956214007087;-0.355582292874852;0.165429824257198;-0.782919152192679;-0.325797026279445;-0.819952514729464;-0.796820282939326;-0.529336480689917;-0.37519057720439;-0.191286978360211;-0.740110629952063;-0.647509700794827;-0.55831495897002;0.0772781970759499;-0.416109449639589;-0.803275925970591;-0.459546245418878;-1.4096295724064;-0.00406740087818824;-0.990580597119623;-0.226950514089357
7275;-0.903816767482727;-1.62293366314253;-0.379270516471549;-1.02268522412894;-1.25203391498814;-1.16147366556127;-0.65308766422087;-0.44210087076947;-0.37432934276064;-1.14202435209236;-0.358600798129881;0.230512169848174;-0.764156011050829;-0.314010512763928;-0.819935401994898;-0.790782781188512;-0.51575816679111;-0.372975699470763;-0.189224565038235;-0.725280065750796;-0.648955130084695;-0.559508751494298;0.0876963143107393;-0.40181530040321;-0.7986657611479;-0.449362336168127;-1.39363928656601;0.00666532364106964;-0.988185482894296;-0.208135893317053
7300;-0.88816757855929;-1.61387475012668;-0.364427471534262;-1.00572238888452;-1.24390816846978;-1.14917598513219;-0.65903763913346;-0.426012005489279;-0.367726909896623;-1.13689591146669;-0.353002383773594;0.284135798394531;-0.744984481477641;-0.303384379137349;-0.819946443382999;-0.778363704202313;-0.502716364220512;-0.374979255790054;-0.194005562286001;-0.715773358770995;-0.637830492233466;-0.558145907770137;0.0973419390236011;-0.387704406177449;-0.790259931627682;-0.439714028388148;-1.37042426817886;0.0173624861875139;-0.981521963319763;-0.184200468278683
7325;-0.867206260576543;-1.60470706942351;-0.347372680937246;-0.985902015018582;-1.2390161506776;-1.13341902391207;-0.6633397764248;-0.420459424445415;-0.364369055952376;-1.13149640505502;-0.3576786558404;0.291997268540815;-0.728743877973933;-0.296158517913279;-0.821035619650456;-0.763254651276524;-0.493222334707563;-0.373044265674333;-0.187904439738722;-0.707696774512309;-0.620931367511127;-0.558096257983116;0.107470674957436;-0.382373245025612;-0.777686441207747;-0.428355849572684;-1.35947258658004;0.0315622143185437;-0.973343977036814;-0.168532340228276
7350;-0.854636619364313;-1.5651747672155;-0.336911747431633;-0.972304615526871;-1.22794378111305;-1.1144154437061;-0.656336753812628;-0.413008186786123;-0.36195410701666;-1.12793607394409;-0.355438725096012;0.277472434581942;-0.711049065271323;-0.285003862260589;-0.815774677721549;-0.749221018057936;-0.48458416217011;-0.368932943854743;-0.190232205298185;-0.694693042284036;-0.601712077511761;-0.558477989231563;0.115559281268791;-0.370901741553702;-0.761821125534842;-0.412437430951384;-1.34481135749725;0.0434093646248386;-0.964623282672041;-0.153379485735627
7375;-0.844458697312695;-1.51338552859927;-0.325392556255692;-0.964886612936428;-1.21410808002269;-1.09613996101043;-0.640466579638369;-0.406109436740603;-0.357178339176443;-1.12321395348775;-0.363928590452354;0.246959588957255;-0.694684950336099;-0.281809100221131;-0.809447646343029;-0.729439894206821;-0.479742358052138;-0.365116921339762;-0.192955306768881;-0.684792849114903;-0.575839658876794;-0.560430093252009;0.121358232417839;-0.363835102679129;-0.75115603281707;-0.396690269981354;-1.33237778269156;0.0547891319896119;-0.951227877844783;-0.137676534380659
7400;-0.830729358393727;-1.44098132499625;-0.308248530792077;-0.954131180897588;-1.19675104094279;-1.07760056507293;-0.616709878327428;-0.397910349130434;-0.35052696336657;-1.12072559234829;-0.366880218818703;0.207172251250625;-0.675559265057351;-0.282788633394708;-0.799100437344224;-0.709503386585365;-0.478729310713375;-0.363252931496813;-0.191511990152386;-0.677332317932512;-0.553539449287166;-0.566612261821187;0.126949370178928;-0.353936117020511;-0.733882665046921;-0.383230253264501;-1.32450392469111;0.0814605113472651;-0.942332473704058;-0.126574616736566
7425;-0.815461904242646;-1.38472830270939;-0.291644192715942;-0.942489379643661;-1.1780253529445;-1.05776918311931;-0.588546459339691;-0.386886023741152;-0.342878811393306;-1.12551024035756;-0.36909623097245;0.157217253995141;-0.656406753448383;-0.281500363658529;-0.780500096568153;-0.690799927625975;-0.475355916342825;-0.364268817892392;-0.193349399439721;-0.668201501944202;-0.5469047405567;-0.566728348517792;0.132591333113824;-0.348445481343358;-0.71332221767192;-0.36872988370775;-1.31756027214127;0.100422414453873;-0.931199875117789;-0.114611753952002
7450;-0.802251533958294;-1.32934826528631;-0.278059486065959;-0.930505046011836;-1.15776378832276;-1.03164025548191;-0.559980957500482;-0.376995595497992;-0.332574579671998;-1.12448621101144;-0.372523953341371;0.100431774088724;-0.634495430516341;-0.279096671843599;-0.756607493774579;-0.671536603937204;-0.469861062095197;-0.366334016672854;-0.192979756063602;-0.650711197574668;-0.537441198188892;-0.57757397041025;0.139295596920806;-0.342390180884443;-0.69815117272289;-0.348554360398798;-1.30279652697573;0.114606502489054;-0.919409329822748;-0.10671263770929
7475;-0.788168844781414;-1.27963724383596;-0.258823370008378;-0.918804371361263;-1.14025524468425;-1.00810151418617;-0.535831687922163;-0.373552273246232;-0.321293593326332;-1.11886824608995;-0.371307780059143;0.0441553996836887;-0.611502707668607;-0.280559817787312;-0.726150138456463;-0.650564768692312;-0.464079610098503;-0.370194196813174;-0.194883209281129;-0.634018938388509;-0.520266814566649;-0.572828360558478;0.145304966182495;-0.336380304061037;-0.678144436100409;-0.323640538293525;-1.29888344322323;0.119360822238918;-0.907827595305597;-0.101322148626885
7500;-0.77582512035807;-1.23789090500833;-0.238847965743331;-0.904833199725059;-1.12396869019361;-0.984303474654239;-0.518535203031134;-0.376757120167527;-0.316042289070336;-1.11844047615656;-0.370550124676049;-0.0146464100823752;-0.595938109753368;-0.288365872591415;-0.701902086771701;-0.628970306993033;-0.456471452374283;-0.374269264183645;-0.193352006848974;-0.626309491971969;-0.50547807871619;-0.57099563891532;0.155543689532347;-0.334822526484707;-0.660292062678633;-0.301405924347206;-1.28202434684858;0.136016932679322;-0.896738080608531;-0.0912404021532669
7525;-0.765539490340574;-1.20856204078542;-0.22124357851174;-0.893118056501916;-1.10866194894825;-0.958472228103007;-0.509810269443425;-0.379056866433726;-0.306842720675419;-1.12012032022565;-0.371874991949121;-0.057454238610192;-0.585399644557945;-0.288384848083049;-0.673404747077836;-0.607279395839522;-0.447985433458289;-0.383340621374864;-0.194918736619314;-0.614648818114208;-0.494731550237817;-0.575850412035061;0.159955175277866;-0.334993764115436;-0.646709856454859;-0.282664452653324;-1.2699355648014;0.142240365312119;-0.885100756970473;-0.0928093208863803
7550;-0.749716961010171;-1.19172281048805;-0.203018648355042;-0.88081732867316;-1.09190436942419;-0.927230267563663;-0.511775259158614;-0.376706418093597;-0.299713874112591;-1.1178490723919;-0.373972316615075;-0.0985578978194904;-0.571463269198985;-0.289656654183603;-0.644254703658079;-0.584464283489588;-0.438356162408643;-0.385547568039582;-0.191043944816504;-0.601771823907962;-0.478252368077618;-0.576297144215954;0.162659889301008;-0.330428473750685;-0.640163779972924;-0.267777272258554;-1.26382312366951;0.137426458324736;-0.87111423843315;-0.0999248021449935
7575;-0.73188904425321;-1.18753920707378;-0.187154910963161;-0.87103709358789;-1.07767478863296;-0.891525642683386;-0.503450467457911;-0.376831911974436;-0.295390278131641;-1.11425825870274;-0.367966929985975;-0.131893012324352;-0.556084333207888;-0.287707786219761;-0.614345645578339;-0.562481852573221;-0.428708154187973;-0.389654815482832;-0.189318718943168;-0.585704019513985;-0.461861976305879;-0.57788105901077;0.168207288098015;-0.321777695828648;-0.616750783449682;-0.252198731041981;-1.25766560352254;0.128124547110508;-0.857201837476589;-0.10563032709578
7600;-0.716518194797045;-1.19312551322825;-0.177488934139455;-0.865728580713856;-1.06464454378541;-0.857870857812119;-0.494031857619067;-0.377241896223042;-0.293607244898913;-1.11001481265049;-0.358459986900742;-0.149994601062431;-0.541531924753199;-0.283650211517977;-0.58648780160611;-0.544776061860569;-0.426398241880804;-0.388424039400643;-0.184200902841709;-0.572286152551235;-0.452237260674075;-0.582248916759276;0.170760668464576;-0.32161160939962;-0.606266135614061;-0.239553238429644;-1.25494888988101;0.124090882423369;-0.838959420880547;-0.110456282128854
7625;-0.70334151708962;-1.20131403624443;-0.16661847971357;-0.861652467848406;-1.05135371293006;-0.821711475082405;-0.481078924347731;-0.376383903232812;-0.289773177111468;-1.10448101452134;-0.349957741195567;-0.158797623219017;-0.528001153218357;-0.274654833503735;-0.567661563373458;-0.520210919923129;-0.422736110042841;-0.381766719127881;-0.180786957161075;-0.559660469409659;-0.447873822843563;-0.587727958758811;0.172600807592305;-0.325008002295205;-0.599355023288661;-0.228322013118273;-1.25579121109129;0.117966020323242;-0.81673825543379;-0.114487239066347
7650;-0.689594712407512;-1.20827848615159;-0.15805986015537;-0.860459062709122;-1.0369384553211;-0.79248870754276;-0.472335396020886;-0.380047154504512;-0.284459561818855;-1.09911960518854;-0.347474225698811;-0.15162703557432;-0.518210627932422;-0.271171418800996;-0.550446037370474;-0.496644916336087;-0.416592703978948;-0.372192878844691;-0.181480473324302;-0.542201440672153;-0.451116279258049;-0.590297990024238;0.180311635074641;-0.324507932860012;-0.597340522591751;-0.216484877959431;-1.25894985033534;0.122710233193409;-0.796613367774837;-0.119782086356778
7675;-0.67635452860046;-1.20870250793653;-0.146359341240083;-0.854895399314371;-1.02701601058278;-0.761203106312993;-0.468742714816744;-0.383885575145135;-0.278618730878507;-1.09505815585567;-0.346327348487451;-0.132104476282675;-0.50673554022998;-0.264399706959906;-0.534424569522797;-0.472970292235212;-0.410302221532976;-0.363061029029244;-0.175117086468343;-0.523803759088073;-0.452207154643521;-0.58255560339827;0.183982563735626;-0.324606355851112;-0.596712815365968;-0.205911292320088;-1.26905501694387;0.116400039843273;-0.778150642388941;-0.120855338455573
7700;-0.66542931464804;-1.19468256774132;-0.134794117367763;-0.855825170405232;-1.02142870986151;-0.725996307236068;-0.46221167836154;-0.385439694233984;-0.272551479213294;-1.08888684580289;-0.341371988960184;-0.102286688675888;-0.495912287847297;-0.256580478585152;-0.528449749621037;-0.454510652856171;-0.401700773449799;-0.353527714976641;-0.171446713868245;-0.508748041032553;-0.450964801920315;-0.582307147437196;0.186312286954002;-0.327834281687116;-0.596409149373124;-0.196713703835849;-1.27690970633608;0.107719822441339;-0.762330240008538;-0.12416326958757
7725;-0.655935798875516;-1.17620398907201;-0.124243906113666;-0.85296481711451;-1.01918004973803;-0.693602068618733;-0.460198155979793;-0.385953931562953;-0.267719273524358;-1.07958644478585;-0.331186855628866;-0.0650748996903064;-0.489888741198811;-0.2462546766334;-0.508761486800468;-0.437840192719532;-0.394793838239841;-0.341028362295441;-0.16922373015093;-0.489508197404796;-0.454686573976573;-0.578371728619226;0.189019849931363;-0.329651241663049;-0.581845079552001;-0.188771330134903;-1.28240487055433;0.101731127090148;-0.747900786449917;-0.126903921888356
7750;-0.643946272912485;-1.16878717509132;-0.112725059594599;-0.846257302811255;-1.01902483665926;-0.663557270605335;-0.452896156397194;-0.387044259950391;-0.265401916373432;-1.06990897863809;-0.321647103389457;-0.0208737409994689;-0.489270172980792;-0.235958790118124;-0.488675133389482;-0.429987165359738;-0.38843109538541;-0.332112807364387;-0.168603146880197;-0.474880440684234;-0.459761258275602;-0.578993099299961;0.189668314481222;-0.33210487357244;-0.584695515089688;-0.175456800996222;-1.28715397373128;0.0991787120672536;-0.734760650169088;-0.128825069305423
7775;-0.633148634399214;-1.16922420216296;-0.100142321660508;-0.845275280745508;-1.02098028972224;-0.641807196651294;-0.443644071823003;-0.391800796841345;-0.256751031496102;-1.05975038203131;-0.31322486879003;0.0364703681964089;-0.48212022716266;-0.221414552082621;-0.477508171450397;-0.423714480539153;-0.379026180452562;-0.321244056768544;-0.171130498140884;-0.454640135891846;-0.464690401025905;-0.579938235784354;0.191146177996879;-0.333015573239851;-0.585810987045436;-0.161104571431185;-1.29059400205858;0.0894073598706211;-0.727133364728142;-0.140200865016428
7800;-0.622872346721256;-1.173657313255;-0.0920117014257845;-0.84196773197887;-1.02985455741933;-0.623941132373878;-0.432416659440896;-0.395095790380357;-0.250598324120169;-1.05322241224929;-0.307779877094161;0.0952533966973909;-0.474992436510197;-0.209452354121012;-0.464796594588311;-0.40809077595407;-0.37146493382605;-0.308877741760783;-0.173609127460722;-0.432935615655822;-0.478422070363894;-0.582966133014463;0.196295371112658;-0.333823679347618;-0.59352784278307;-0.147892069114773;-1.29609487883821;0.0856988178755638;-0.725251060493246;-0.150360667496929
7825;-0.61360265596444;-1.17598005382476;-0.0864022938555636;-0.83773382102976;-1.03110174441942;-0.607621695261524;-0.422028905301077;-0.395286187911855;-0.242218601387054;-1.04453800060311;-0.305501721555976;0.150485433109726;-0.475891738602921;-0.194987036813819;-0.450841736399591;-0.397666612383496;-0.367563721899258;-0.293327248952911;-0.170564787573398;-0.417439801823717;-0.491388561341736;-0.581825507329338;0.204302529732499;-0.33537375430197;-0.602914250968829;-0.136042841507655;-1.29234360291116;0.0756762949630503;-0.721618704002441;-0.157394035095573
7850;-0.605949790550068;-1.17855173740495;-0.0801173405163197;-0.832907770017237;-1.03115895783553;-0.594469090087035;-0.41259379781213;-0.39454466156005;-0.235897916593026;-1.03486741420576;-0.303907536000063;0.199633307340407;-0.479990469050914;-0.18200747542237;-0.450671766700318;-0.394164544091531;-0.362741851992843;-0.274988183510727;-0.166510839026013;-0.397147471259847;-0.513523946661726;-0.580466498493456;0.216507943850901;-0.333647030588862;-0.600434635661522;-0.124246382777208;-1.28819508406302;0.0726095342846957;-0.718627596301267;-0.167098788415313
7875;-0.598223308759247;-1.1838480557199;-0.0770218253840938;-0.826421029327124;-1.03378901500206;-0.584178162172111;-0.40402642715727;-0.389242210362488;-0.227746005141346;-1.02718448515201;-0.299068578914022;0.23673315949959;-0.479244735014517;-0.1705268104574;-0.451609564073571;-0.391885347551571;-0.35434973469235;-0.259414551815342;-0.164531614960728;-0.375496072573978;-0.525583307481713;-0.574282212012466;0.228606356327143;-0.329652045759064;-0.60056209336605;-0.11094074431474;-1.28431159660233;0.0858098879289664;-0.721337197922536;-0.172302058541381
7900;-0.591430148735886;-1.18868759325318;-0.0729644902527077;-0.815119893504086;-1.03497609504185;-0.579352171001721;-0.389502937679275;-0.382402572129589;-0.217798937175912;-1.01640146628899;-0.294406273094759;0.25698946699166;-0.481443254389593;-0.156216270727183;-0.447476909120341;-0.389424869796221;-0.346649872008603;-0.245089072395869;-0.168571370345895;-0.354906255645429;-0.525589576592318;-0.575849628345151;0.245230085890789;-0.323588081927949;-0.599539982129086;-0.0931587429871354;-1.27940053104392;0.104325303927609;-0.726560908454039;-0.179098938632885
7925;-0.583735302837462;-1.19195267875308;-0.0668151790223171;-0.80720068004245;-1.03901982210904;-0.571734441682903;-0.374678136247842;-0.380717759018656;-0.209500824071194;-0.998099908292403;-0.292682410303465;0.256369115906856;-0.480387668500286;-0.143166172664756;-0.436350817496137;-0.381408853065677;-0.340376701689982;-0.234832013930913;-0.170999254669489;-0.33572870124831;-0.528604889404121;-0.570772825082481;0.26454753266484;-0.317667020607138;-0.60948648754633;-0.0749126402656637;-1.26956745978884;0.102788884837866;-0.732001027512485;-0.188655264794147
7950;-0.573630370166931;-1.19441370232495;-0.0627293756857386;-0.796511870604662;-1.04372918832499;-0.564066046970433;-0.363991006300923;-0.380489595569021;-0.197840392771763;-0.983694676401455;-0.289019591849572;0.236885451545262;-0.477201944804196;-0.123580691750993;-0.423905665587766;-0.369644631752774;-0.335516316169009;-0.222207576080253;-0.176716371895807;-0.314489360068135;-0.534040232285287;-0.568744207585645;0.281698760587063;-0.312418694598669;-0.613981068644712;-0.0618832225552282;-1.25709529572466;0.114848104678029;-0.735964467573274;-0.19456720340316
7975;-0.564616778345782;-1.19535534321176;-0.0554376922008758;-0.783221481223041;-1.04560085385564;-0.557835309713457;-0.353851636433095;-0.375517181601423;-0.18325003381909;-0.970978123858819;-0.289042287091612;0.204874735211279;-0.471416097699844;-0.107986821184902;-0.41446246077888;-0.362446791351833;-0.327063462991022;-0.209357017585074;-0.180044312710103;-0.295349034077573;-0.537772965589417;-0.559360753788347;0.301176924251051;-0.304564511780864;-0.62475394980725;-0.0454654709729068;-1.23838036395652;0.122002229546495;-0.734724648862568;-0.206729767550178
8000;-0.555367199968847;-1.19405532945842;-0.0442945782950367;-0.766315235362516;-1.04532619126392;-0.553700546782261;-0.34316454460757;-0.369016324008484;-0.17054497220543;-0.958344301483949;-0.283838210824416;0.172982707555531;-0.46643671106313;-0.0963676762976786;-0.406483939595509;-0.3578568432293;-0.318537163837965;-0.19855977244143;-0.184730213742375;-0.285362665622295;-0.535771543968397;-0.549008207351872;0.325831501138193;-0.294540187880354;-0.625001117271531;-0.0298303930459214;-1.21829033304078;0.125828051752951;-0.739388322803883;-0.221597005313649
8025;-0.545715761395256;-1.19150997985027;-0.0363112725563913;-0.74896753163368;-1.04179011157369;-0.555673220364186;-0.334654866091702;-0.365624854548478;-0.158558869864474;-0.946430021849789;-0.278821763503591;0.149999627586414;-0.461361355808638;-0.0873486047469014;-0.395882588485654;-0.353130472069216;-0.313547834325111;-0.191378222065869;-0.188669005131617;-0.273239727932334;-0.544453581924197;-0.532781164874879;0.346236368799054;-0.282905797915351;-0.621329766434595;-0.0184161218996077;-1.19952654391122;0.124173696936393;-0.748217662337633;-0.227347013686114
8050;-0.534676587988969;-1.18871921936595;-0.0280630748199099;-0.727438179952815;-1.0427932522414;-0.558533688211657;-0.326456426456203;-0.363383752151226;-0.149377368764022;-0.934319528509463;-0.277628481171227;0.14757719333087;-0.4546448585805;-0.0796649652025105;-0.37727755354102;-0.344707713138299;-0.304629292360354;-0.182817797347137;-0.197166925117271;-0.25858619581497;-0.546420987301313;-0.522905263782732;0.365386025784723;-0.27127364389744;-0.632390161269166;-0.00886041809541172;-1.17773834244079;0.130422056110874;-0.750538590347643;-0.245015267298171
8075;-0.525665693859413;-1.18188662409475;-0.0174007499582364;-0.705539150181366;-1.02992449341842;-0.557694605690715;-0.321635998907585;-0.35955627007896;-0.13966456830834;-0.92201333708346;-0.277324042711643;0.173451698827251;-0.441462412066826;-0.078398882282213;-0.361499280421491;-0.341727887655363;-0.293510150646331;-0.171416945193395;-0.207506660462955;-0.24693757115543;-0.543183733824229;-0.506613813515598;0.38462161117877;-0.255693700691924;-0.633501277136578;-0.00101028345719434;-1.15483587372205;0.133139016226115;-0.741576849575238;-0.256843406677881
8100;-0.518206144134488;-1.17940492603349;-0.00642058604626348;-0.68546172724936;-1.02052244640593;-0.548714548901908;-0.313848267130234;-0.35628991011698;-0.128143370646074;-0.907244743228309;-0.273566131047455;0.178780469273414;-0.428919339173337;-0.0742629083336283;-0.352710754635563;-0.329766276334133;-0.278682917561947;-0.164233614475085;-0.21611375205132;-0.244077192260101;-0.521574682981028;-0.488942357702427;0.404732590662398;-0.241849393714826;-0.635450111601611;0.0064673087444993;-1.12792217296582;0.141849116764022;-0.731278862834449;-0.271638594394966
8125;-0.509413369742513;-1.1809083807905;0.00350481031765772;-0.662194597468691;-1.00769493811913;-0.535410357873313;-0.309451987944841;-0.355117060595878;-0.121785775428969;-0.891372180936757;-0.270392979974309;0.164847816131277;-0.416905285730676;-0.0705448143720821;-0.344025559936622;-0.319024360844921;-0.266331207546375;-0.155998591793837;-0.223387472304712;-0.239325402927817;-0.49639799003413;-0.470953649955481;0.424176490472721;-0.232638729567362;-0.634850014877946;0.0176012473768152;-1.1138849882315;0.14050266579583;-0.725873166957866;-0.291862993464198
8150;-0.501422427111164;-1.16643321324029;0.0148203052019768;-0.647998273117502;-0.998843754702231;-0.521759511159148;-0.301956111601491;-0.35055355895286;-0.109505307884156;-0.880237945176915;-0.261349186729656;0.158661257903119;-0.402898156157686;-0.0679490555479342;-0.333834551314344;-0.307476863715328;-0.253326093867878;-0.147040520087885;-0.233045913424768;-0.238450839981623;-0.471488167324477;-0.453078355206482;0.438146089645075;-0.219021139259507;-0.635597627048886;0.0267561172430562;-1.0956686414097;0.139450004279116;-0.71916057868005;-0.312157227982843
8175;-0.492704721758817;-1.16216336145123;0.0251903114855611;-0.636765554865369;-0.98448186472254;-0.505941961679623;-0.295191962736309;-0.342347664505141;-0.0977759347100276;-0.870183734663306;-0.259226665308223;0.151500863180519;-0.388330981231698;-0.0620593271502092;-0.326638040844283;-0.292137971226098;-0.240625236199217;-0.137202682119834;-0.24600393775461;-0.248307267940636;-0.44625619200049;-0.436267739110942;0.451888672609301;-0.206410531470473;-0.636860446268381;0.0319028174509894;-1.0814694994948;0.144251873106855;-0.706625398193588;-0.32795296552577
8200;-0.484658820875741;-1.14760266312675;0.0365972735387209;-0.622603526742334;-0.963716689837018;-0.489793454057011;-0.285786504490006;-0.333219814328994;-0.0837812343129723;-0.859474621778594;-0.257311791316229;0.143006811529726;-0.370658231774998;-0.0603022146148286;-0.324501550619122;-0.277658705823511;-0.228233850482191;-0.132459777114672;-0.250015174640476;-0.265229070708043;-0.418336059623841;-0.417234247941454;0.469302336570315;-0.190910582819045;-0.634588850023096;0.0373791519818616;-1.07531123298088;0.168094330254531;-0.69312313198091;-0.346556469865634
8225;-0.47552583440686;-1.13602660436595;0.0475945998162802;-0.612202832551012;-0.94130345495839;-0.481070446904276;-0.27297682537543;-0.324354866385621;-0.0704733269642595;-0.848917499059621;-0.251572360658153;0.137913835928281;-0.352028572360328;-0.0505412896375667;-0.319858607035985;-0.264118337688733;-0.214884429563041;-0.125546104073693;-0.260258269951954;-0.285052782304195;-0.40626145245115;-0.391339715675709;0.484331134058481;-0.180712870763134;-0.626174652856992;0.0441991387890825;-1.0713305525236;0.191317201139862;-0.673493433023214;-0.359610909565063
8250;-0.465745569799071;-1.12580016705023;0.0587681210638705;-0.600046218450416;-0.914151784109289;-0.468662824414516;-0.260776803683717;-0.319222654707592;-0.0538148095680558;-0.838210450106117;-0.247005592937634;0.127447021379849;-0.329954340082824;-0.0448811976104219;-0.317029769482858;-0.24811840535279;-0.201387339455962;-0.118918057763024;-0.268690034549668;-0.31210731066602;-0.39677600391611;-0.375886936803672;0.495884881915864;-0.169849719709569;-0.616530953632666;0.059487553083754;-1.064581150035;0.221171243218041;-0.65277692055668;-0.369155155465509
8275;-0.453697371899971;-1.11186155962197;0.0704210449706818;-0.589537193351213;-0.892413474926873;-0.45361995973546;-0.249988484443016;-0.315866016327749;-0.0355545194705127;-0.828290579574627;-0.244109163981798;0.121107812545601;-0.30594935519246;-0.0405703738186589;-0.316504203625178;-0.235242396066298;-0.189953428439391;-0.115814860661301;-0.276200740395288;-0.346335901276843;-0.378965724228829;-0.342254609176939;0.505206185250002;-0.15677338974109;-0.608993128823507;0.0786357797964599;-1.06880258138702;0.248646785773531;-0.630807965453949;-0.379306373003429
8300;-0.442198606871665;-1.09700716444483;0.0829237808123117;-0.575311047120653;-0.86711517428842;-0.449995689955843;-0.239153481378261;-0.310069535663792;-0.0187134209337363;-0.820230891616645;-0.241588382579984;0.120732258938727;-0.287895505845435;-0.0375896447477406;-0.313493911823691;-0.221271686796126;-0.179129249239119;-0.111319769069471;-0.283834626137515;-0.402168324001627;-0.370397396558967;-0.315436368063537;0.5155238546261;-0.148078546171554;-0.604655568916849;0.0921130320176469;-1.06104348109873;0.28582016200226;-0.610189984470623;-0.383093936640112
8325;-0.431708680591148;-1.0779449452441;0.0931432428636469;-0.563187079626008;-0.843981888918786;-0.446251050097933;-0.229101707740756;-0.303842485340159;0.0035578578084476;-0.814826627170615;-0.233563180181831;0.122176238776166;-0.277176536149834;-0.0302342669932707;-0.310536754331679;-0.206311072675369;-0.167323499706783;-0.110664697820803;-0.289123374008927;-0.460875984872;-0.365676586017011;-0.286764024348048;0.521669756906599;-0.135991284953511;-0.596295321832952;0.102152178984398;-1.05989408598634;0.303002718241397;-0.592312947139323;-0.390613513348951
8350;-0.416511165602885;-1.05333535815229;0.102916299127136;-0.550730858361715;-0.813248445001486;-0.443882798346777;-0.22357789461158;-0.295274638885099;0.0240462763260977;-0.807698266189478;-0.222994923331712;0.123393694243119;-0.264455786921881;-0.0226544214749622;-0.305920984354056;-0.199820033146895;-0.154023161667306;-0.110926074226937;-0.291813367451884;-0.527245487392414;-0.363630565111299;-0.266926002592888;0.529679282239202;-0.122300648020866;-0.587752160805815;0.114925617984319;-1.05826129457128;0.325598682350584;-0.582480988990004;-0.39375918900702
8375;-0.401654508174912;-1.02944773525163;0.109452346507973;-0.54392447469766;-0.780566978067057;-0.443526983739826;-0.214979865722003;-0.284353673098327;0.0422502048984605;-0.802907021585895;-0.214855074685273;0.127716273044206;-0.25421319644667;-0.0139886252698473;-0.29754515677265;-0.18953333551592;-0.143079314491974;-0.110950702939591;-0.299197543659142;-0.596731868849305;-0.365691198181976;-0.247752302075273;0.539936511099118;-0.111090888378195;-0.576260752050953;0.126906064797672;-1.05837072929016;0.34533382233715;-0.577771221144617;-0.400150688498964
8400;-0.388605463003771;-1.00673229302665;0.119420243478488;-0.538453531053199;-0.751071169224323;-0.445776099950633;-0.207214788429482;-0.275147418859483;0.0588419861698716;-0.801191026257751;-0.208127545571184;0.136965742960154;-0.245508634475036;-0.00121879882864602;-0.291140638051381;-0.184211158005059;-0.133532109955156;-0.103951002461893;-0.304604219722369;-0.668432983799475;-0.370159239032336;-0.230551688144187;0.543810991149536;-0.103047562839536;-0.571996430086414;0.138303507922365;-1.06203094683587;0.360802192447927;-0.568207334147124;-0.394172939030389
8425;-0.375398689495201;-0.984951387175867;0.129026726261362;-0.531782911886704;-0.718821173376484;-0.446271797760811;-0.201051622166058;-0.263348846729866;0.0730915555333306;-0.799984488140612;-0.20747599004668;0.144305697746977;-0.236057715786623;0.00837867759753013;-0.285299133566668;-0.177299913928202;-0.123296699800947;-0.0988409587345763;-0.310739524100931;-0.740663941090142;-0.376855126536134;-0.207041685926539;0.55301629095956;-0.0942632489175113;-0.570090894702995;0.152157720163558;-1.06284037512964;0.372346149423096;-0.557858348564211;-0.394849289507753
8450;-0.360145169275165;-0.961676806291327;0.137778755573369;-0.527102921314523;-0.691358532202251;-0.453425848547584;-0.197840345707054;-0.251893092595407;0.0877613740446059;-0.801673542028996;-0.209608913618484;0.156978577673624;-0.230877634379994;0.0152801657024351;-0.280042505831831;-0.173765290976;-0.117001830653656;-0.0959523592279537;-0.312670539115325;-0.811672395710843;-0.391092203554162;-0.184287232320758;0.564431181911543;-0.0874822832672973;-0.566082984111892;0.166017917876984;-1.06958599327115;0.392798313134633;-0.557683178637621;-0.387830219848368
8475;-0.345270350826963;-0.937734922801959;0.145532638835235;-0.522250841378338;-0.662879558419726;-0.459656970830613;-0.194757459149191;-0.238771814312327;0.100589353134624;-0.802269441216729;-0.209679846843756;0.171060851930336;-0.230623872121344;0.0199449746674208;-0.267207901403523;-0.168980618103554;-0.112006269467404;-0.0907827509950244;-0.311519280654923;-0.882686088032506;-0.4060668752022;-0.167017597157519;0.569195851167812;-0.0740835382672903;-0.560676285354116;0.174953757503055;-1.07536937902708;0.400327553244455;-0.557077001398003;-0.377049091025389
8500;-0.333618684363278;-0.910666185067902;0.151415285925263;-0.519951286811542;-0.629196294601771;-0.461439533566561;-0.194308068822329;-0.222743047029986;0.114553321483889;-0.800973670577295;-0.20739637271668;0.183432288972588;-0.232653357125406;0.0264569547383773;-0.256851730627447;-0.168780355637285;-0.110534599385973;-0.0880398830805956;-0.312717283558859;-0.950059603011312;-0.412993420715417;-0.155747718023033;0.577460759327079;-0.0658696461469264;-0.556628351258274;0.181112639987073;-1.07444728999422;0.403429706792909;-0.555049939673257;-0.365511152174674
8525;-0.321998058556351;-0.884796095917944;0.157404894198432;-0.509715681840141;-0.603139156182988;-0.463052674171594;-0.197106262549035;-0.20857395895621;0.124089399856804;-0.801034313471316;-0.205176610674615;0.192131277452472;-0.232975104058091;0.0343375384075473;-0.241070694629301;-0.166567533179358;-0.110332559706447;-0.086581783370158;-0.314249530272078;-1.00753727899349;-0.417721187981833;-0.147937576383706;0.586433930128266;-0.0571074554500069;-0.555039996163367;0.18538691303792;-1.07132195385898;0.40424071012816;-0.545861156729795;-0.35197218744242
8550;-0.312367240491843;-0.862894001367855;0.163341633508488;-0.502485704339063;-0.580685346477169;-0.466030238158003;-0.194719530220265;-0.192320896507191;0.134844009228999;-0.801001863345053;-0.207235843879402;0.199653096755232;-0.235942205897259;0.0415513037315774;-0.230425735508883;-0.165227666985081;-0.108092673116747;-0.0869491116705455;-0.313104701155645;-1.06672386879963;-0.418985915788322;-0.149102935045972;0.590987106478933;-0.0462162500223356;-0.554927002341402;0.18910493110278;-1.06674761803551;0.403954894968485;-0.544804461541997;-0.336735905007003
8575;-0.303823841852184;-0.8417305305671;0.167815613523023;-0.493915388757993;-0.554901226869125;-0.466122332498248;-0.190679943041835;-0.177052143698403;0.147455468384246;-0.799390594465974;-0.203221167306307;0.212335011201712;-0.239818272183562;0.0431937637345388;-0.222089293602012;-0.167546061010726;-0.10198511638436;-0.0904352206799449;-0.309408077376486;-1.11173179061933;-0.424156170626574;-0.156326809031717;0.593312637889883;-0.0342716866823435;-0.544539506736224;0.189641288160875;-1.06061984360606;0.404922614822293;-0.556855368842107;-0.333915254952068
8600;-0.296380900903784;-0.820114506072974;0.173491053536299;-0.486204906445715;-0.534300023601263;-0.463019863496454;-0.185588413174845;-0.161433085540829;0.155009653832651;-0.800253634891511;-0.205788346613288;0.225397482832458;-0.248123518873489;0.0416450621604523;-0.209966922069271;-0.167979687055612;-0.100437064968127;-0.0917232874964641;-0.307085693922965;-1.14937856202495;-0.420904211169441;-0.167012690457414;0.597087739199131;-0.0278225145157577;-0.542188472355072;0.190883509861871;-1.0457946054162;0.396475731795265;-0.564799418152672;-0.312200662053509
8625;-0.289144307164812;-0.801977183562194;0.180028419686994;-0.479584072866701;-0.503586333267388;-0.458436124424346;-0.18206790469274;-0.141968699044519;0.162540467027421;-0.799511867016907;-0.215460960456322;0.237069149224497;-0.253372336601401;0.0390732061463655;-0.198694795419725;-0.169412580317356;-0.099946716618224;-0.0922937438496155;-0.298466154314446;-1.18104904204897;-0.425181689802134;-0.180104662781816;0.603869004944059;-0.0241380534829895;-0.53878142037629;0.190367419135868;-1.03193187556653;0.383612887237521;-0.573860174654184;-0.295464664118587
8650;-0.28389506278522;-0.787855160984932;0.188027289964172;-0.470211032804477;-0.479888872672911;-0.451202620444863;-0.18433819312842;-0.124098050139737;0.168054062686953;-0.797309377553425;-0.2145823180805;0.244262550691078;-0.256287289554783;0.0375782365863456;-0.186859877888315;-0.169360747910484;-0.0953727264626374;-0.0950856833101251;-0.293068051020616;-1.20022002884325;-0.429426256266205;-0.191158674344837;0.610993835808242;-0.0164022005096927;-0.539019793130611;0.188568701169924;-1.02152091521477;0.379244546314797;-0.580377484134981;-0.283110946213703
8675;-0.282033003276498;-0.777068074485071;0.19408283522764;-0.459903988818464;-0.462017942584619;-0.445616679444216;-0.182168622067158;-0.104134058834747;0.176088864162596;-0.793644178334486;-0.217786109736048;0.249644038407259;-0.2587380569756;0.0356180783434526;-0.171082561133186;-0.169380917584463;-0.090127437243432;-0.100292446915884;-0.284218028984404;-1.21206033399175;-0.408270397440538;-0.205375727932315;0.61689408805788;-0.0109438668682929;-0.535389971115061;0.190281326589249;-1.00928134932884;0.389055779256191;-0.587540556983999;-0.277013560144955
8700;-0.279107044867904;-0.76903714250638;0.198882815500832;-0.450783888780508;-0.445745093676207;-0.43851241730143;-0.175328933236331;-0.0815367577521852;0.182345819542721;-0.786420736119518;-0.216630566147293;0.259436674181776;-0.257884946097171;0.0354248586789772;-0.157442890686567;-0.168223267835819;-0.0863310664922543;-0.105039145465945;-0.281386192368009;-1.21730111271385;-0.374950865704611;-0.225395676352788;0.623515368392579;-0.00895168059894944;-0.53088083963869;0.192198099800565;-0.99882610411122;0.400260956770179;-0.589544733844452;-0.275677716978824
8725;-0.277164008866379;-0.759346120345479;0.202059394364051;-0.446274254557105;-0.434809103315422;-0.423894891256397;-0.169781949325036;-0.0639791845450616;0.189354459922031;-0.777444887455669;-0.219330627992466;0.264626123011634;-0.257169789240625;0.0359560450159209;-0.143522972769442;-0.162854749448278;-0.0816969529977736;-0.112715720316937;-0.279785524056448;-1.22078982231455;-0.361361398916003;-0.24560446060401;0.626535905531142;-0.00865847760396852;-0.532532334538096;0.195012122387415;-0.985850599366401;0.39452213584522;-0.584775580215872;-0.27373641594327
8750;-0.273674082619269;-0.752801879360416;0.210823161008325;-0.440980929566861;-0.424282984119846;-0.410330291044206;-0.166571503330971;-0.0478471867627678;0.195667875457569;-0.771302651462843;-0.222387716339394;0.26841420824283;-0.255735028465512;0.0420901714297579;-0.134865547171086;-0.160546961449508;-0.0728708708539246;-0.117700143584835;-0.274190387965971;-1.21900593510899;-0.342994470491257;-0.266274086408723;0.628219701690925;-0.00755572250948164;-0.531268048650429;0.19631591378792;-0.969003606645599;0.405871400521409;-0.580060291513828;-0.271879502940202
8775;-0.269837077804535;-0.746895588721242;0.218919641904862;-0.435573505190622;-0.414968795537089;-0.39746021443581;-0.158676273215357;-0.0325312788066183;0.204221734810653;-0.765359514585925;-0.227588820589726;0.271859853139039;-0.255958908865368;0.0455304541901973;-0.125673499242367;-0.163991898923015;-0.0612524105849582;-0.123198264895242;-0.265033550092412;-1.20772188273534;-0.328508335512021;-0.286919872112244;0.634104125732107;-0.00736967515102291;-0.525089662365023;0.201025218459282;-0.9496056655001;0.416412808033757;-0.568673072067135;-0.268034665891906
8800;-0.267441113244085;-0.737683198949588;0.225593844054317;-0.428576449111038;-0.409337781677889;-0.389029916521745;-0.150628285154137;-0.020439788534837;0.211797502626557;-0.758198001352031;-0.225973631530833;0.27519193882936;-0.257354407267555;0.0487538474384786;-0.119534964767244;-0.163339387508825;-0.0526222529129874;-0.131835578001137;-0.253666647417186;-1.19160145838086;-0.309998647335224;-0.306688845135221;0.643053601888178;-0.00541228653391466;-0.521513938176804;0.200786660426483;-0.932974708664364;0.426654583591923;-0.556519388106607;-0.262126903393327
8825;-0.264983624981977;-0.732410397970584;0.229952147174893;-0.417221069671518;-0.404564732352414;-0.387547426236973;-0.140749588398716;-0.0101143166402391;0.215392190849235;-0.751968607985686;-0.224384466969737;0.276067128783906;-0.258269818735069;0.0530962331861811;-0.116572663006789;-0.162946737690921;-0.0450990680429757;-0.137079987303618;-0.242355211294569;-1.16504323916824;-0.302277008456235;-0.330955140674309;0.649448660184095;-0.00673885404814554;-0.518631882156572;0.200341021201705;-0.912619685311163;0.432044973941504;-0.542389936240086;-0.254134319114972
8850;-0.261355681960904;-0.725818201661463;0.234601457910003;-0.408985169192593;-0.400694409536042;-0.384514619782716;-0.132451676394204;-5.9634889629967e-05;0.218329854803153;-0.746139173270925;-0.223342938483077;0.277693483970994;-0.257339441660352;0.0566381384016022;-0.105047559024733;-0.161306070082584;-0.0353157181644473;-0.139023532836803;-0.235552060127869;-1.13562875317272;-0.294941083356918;-0.340933363158329;0.653875816374501;-0.0088435475706091;-0.515805827418628;0.202727018448159;-0.893498002938008;0.444444940461709;-0.519748148444955;-0.254632415877972
8875;-0.258378368002981;-0.717503107100129;0.24118391542269;-0.402385781878328;-0.387716164594405;-0.373980033871063;-0.121959803658912;0.00944762915888213;0.219609438788101;-0.739297696699312;-0.220133728443603;0.280565935156997;-0.256684661750775;0.0555013740046806;-0.0902500631254473;-0.16057068755718;-0.02707736778236;-0.139849698902634;-0.230012817175442;-1.10267741010266;-0.297815355207875;-0.347602698560393;0.65549512892918;-0.0104425305261425;-0.512523988567266;0.203109965718491;-0.873612082419999;0.452574847050328;-0.493826967029673;-0.253504953896719
8900;-0.257793171051885;-0.714260023732149;0.247367070691939;-0.397366862302311;-0.380491382176349;-0.364099707782164;-0.109585125373221;0.018396385549889;0.217260633890997;-0.730663568175161;-0.207230953523198;0.284363178885835;-0.256291654914647;0.0576615120123792;-0.0805974373775173;-0.158119070697911;-0.0172730060754325;-0.137431025491359;-0.224714769983945;-1.06442851345305;-0.297230441247314;-0.355280789703963;0.654619380670647;-0.011379177683554;-0.513691452316978;0.206658170489836;-0.859292847403137;0.459926993112785;-0.47758158016722;-0.248939681588979
8925;-0.25687701206563;-0.713105264287887;0.2529830515964;-0.389852046611721;-0.373481976460532;-0.356821074705662;-0.0997642066132467;0.0248492988117688;0.213662788273309;-0.725251323954679;-0.199056069193624;0.288082323856312;-0.256763650295992;0.0530115044495765;-0.0712081839908372;-0.157158119281409;-0.00931839854023724;-0.130263044220024;-0.219136145493927;-1.02127907077881;-0.293904411237448;-0.365812202839499;0.652754337708485;-0.015293868866432;-0.50743650690748;0.212559757724642;-0.844866321487654;0.456061266407559;-0.463082672130772;-0.247441535172458
8950;-0.257038010127469;-0.713298432941351;0.258997512413643;-0.379827733353084;-0.370652478507802;-0.346847022009022;-0.0927791527895614;0.033995859090024;0.210130985891683;-0.722750742248639;-0.185906669379337;0.295301533919964;-0.257603891002846;0.046948644747626;-0.057458938227005;-0.157978291966608;-0.00308190707710803;-0.120950180974018;-0.21421836479749;-0.982792562435109;-0.289656257641633;-0.37623120639105;0.650508447557651;-0.0237463597632194;-0.505412973303773;0.211635966010849;-0.831867689178931;0.452712282857361;-0.450277897787923;-0.248589171105545
8975;-0.257331643228763;-0.714083639637713;0.266632800365439;-0.3717540970398;-0.358910994049463;-0.339199660559726;-0.0868295633640288;0.0457636776253639;0.204557414195961;-0.720200359519648;-0.183564656300541;0.30114804515182;-0.261481441845321;0.0464958979243009;-0.0405270043013921;-0.159167936301087;0.00288893776154482;-0.109216451888362;-0.21484857525176;-0.943507935854656;-0.29947084177726;-0.384903932636602;0.653865225576762;-0.0318148454624892;-0.502079280001392;0.212759361434432;-0.824842857351604;0.459882820728173;-0.436783697482669;-0.249126916697006
9000;-0.261499338242405;-0.712365452476807;0.275993717208028;-0.366929842841377;-0.346461842118104;-0.333497934229691;-0.081189925172956;0.0570797491448083;0.196649059833013;-0.718019587992388;-0.182056114441202;0.306835841147955;-0.265762357236545;0.0462511862544753;-0.0268510592686777;-0.158782260127089;0.0100769161211453;-0.0984780074422727;-0.210625702258723;-0.905910061484275;-0.308057647800678;-0.395811501008818;0.654979931131826;-0.0389735962213217;-0.501983686784783;0.212737101789042;-0.818313603144874;0.46250860093698;-0.414912044978562;-0.246875186372567
9025;-0.266061005875986;-0.71682209179423;0.285374247106868;-0.364416001824173;-0.332341285302982;-0.329201305632036;-0.0774557335138411;0.0675608004291473;0.188776339281159;-0.716937403858489;-0.176788210274083;0.316520788850624;-0.268216235780589;0.0433835361976649;-0.0140182333515337;-0.160286093133937;0.0159583835225993;-0.0874881386503158;-0.212347246790407;-0.85792939918397;-0.332315007797563;-0.398938621938421;0.648436061263416;-0.0501679641099201;-0.49643232067903;0.213103179838931;-0.815752278487318;0.466553529499198;-0.399521214612415;-0.238673913194342
9050;-0.270072241509518;-0.723990927297174;0.290703731162319;-0.356685523253003;-0.314824160103152;-0.316444782420995;-0.0770840571536018;0.0772237132809446;0.179805352642619;-0.713826752300502;-0.178873245600488;0.323588750362093;-0.268907316909038;0.0361030066349897;-0.00370414284038389;-0.160575472861176;0.0226875934071206;-0.0766680955787989;-0.213905368661144;-0.81222390799136;-0.348559247312748;-0.405277288128362;0.641240148193094;-0.0576699737545471;-0.491047431051182;0.215771571880099;-0.814600435911317;0.469291999871586;-0.391653595736472;-0.23435574764547
9075;-0.273794957712889;-0.726987619905441;0.296802677714297;-0.351501221195039;-0.299541820317709;-0.299515754342356;-0.0763674482899875;0.0862701960475816;0.171674855268312;-0.708146223250214;-0.177966241707995;0.329409216775909;-0.269138416570258;0.0243834663899416;0.00416143040501371;-0.158918297121794;0.0297959952721265;-0.0644536344505414;-0.213353763888002;-0.768860730913093;-0.351128828901039;-0.413121941287874;0.632974142741662;-0.0632432583843033;-0.490251796193571;0.215668932230505;-0.81945289512512;0.47328472477741;-0.37712820783869;-0.228971257642167
9100;-0.281265544860485;-0.733416906534213;0.303421035841957;-0.343324399466032;-0.283795934818151;-0.29049597070607;-0.0778289939107315;0.0921895016241106;0.165261427850686;-0.705350384944464;-0.176032732112531;0.336352601774773;-0.270806140290698;0.0105345930930763;0.0150364202901248;-0.150969775321797;0.0385281668223025;-0.0501018625362502;-0.216208483428869;-0.737939527166138;-0.366937465357842;-0.421685731574203;0.625978633691047;-0.0662143027959275;-0.490994115484937;0.210998011595198;-0.829977406359727;0.478767627287489;-0.359598751743962;-0.222266527558355
9125;-0.289988885658626;-0.734026158690364;0.308447208167924;-0.338352348022763;-0.265847554538645;-0.280912408501618;-0.0817628338167189;0.0992101789106643;0.162727282763805;-0.704999385859835;-0.169720309613011;0.342959556142035;-0.273324870318758;-0.00382265288413159;0.024821044757978;-0.144592131590928;0.0471683265115241;-0.0413469180370055;-0.213580737123728;-0.702957781847108;-0.381379610854264;-0.41884182632299;0.619052968731437;-0.0668132573318366;-0.487950358374562;0.205606952962481;-0.831706602960203;0.486625484660395;-0.348355005929183;-0.212332463544526
9150;-0.29591447500439;-0.734128693401122;0.313261051072651;-0.331561730602984;-0.240741912619963;-0.273878184875234;-0.0877660592743855;0.108753527904356;0.161074992895188;-0.700467483615215;-0.168072514387972;0.347664466583983;-0.268628771703363;-0.0197394182588728;0.0317100728097204;-0.139489301692108;0.0558794508590501;-0.0324226582729406;-0.216540862734847;-0.665827547187483;-0.396906847211865;-0.421002171257132;0.61257797387538;-0.0672083990764697;-0.484142226602326;0.203531794063495;-0.837288593839498;0.500602105175364;-0.344961911477003;-0.203981100426972
9175;-0.301933966082704;-0.738690443870925;0.313981771042837;-0.324267361025156;-0.212033949801646;-0.2667020857314;-0.0925246212376496;0.116785735615642;0.158282271376819;-0.697277945221805;-0.167212091108125;0.353042548861421;-0.262760581019614;-0.0402688722605568;0.0399261720423203;-0.128223293976338;0.0615564337120022;-0.0204905246149672;-0.219945782867263;-0.634355407380203;-0.405788380597736;-0.420953139576227;0.607448096560113;-0.0659614844424069;-0.481240552498175;0.200075652593276;-0.84696079430991;0.509617556636159;-0.342922778893792;-0.200797401851991
9200;-0.30513016005685;-0.744215114456719;0.32187058770235;-0.314300540133053;-0.183754045399814;-0.256883555470189;-0.0958448329784714;0.122698763426134;0.154222207249279;-0.700391156739645;-0.1674725427658;0.356952528440666;-0.254642030546615;-0.061348163273863;0.0414185458101191;-0.121198916419905;0.0689767742992493;-0.0100775265583445;-0.22099197589929;-0.601597998495179;-0.388985756624803;-0.422843131991383;0.599534631752733;-0.0633854442907912;-0.483004190401598;0.196998062719664;-0.853876072819938;0.514107545285589;-0.334233178714091;-0.187508143093531
9225;-0.307493337463204;-0.748282298516099;0.326944613636568;-0.306107901822331;-0.159629175279798;-0.246435767584585;-0.099370872268058;0.128502950606696;0.14852916199413;-0.705762749212682;-0.173093479999882;0.361201588429515;-0.244638512830188;-0.0834628349119834;0.0471042330378992;-0.109951366995085;0.0770240204501804;-0.0054634180210674;-0.222237085408788;-0.568317712458448;-0.378034513172397;-0.416209049589416;0.59676367953714;-0.0618314071732452;-0.483799367429037;0.196377523238636;-0.862034711239848;0.521130337183271;-0.330280401761868;-0.185038065900572
9250;-0.307679631980251;-0.751629617946546;0.330101492477619;-0.295916357201159;-0.134251162906894;-0.236962063434625;-0.103585077063269;0.133157256979612;0.145063559062954;-0.712210681798985;-0.175763833705065;0.364266063792655;-0.23455426589179;-0.106673886193263;0.0460338999496939;-0.0991583725489221;0.0798417833982392;-0.00217542040629857;-0.223538319420519;-0.537699624524121;-0.364792188398671;-0.409965283225741;0.596999279256794;-0.0622533636043246;-0.478205901857879;0.197607516752611;-0.871759417478792;0.534645071555117;-0.329668051162271;-0.168484401040334
9275;-0.307014672615454;-0.753071094157808;0.328813420774037;-0.287548090983283;-0.10592845030309;-0.229629437752004;-0.107423873223315;0.13531607763296;0.143143642702405;-0.718941422399671;-0.17496923358477;0.367548073397116;-0.226193445865423;-0.126738860415527;0.0451405379991598;-0.0843736416798629;0.0799376122488841;0.00350574686243812;-0.222629988183083;-0.510407424392843;-0.364376019373049;-0.406126164767959;0.594568377269724;-0.0524201186682501;-0.475185574311321;0.199302054643707;-0.88295899073935;0.554634302479592;-0.326834290508578;-0.171929338388488
9300;-0.306591999322153;-0.755242082769759;0.328357718026424;-0.282558243696045;-0.0742117707891059;-0.219230033956461;-0.111852633275964;0.136761370952895;0.146069926270401;-0.726191354898734;-0.177103694687389;0.367963156759203;-0.213389922485661;-0.145339510168229;0.0429357424982664;-0.0806215628114032;0.0734558277216614;0.00600329783547418;-0.222213786376509;-0.482709730312239;-0.370160948059862;-0.407133463514316;0.59705667345735;-0.0440771520888631;-0.471699001299081;0.203811008547792;-0.892578535790431;0.572737095963098;-0.322978325204977;-0.171552878232138
9325;-0.304928655501502;-0.75937646208625;0.327521073442368;-0.276862819991555;-0.0547839064449911;-0.208390018622365;-0.114334613714526;0.135331506698297;0.147962911189451;-0.734220071565;-0.177241689082404;0.367617566942872;-0.19878802650026;-0.16490485609312;0.0402903502353649;-0.0660574915867423;0.0669566494713591;0.00531108763803969;-0.216805247988087;-0.456929686854964;-0.365763187037569;-0.405729371455436;0.602879384553475;-0.0319438532768902;-0.469899018010226;0.206531155324719;-0.898759186615417;0.590073582025691;-0.319337913316543;-0.170914442809995
9350;-0.302213166282634;-0.762076044085585;0.326293727534387;-0.270233003714677;-0.0376016321025249;-0.20158028667257;-0.114132417902459;0.132491338497016;0.150944384895677;-0.745513833135392;-0.176119022813651;0.367264589133791;-0.188873697035576;-0.183264174096107;0.0340964859812605;-0.0590358604920361;0.0590384846775857;0.00327368855647405;-0.205134995128107;-0.432770320372064;-0.359960590832001;-0.404298449128006;0.608444663262849;-0.0181956208207962;-0.462396345181452;0.208715569789297;-0.899013534302442;0.607828261265325;-0.327940705406028;-0.167307796385166
9375;-0.297889865734285;-0.762677415224817;0.326434021438852;-0.263594040364779;-0.0169296700115704;-0.190658030496129;-0.112490558146613;0.128689688609412;0.155367256867947;-0.759868978561431;-0.169922581216353;0.369337792269976;-0.180376277582777;-0.203837325167175;0.0253456569856674;-0.0537298679635377;0.0495733756914567;0.00181644615793966;-0.190141585878996;-0.406005990322846;-0.35415433706972;-0.402653694371829;0.610819098764367;-0.00267956059473482;-0.457075256963871;0.213234694731733;-0.898894719168806;0.626456615716014;-0.343729981201825;-0.162027506283587
9400;-0.292419375416363;-0.761376081237711;0.323556607808808;-0.258630181781856;0.00188047239607374;-0.176580548605704;-0.106059504724044;0.126118517071944;0.157665770844851;-0.776256548001558;-0.17117187390599;0.370024404431528;-0.176429450339385;-0.220342293363825;0.0197219225814402;-0.0441677658762242;0.0357726715305664;0.00740217996539352;-0.178118050234164;-0.384467019825293;-0.360631592489073;-0.404965946921485;0.618282622921102;0.00847717847897647;-0.448800594834694;0.217343684704595;-0.899839087320541;0.638103623695197;-0.355352342797511;-0.143605640825822
9425;-0.288517020041396;-0.76270116201793;0.320810520638876;-0.255614343502959;0.0200659204887477;-0.163367093213748;-0.0962220356266153;0.128658195139104;0.162522931925146;-0.793037284673913;-0.169295415033405;0.370251023820249;-0.171221244353421;-0.238685158928582;0.0145168785802978;-0.0432582755550653;0.0201506085621336;0.0148010010233336;-0.162134422932468;-0.367006187184946;-0.353293090419632;-0.40380602147469;0.62825941295945;0.0243654007140631;-0.44382646427135;0.223586731064728;-0.911926194285545;0.644756731221601;-0.378007391240733;-0.133742270228283
9450;-0.28470065918468;-0.761363375821672;0.316231915176505;-0.248833741040671;0.0301667820304102;-0.149920011869483;-0.087064299406279;0.129354696159475;0.168256272520287;-0.809507687581776;-0.165240672624596;0.369555721804464;-0.166776428561134;-0.253257484711604;0.011712592990091;-0.0385744610457751;0.00724730615295894;0.0191918868197875;-0.149880242700983;-0.349503068686302;-0.353417753046382;-0.409605891500059;0.634592430393771;0.0400469633208472;-0.443202672956483;0.230396784257315;-0.921062084528473;0.654190789784821;-0.401864960534661;-0.119278305708926
9475;-0.280960536627891;-0.760544783902186;0.310690445110737;-0.248139734022957;0.0321376320515685;-0.138725758748311;-0.077169746387283;0.132675739649812;0.177635389900513;-0.823436548035218;-0.164037227591052;0.36996807647516;-0.162485029968787;-0.261699795794691;0.0104658792751078;-0.0330215912834056;-0.00658712689767742;0.0260255566529367;-0.132125970779084;-0.336628382594732;-0.345326103889831;-0.41073897805353;0.644021351163107;0.0520682705544066;-0.444344629565178;0.241420198985557;-0.926401303855377;0.666294460630625;-0.429994093883022;-0.108259042661419
9500;-0.276064780169807;-0.755830277707722;0.309875772670223;-0.249089828148409;0.0327893438203968;-0.128235140026597;-0.0622952629597069;0.139100935742206;0.187156135188042;-0.834727391019648;-0.158651508363761;0.374393866502871;-0.158391866237751;-0.27121301649706;0.00599936673792989;-0.0248340559667716;-0.0265301990829659;0.032866873359822;-0.112970244479623;-0.327989997879224;-0.337462910154724;-0.41435127139506;0.652483807779098;0.0635711362882611;-0.442302916889194;0.250958548846177;-0.932888662406768;0.676799439009506;-0.458467412607152;-0.100360028224717
9525;-0.274072799717522;-0.750982056331128;0.3078049794691;-0.252291215376725;0.031874314452518;-0.115260723167462;-0.0463189987987993;0.145183809568513;0.197360086240174;-0.843281140718012;-0.159094239043537;0.374876021025231;-0.156172863489898;-0.279109911790666;0.00475213161709487;-0.0166464218872578;-0.0451838614453144;0.0353328527907334;-0.0931262503936386;-0.324666558385321;-0.338737494669546;-0.421777005911183;0.66178852411825;0.0770825590534984;-0.442557084039472;0.261087895193381;-0.937878691898749;0.679013477417373;-0.483651687770671;-0.0899937062745806
9550;-0.272878404709783;-0.746605446698602;0.303637945725915;-0.260301970797966;0.0246402357773792;-0.105807356351259;-0.0322526464865554;0.152474006872778;0.20707052082503;-0.851639274314621;-0.161805501420068;0.378014583883467;-0.154874901887238;-0.282443854725494;0.0028873919629655;-0.0109719602529324;-0.0608053450071862;0.0387873188896374;-0.0718191945184282;-0.322600806770672;-0.332096495762005;-0.431551271341507;0.673370127819282;0.0898880279870732;-0.441651681932847;0.272126836179145;-0.944590205705302;0.68759396615055;-0.51396850112975;-0.0808698319602017
9575;-0.271270857868151;-0.738935348726037;0.296397822194908;-0.262956133893637;0.0133669901065932;-0.0979624946811114;-0.014989454810287;0.157874526615178;0.217672062300507;-0.857902237720206;-0.164599943023654;0.381371268462921;-0.155133959799153;-0.288360722657221;0.00451079413531641;-0.00872187088842367;-0.0763112230094865;0.042865526703383;-0.0533068010169334;-0.322563643818386;-0.327707243199568;-0.446181784630274;0.682306505242629;0.101658332143177;-0.43904825912695;0.280782263115327;-0.950881959842581;0.690077264196304;-0.544937678630661;-0.0676775749499948
9600;-0.272585849841831;-0.731585456510776;0.289571620229975;-0.254139395709971;0.00336774445686099;-0.0904864593802775;0.000903699703403937;0.161477067152154;0.230275536992398;-0.86141784937555;-0.17061799318297;0.383664649430706;-0.155782725226294;-0.291438285979971;0.00167823359418939;-0.00408627301047435;-0.0915203909833067;0.0437883132730911;-0.0314233709984691;-0.320977759928142;-0.325777763847001;-0.461646231046276;0.694473506025919;0.114010902310117;-0.441412258836525;0.289651259821486;-0.955891133138999;0.69373240144864;-0.573592146395223;-0.0647672376660083
9625;-0.271818345426508;-0.72523352033454;0.284570122165775;-0.244560641268955;-0.00832345243687222;-0.0843913837395286;0.0181407915734495;0.166787104418599;0.243052311785274;-0.861870694279656;-0.177497819101863;0.387441796104331;-0.155716197611836;-0.293446357529868;-0.00138718733608467;0.00174339960275152;-0.108262806712974;0.0432768198389216;-0.0102302760561598;-0.318708099872776;-0.334259993108207;-0.479496802039461;0.706858567857075;0.127903387428566;-0.443037385369995;0.301071986358137;-0.963982722049906;0.693363015073019;-0.600274318959008;-0.0588437787256513
9650;-0.267261300487782;-0.720028393316488;0.281118145325953;-0.243156047757729;-0.0227267766111292;-0.0747573768867177;0.0357468537954528;0.171938481193862;0.257707181762159;-0.859111422876381;-0.178221398084535;0.396289324246814;-0.154088727280936;-0.292445282583851;-0.00388471771678756;0.00701462340197914;-0.122346088947605;0.0411205623697589;0.00580289205242703;-0.321398379606313;-0.345104861294416;-0.478458729764033;0.715095459795511;0.142855060723282;-0.446489991852315;0.310749418704142;-0.970894468080797;0.689687094314282;-0.619102813818924;-0.0562051763482783
9675;-0.263598751837104;-0.71553572100315;0.277174315104784;-0.243952916426901;-0.0388816961962974;-0.0657267840189422;0.0507992972163917;0.174572450107378;0.271920448224211;-0.854220841040573;-0.182090647704481;0.406471611456525;-0.150587112139287;-0.294368623776572;-0.00590935471888443;0.0138477213194127;-0.13317189855733;0.0413746952343343;0.0224926988341231;-0.321582615353772;-0.354668175031212;-0.485364687359444;0.717944516491107;0.163339895517902;-0.450842268944998;0.32150841770691;-0.979483165818983;0.683769827136896;-0.63651864400965;-0.0531265423269181
9700;-0.262495518081587;-0.711083954078962;0.273548290994314;-0.24753220682429;-0.0524467981186096;-0.0610305163402488;0.0632520878947204;0.175949671612583;0.286758709010249;-0.847941920762985;-0.183866795764433;0.416308830539714;-0.146429000676274;-0.296800416189234;-0.01068388058723;0.0238195249256522;-0.140624428154963;0.0414952238394547;0.0351858983781955;-0.316433005623211;-0.355441965017443;-0.489003244856603;0.719635141946004;0.181947828872651;-0.457182140036794;0.333400386104242;-0.987160725702536;0.677914990045809;-0.653074746674639;-0.0541227720830875
9725;-0.25619576054711;-0.711311558172978;0.273316700606664;-0.2455882630393;-0.0649442479427038;-0.0554187671221896;0.0749122030006053;0.174904459413158;0.300474517197171;-0.841113490272241;-0.191183987595293;0.424995748047857;-0.140996509603919;-0.302023469697982;-0.0134254086532177;0.0313475038307946;-0.146547030870214;0.039755243911566;0.0522068535262562;-0.316138426840303;-0.35474403372789;-0.494544520799511;0.722431529726943;0.195023359185557;-0.462902611446754;0.34644365263188;-0.99339181792962;0.669786074320031;-0.667200642726124;-0.0652398616929302
9750;-0.249688174059136;-0.711415108768648;0.273064884989697;-0.243531239002029;-0.0732316648667672;-0.0477820769209923;0.084210088876228;0.174519775679372;0.307720481734271;-0.835824189055402;-0.190952613856233;0.435924905927857;-0.134503358216372;-0.300972951516676;-0.0147471101010064;0.0354614578562419;-0.153344366216868;0.0382861136101561;0.0703008005003104;-0.313403547157067;-0.336139854244004;-0.499010590732232;0.730485243012237;0.216395442314926;-0.468730074341778;0.355438958114259;-0.997193353873791;0.663537420293588;-0.681197272895969;-0.0657348124556137
9775;-0.242781383758335;-0.711994729911308;0.279266449209738;-0.247916967604036;-0.0750086652950057;-0.0405424486374753;0.0927198254673407;0.178308805319867;0.315251767902781;-0.828621208887434;-0.199500819637777;0.444471570501927;-0.1301084546786;-0.297620767777075;-0.0195364842074151;0.0395535185490553;-0.160122329197697;0.0352326011190049;0.0840512027233102;-0.313804639519755;-0.336207952045333;-0.499054809217908;0.739122410341176;0.21578490755359;-0.472433446981941;0.367199950667352;-1.00659518163825;0.660492116216176;-0.685512791229276;-0.0587077420759304
9800;-0.239011091902045;-0.712333586951913;0.287324935460438;-0.252568890137671;-0.0796344957681021;-0.0283049216545782;0.0983064513703519;0.182919957382967;0.320399218959579;-0.823652433888556;-0.207227907392816;0.455583104097124;-0.1243664128132;-0.288296150160527;-0.0148250467621853;0.0455561071546219;-0.160179905285361;0.0277289859612341;0.0954799226862932;-0.308763083143979;-0.336449630949711;-0.506078674573247;0.746055924152926;0.215717325472711;-0.480624791861093;0.372952674077516;-1.01141729677459;0.646242263986111;-0.687736082920227;-0.0428082741557432
9825;-0.233083513670198;-0.713270074409805;0.293775317852334;-0.256920574747302;-0.077960882759474;-0.0166212552645181;0.101403875277835;0.188652213248195;0.327682840575908;-0.822161826544583;-0.212396682979094;0.468377360074428;-0.117110250899978;-0.278611855203021;-0.0174991003257325;0.0487498465210065;-0.161781371064372;0.0189705386308051;0.107046725616383;-0.307369303848762;-0.336557871366776;-0.504490736689966;0.750967485809492;0.219816269882082;-0.484340129586066;0.378398931954654;-1.01820704072271;0.635461995557938;-0.696452854561982;-0.0338891875278147
9850;-0.224472998220601;-0.711176946231907;0.298406281990314;-0.257957017443389;-0.0741583140398796;-0.00627734558384527;0.104032959051908;0.194097837607386;0.334145478406565;-0.816490108625477;-0.217081232382206;0.475615466276858;-0.108344079880406;-0.267497294365162;-0.0176863893515566;0.0559456212850286;-0.160446730973015;0.00969549632005586;0.11452359485723;-0.308625681796809;-0.312673720959975;-0.502794717157064;0.759595843498129;0.231062297637125;-0.487523681345464;0.387246881081799;-1.02616860584458;0.631311221784453;-0.702627283258291;-0.0332550342095359
9875;-0.217152036855298;-0.708709595292534;0.306042045919113;-0.260566360054284;-0.064572505777019;0.00631467134888788;0.107730508548764;0.196290082770393;0.342069664604233;-0.810039601516765;-0.221399178676993;0.481462850882421;-0.0999577494263812;-0.255401199523186;-0.0174781825516126;0.0606271210929327;-0.156616986852402;0.00184679858654748;0.124005218456735;-0.311190291872167;-0.296116071232192;-0.513336716672956;0.770078582340931;0.241911252031017;-0.486892535184604;0.393152524450265;-1.02926801530572;0.63067010623066;-0.701071918907415;-0.0214539689354643
9900;-0.211756463949322;-0.706256305328707;0.31660712607896;-0.265594870020684;-0.0561996761714671;0.0195807568984045;0.110076448830825;0.19448463347876;0.34906303770006;-0.804518791808916;-0.227210844319252;0.48966256564329;-0.0926952750122796;-0.237496950509166;-0.0136934469669425;0.0681220266278636;-0.151987239669527;-0.00602698368333163;0.1245607260718;-0.312199185969335;-0.284718118456342;-0.513923128535577;0.781653840736992;0.255706798880182;-0.487950457487496;0.394641764954102;-1.0387190718993;0.623926263759523;-0.697200873828515;-0.00870574094732373
9925;-0.205534171866506;-0.702933125264032;0.320484227797636;-0.27271353568949;-0.04496515075706;0.0308479694700822;0.109450225350224;0.196453057320086;0.356593825762446;-0.799445676617518;-0.232275809881765;0.49732453170425;-0.0841049814396584;-0.21763047028789;-0.0117052167489584;0.0754493055410975;-0.149846626028301;-0.0150846539392902;0.124460880651468;-0.31509113771404;-0.280218972977807;-0.510589248519046;0.79180931989457;0.27097193112838;-0.488787836983013;0.397935391253839;-1.0431043526392;0.624631738550382;-0.705609891614577;0.00674325199570287
9950;-0.199973681461659;-0.697909894928543;0.325267318946744;-0.273648982646314;-0.0342456760760749;0.0405689262285455;0.105830432461685;0.201688723614633;0.36117465613626;-0.791292546647113;-0.235647790700439;0.502925626808289;-0.0702826500081111;-0.195364097182015;-0.0103541870075521;0.0780759372649941;-0.141766444018909;-0.0202321026933633;0.121162519661474;-0.32041921383144;-0.271869564026378;-0.508886367213192;0.802386974511433;0.286608490023328;-0.487420272473409;0.401713143559017;-1.048781074135;0.620944531006422;-0.713868987672986;0.0228652957957724
9975;-0.197159770379588;-0.690226520498817;0.325414785727661;-0.270288612883272;-0.0182704790440424;0.0524017213591025;0.10192622794499;0.205426863546126;0.364419319145728;-0.78632826343522;-0.243025654738333;0.50573306435539;-0.0563332327264963;-0.174997814112713;-0.00880978745445038;0.0811902588047152;-0.133289830095393;-0.0222125346950338;0.119447718226759;-0.327204699555245;-0.259901001369198;-0.50686501201407;0.812234295487004;0.303203338478967;-0.492109672286107;0.404368534701695;-1.05261131349643;0.621013548475966;-0.718845938478103;0.0395547075315765
10000;-0.191075354032668;-0.67794238909915;0.334006943202357;-0.266900236503785;-0.00129624182071315;0.0630569554238344;0.100033737746403;0.207454664454498;0.368109738668685;-0.783647654561716;-0.252402305569972;0.509049298155533;-0.0440928483610907;-0.152712205440505;-0.0113504795398658;0.0831664616881506;-0.12388067617081;-0.0271734434688887;0.113346035307927;-0.331462840886837;-0.228559709308737;-0.507713886282451;0.821906730536852;0.313923516068851;-0.496973415637875;0.40366300290591;-1.05407806728341;0.618970869206669;-0.717498485464836;0.0631337566822207
10025;-0.186291697300539;-0.660750314722163;0.339271799157521;-0.261990397129571;0.0182042036143986;0.0726723022096755;0.0959838149492304;0.206376795911089;0.370590817731191;-0.780757777202757;-0.267798910789421;0.509828598807109;-0.0319322232183614;-0.130807734070152;-0.0110176414159024;0.0887747253959933;-0.114598776054861;-0.0315368404409596;0.106412175272817;-0.335033654108014;-0.21602029106871;-0.512014605552307;0.832888150209857;0.320961552872133;-0.501977756842884;0.407423458779996;-1.05611229864546;0.621044328958774;-0.714690535821809;0.0883605880550357
10050;-0.177006553589123;-0.642955398732231;0.342330884340055;-0.253574518938676;0.0446645988572754;0.0825697932532533;0.0900716979979618;0.205817485035039;0.372710880397093;-0.778220886463479;-0.279084883320578;0.509969007689214;-0.0153755243481726;-0.109281822842398;-0.0167307678693591;0.0914904801470863;-0.104361422532539;-0.0305850101050701;0.0994541080663035;-0.34067580446478;-0.182507946807319;-0.512333453296268;0.847289256379203;0.326988723092668;-0.504662941634177;0.4065634930505;-1.05494926372618;0.622221505290967;-0.704528207170025;0.117236964257026
10075;-0.169183138773846;-0.621976353458822;0.344657454893232;-0.248471013584664;0.067840965889626;0.0895443003459648;0.0854636863458238;0.206809082882321;0.376738930373893;-0.775774928875025;-0.288197991210056;0.513232772909366;0.00282750451342206;-0.0870723542671041;-0.0184840093661132;0.0971350001127357;-0.0958735278743883;-0.0284245788459848;0.0966625033146093;-0.345303056949658;-0.174844237188222;-0.513035893480259;0.858754810452231;0.332492168933128;-0.507967908808043;0.409941210439648;-1.05670231970731;0.631819370357489;-0.700203052195947;0.126688440127542
10100;-0.160339303189831;-0.602939994955815;0.342374075138361;-0.243209086681606;0.0913540102467177;0.0952165897218273;0.0790429370307574;0.205604797036753;0.381734166246323;-0.77392145272086;-0.301433744048362;0.513958751795091;0.0229355695942468;-0.0665897926814698;-0.018620803838445;0.0966196540374259;-0.0906384977689681;-0.0287972684120224;0.0903133203856429;-0.34805331485216;-0.17023653520709;-0.518505852581278;0.869263037614233;0.337084208831737;-0.510501611169851;0.41370150254471;-1.05122936519711;0.639359762349391;-0.693219730008548;0.145348725681381
10125;-0.149193711941717;-0.585403909301428;0.336375118092915;-0.230844701742407;0.11395415830002;0.099331446542689;0.0715646492547377;0.200084180343819;0.38417125789748;-0.772801630952275;-0.310183188347387;0.516052295840931;0.0398942981825519;-0.0474105824634523;-0.0223027608238606;0.0992836214734382;-0.0817851925269264;-0.0301610703417286;0.0945589001888546;-0.348641839724916;-0.181041478950762;-0.521941202916624;0.878805074939382;0.338444074975242;-0.520083681609397;0.416992737337027;-1.04225012605793;0.64735349571049;-0.691386119230106;0.169097257864553
10150;-0.141934598379922;-0.566702004318695;0.331217782198774;-0.218487514335693;0.133160219725978;0.0994719638331742;0.0626584314542653;0.193571466410299;0.385824969478353;-0.775973354747222;-0.319211377433142;0.516870504453897;0.0547990826759186;-0.0291446633564889;-0.0313823245722702;0.0957172340218339;-0.0736414291590726;-0.0303508223236434;0.0985945168410346;-0.346371497913089;-0.184938583812493;-0.528689116746247;0.886564162469547;0.337035575003633;-0.524203688183628;0.420404204644324;-1.03190105123738;0.657136106120942;-0.682584375511747;0.192701621342529
10175;-0.136144610242177;-0.547801466647894;0.32990744237566;-0.209430242475411;0.158173802857981;0.0982766511190102;0.0517143015102112;0.183614473640838;0.386753353700263;-0.783718184120083;-0.326343946136002;0.517647615982392;0.0691678959563315;-0.0148026075393556;-0.0415789079637756;0.0955326209676212;-0.0694216774075183;-0.0290769098364186;0.0999323037336909;-0.344990925542022;-0.202400922454121;-0.528067712457516;0.887931462487772;0.335508469033659;-0.532289042913453;0.422063790924005;-1.02656937258;0.667296246405395;-0.669131152364192;0.217234179737579
10200;-0.131817280775871;-0.533377520010807;0.333796437080592;-0.198599646963429;0.180178585915275;0.0949819434911442;0.0423241923066311;0.175353610788234;0.387372028225128;-0.795244709736755;-0.337432628844724;0.514534134756286;0.0758904546020398;-0.00258856650134072;-0.0581526686440785;0.0901132235727799;-0.0649690198231663;-0.0279014029391106;0.099896802555412;-0.346879522550099;-0.232387926310232;-0.539478035229276;0.883943622156496;0.333424944425224;-0.536227432225307;0.416499544106254;-1.0280588416565;0.670144188585274;-0.663518011565722;0.241314943074656
10225;-0.125023518128684;-0.517311658521809;0.349754371433248;-0.186407717150004;0.204309774426523;0.0920738413022925;0.0345230951096786;0.165033124888109;0.392556840350882;-0.805134844211213;-0.346286469713035;0.511375115597647;0.0840411050594758;0.0102857461749016;-0.0750722946826112;0.0767889207652951;-0.0630091501727051;-0.0256082734802058;0.10066128429058;-0.343222644742012;-0.250130344459103;-0.547857168888493;0.873093417441761;0.334942563895993;-0.552160615019628;0.412565033233231;-1.03479176668139;0.675376997877747;-0.660250710076929;0.261620157128778
10250;-0.110355060653092;-0.49520632577623;0.364571264253453;-0.17315911202222;0.231899934802824;0.0954019680199571;0.0287343248076894;0.15323930554819;0.404215271466989;-0.815098038035902;-0.352416132171989;0.516248243670361;0.0967106683489476;0.0262091841929784;-0.0943358287312117;0.0739799288332227;-0.0584670201641902;-0.0228678011993511;0.101792637225832;-0.334358468605728;-0.282308861122953;-0.563817330695809;0.859359716978996;0.338359500950037;-0.563451236934136;0.41271642178251;-1.03087070547641;0.689083658798612;-0.641276112576953;0.285243722241979
