;1;2;3;4;5;6;7;8;9;10;11;12;13;14;15;16;17;18;19;20;21;22;23;24;25;26;27;28;29;30
-500;-0.0282400988498845;-0.0402013246482892;0.102589160453853;0.0442672270439037;-0.0543058575045445;-0.00953008005046572;-0.00848783152399446;0.00586006434613076;0.162623145546502;-0.000268358553192893;0.0436509897493853;-0.0241222527180613;-0.119549702736392;0.227884118346821;-0.0380334321693901;0.0815961528322476;0.146617631663041;-0.0579243682056893;0.226284257249631;0.093469155090939;0.0592038952800253;-0.0682947705089057;-0.0263168666847506;0.239832820467311;0.216184805430489;-0.12457906414775;-0.0236459235099924;0.11438657675654;0.0511901573217631;0.0514135875912112
-475;-0.0266492074676842;-0.0330575682698261;0.0823233838424436;0.0370909290917836;-0.0609872386139885;-0.00577784127307188;-0.00709549389052477;0.0058257285973994;0.122219714619867;0.00277272674088875;0.0241222016541605;-0.0270593302622548;-0.112586325653028;0.20164101292147;-0.0312165922366084;0.0592070156173002;0.133700074833816;-0.0548993049071184;0.192441610157353;0.0744465506912793;0.0617501251022582;-0.06102027454467;-0.0227929701376044;0.201826062745723;0.189847731598622;-0.109106564788739;-0.00979702566924368;0.105438658721628;0.0376752381055206;0.0557858445760989
-450;-0.0254499288705125;-0.0271673593470529;0.061360721439557;0.0319600488413445;-0.0645597415879542;-0.00430901008420568;-0.00331644392657737;0.00326949605775653;0.0865145226575586;0.00694421137277397;0.00671900852511724;-0.0314022599620007;-0.10414670133268;0.177390128487991;-0.0265023949349215;0.0391585061193372;0.119572974553617;-0.0505679912432186;0.162319581537294;0.055160037229709;0.0652456637933242;-0.0525017659371499;-0.0201927116870455;0.171861805068219;0.161315535978289;-0.0960944041012308;0.00199418656717643;0.0982619741923844;0.0222925786015227;0.0594114852342072
-425;-0.0238002610695535;-0.0197250078945705;0.0399708221480516;0.0289019425432087;-0.0634162804598284;0.0036577713548426;0.00435646822573399;0.0005405814214269;0.0531634330171154;0.0122568559463516;-0.00864788043128479;-0.0377106225302586;-0.0943403775008318;0.151900596626671;-0.0219606262119282;0.0212714200147649;0.102731419379696;-0.0460000022571089;0.131489266878684;0.0373072100487457;0.0672433118752974;-0.0424227505029775;-0.0177028784418343;0.14498209516881;0.129398510366105;-0.0802190634176656;0.00963617796236504;0.0902752416032672;0.00863746691518346;0.0596808362250483
-400;-0.0228761012993987;-0.0135412227240853;0.0189098813621656;0.0290422156838486;-0.0576731540808928;0.00109100913451767;0.0109604695004994;-0.00294593146839404;0.0223324676016843;0.0140752978561165;-0.0212144164544774;-0.043950964405957;-0.0834283887284068;0.126362018599906;-0.0160950521123949;0.00385946083985731;0.0854315523854407;-0.0390206839171036;0.0994769910305988;0.0210601234623002;0.0651661707699417;-0.030947228783018;-0.0126407939629689;0.12635339819239;0.0950575262421534;-0.0602599316429641;0.0144483485901545;0.0815470691676995;-0.00240858327811084;0.0568907002883845
-375;-0.0224320157681118;-0.00841918883254769;-0.000135325864310976;0.0291776504897867;-0.0496574398322962;-0.000836202366215044;0.0180021249682347;-0.010067466012743;-0.00293162784625851;0.0142148135752104;-0.0314574705660895;-0.0478751204793624;-0.0702929857549734;0.0909706309144006;-0.0129354853921152;-0.00935486983766767;0.0673487670363237;-0.0306109871122406;0.0718274390430531;0.00493198062958911;0.0635581330337737;-0.0214271448575219;-0.00766330302204876;0.122270029179289;0.0584546403584952;-0.0378796916200203;0.0171079277025263;0.0729969358363539;-0.01241520043607;0.0522251142371235
-350;-0.0212066097075411;-0.00481073780349997;-0.0173939934773811;0.0300926140946083;-0.0432956214727365;-0.000989283177819633;0.0283780476937332;-0.0142947068832711;-0.024959547720283;0.0121615721886649;-0.038143968071665;-0.050079046342089;-0.0551754436260796;0.0561771417490874;-0.0113079804965622;-0.0194610154001928;0.04566516244263;-0.0211186770642179;0.0448298888078671;-0.00754850375897043;0.0596812445769785;-0.0109814722574558;-0.00303769336081361;0.136542040784326;0.0260676889551722;-0.0160551152956884;0.0158390926171161;0.0655394595787965;-0.0217404179692042;0.0455726371494103
-325;-0.0184316216990398;-0.000560568407382522;-0.0319404300408058;0.0267454475938167;-0.0349219448806939;-0.000837388634215319;0.0226322328448656;-0.0189751518565396;-0.0433535383982552;0.00945198393654119;-0.0402282596771594;-0.0518722495018866;-0.0383374897338399;0.0254888565255337;-0.00728211285584432;-0.0243909135299417;0.022014725131219;-0.00722561572167142;0.0207779076268115;-0.0168616680927753;0.0534214418038087;-0.00233119478633386;0.001161237421202;0.14592232720558;0.00544712816539481;0.00472587887584535;0.0150480242713129;0.0567626953715602;-0.0269419487747126;0.0379876113850635
-300;-0.0155665544922886;0.00166276186117829;-0.0420091441979374;0.025373742396273;-0.0268885750310788;-0.00065848034592717;0.019914633026701;-0.0239627885535226;-0.0568083404333792;0.00555367416334436;-0.0428321609715325;-0.0511223457567032;-0.0239572936882894;-0.00250290779321778;-0.00164615610512762;-0.0281250701304535;-9.90829251504621e-05;0.00199927096576729;-0.00128717337244066;-0.0226383599573952;0.0415079556997408;0.00463254519649565;0.00393282611134493;0.122993965813973;-0.0165133235251142;0.0186359675532895;0.0141867300104728;0.0427582753357142;-0.0295034075086142;0.0261012221342536
-275;-0.0130085765051907;0.00372756781662895;-0.047588724105336;0.0209185278427504;-0.0159022949477801;-0.00107479098555539;0.0172015099316309;-0.0239897547132713;-0.0656155456296436;0.00200876638139453;-0.0347410599035507;-0.0451277335261318;-0.00899710396666493;-0.0285224163577325;0.00202871730225986;-0.0297073079145943;-0.0233687568009731;0.0100921258769753;-0.0167502306458396;-0.0251086102963969;0.0269852488851655;0.0122156378655959;0.00820587129468864;0.0676426013997906;-0.0365112984685948;0.0360947607009077;0.0133236033525275;0.0294971530656047;-0.0296101868930545;0.0176817117059354
-250;-0.00683558192242852;0.00621427208555589;-0.0505759737874941;0.0238595291132238;-0.0053454610624688;-0.000647860803115829;0.0141413792892704;-0.017276534106062;-0.0670188179812079;-0.00360807680204127;-0.0176187614622722;-0.036835728950535;0.00747079427738355;-0.0527584622823212;0.00754732660210191;-0.0267808565681759;-0.0432387320860311;0.0176875255273941;-0.0351257888936189;-0.0309145104833144;0.0112171765775146;0.0168135212540814;0.0116754293213899;0.0204965556236258;-0.0528369286493896;0.0468013044625575;0.00898027941906387;0.0157464557910724;-0.0288600621771448;0.00733407458893947
-225;0.00211504000896809;0.00771056035718685;-0.049787961451529;0.0196879402495944;0.00530522468847439;-0.00127211933770086;0.00972388655028111;-0.0164643720144403;-0.0635760727452126;-0.00849907815790845;-0.00175630131463551;-0.0245538883142342;0.0241091756162351;-0.0701792995070397;0.0105333380677543;-0.0246519932579411;-0.053449212225107;0.0263313032338544;-0.0498479467026594;-0.0250528296503063;-0.00308862554187792;0.0220598336026938;0.0146414540283311;-0.0226804260704237;-0.0641803000910636;0.0539641205620381;0.00591805594693873;-0.00199759009091069;-0.0281815265548217;-0.00698157783585636
-200;0.014736888434777;0.00791909655870535;-0.045824365806015;0.00611448154840977;0.0174328829399282;-0.00170730771391456;0.00279110006757732;-0.0117769887170743;-0.0572190049048069;-0.0119259765903428;0.0109932895724934;-0.00768165090184025;0.0389688868092378;-0.0849517295426022;0.00725907918767579;-0.0206080246620156;-0.0617248873114088;0.0428490144954928;-0.0632241136481808;-0.0188864858097242;-0.0191529500578681;0.0241231587733696;0.0147410916552588;-0.0639072156180376;-0.0730960575245964;0.0577800985619071;0.00223600596744133;-0.0201519746162369;-0.0222614318062077;-0.0190766276042515
-175;0.0262345506367657;0.00945142112481632;-0.0379163392373588;-0.00547732890102415;0.0323562506760173;-0.00156503882729817;-0.00420445511259904;-0.00729623976750879;-0.0479374264998691;-0.0135320983413288;0.020201324661435;0.0126416202870687;0.0533328715999795;-0.0978889194457149;0.00660034667770439;-0.0142453993943103;-0.0630004123535071;0.0402788355183428;-0.0770390387720756;-0.0162880813012451;-0.0359706981222817;0.0271326617773783;0.013734824920467;-0.101326047228901;-0.0826832492644451;0.0603062495165759;-0.00391732244475329;-0.037381852409757;-0.0174377908934058;-0.0300279967273831
-150;0.029007575129946;0.0119614073978057;-0.0281307759389363;-0.0195342702939993;0.0483499037065642;-0.0023692857541092;-0.0151873723239195;-0.00346787295931037;-0.0359213438023899;-0.0150765111247034;0.0231333279782551;0.0311937949230736;0.0695907422965916;-0.108330847338459;0.010217826376492;-0.00862353707735677;-0.0575653998287425;0.0347609053866341;-0.0880395568877292;-0.0134000719488707;-0.0535961635633876;0.0310399827767715;0.014737837067623;-0.138794722748226;-0.0909193497102622;0.0581321885323199;-0.00629797522858788;-0.0594530176587177;-0.00725670207206592;-0.0421877814260203
-125;0.0273869236785066;0.0154949627032198;-0.0177051748232838;-0.0343710302037139;0.0561212499238501;-0.000309125997172455;-0.0214221639122194;0.00467020282696442;-0.0244875606458474;-0.0132118385177356;0.0204569006418567;0.0497834914653379;0.0825272345547546;-0.114701836354112;0.0153986060438193;-0.00589289073757184;-0.0787325763373495;0.0317817188807666;-0.0996734516764646;-0.0110511233401898;-0.0678456216488819;0.0344461733464223;0.0128708164195017;-0.175515904626836;-0.0971967458634541;0.0555073845487016;-0.0107036434827859;-0.080389665253728;0.00482112400979799;-0.0537217815920911
-100;0.0280686872105985;0.0181448006986279;-0.00371890556832633;-0.053046189925404;0.0703718592267895;0.00132558675858876;-0.0249654334872187;0.0149413213837567;-0.0121936691464508;-0.00968192883755785;0.0231624934743071;0.0688583011154891;0.0930776503944953;-0.117743976247733;0.0196012430693452;-0.00452726717500598;-0.0729246453080018;0.0278638760876633;-0.110250871119994;-0.0116269636920183;-0.0844524193314672;0.0335360926112995;0.00919080990555576;-0.210453634830187;-0.0995691751782523;0.0534735290997339;-0.0114792359717166;-0.106345189010584;0.0148453481585078;-0.0674626899537236
-75;0.0293316545713905;0.0203515527489922;0.0116829180328234;-0.0656846397071242;0.0747822944259275;0.00491654814787514;-0.0241959185489435;0.0256756550823741;0.00273701366217631;-0.006138601208223;0.0251070939708103;0.0873541797182127;0.103874976730554;-0.11973555647644;0.0252848354413219;0.000287376019737362;-0.0627430131469714;0.0266678008938644;-0.123741952596166;-0.0172177388636481;-0.0974417239230815;0.0305922571160885;0.00539296426992442;-0.241583632923648;-0.0956463746848348;0.0455540589348134;-0.0139734998909875;-0.131407569176711;0.0229628258064055;-0.0751166787828749
-50;0.0315135510946037;0.0213211382531205;0.0218242629072528;-0.0802267750770356;0.0822311625517043;0.00738592328626533;-0.0214290422758501;0.0359012372494675;0.0188074193564101;-0.00185547448446703;0.0226085839525124;0.105212724135965;0.112718252440188;-0.127963118344512;0.0304310452697537;0.0039303909314353;-0.101367676982276;0.0246928422556665;-0.136813412777934;-0.0262478972054341;-0.10460088017107;0.0279830529374345;0.00151456387828341;-0.265681998399566;-0.0896415608238367;0.0232837501308268;-0.0159817044712762;-0.156361870330168;0.0284468425038312;-0.0839670483117072
-25;0.0361016868860778;0.0235234363214164;0.0340659641125679;-0.0948920624242509;0.0900027813350071;0.0135069766686974;-0.0177976970966809;0.0538335200868611;0.0336247792922902;0.00435804045621486;0.0164850646723338;0.124349082006168;0.125141228001767;-0.132535434481997;0.0320774684766642;0.00705882331054761;-0.104867912120265;0.0223624113059473;-0.14765340523819;-0.0435322127522735;-0.108831285037913;0.0253516849204016;-0.00145250899650451;-0.280780119203213;-0.0829792033108766;0.00993454353454197;-0.0229221017377521;-0.179721766873807;0.03574567694088;-0.091542642881768
0;0.0416488948906123;0.0264937981590779;0.0474070342597422;-0.111685663838788;0.100158344671023;0.0188654873126771;-0.0118095478987865;0.076782998872987;0.0515381730669245;0.0129867454010816;0.00568072527237744;0.1406801494346;0.139178290697769;-0.135595263342742;0.0304034061257953;0.0131205995359781;-0.124592901044262;0.0231743396640459;-0.154803759470697;-0.0565805146850824;-0.115603377415289;0.0238281114418865;-0.00564262735216525;-0.290048071918488;-0.07522036200852;-0.00409248463524943;-0.0312053413167785;-0.204067177024559;0.0415040851749356;-0.106087900372302
25;0.0533167939586653;0.0285278306856452;0.0553852460381757;-0.126426242971431;0.109951161720556;0.024967207924031;-0.00965518175191726;0.0827177401822871;0.0681727586318657;0.0209500348700781;-0.00939108984836041;0.151804512676893;0.152426588187952;-0.138448835515358;0.0199335518010523;0.0207960899584504;-0.140008602293714;0.0234350117990601;-0.162742052791774;-0.0769985965829809;-0.118702800812328;0.0155149698885244;-0.0105057176701719;-0.291189938367435;-0.0669720903622279;-0.0145264974692171;-0.0375191776133461;-0.228810910846925;0.0419271973596296;-0.118801538200895
50;0.050552990106755;0.0320741127187932;0.0630258846084265;-0.142143677653704;0.120073995497689;0.0292311156698259;-0.00412887678499296;0.0960615765099679;0.0782926840013316;0.0253918472115788;-0.0272887771550605;0.159119866381058;0.162849988577378;-0.14252200506241;0.00439927730024294;0.0242658812424486;-0.153055561592729;0.0205904605946557;-0.16843311456304;-0.101282971378314;-0.122600013647104;0.00844600648015943;-0.0157347888348647;-0.288897088070779;-0.0589501871068096;-0.0321511687256201;-0.0489186305084568;-0.255831352553685;0.0372622562136738;-0.134972456808692
75;0.0368369705969617;0.0336032310904138;0.0700172195081329;-0.159561624103551;0.126745662864519;0.0367558251186785;-0.000299840731837309;0.113323115015005;0.0841153030789655;0.0261178133429467;-0.0468458250612549;0.162112303367027;0.170613431090525;-0.145414400188572;-0.0182020834020019;0.0243536941510821;-0.165606128059865;0.016626297971516;-0.18190944983587;-0.132702041619618;-0.127649543408147;-0.00181684487784777;-0.0263860788727466;-0.278588855563756;-0.0510613745547685;-0.0418249665688554;-0.0657814067379834;-0.288506780202517;0.0261664809996403;-0.153816868973703
100;0.0306690128276076;0.0340303160192051;0.0787304121958069;-0.175114489789725;0.129806006984353;0.0479327082742306;0.00488702856483125;0.131737204297191;0.0915824119805662;0.0272381662444878;-0.0645852094290322;0.166282982447862;0.175981759387148;-0.145291406118416;-0.0511048801081261;0.0244951047637515;-0.176622818456447;0.0133998492626044;-0.195124314557566;-0.165719024821139;-0.131894660727978;-0.00907415911138836;-0.0364108023408849;-0.264174990294903;-0.0440073363647377;-0.0463390472171012;-0.0843955155144542;-0.319763531355079;0.012327559995174;-0.173207595435684
125;0.0316721123086531;0.0378431613695006;0.0891049820891204;-0.187634836929808;0.135005660149309;0.0669290595127955;0.0127865568841166;0.152511168123467;0.104706085612661;0.0366169314013136;-0.0752792456850055;0.174923230443098;0.184983618400546;-0.13493881989286;-0.0925093070764721;0.025518941753922;-0.185036662314647;0.00903490781916232;-0.205843768942686;-0.197089234125622;-0.132656172691156;-0.0114897311062674;-0.0408356575687532;-0.240635395007307;-0.0329522296436703;-0.0413671518643836;-0.0999515685403696;-0.35039675989053;0.0039503361130298;-0.190091438289692
150;0.0368279805321793;0.043182454178779;0.10108047092223;-0.198552062344375;0.143019655390062;0.0926140866104825;0.0299949406282953;0.172297781823088;0.121796674201409;0.0497999890794591;-0.0798345148362365;0.191000190615159;0.201482405111041;-0.118759686992833;-0.14269663317393;0.034352719123084;-0.18002314065812;0.00842348213334936;-0.207623587144485;-0.228133686417122;-0.126061215874999;-0.00320108385382349;-0.0374804177741122;-0.213143442638653;-0.0169818873155753;-0.0242533531072288;-0.10791585219892;-0.379201518945397;-0.00454096499644558;-0.202162571895301
175;0.0472160076521742;0.0556568887037977;0.115369692417524;-0.206104043904852;0.158862886246098;0.122763076664954;0.0531891626186691;0.193654208237443;0.145627395531513;0.0678100383555075;-0.0797544308620954;0.213129226740477;0.226579995611821;-0.0941186884163119;-0.200831676073811;0.0509322673971663;-0.164320707539532;0.00643690156867609;-0.204285602466682;-0.25755589591324;-0.118359842512923;0.011552453153264;-0.0279929486434942;-0.170062113276583;0.00515843025600646;-0.00783138205455209;-0.111111066143345;-0.407960678538415;-0.00702031430468759;-0.209438452238335
200;0.0636880249329744;0.0768379399230793;0.131641317187376;-0.199937796267903;0.181383861795697;0.157760413169202;0.0783196122432128;0.209510139322592;0.17340553005278;0.0905574013035266;-0.0753666491618954;0.24302341915805;0.255730902356073;-0.0629512993306683;-0.265868018987195;0.0728410143419752;-0.14324269817134;0.000182766602285822;-0.18910871828642;-0.282629449381746;-0.106606328921107;0.0256725888182083;-0.011120068454709;-0.11919003284016;0.0361054588229031;0.0157999498668778;-0.104578229652444;-0.430823564912592;-0.00523015111108434;-0.215300666466964
225;0.0830369079105836;0.0957265737857887;0.145660033639573;-0.186875908210623;0.208599083721538;0.19531830947148;0.10466188101587;0.215886822981988;0.20045991084097;0.11304186420718;-0.067579624239414;0.275189353991872;0.286860910797491;-0.0292847622949153;-0.33472114637654;0.0971838016363274;-0.112522418064924;-0.0127949525613408;-0.170037773099358;-0.313170191184953;-0.0910747197282316;0.0435201191389429;0.00930735418651407;-0.0664573687559891;0.0705681440005684;0.0186328428338037;-0.0912960885736143;-0.45012368354248;-0.00304319663974946;-0.215781963415839
250;0.102538374818329;0.115630786485805;0.155147291731803;-0.173799184246627;0.238359121509106;0.229570300227292;0.128688748316325;0.209596678938338;0.223375666967454;0.128205585203387;-0.0592268955643529;0.296045011950118;0.32147135134119;0.00423074148923279;-0.41091117679015;0.117452268382417;-0.0831606075799224;-0.0375807208749354;-0.149532984659546;-0.342811302725634;-0.0782879453587474;0.0566172632577612;0.0298825331723918;-0.0117073344865073;0.105911887700555;0.0390284112097612;-0.0760831085813438;-0.478094724445168;0.00998678197595764;-0.214626339058466
275;0.118710714926336;0.131456021291202;0.15954696943168;-0.163547475700004;0.265384658375344;0.253931116203542;0.142334014874993;0.185338658105224;0.233875870966812;0.130589201163705;-0.0564008070956629;0.307793064209818;0.353453747265647;0.0364292157393592;-0.489730676982925;0.140076609355798;-0.0578615993146002;-0.0668745238161778;-0.13293573256924;-0.374630804950381;-0.0720154372676244;0.0603581365509986;0.0461190606668214;0.0396774168597664;0.138260799444171;0.0584092416527609;-0.0637047996618822;-0.501099625006934;0.0186890197884407;-0.217381239480735
300;0.124618083267564;0.140473867819924;0.157197458090102;-0.160880669958748;0.286238443823851;0.266332792295348;0.144914546708792;0.144424500916258;0.23400051150778;0.121420227000157;-0.0667148892327655;0.307525805050693;0.37658414528342;0.0598649677088309;-0.566697304755599;0.151772541926821;-0.0385954212940588;-0.115387420789982;-0.128168382632818;-0.41699023258677;-0.0768632379955632;0.0492807564124626;0.0525356619316786;0.0796920352178105;0.160281914924029;0.0736231534715184;-0.0586442839883976;-0.529917234854157;0.0148689463731089;-0.227029068227615
325;0.118936936887391;0.139865987511005;0.144733014620042;-0.168330649655869;0.295336157558681;0.26248861973925;0.130298473174241;0.0756906235238665;0.220720801234189;0.0952922976704655;-0.0878758317939201;0.290820424761385;0.386087527837675;0.0731411548096052;-0.642726640863282;0.151177588524539;-0.0355921979207242;-0.177663688676006;-0.136166221674238;-0.461352763972226;-0.096142177521065;0.0196631024086915;0.0462754051878087;0.103266391675094;0.172419719641358;0.0740315609188993;-0.0668787844701255;-0.56102500882419;0.0023299947535576;-0.243656142272741
350;0.100553097104041;0.125309780560977;0.121675115770733;-0.191506359929814;0.28895940599875;0.240202707476873;0.0990514949294343;-0.00809168796523227;0.189494949372359;0.0525838438533294;-0.123811253073287;0.251845987070688;0.376408209448179;0.0728006482311713;-0.717896061553914;0.130594645238776;-0.0497708100626243;-0.261704487738685;-0.161162097676027;-0.513775747419292;-0.131889425329951;-0.0293256648850025;0.0228066926240804;0.103700453532451;0.169929750100207;0.0561337084839682;-0.0892468822961041;-0.601249481169546;-0.0239852886735663;-0.275322191897092
375;0.0655530730765964;0.0962540194346345;0.0864468516780076;-0.230788198186682;0.265771584960853;0.199349176563109;0.0502151323549966;-0.120146140622383;0.135734362945777;-0.01359743522165;-0.178894537046837;0.1901938279607;0.344207576150212;0.0510627912178249;-0.790615872667895;0.0899055315307021;-0.0825816917749217;-0.363074627099433;-0.203983693250077;-0.578392909900404;-0.190673009203954;-0.0987258961382518;-0.021185054141228;0.0769831139454613;0.144427080132467;0.0245931878078556;-0.130102426931999;-0.652923585983015;-0.0679254611991149;-0.315229222682378
400;0.0118780711872658;0.0487637886348812;0.0393551288055444;-0.288572988895413;0.221282696450537;0.126098929092556;-0.0202593825055832;-0.255793000264461;0.0640961141231904;-0.106026527226301;-0.255461467904859;0.106373028838865;0.287180353438552;0.0116500620155543;-0.861532739576386;0.0273564391016042;-0.136744453070432;-0.481493534551711;-0.269068362344976;-0.662871678902594;-0.269453730427436;-0.18458194537986;-0.090066774334804;0.0215312411628936;0.0963819527091195;-0.0245705617372247;-0.193240612814659;-0.715646788552348;-0.128384076471672;-0.37259012334398
425;-0.0606784556253203;-0.0176583838553882;-0.019104739619333;-0.369470495269753;0.154633219757597;0.0331579370493075;-0.108606684298283;-0.422100706836261;-0.0298542696614319;-0.215331647190818;-0.353551463579911;-0.0034264838856175;0.204159523751474;-0.0476538672355714;-0.935199520739869;-0.0580125343484194;-0.216251472112907;-0.616702859775744;-0.358035171599168;-0.753807168499516;-0.360932736638745;-0.297313212545253;-0.179250421341788;-0.0589884911693553;0.0272357862563569;-0.0936870742256579;-0.279971022970512;-0.790246821251225;-0.206968273807411;-0.44253356822443
450;-0.153549970434267;-0.103397779290175;-0.0909952803306121;-0.470658088964293;0.0614683813546839;-0.0821947069131871;-0.221941024594046;-0.602926546657507;-0.142379851834954;-0.346738549833119;-0.471590324197755;-0.137836691097629;0.100516054809676;-0.121026370896243;-1.00883457513259;-0.166853108431653;-0.32003137556688;-0.764832204775631;-0.473302086307081;-0.851381896472788;-0.480425575247999;-0.422230799916434;-0.289863320503614;-0.165940339951401;-0.0608975394054082;-0.18578443044294;-0.390128435263381;-0.875708871350445;-0.306800275244398;-0.530646856088073
475;-0.264354079575247;-0.206809561434262;-0.176106881794572;-0.594528145329153;-0.0537797910157303;-0.21790706431695;-0.35592933503285;-0.798972930762243;-0.271642826531931;-0.498436885104037;-0.607053537883646;-0.295412387457105;-0.00995607404307948;-0.210097558924968;-1.08588777251769;-0.288777433360662;-0.447934474450679;-0.924015089263975;-0.612281980176519;-0.960043167164875;-0.617908413397672;-0.569166472512882;-0.426181851452313;-0.297473704631535;-0.169507633369174;-0.300386576830016;-0.518806512366109;-0.973779555313183;-0.427651115876623;-0.636512116361456
500;-0.391401651297583;-0.329905694755605;-0.270108722251647;-0.737146027348354;-0.190847371938686;-0.372568174208387;-0.503252686805679;-1.00349132002633;-0.4162552395492;-0.661961295439688;-0.758830032828285;-0.473760042080478;-0.138239491590636;-0.316836107605083;-1.17037808019662;-0.430978677571603;-0.593993717466049;-1.09102147886397;-0.767310415332245;-1.08063573425557;-0.773235999426549;-0.735683476276842;-0.583059711679593;-0.453289408646687;-0.297166489146709;-0.43138774240646;-0.666678698365424;-1.08282616971595;-0.562398498643371;-0.75852864204976
525;-0.531180513729963;-0.470058235578981;-0.370667640263646;-0.902948438219442;-0.345988401775817;-0.54397814990533;-0.662291509211167;-1.21431195058024;-0.571242774546478;-0.840573256196778;-0.913708559325135;-0.669924994605991;-0.285108946570712;-0.436277968999427;-1.26332820695202;-0.585979601295694;-0.763011866106612;-1.25872155830763;-0.938484617690679;-1.21063630578323;-0.943152262189756;-0.916466481366015;-0.754147118259179;-0.629104882382133;-0.440751378858714;-0.572596118046283;-0.831892139689545;-1.19902377139435;-0.709163325373969;-0.891944548980359
550;-0.677986216023454;-0.615967043492509;-0.479152203817621;-1.08029093534485;-0.517028797927972;-0.726163120115235;-0.830513393107983;-1.42544693810972;-0.736059705284617;-1.03375851523959;-1.07204521834587;-0.873827009413514;-0.445357824733346;-0.564101595797488;-1.36584429379349;-0.748672849378259;-0.942029309252685;-1.42579844346927;-1.1293888747702;-1.35089271340627;-1.12603292381252;-1.10773998670517;-0.934115465197944;-0.822489284227691;-0.592335130411939;-0.731195912618391;-1.01274120190522;-1.31932781899914;-0.869533745154227;-1.03036834304824
575;-0.826156669147938;-0.772951877503003;-0.590600341485783;-1.27816281790741;-0.698223544618479;-0.913021734020325;-1.00612942716601;-1.64271454663715;-0.907626582553686;-1.22831379037575;-1.23837882241635;-1.0823679174021;-0.621408238483594;-0.694679990698973;-1.47805712670345;-0.922019860076626;-1.1292798799809;-1.58028136859252;-1.32328176923244;-1.48310487096977;-1.31633436822777;-1.29565471750353;-1.1219911739368;-1.02597569482269;-0.747661430079001;-0.893901732074531;-1.20077062899204;-1.44778880740159;-1.03734632407963;-1.17761460839198
600;-0.972616695326139;-0.937244231640053;-0.700962474419256;-1.48008939403905;-0.881648287309005;-1.09874152991651;-1.1829959136108;-1.84282490277715;-1.07565897188205;-1.42039795705451;-1.40111940373393;-1.28699460093972;-0.800886703876408;-0.827438022757042;-1.59747922714947;-1.09214404557168;-1.32023131435217;-1.72430082874005;-1.51543690362802;-1.61913535830663;-1.50957342198231;-1.48165699181967;-1.31685178974375;-1.21940420645896;-0.908814869259277;-1.05855375668138;-1.39807593629043;-1.57492678863131;-1.21063090052646;-1.32537846914116
625;-1.12254966314486;-1.10364617140009;-0.80785450484033;-1.6814358249805;-1.06141227796685;-1.27723383625988;-1.36008217839535;-2.03743545002534;-1.23675416795891;-1.6073340538234;-1.55266937117202;-1.48559274467873;-0.980884024108347;-0.957950511454089;-1.72341367881853;-1.25617087825782;-1.51416536435483;-1.87768172827834;-1.70226644611472;-1.74949530715632;-1.6998742478962;-1.65723143568469;-1.50919650100976;-1.4165528886182;-1.07148459484184;-1.22228007103687;-1.58982057527691;-1.70144343847015;-1.38456886824275;-1.47313190866592
650;-1.27435508629741;-1.26979225978842;-0.908442555040555;-1.87864259029438;-1.23736976463376;-1.44330796385564;-1.52660979906805;-2.21467891295989;-1.38544839189688;-1.78197404301606;-1.69568988019869;-1.67522154676987;-1.15667622842136;-1.08089046276154;-1.8535825832009;-1.41154096749107;-1.70098844585779;-2.0134722676408;-1.88457333424382;-1.86772985820618;-1.88066080867335;-1.8200024138939;-1.69131902977301;-1.60591435510077;-1.2265588635427;-1.38100617368801;-1.77453871028619;-1.82920231846981;-1.54804623960625;-1.61270005790791
675;-1.41790236125682;-1.42950187891755;-0.9988223892651;-2.07094401045106;-1.41047346788104;-1.59446442759212;-1.67389364422399;-2.37447174849988;-1.52136873459038;-1.93897383097345;-1.82118342797318;-1.85506515251421;-1.32743030345909;-1.19375307749073;-1.98184789555964;-1.5565266074894;-1.87650481399425;-2.13356897177091;-2.05627673496768;-1.97599928816366;-2.05079080975408;-1.96654758991418;-1.86333463262096;-1.78008963691656;-1.36470765843068;-1.52635028656267;-1.94985589470415;-1.94991907412693;-1.70192977437021;-1.74285815259785
700;-1.54453826859312;-1.57832082779424;-1.07704897834292;-2.24823706850415;-1.5613743152252;-1.72668435713619;-1.80763795145987;-2.51745151429416;-1.63810695407423;-2.07390502052473;-1.9305259607369;-2.00595916644988;-1.4853400517082;-1.29051001005841;-2.10840191327061;-1.68952876650099;-2.04079804060784;-2.23932563166405;-2.21243540407772;-2.07842963966268;-2.20521740206058;-2.0913578542057;-2.01830492759039;-1.93541807083252;-1.48344908056773;-1.65841871125688;-2.1122955590181;-2.06425404293702;-1.84378052650959;-1.86342708945371
725;-1.65308109104421;-1.71309883968532;-1.14452005527012;-2.40904764229395;-1.70407627615749;-1.83774102816365;-1.92017743463669;-2.63808991326655;-1.73485148115465;-2.1889606974017;-2.02283123238792;-2.13346129902839;-1.62702315696137;-1.37544540476938;-2.23015299430737;-1.7977867354362;-2.18239967139653;-2.32590810770887;-2.34647697127496;-2.16110677862555;-2.34083257511708;-2.20042328584821;-2.15272620891105;-2.06772761487859;-1.5855672960993;-1.77903183032411;-2.25850894625802;-2.16637372979308;-1.96807610931608;-1.95765971877109
750;-1.7458781910537;-1.83402240537876;-1.20421811420049;-2.55037043219508;-1.81853472101135;-1.93071831969115;-2.01631993313678;-2.7416054641089;-1.81745733435694;-2.28614763256649;-2.09667574413268;-2.2367783758456;-1.7500830554142;-1.44316719182428;-2.34440725790319;-1.88110641257333;-2.29007421320488;-2.39428479846379;-2.45514342615371;-2.2278811222475;-2.4540618553279;-2.28463725538022;-2.26498892282925;-2.1741259439636;-1.67175397885073;-1.87617507936445;-2.3882792633251;-2.2568374114942;-2.07500091289954;-2.0425190245361
775;-1.82133689360914;-1.93870538845816;-1.25000062586763;-2.67127400204398;-1.91422546192403;-2.00436399964414;-2.09044237547092;-2.82345425553359;-1.88471177532331;-2.35636165707701;-2.15247772628225;-2.31960302517764;-1.84987595639648;-1.49175886195016;-2.45185088557512;-1.95380024843296;-2.37976845897687;-2.44649829859563;-2.54127024238691;-2.2870830765907;-2.54537392106323;-2.35041608465283;-2.35416656639216;-2.25770142151664;-1.74281034056861;-1.94894719225919;-2.49257071933945;-2.33327733736492;-2.15461410085779;-2.10947731507499
800;-1.88151932131829;-2.0248736958849;-1.2903344648488;-2.77116506651194;-1.98936039909653;-2.06465560176412;-2.14594525706661;-2.89153102254035;-1.93011356255174;-2.41059538293687;-2.19488503501743;-2.39145676513618;-1.93503122958311;-1.52519155938009;-2.54386090314497;-2.00510079177295;-2.47118883089048;-2.48735565239138;-2.60897709721138;-2.32397656641292;-2.61644185938554;-2.40145008181113;-2.42490628919858;-2.32471554470635;-1.80069077148429;-2.00809005411453;-2.57786371335232;-2.39578391544811;-2.21781487224882;-2.15961573295515
825;-1.92866271276899;-2.09960470156885;-1.32613525683688;-2.85422829325961;-2.04986164895347;-2.11243505105687;-2.19244498291625;-2.95427239348779;-1.9688189459162;-2.45582041706061;-2.23287268284263;-2.45390076742537;-2.00781785023781;-1.55346921146045;-2.62526033542815;-2.04569300476324;-2.53665074674912;-2.52529242957514;-2.66076487078396;-2.36180236812743;-2.67340000211087;-2.4427780370758;-2.47887811343537;-2.37580918535331;-1.8473850897139;-2.05418808169502;-2.64751155332805;-2.44449010291856;-2.26507699366093;-2.1982219404866
850;-1.98091361217374;-2.16346357983594;-1.35261079073628;-2.92615906201607;-2.09505236813908;-2.15781695567271;-2.23211639953367;-3.0095187574411;-2.00138687772415;-2.49609998329809;-2.26224802156756;-2.50585093619135;-2.06866575794395;-1.57703217904597;-2.69729005277685;-2.08264972437702;-2.59458355172897;-2.55554623666677;-2.70196480497525;-2.39307705457178;-2.71902848469953;-2.47537099777127;-2.52225380584223;-2.41769203461297;-1.88628257384775;-2.0975872044603;-2.70975185688711;-2.4922275710658;-2.30286215625741;-2.22997796426212
875;-2.03215972820731;-2.22363141447255;-1.37537467132618;-2.99050449742141;-2.13680006642167;-2.19266959206123;-2.26852765635438;-3.0405907697198;-2.03384162291535;-2.53345445730296;-2.28062295721494;-2.55216328561001;-2.1253650272429;-1.59436131031264;-2.75550150932893;-2.11830518926543;-2.6484227955528;-2.58043327245892;-2.73985574043469;-2.41821921382109;-2.75663497878415;-2.50836350792735;-2.56114730705617;-2.44741663942777;-1.92201944262777;-2.13452753020449;-2.763086851689;-2.52994118523854;-2.335881766057;-2.25745623926621
900;-2.07572299335487;-2.27760614746003;-1.39465851942108;-3.04522686057931;-2.17335954260781;-2.22455359311123;-2.30109705316377;-3.07007844030981;-2.06058758568381;-2.56265567833182;-2.29023403906307;-2.59254805848285;-2.17817745027638;-1.60971450558914;-2.80152182432427;-2.15195087879343;-2.69870062768506;-2.60393536874643;-2.77557402266242;-2.43891159286358;-2.79171485782506;-2.5372888259619;-2.5929448095022;-2.4775640942568;-1.95497342846949;-2.16478331634446;-2.80910613810269;-2.56209620727797;-2.36249919148472;-2.28177006268455
925;-2.11527200536318;-2.32097029194884;-1.41352625285474;-3.09658648278587;-2.2067653588682;-2.25427942557092;-2.33142050354904;-3.09193345015517;-2.08342095171348;-2.58672121335349;-2.3030742088989;-2.62802655676575;-2.22473436237976;-1.61890566573693;-2.83808840980866;-2.17824462703394;-2.74420699693285;-2.62728558983166;-2.80733059891603;-2.45707194140691;-2.82090191928489;-2.56232235449601;-2.61988398560048;-2.50592649609382;-1.98305044961804;-2.19129166335092;-2.85151918603631;-2.59049141702831;-2.38833343120951;-2.30337072043914
950;-2.15378988862116;-2.36022984975593;-1.43073213420612;-3.13872363857066;-2.2387699767864;-2.28126479565283;-2.35816918584993;-3.11222879698431;-2.10175415479201;-2.60804850835863;-2.32552143257139;-2.6562983126123;-2.26599713438447;-1.62860402812489;-2.86339758201866;-2.20320353643607;-2.77989119804288;-2.64258657061608;-2.82509477505292;-2.47354628634566;-2.84094439592948;-2.57943778963577;-2.63880469669248;-2.53502690660114;-2.00676876080746;-2.21213756967859;-2.88686711096541;-2.61239804827177;-2.41221145482883;-2.31620738172056
975;-2.1901377131497;-2.39270640562125;-1.44631590455681;-3.17355247651921;-2.26729544294803;-2.3053812792177;-2.38273705538368;-3.13157410553567;-2.11559727525643;-2.62278282795677;-2.34873386243249;-2.67651152291265;-2.30101930883685;-1.63357230718521;-2.8889273061777;-2.22866529240965;-2.8080851124383;-2.65288182288006;-2.84158184234974;-2.48322841917344;-2.85587240346964;-2.59610516728819;-2.65375478164539;-2.55689303029375;-2.02822024446879;-2.22872932408432;-2.91991428969045;-2.63333209203074;-2.42871914126123;-2.32565549612993
1000;-2.22499659268148;-2.41703603891866;-1.45945386159632;-3.19714101828139;-2.29400179272896;-2.32859176698243;-2.40613535405813;-3.15014996727643;-2.12654378047778;-2.6354645377214;-2.36539206797411;-2.69195936898223;-2.32678538588884;-1.63589685368269;-2.8988897191789;-2.2456852564403;-2.83249957975403;-2.66447113828732;-2.85136111540462;-2.49281059000369;-2.8654306146314;-2.61041303283153;-2.6628433078432;-2.57375512887127;-2.04418349919505;-2.2443868324345;-2.94553223285166;-2.64975211599916;-2.44069812330918;-2.33078742254413
1025;-2.25803545774591;-2.43927008249105;-1.47140617123749;-3.2157782604034;-2.31837011005664;-2.35185123333414;-2.42346680142082;-3.16872511664717;-2.13746327993474;-2.64832873075695;-2.38361192826964;-2.70437851172055;-2.34692369556684;-1.63767317301203;-2.9111980325296;-2.26211233853879;-2.84781336184348;-2.67648060993905;-2.859374845609;-2.49979811313926;-2.8721758066431;-2.61845624749661;-2.66794562171343;-2.59053806198583;-2.05556905183301;-2.25778428597097;-2.96474789029453;-2.6646106076907;-2.44757335144851;-2.33439750521837
1050;-2.28861547247343;-2.45801678078889;-1.48232688572335;-3.23251352572799;-2.33725100583403;-2.37168989237166;-2.4411615363536;-3.18012497330736;-2.14325354714845;-2.66284900964398;-2.40227179171321;-2.71509740193481;-2.3614708003788;-1.63981459125436;-2.92546410495807;-2.27844073767377;-2.85721340608768;-2.68574328470302;-2.86189607813451;-2.4955768331871;-2.87587543730199;-2.62660867225564;-2.67000862360516;-2.60130176091172;-2.06166346043518;-2.26967722597401;-2.9767018876711;-2.67862249158758;-2.45165471763995;-2.33885575791263
1075;-2.31874379480347;-2.47634572649834;-1.49406944662149;-3.24700380980345;-2.36006512250057;-2.39004949847831;-2.45469875143052;-3.19393813344171;-2.15104729960355;-2.67856563727519;-2.42034027989352;-2.7252950097815;-2.36620226206037;-1.63873132809638;-2.93891522646966;-2.28734216714606;-2.8597008256394;-2.68698282539989;-2.8620326834526;-2.4953827221015;-2.87772971142167;-2.63371901731088;-2.67161695554682;-2.6093896940264;-2.06240441093226;-2.27958848590923;-2.97942678298444;-2.68190681053505;-2.45425648239434;-2.34287414284041
1100;-2.34448335996799;-2.49437649221823;-1.50652980606973;-3.26212467662904;-2.38200340292181;-2.4054532076588;-2.46963741169675;-3.20518965860446;-2.15343657237065;-2.68756326116077;-2.43551495797025;-2.73043228680269;-2.36504625739318;-1.63523667373753;-2.95303720118828;-2.29868256860668;-2.85785159193704;-2.69145591768979;-2.85686167790754;-2.49509199456484;-2.87038121384813;-2.6439401061833;-2.66708939644012;-2.61541842752548;-2.06175594432186;-2.28844497792906;-2.97854105893483;-2.68022322153748;-2.45848840161765;-2.34536730821352
1125;-2.36704446032038;-2.507761084403;-1.51885736245963;-3.27749412734012;-2.39789962315572;-2.42023586524057;-2.47901968609756;-3.21559512074492;-2.15748434344183;-2.69636213627527;-2.44791473028375;-2.73354461392063;-2.36260202854716;-1.63137770703559;-2.97045198134611;-2.30155632433684;-2.85374603037763;-2.68739576322063;-2.84789276955322;-2.49051961590711;-2.86119567994026;-2.65234507845966;-2.66051315733843;-2.6219641939276;-2.05254645862725;-2.29285017837552;-2.97375398202309;-2.67684476564651;-2.4556970618527;-2.34529814171743
1150;-2.38678584932727;-2.52308374582683;-1.53028144724789;-3.29101563493849;-2.41344491711634;-2.43135865383023;-2.48702865521707;-3.21960664131724;-2.1626555393691;-2.70778064373118;-2.46009268194101;-2.73267623702392;-2.36103421925115;-1.62982726868394;-2.98636439990518;-2.30809039182138;-2.84354014414143;-2.68015589807717;-2.83267898569181;-2.48847755657494;-2.85257570560885;-2.65936159568271;-2.65342917448806;-2.6293992867163;-2.03642002009234;-2.2916066572706;-2.96751506210894;-2.67134145684585;-2.45387215225729;-2.34638081347433
1175;-2.40492890046672;-2.54149779259096;-1.54003314667072;-3.30101463536681;-2.42652965492253;-2.43958928600041;-2.49280025650781;-3.23347113156691;-2.16486676794307;-2.72018468774756;-2.46665163678513;-2.72782619509224;-2.36489050989709;-1.6335787537453;-2.99433119567117;-2.30987599248352;-2.83358530755283;-2.66880231919441;-2.80988472603743;-2.4877033292021;-2.84359712772667;-2.66235462713436;-2.64583178114687;-2.63498805403703;-2.02109591205046;-2.28727690805979;-2.96204875626217;-2.66290699327306;-2.45282309689071;-2.33846561520619
1200;-2.42169849966985;-2.55946410057544;-1.54752145004579;-3.30736192615747;-2.44070717881386;-2.44331182208731;-2.49602522891995;-3.23994435261077;-2.16290439553615;-2.73121427509183;-2.47051609902901;-2.72144946323862;-2.37330511819152;-1.62964329141011;-3.0025112435361;-2.3092600131342;-2.82242929407658;-2.65729712921529;-2.783958600708;-2.490353591579;-2.83229113984587;-2.66055965259108;-2.64077859484293;-2.64062908609199;-1.99893961792503;-2.2846102823311;-2.9540817526039;-2.65063330498274;-2.44815060018075;-2.32935231919355
1225;-2.43573463914797;-2.57602910256609;-1.55354512467507;-3.31047513911675;-2.45273018334015;-2.44764971564799;-2.49978109218417;-3.25163232848005;-2.16399569898037;-2.73442269407763;-2.47096965543301;-2.7135539251041;-2.38399196780877;-1.62512887132261;-3.0099604413844;-2.30808541872452;-2.80886951518259;-2.64305271291236;-2.75848447902919;-2.47339210956122;-2.81450438070241;-2.66184808276745;-2.63191240855287;-2.64002695505996;-1.97021865691142;-2.28215084141771;-2.94109476277145;-2.63983678366418;-2.44234096730066;-2.31221476197175
1250;-2.44914095261829;-2.59093348582642;-1.5598440790466;-3.31286958036383;-2.46176610011429;-2.45012031023746;-2.5039834231929;-3.25020308432651;-2.15937689515335;-2.73741340184825;-2.46849655424839;-2.70613016923877;-2.38953555460258;-1.61650633274204;-3.0154225341571;-2.30478430039006;-2.79431659691666;-2.62653976428647;-2.73058207805149;-2.45212180135679;-2.7982939877792;-2.65332210253541;-2.62505193708258;-2.63188996331346;-1.93705158478062;-2.28304787422107;-2.92566379327229;-2.62796587060994;-2.44200507451777;-2.29624922531227
1275;-2.46183798805607;-2.60332113367406;-1.56520236142349;-3.31177573018357;-2.46478140998862;-2.4472395461937;-2.50725885257819;-3.24870416669869;-2.15281199324725;-2.73615977502905;-2.46224374834243;-2.69546333931601;-2.38105588747533;-1.60932865018216;-3.02298692880016;-2.2963508498856;-2.77995949578434;-2.61249178866268;-2.70021009527314;-2.43128381717853;-2.77836145834918;-2.65001621747648;-2.62211683251263;-2.62416079373328;-1.90920624575006;-2.28641984382615;-2.90928315412823;-2.61442923632528;-2.43925349003602;-2.27725500596091
1300;-2.47262260566033;-2.61759114370315;-1.5663315276094;-3.30987964046342;-2.46490129219737;-2.44562585135433;-2.50575726360212;-3.24613240450324;-2.14303318605908;-2.72749561014129;-2.45223964705132;-2.68521191151195;-2.37581297649412;-1.60178341661843;-3.03437983144624;-2.29077460246474;-2.77032892208151;-2.59217201429702;-2.66381969652066;-2.41142239581814;-2.75849558856177;-2.64882516951762;-2.61801477859807;-2.61532522147666;-1.88487830163028;-2.28629679501835;-2.89329680391537;-2.59839238213697;-2.43254296055637;-2.26187926893465
1325;-2.48282415519581;-2.63093755101599;-1.56536242076926;-3.30775942485187;-2.46320185008826;-2.44233878376709;-2.50543212878025;-3.24191526313257;-2.13595226621593;-2.72036143774018;-2.44333303415219;-2.67134399651541;-2.36381605901418;-1.59339686004584;-3.0442343838187;-2.28553701787108;-2.76689336054588;-2.57099609387006;-2.63131583866075;-2.38885616684931;-2.74473755245863;-2.64951263776881;-2.60870132360339;-2.60558273506868;-1.86127831655212;-2.2859882092338;-2.87986924743951;-2.58234994424178;-2.4205652611795;-2.2346575576921
1350;-2.49264753386385;-2.63598050112185;-1.56486642735076;-3.29980296237017;-2.46125818142296;-2.43986918601484;-2.50245667568426;-3.23271219267706;-2.12503603225396;-2.71091530998384;-2.43427223766962;-2.65549553832541;-2.35029512884959;-1.58283283237917;-3.05458384563453;-2.28133101023939;-2.76102940100532;-2.54898540507228;-2.6014096573777;-2.36571869653411;-2.72937471370082;-2.65146036374016;-2.60326075388311;-2.59584957175251;-1.83668067988295;-2.28627541246666;-2.86901335131831;-2.5624695990346;-2.40976777861526;-2.20397852564079
1375;-2.50082007997097;-2.64269573268346;-1.56261163753367;-3.29384090176178;-2.45854594297888;-2.43857069467212;-2.50126001544849;-3.22105997324847;-2.11504674044292;-2.69830789306963;-2.42677537613353;-2.64398452579559;-2.33888815419644;-1.57110373128294;-3.06431353630547;-2.27723579122876;-2.75681400693346;-2.5217100553506;-2.56922520587867;-2.34284230397718;-2.71156471376817;-2.64572751306991;-2.60457002768763;-2.58642439998149;-1.81450087634727;-2.28016195454903;-2.85746465123959;-2.54082587040541;-2.39651828127736;-2.18003095996729
1400;-2.50924890410308;-2.65059136972254;-1.56056054449122;-3.28457233438087;-2.45139121962144;-2.43655296226592;-2.49799062599965;-3.19898778645584;-2.10191305168283;-2.68323067887379;-2.41682858411142;-2.63103766014568;-2.3243958029253;-1.55601325420992;-3.07260881468368;-2.26817188964798;-2.7555674477929;-2.49899814247287;-2.53761961092406;-2.32050129923943;-2.69466489241852;-2.64237701657642;-2.60781693440839;-2.57623411398121;-1.79848869196125;-2.2740172251607;-2.84731033567638;-2.51619365624452;-2.38446600503485;-2.15979542310218
1425;-2.51976574634156;-2.65609739007999;-1.55876817693144;-3.27148783214865;-2.44377081297365;-2.43323056145948;-2.49722856655025;-3.18118721013783;-2.08655941590593;-2.66966614363394;-2.40138632867317;-2.61932987284616;-2.30797081226594;-1.54186060746255;-3.08578395284158;-2.25806292089801;-2.75963920801647;-2.48811666106657;-2.51062466080552;-2.29634279864044;-2.67138257891891;-2.63764888860796;-2.61136398539666;-2.56674339542914;-1.78761543979477;-2.26757970847923;-2.82903709866566;-2.49287366274239;-2.36849054766346;-2.14483258772739
1450;-2.52750525159033;-2.66067875637041;-1.55585229037329;-3.25653433956362;-2.43387982882597;-2.42425235431739;-2.48830726213532;-3.15864081541838;-2.06903162498698;-2.65590303377457;-2.39011884367443;-2.61146447594375;-2.28753391297206;-1.52546252812185;-3.09279785953323;-2.25037273294129;-2.76418154491525;-2.46576523012055;-2.48853734085583;-2.26942980799117;-2.64824835548067;-2.63321733455014;-2.61423811471827;-2.55447248608189;-1.77564939318797;-2.25961660640161;-2.81642352424576;-2.47028862490401;-2.34675582954012;-2.12025804711745
1475;-2.53589318281267;-2.66224703979173;-1.55375303735905;-3.24294184509315;-2.42392420403247;-2.42078555965667;-2.47989859512373;-3.13695255723793;-2.04813183023952;-2.63679791508491;-2.37743019974411;-2.60489926766347;-2.26922223711789;-1.5102886470504;-3.09760177978732;-2.24563642591524;-2.77237879001433;-2.4441351265111;-2.46871922207874;-2.24131571247171;-2.62825284536588;-2.62778323151928;-2.61634066320253;-2.53678598439598;-1.75861059565756;-2.25110929053171;-2.80488833382097;-2.44381273234706;-2.32608490950272;-2.10025151977567
1500;-2.54386222766032;-2.66239752918877;-1.55197458281972;-3.22509900691374;-2.41140212383615;-2.41018777908673;-2.47385431418121;-3.11405287483348;-2.02356419680812;-2.61488461824678;-2.36681171415448;-2.58588038190156;-2.2501439617224;-1.49563409676508;-3.10523637870936;-2.24125882449593;-2.78191494584294;-2.42424159850628;-2.4486500936733;-2.21445719161949;-2.60908160725854;-2.62423316336307;-2.6188993217838;-2.51765088623284;-1.74055374546929;-2.24300299410349;-2.79539420783933;-2.42120028013397;-2.30538715440786;-2.08490612621401
1525;-2.54988168956932;-2.66030324742275;-1.54972877795087;-3.2108780177218;-2.40048306056042;-2.40122851624943;-2.46426552107842;-3.0923256151753;-2.00042169699757;-2.59898975122132;-2.35833850794134;-2.56752640298564;-2.23284316400647;-1.48924317222511;-3.11235245533719;-2.23320896799525;-2.78234160490153;-2.40555729693612;-2.43085465161198;-2.18453384332857;-2.58876928574883;-2.62677762644934;-2.61938526089169;-2.49592428533822;-1.72284858890637;-2.23239737862283;-2.79037793259708;-2.40007204854231;-2.28952824309794;-2.06762426180952
1550;-2.55734365036336;-2.65696490738239;-1.54731999789114;-3.19707268675054;-2.39115815106202;-2.39534023227733;-2.45591561262546;-3.07236828042054;-1.98316194829088;-2.58716467305102;-2.35206267448345;-2.54492220257393;-2.21645504987664;-1.47932523301959;-3.11727407039521;-2.22464741211741;-2.77599930731448;-2.38989196485879;-2.4138534003514;-2.16100928746539;-2.56643722590111;-2.62198379451326;-2.61927636446941;-2.47305838906047;-1.70416337734669;-2.21628028445905;-2.78590070653616;-2.37383378028411;-2.27242921263944;-2.05875519375658
1575;-2.56489621116262;-2.65310212233927;-1.54666166162566;-3.18310018107209;-2.38386898330669;-2.38905364455517;-2.44736052467589;-3.05474962398976;-1.95794093553573;-2.57018080759153;-2.34781568744836;-2.52262757119122;-2.19998353871987;-1.46609939248239;-3.12409879873037;-2.22405029287088;-2.77814592148874;-2.38074531576812;-2.39861856107845;-2.13531457969946;-2.54278706225349;-2.62570680167443;-2.6160109402846;-2.44983310911101;-1.68762187735983;-2.19702852879853;-2.77447064455918;-2.35116863442856;-2.24388277064097;-2.04543003788524
1600;-2.57210463074643;-2.64651449350074;-1.54746325536005;-3.17029121768868;-2.37826366797086;-2.38420811699053;-2.43014806513494;-3.04468100145915;-1.9308146231264;-2.55934546465481;-2.34802189598952;-2.50258616776556;-2.1855056943633;-1.45449349196371;-3.12530553670083;-2.21796003023808;-2.78329819088266;-2.37459721448638;-2.38424938910769;-2.11144617659638;-2.51906495770534;-2.62852615358152;-2.60954361244173;-2.42742244794441;-1.67150753259085;-2.18227631490472;-2.76663054266921;-2.33007742031964;-2.22102073431323;-2.02475051901936
1625;-2.57594175449652;-2.64192501313425;-1.54399741843756;-3.15881909543519;-2.37487631860627;-2.38009503704888;-2.4154518055727;-3.03521470559988;-1.91139942256093;-2.54820949469468;-2.35125286256079;-2.48163396915049;-2.1717252702309;-1.4465618045862;-3.1269945583479;-2.21905122729433;-2.78096146406389;-2.37151306140745;-2.37832293048873;-2.09345327729285;-2.49417791190334;-2.63348415558782;-2.59880076223415;-2.4046616228018;-1.65264480814719;-2.16792137295235;-2.75710827993588;-2.31042601055231;-2.19653665714279;-2.00994081420357
1650;-2.58108771773152;-2.63680408241384;-1.53940205309607;-3.15079493107666;-2.37029819995157;-2.37547171677216;-2.39484179715779;-3.03401928355416;-1.88959137761931;-2.5344293319346;-2.34674708967114;-2.45823415255598;-2.15791045295493;-1.43810186986852;-3.12993281594554;-2.22051488961825;-2.78276548481355;-2.36322256461612;-2.3739004207464;-2.07679271723572;-2.46668199506936;-2.64012713577899;-2.58435555620142;-2.37845082338243;-1.62904319765373;-2.15691231553238;-2.74533583120433;-2.29695428787214;-2.17394366518789;-1.99666103384356
1675;-2.58491762294639;-2.63166485056088;-1.53542002101635;-3.13858445289756;-2.36913563707018;-2.3667274960355;-2.37602802343046;-3.0049637813449;-1.87144526865277;-2.52048641027374;-2.33548918697371;-2.43487426261133;-2.1455485762532;-1.43038809009543;-3.13026479120839;-2.22288982227599;-2.77967747837775;-2.35520220234711;-2.37469063639952;-2.06216850394748;-2.43393688555706;-2.64706613179171;-2.5670169080542;-2.34549789760885;-1.60820948795608;-2.14596429939443;-2.72929840506882;-2.28350384113548;-2.15333951094724;-1.98594010908952
1700;-2.58660442046072;-2.62503176934187;-1.53152430844102;-3.12643383317232;-2.36715903849773;-2.35920941116519;-2.36264064857787;-2.98598719964569;-1.85179087138789;-2.5021240278013;-2.32393365978801;-2.41213665613583;-2.13503528266234;-1.42547085433715;-3.12989626737762;-2.22499508227366;-2.77341701759733;-2.35167643483002;-2.38187109014366;-2.06228239205791;-2.40430753084399;-2.65218285872416;-2.54738341400918;-2.31556561552426;-1.58634023863071;-2.13210914547021;-2.71512893909966;-2.27347433184913;-2.13766348083962;-1.97567249486825
1725;-2.58602735307611;-2.61425996376029;-1.52932488021937;-3.1188561052304;-2.36564985913552;-2.35168586668487;-2.34891626103634;-2.96443776388499;-1.83283151807133;-2.48478974573612;-2.32067867391491;-2.38914713716445;-2.12899652250974;-1.41892348701198;-3.12902495750973;-2.2224222987489;-2.7699972133035;-2.34623091149775;-2.39267996626586;-2.04524176891836;-2.3755855570841;-2.65430816387819;-2.52902507103405;-2.28822930025706;-1.55987287487356;-2.12186743794828;-2.69869923866594;-2.25511183585407;-2.12494702910571;-1.96220363709892
1750;-2.58850158925368;-2.60624180960454;-1.5272872321292;-3.10955349391569;-2.36987304626081;-2.34479419312747;-2.34139170221038;-2.94746069604013;-1.8141039572238;-2.46468166281105;-2.32330875548568;-2.36224889875095;-2.12974099297837;-1.41438611766675;-3.1248008037466;-2.22506045642349;-2.76564426833766;-2.33241742345093;-2.39692113376326;-2.02801975834512;-2.34528789142345;-2.65437076541046;-2.507230159202;-2.26626769492004;-1.53390024494281;-2.10952726023025;-2.68157790104719;-2.23982129343617;-2.11378355592858;-1.9478871561718
1775;-2.59147133607885;-2.59738631335796;-1.5260908969873;-3.09929185819683;-2.37759127735276;-2.33878891599464;-2.3354808560764;-2.93463421409507;-1.79814910913749;-2.44412286953552;-2.32557113952825;-2.33787414308037;-2.12951322642011;-1.40814133454079;-3.1228678634339;-2.22526040074523;-2.76389956018569;-2.31573990836977;-2.40615271728652;-2.01535324472989;-2.31753034428928;-2.65108349445592;-2.48549870546779;-2.24535725946132;-1.51205758406131;-2.09955172850948;-2.66596794408241;-2.23073162352265;-2.10393246675725;-1.93144229966443
1800;-2.59626026288385;-2.58730985858624;-1.52411850325149;-3.08916614587494;-2.38431989403343;-2.33464992125795;-2.33322681727395;-2.92567073643683;-1.785790191501;-2.42344604715256;-2.32126678044367;-2.31511771790114;-2.12787195204347;-1.4027530981093;-3.10873868962733;-2.21995182851935;-2.7626253336215;-2.30245159977904;-2.41183284033299;-1.99698288756166;-2.29530934261119;-2.64271293521078;-2.46639997337245;-2.2229422703607;-1.49081822678154;-2.09235088408614;-2.64846348295557;-2.22563195342286;-2.0941039684027;-1.91365818192066
1825;-2.60019176146304;-2.57816608915141;-1.52072390967177;-3.08022078423402;-2.39108190026146;-2.33056575768536;-2.33495046790247;-2.91711500038208;-1.77805080225612;-2.40659008052079;-2.32014301570776;-2.29350590049355;-2.13399815129029;-1.3930225490202;-3.10030893933865;-2.22183963923155;-2.7473848456264;-2.28817750382703;-2.42413481722667;-1.97926532466984;-2.27410487931639;-2.63340297252039;-2.44889202653855;-2.20551559776808;-1.47089446862026;-2.08473213697893;-2.63182799304245;-2.22349318761941;-2.08362600609474;-1.89690377581528
1850;-2.60414355586113;-2.57081847345583;-1.51602975416505;-3.07304978113651;-2.39673511354935;-2.32350490768876;-2.3378560949634;-2.90410805999238;-1.7678237864579;-2.38856280818653;-2.32056292931895;-2.27804077374567;-2.14087222930722;-1.38701166364486;-3.08792069271146;-2.22755146680634;-2.73466054936121;-2.27213651382893;-2.43463749047004;-1.95964779041433;-2.25554047809671;-2.62034076358957;-2.43287171495261;-2.18929166051576;-1.45565786351626;-2.07983972276349;-2.61432490063554;-2.22076928213447;-2.07213893617351;-1.87916926026717
1875;-2.60903870045862;-2.566223144847;-1.51079788887211;-3.06533473754243;-2.40704797875348;-2.31548841340759;-2.33858757373969;-2.89429818401561;-1.76293527598077;-2.3717970311286;-2.32482610756525;-2.26012549994102;-2.14434076630707;-1.37800380977192;-3.07844298198619;-2.23043477803105;-2.72527376444291;-2.25938758689049;-2.44136032261457;-1.94083131986996;-2.24107149794304;-2.60426253170679;-2.42190029170496;-2.17882151017387;-1.44392149742666;-2.07698244782799;-2.59386854614309;-2.21510132245968;-2.06936896889762;-1.86005639845389
1900;-2.61004443932768;-2.56115866611727;-1.50591987957686;-3.06063894432719;-2.41279116433347;-2.30428521706275;-2.34509674046244;-2.87584877449895;-1.7623439201696;-2.35603234011559;-2.32163451367895;-2.24296786716937;-2.14839149681264;-1.36464940599094;-3.07431553963287;-2.22880434237699;-2.71713369802078;-2.24207553654182;-2.44160051670264;-1.92229676530166;-2.2234489443044;-2.58645619825658;-2.41212565342722;-2.1734697349359;-1.43414456859465;-2.07217937504828;-2.57171916783936;-2.21317139735297;-2.06573629016536;-1.84001455415645
1925;-2.61012693526012;-2.55551528962995;-1.50083641017849;-3.05735304461881;-2.41285458316694;-2.29347679815968;-2.34779284689773;-2.85474646077502;-1.76905605367685;-2.35097100125351;-2.32599212818479;-2.22917503087805;-2.15296370134047;-1.35189234938041;-3.06810518436879;-2.2234241257847;-2.71034661321925;-2.21772413363299;-2.44105327978172;-1.90540163015919;-2.21024686766166;-2.56221921792118;-2.4052105223813;-2.17236874267685;-1.42404746433783;-2.06361114050061;-2.5523476416036;-2.21422037772688;-2.05965749355478;-1.82224656335982
1950;-2.60955478046911;-2.55429061033631;-1.49613141472889;-3.05312869495276;-2.41452336522719;-2.28243428256155;-2.35577187022989;-2.8373964821996;-1.77679760198729;-2.34249822554847;-2.33542346288699;-2.21565105201733;-2.15734902342732;-1.34122975854975;-3.05853550024651;-2.22174939775101;-2.70222922756251;-2.1892353897169;-2.43656099284035;-1.88844961997989;-2.19765796096969;-2.53644711717686;-2.39928843025067;-2.17153785786571;-1.41553694389562;-2.04903742124962;-2.53801688270705;-2.21344371246702;-2.05845525514088;-1.80746674716124
1975;-2.60801718587034;-2.55672689578302;-1.49259584366847;-3.0476964754522;-2.41501802725197;-2.26629976296618;-2.3602981599321;-2.82235341287471;-1.78179854912652;-2.32869964560959;-2.33983507479387;-2.20680338110686;-2.16257770718078;-1.3308999417473;-3.04471711376257;-2.2202981181179;-2.69883759225008;-2.16716214495357;-2.42921628118344;-1.87261385995171;-2.18613061983907;-2.50542807767658;-2.39657699007186;-2.17046744994277;-1.40899640511604;-2.03583810613698;-2.52685058167352;-2.20933632014773;-2.05037560329258;-1.79449838064279
2000;-2.60749950351364;-2.5586287889771;-1.49029818620808;-3.04459287235325;-2.41660538215028;-2.25402087544645;-2.36672252678559;-2.80028391843789;-1.78497314592367;-2.32614825066328;-2.35197571051149;-2.20149025368887;-2.1666468909062;-1.31486690803637;-3.03546975304703;-2.21495234993791;-2.68775111581037;-2.14626780417302;-2.42034452599628;-1.8580371159598;-2.18074135500805;-2.47850502526309;-2.39905898191565;-2.17290442120198;-1.3991261160909;-2.02405685487997;-2.51797633527629;-2.20121771470113;-2.05024337158816;-1.78325206361723
2025;-2.60612139600851;-2.56015615927758;-1.4893340463174;-3.04434087833696;-2.41313195479121;-2.24157561540203;-2.37299291590985;-2.78371291868709;-1.79151123261483;-2.32949980280725;-2.36382325283634;-2.19873972284377;-2.17108454482078;-1.30135400432668;-3.02849299521006;-2.20400372457974;-2.6755781139398;-2.12527377770429;-2.40607414250469;-1.83303788110638;-2.17406015814095;-2.45307216776004;-2.40415370467841;-2.17289850913261;-1.39196019083318;-2.01201286176829;-2.50977913493898;-2.1967055129832;-2.03725189899779;-1.7722094751969
2050;-2.60445151924061;-2.56122439825196;-1.48843510245335;-3.04934892473711;-2.40374871530143;-2.22842791590982;-2.37373180137928;-2.76507068407673;-1.79805763187931;-2.33820306610086;-2.3752488253845;-2.19969564234496;-2.17661278603096;-1.29025063301769;-3.01959489713729;-2.19136850372084;-2.66302809175603;-2.10859484045812;-2.38387951314948;-1.8102328144575;-2.16310606492025;-2.42855717645266;-2.40908044033944;-2.16757283316266;-1.39017039334377;-2.00160060367115;-2.50579475348191;-2.1905182686099;-2.03225279267729;-1.76362434920445
2075;-2.60441997829799;-2.56307968827398;-1.48566307939495;-3.05109655965372;-2.38747170310871;-2.21469090167725;-2.37496067362795;-2.75548378194286;-1.80124065012221;-2.34890238383816;-2.38364027289386;-2.19592759511506;-2.18000742247483;-1.28069309005986;-3.01319002419823;-2.18137660157611;-2.64632593325023;-2.09901658581549;-2.36011545183691;-1.78867118616766;-2.15463846535089;-2.40594511706258;-2.41282580419916;-2.16076688479451;-1.39454903372551;-1.99272345986285;-2.50464748889236;-2.18161640821766;-2.02754246407219;-1.75603326656063
2100;-2.60020771314246;-2.56716196539489;-1.48172656548884;-3.05312095061075;-2.36681126483978;-2.20544803481432;-2.3742520421749;-2.74726792441699;-1.80706360007319;-2.36132981394352;-2.38580187786433;-2.18970014289198;-2.18476801405616;-1.26960000057693;-3.00606568842877;-2.17322058493679;-2.63127425262115;-2.08984066777164;-2.33590073168012;-1.76959098413394;-2.14913877278517;-2.38782609030742;-2.41415180442047;-2.15081951339989;-1.39901024595402;-1.98300007536453;-2.50522092637481;-2.16971234470468;-2.02781656300988;-1.74946505343494
2125;-2.59516899494928;-2.56788122663417;-1.47812705145606;-3.05444388792415;-2.34896364012817;-2.19461079282838;-2.37615934158028;-2.74555375958079;-1.79854391981966;-2.37411037047096;-2.38942733160683;-2.18574792853584;-2.18762835292491;-1.26124913617009;-3.00048257525597;-2.16559950818224;-2.61694952420017;-2.08647168062894;-2.30642619276138;-1.75504950149396;-2.14420450564964;-2.3753467580597;-2.41239316123007;-2.13868885797661;-1.40105781911609;-1.97547949065789;-2.50964314001587;-2.15487267001814;-2.02053765592277;-1.73261249656671
2150;-2.5908181288077;-2.56752864870783;-1.47434341547826;-3.05712705525826;-2.33174411878367;-2.18957093144679;-2.38062283122406;-2.74645537088999;-1.78126619030071;-2.38509768316717;-2.3911577505202;-2.17826134653821;-2.19437590839971;-1.25800404589502;-2.99705829151957;-2.15677538082685;-2.60139540001287;-2.08668934732993;-2.27905933533393;-1.73796452851936;-2.13307437529571;-2.36921186615664;-2.41505798293076;-2.12400027049359;-1.40166257613424;-1.96905705299239;-2.51586216832368;-2.13915123668369;-2.02093047268926;-1.72099429435467
2175;-2.58720967698211;-2.5684852980005;-1.47071933246915;-3.05787325092089;-2.31323180568388;-2.18783539362531;-2.38352054696101;-2.73943675029984;-1.77063805235824;-2.39540728331432;-2.38903062645754;-2.17305930109094;-2.19845656464333;-1.25775026681197;-2.99669925813392;-2.14543650701353;-2.5869946732003;-2.09285986619155;-2.25529706509346;-1.72897164431671;-2.11946119698122;-2.35991907584383;-2.41592127408832;-2.10824542598896;-1.40224373859177;-1.96004319156601;-2.51535656143315;-2.1196750536543;-2.02546576381531;-1.7123291645583
2200;-2.58318323358258;-2.57168113655567;-1.46871867973657;-3.05848012071136;-2.29571645432452;-2.19032646824784;-2.3779455415282;-2.73211340099974;-1.7615477368701;-2.40076566458153;-2.38472442700867;-2.1675731363768;-2.20062969834465;-1.25636718793352;-2.99803967087401;-2.12958107607836;-2.57493615297342;-2.10713735663861;-2.23614259645631;-1.71918605710197;-2.10489927789409;-2.35762482598838;-2.41382679727324;-2.09306401535087;-1.40457816697058;-1.95202988098067;-2.51418128382499;-2.0996975520338;-2.0347411991171;-1.70666776882816
2225;-2.57939914278797;-2.57139768337267;-1.46763290796028;-3.05787751038388;-2.28020502034054;-2.19495886958303;-2.37585513361414;-2.73219879110562;-1.75122044893239;-2.405356892027;-2.37685930319215;-2.16401887902049;-2.20029201046647;-1.25527935323496;-2.99836096569646;-2.11206383939778;-2.56422704864054;-2.12961289056561;-2.22162565907526;-1.71526102879729;-2.08680923059863;-2.35536161814808;-2.40765446176376;-2.08018996883179;-1.40833695598092;-1.94615095284988;-2.51065333593919;-2.07911667341197;-2.04371678643525;-1.70291207078761
2250;-2.57505750485527;-2.56924964121048;-1.46720889169583;-3.05349921568112;-2.26300257897712;-2.19960953376403;-2.37737500873265;-2.73279180214611;-1.74322682808037;-2.40611899854059;-2.36887010583363;-2.16196563468173;-2.19600182023646;-1.24899476418303;-2.99964142344394;-2.09845349920434;-2.55281459619482;-2.13803265572669;-2.20927921210578;-1.71286637282537;-2.07118917186468;-2.35675841331689;-2.40270323746488;-2.06303138236418;-1.41178610065377;-1.9422675422837;-2.50733214106422;-2.0583111068142;-2.05063855087386;-1.69242610720081
2275;-2.57179692231237;-2.56934537845968;-1.46944130246923;-3.04803348310294;-2.2476267689352;-2.20981461605223;-2.37774486616065;-2.73507987826161;-1.73298262072257;-2.40307970149332;-2.3568499249282;-2.15916441099899;-2.19181718126138;-1.24675737289684;-3.000964846618;-2.08576746233866;-2.54290498965329;-2.15424434258861;-2.19974661474607;-1.71354580712496;-2.05862190859979;-2.36024581304084;-2.39503087191236;-2.04291051913671;-1.41569155598596;-1.93509011407072;-2.5009696398016;-2.03588280717141;-2.05720282169694;-1.68932781229022
2300;-2.56757456535501;-2.57262407407409;-1.47197524330764;-3.03981249883371;-2.23275317373028;-2.21068215788202;-2.37669076159531;-2.73398473137248;-1.7185770791198;-2.39520497714789;-2.33735963256653;-2.15391491232322;-2.18801723307744;-1.24715809477271;-3.00679676079271;-2.07127168957488;-2.53155878462503;-2.15626559114967;-2.19055326009152;-1.71357789530627;-2.04706896684429;-2.36314912809279;-2.3843672304047;-2.02415593141821;-1.42021912988779;-1.92716857254421;-2.49327640732624;-2.02028278767635;-2.06328521509923;-1.68961638635601
2325;-2.56419074371021;-2.57563051537355;-1.47369062397838;-3.03177163313067;-2.21949859613756;-2.2168902921604;-2.37382521601819;-2.73806618139528;-1.70447127108427;-2.38283664408016;-2.31321938578716;-2.14692959098236;-2.18557910635092;-1.25269441030396;-3.01577168201798;-2.06080764800137;-2.51868203822281;-2.15819090276051;-2.1850733715907;-1.7203992144714;-2.03454129755313;-2.36240030125663;-2.37200326090907;-2.00688642135459;-1.42385238785013;-1.91461165851432;-2.48629992329746;-2.00479113899139;-2.07007310713039;-1.6937228169796
2350;-2.56120235653434;-2.57832734596597;-1.47510965704558;-3.02134738932458;-2.20726116241788;-2.22297020497014;-2.37161451234932;-2.742904678974;-1.69325803087076;-2.36946064548661;-2.28655944405725;-2.1378545134001;-2.18344866909884;-1.25459622473724;-3.02465217989599;-2.05181774230132;-2.51001094645858;-2.16092005634047;-2.17695735343964;-1.73076711018331;-2.02477312516476;-2.35468035679048;-2.35681010642315;-1.99254283994821;-1.42806770368239;-1.90622340565636;-2.47862495437662;-1.98678713245738;-2.06945698550679;-1.69885152296859
2375;-2.55859444670909;-2.5803241825852;-1.47830022116221;-3.0099183659992;-2.19203399354217;-2.22660586639034;-2.36901477497194;-2.74445187308302;-1.67755995361399;-2.35916176723428;-2.25789974829598;-2.12922405244508;-2.18376760601825;-1.25253004829532;-3.03271874610423;-2.0463362229831;-2.50386409849792;-2.165146355204;-2.16806761038925;-1.7345763605681;-2.01901349755255;-2.35302853549638;-2.34008230970275;-1.98221104796774;-1.43344607802812;-1.89972404575507;-2.46934187828974;-1.97491447104212;-2.06475922419212;-1.70064049317304
2400;-2.55618043680927;-2.58048701192315;-1.48112086678552;-2.99743000270526;-2.18070908478545;-2.22977944367027;-2.36072157818475;-2.74480981948781;-1.66749043083857;-2.35021678949866;-2.23113192857044;-2.11872076595656;-2.18480754066405;-1.25416468677441;-3.03807997127322;-2.03291385746357;-2.50010141036374;-2.16697717054268;-2.15727945600512;-1.74549514687784;-2.01733560129593;-2.34787726522593;-2.32235448155436;-1.97712575042823;-1.43865990005327;-1.89677471477854;-2.46356238326785;-1.96066150045918;-2.063328114936;-1.70003012024962
2425;-2.55367067394784;-2.58169371650951;-1.4821176182819;-2.98305655814782;-2.17183359676026;-2.23092623300318;-2.3520507038393;-2.74220651520901;-1.65894373986376;-2.33796379098423;-2.20218040875111;-2.110122500996;-2.19008731875315;-1.25274568285991;-3.03929833069391;-2.02576819043141;-2.49055285635077;-2.16795541207041;-2.15160711951018;-1.75897789462657;-2.01465350629406;-2.34814777790116;-2.30797369691822;-1.97680112931776;-1.43994887373281;-1.89328874455636;-2.45097940510932;-1.95039999145279;-2.05539001251414;-1.70654773899007
2450;-2.55322659698165;-2.58346189954687;-1.48425925355981;-2.96766764362907;-2.15736604389143;-2.22966841260199;-2.33987407087464;-2.74628103506287;-1.65058947495014;-2.32124360075248;-2.17070303638733;-2.10162202811694;-2.19579797963899;-1.25022293541086;-3.03950795417845;-2.01764713107656;-2.48266878810225;-2.16769977059428;-2.14329023430401;-1.77959243755293;-2.01111069304285;-2.35045821848973;-2.29412093554971;-1.97882859762548;-1.4379158622807;-1.88949313251962;-2.44136414849031;-1.944472762915;-2.05010602418727;-1.71319299277603
2475;-2.54981514512054;-2.58638212689446;-1.48678564197464;-2.94913033617218;-2.13835395972099;-2.22847623600959;-2.3307341455107;-2.73173066877685;-1.64328890854965;-2.30090765687065;-2.14720322281499;-2.09544101339813;-2.20175795974942;-1.24921906484688;-3.03900683828985;-2.00907307673881;-2.46833411683585;-2.16287367588569;-2.13561847454609;-1.79962269222766;-2.00665848795529;-2.35163540536271;-2.28104863914456;-1.9794903730268;-1.43948340409355;-1.88560403575496;-2.43708830711799;-1.94564376023756;-2.04580193651962;-1.72160602035209
2500;-2.54679731623257;-2.58868093581766;-1.48922155224952;-2.93134883768625;-2.12119845102835;-2.21918841497648;-2.3230555350267;-2.72310825861457;-1.63711234573445;-2.28258073357824;-2.11656756417432;-2.08877790253981;-2.20943611733263;-1.24570869795686;-3.0385885296032;-1.99911000240944;-2.45392519785309;-2.15555862917589;-2.12982933401721;-1.82371397339707;-2.00337746214976;-2.35541520618925;-2.27132972001312;-1.98402709453656;-1.43985337152411;-1.88493758723232;-2.43828205886051;-1.94711027006928;-2.04905494382591;-1.72773242298915
2525;-2.54552865728874;-2.58637535903359;-1.49115182420666;-2.91424315544814;-2.10600466313079;-2.20718223654753;-2.31243101810047;-2.71085906633918;-1.6282250175719;-2.26431497288949;-2.09189278560893;-2.08245284259726;-2.22348075728362;-1.23997224591337;-3.03675789376174;-1.98805531578131;-2.4459037508707;-2.14043506660682;-2.12525053072474;-1.82636363220358;-2.0038464219817;-2.35610009936315;-2.26041165708514;-1.99301973411908;-1.43563002563322;-1.88269522103939;-2.44021122321233;-1.94040234812848;-2.03777144205493;-1.73255966764334
2550;-2.54775604470471;-2.58348915275081;-1.49264690833345;-2.89766741149042;-2.09529912498273;-2.19741451908597;-2.30493330484789;-2.69425459574834;-1.61996635014784;-2.24775370091283;-2.07659280018296;-2.07595422899783;-2.2401111824884;-1.23618829305781;-3.03055851199659;-1.97562601850795;-2.4373647677226;-2.12709282492255;-2.11960865441036;-1.83657673111076;-2.00446636933396;-2.35731291982898;-2.24992656442245;-2.00460618737382;-1.43152681839509;-1.86957982257792;-2.44641792416509;-1.94053025659698;-2.02874709843617;-1.73793243751476
2575;-2.54915315140647;-2.57776613493606;-1.49554622167509;-2.88368092773531;-2.08517792104976;-2.18945097601007;-2.29776904366928;-2.67940349289437;-1.60997432568632;-2.22890398658304;-2.06812897071695;-2.07098999401632;-2.25422828590881;-1.2313035043299;-3.02638253328838;-1.9615306934415;-2.43297881871918;-2.11033459879073;-2.11298636842446;-1.84552839302329;-2.00598369649274;-2.36298033956975;-2.24100616277878;-2.01248791908738;-1.42930892158176;-1.86013385537167;-2.45350710719197;-1.94175357213401;-2.03078385832453;-1.7427508113458
2600;-2.55137687387442;-2.57165082448825;-1.49910587382182;-2.87200976690582;-2.07310366639626;-2.1823416159233;-2.29040029409592;-2.66505833195152;-1.59929781438516;-2.20890647987181;-2.06145851493153;-2.06539665309966;-2.27108871702123;-1.22483682986664;-3.00470847585507;-1.94890568547856;-2.42420357168526;-2.08515464948566;-2.10501466469434;-1.84397442167041;-2.0064928018762;-2.35686083280181;-2.23529071250666;-2.01842489755485;-1.42364344281826;-1.8557780850166;-2.45977077823388;-1.94232568658976;-2.02730190136976;-1.74691944126272
2625;-2.55237610369089;-2.56809950702003;-1.49912953620688;-2.86314032149804;-2.06162442292296;-2.17632051584132;-2.28323955281783;-2.64811825647237;-1.58730781245234;-2.19359749233683;-2.05780486075306;-2.06579837433405;-2.29261203415626;-1.21588541065711;-2.98366462837058;-1.93843996312686;-2.40681906432105;-2.06497662895395;-2.10468573241598;-1.84293098090871;-2.00370592142682;-2.351011664929;-2.2299940494362;-2.02555866770329;-1.4199364064383;-1.85218171764236;-2.46787337964914;-1.94075798073186;-2.02800348310018;-1.7491169591687
2650;-2.55425469453441;-2.55929988938093;-1.49692826789855;-2.85657788231464;-2.05139311200898;-2.17151684485578;-2.27697786601261;-2.63208217712855;-1.57107128430212;-2.1800304676557;-2.05885594634062;-2.06546967448245;-2.31197151726515;-1.21020253637705;-2.96479495090886;-1.92645911814259;-2.39872633020452;-2.0493526975549;-2.10273794187417;-1.83777065850984;-2.00143892996935;-2.34541806598673;-2.22951983878268;-2.02932819524563;-1.4184461174241;-1.85286161838584;-2.47464347980449;-1.93781956056999;-2.03360351700921;-1.75020006811924
2675;-2.55574315450529;-2.54951628933188;-1.49426806762956;-2.85207524013226;-2.04279569867288;-2.1664046640312;-2.27071489491414;-2.61774956683249;-1.55016941850014;-2.1692843452435;-2.06104276353981;-2.06055370458531;-2.33032040053854;-1.20298073102735;-2.94955611855021;-1.91263075737436;-2.39191800772684;-2.03815538951889;-2.10284640395179;-1.82885160249093;-1.99856890694991;-2.33915189418261;-2.23227929041252;-2.03349175528809;-1.41687983282358;-1.85640944932176;-2.47824165832196;-1.93256479737809;-2.05173246026507;-1.75034547234917
2700;-2.55768244322166;-2.53991963439542;-1.49088169925792;-2.8486025492823;-2.03338018881269;-2.1603315596132;-2.26750390212657;-2.60188096252773;-1.53716628493815;-2.16603912236443;-2.05756755225061;-2.06534417958179;-2.34731216019635;-1.1948567924713;-2.93856719577973;-1.89973020904936;-2.3866624531765;-2.02714620548555;-2.10469626863249;-1.81801317083629;-1.99337486498516;-2.33065359723499;-2.23691762658866;-2.03583515650682;-1.41536483894054;-1.86093809591615;-2.47829640814928;-1.92702126579851;-2.06820771793528;-1.74437379419856
2725;-2.55935576905883;-2.53217456705233;-1.48700268961836;-2.84916524826476;-2.02706491146173;-2.15594784575444;-2.26521555640543;-2.58575395977302;-1.52222217437577;-2.16643615235001;-2.05794100146156;-2.0621669372017;-2.36144437398345;-1.18705100371715;-2.9245085392164;-1.88987111302201;-2.38320135486071;-2.01645135794999;-2.10799403314868;-1.80629415554114;-1.98668201340967;-2.32051758347317;-2.24008371075165;-2.03469904341449;-1.41423077200093;-1.8676772389798;-2.47739338507501;-1.92015033538468;-2.08720198764506;-1.73719514701513
2750;-2.55925834614646;-2.52529455981026;-1.48360504179864;-2.85059581558576;-2.02426378014455;-2.15534210415943;-2.26674762989472;-2.57294853323566;-1.50890723090435;-2.16037361026958;-2.05615826176478;-2.06284667207159;-2.37396902409052;-1.17943581888666;-2.91208790199883;-1.88279088254701;-2.38220952193236;-2.007222106929;-2.11333203045888;-1.79161773696952;-1.97886472771996;-2.30920740007901;-2.24522696426976;-2.03043799965848;-1.41488774485622;-1.873963708728;-2.47329439655325;-1.90817021485282;-2.10737725263455;-1.72880702087601
2775;-2.55622907716824;-2.52062472858233;-1.48084467106641;-2.85354593449318;-2.02363643602427;-2.14751520007607;-2.26719793173723;-2.56105395738799;-1.49379583527285;-2.15415059627901;-2.0555161141753;-2.07031505024878;-2.38334247910578;-1.17249247677674;-2.90352884070001;-1.87462983656025;-2.38188733416745;-2.00059871940951;-2.11832005163424;-1.77891554099224;-1.97347915215506;-2.2943897138504;-2.24992940639341;-2.02379546626643;-1.41275420847551;-1.88132696800164;-2.46558939375794;-1.89347176958211;-2.12324469906671;-1.71861096050542
2800;-2.55735870076407;-2.51681592728288;-1.47971093663733;-2.85964979652805;-2.02237227014548;-2.14525192713767;-2.27207195494864;-2.54739034930354;-1.47940989711474;-2.15431853541978;-2.06190700821134;-2.08125582274709;-2.38813336707508;-1.16637548532431;-2.89967821534376;-1.8641203176676;-2.37757883726931;-1.99391985013661;-2.12050549537632;-1.76494261278519;-1.97162195922963;-2.28056117233758;-2.25338006271003;-2.01413179128947;-1.40859842924291;-1.8881963414439;-2.4566407898135;-1.87860751652298;-2.13877232154516;-1.7083394030422
2825;-2.55559233922864;-2.5157916547391;-1.47807763053927;-2.86758998430464;-2.01904828423162;-2.13811449056715;-2.27473474210981;-2.53704969730299;-1.47142313899846;-2.1536912920006;-2.06163871599748;-2.09175522422386;-2.38966107400833;-1.16177646377742;-2.90193288274128;-1.85275300434046;-2.37632375866811;-1.98569714876362;-2.11840712962896;-1.74681960863045;-1.96972722318537;-2.2685170216218;-2.25334553812398;-2.00381001997435;-1.40753532144091;-1.89720740808079;-2.44468388737824;-1.86575321458169;-2.14010509487425;-1.69642867697061
2850;-2.55359070248872;-2.51872186729557;-1.47343020883392;-2.87723172445463;-2.0124569743325;-2.13404176776234;-2.27647222329828;-2.53027530675342;-1.46803538397161;-2.15081044336666;-2.05886114285023;-2.10690733593935;-2.3858264964147;-1.15832476016212;-2.90325568789395;-1.8459745910269;-2.37613114944827;-1.98167218796661;-2.11166693455688;-1.73254183467764;-1.96659763729115;-2.25834989668221;-2.25180299662191;-1.99172675655047;-1.40765624215054;-1.90569816814324;-2.43244733187024;-1.84878132523742;-2.14716947764858;-1.68515597118402
2875;-2.55405070518013;-2.52290268545081;-1.46726781265709;-2.88598127200559;-2.00148510723693;-2.1308634432644;-2.28051522191676;-2.52853419618433;-1.46604305732397;-2.1524773619706;-2.05680488698368;-2.111687627981;-2.37411012574443;-1.15447670881436;-2.90265993914788;-1.84053297970494;-2.37112850554472;-1.9779342495679;-2.10519174631096;-1.71542390393119;-1.96431602666756;-2.25074225628937;-2.25393169246946;-1.97867952843707;-1.4072026750701;-1.91671981902711;-2.42182942948082;-1.83179062076033;-2.15309088764353;-1.67456217642465
2900;-2.55140039419672;-2.52431859571376;-1.45857279245686;-2.89339474636043;-1.98739505655467;-2.12755438759158;-2.28726524541204;-2.53052483119019;-1.4735297400977;-2.15584895049499;-2.04947386486945;-2.12061969938578;-2.36295438353227;-1.14776173847856;-2.90318038031643;-1.8383681439578;-2.36368611484059;-1.97150594206019;-2.09689664795369;-1.70017244048432;-1.9637011813474;-2.24310848316634;-2.25479258241944;-1.96404081266728;-1.4059832987496;-1.92826134639344;-2.40969336420842;-1.8155332216876;-2.15254389962942;-1.66342884078965
2925;-2.54931784903827;-2.5234121904637;-1.45046591563469;-2.89990110662917;-1.97552999216262;-2.12063947152351;-2.2888452590545;-2.53760022360885;-1.45483830512844;-2.15983255715523;-2.04683850637195;-2.1348907460234;-2.35276641682919;-1.14332892233218;-2.90495849608549;-1.83745473985582;-2.35381133724414;-1.96728670732483;-2.07722105626735;-1.68669375511643;-1.96240331671277;-2.23753000870159;-2.25377742390438;-1.94658059539839;-1.40530378099806;-1.94135628835091;-2.39800798315223;-1.80005433301358;-2.14555829643338;-1.64925322433019
2950;-2.54950017625386;-2.5240567739743;-1.44442222453574;-2.90761119866393;-1.96148972248817;-2.11711681396003;-2.29875641659526;-2.54309093253674;-1.44819763811703;-2.16195273042558;-2.04285130588731;-2.14382469407995;-2.34127652024727;-1.14338082910047;-2.90410297698601;-1.83099029030281;-2.34452935981238;-1.96066425873306;-2.06110547070227;-1.66977562202897;-1.96024833874876;-2.22908252518204;-2.25498781889393;-1.93104947348627;-1.40393871846111;-1.95425295283803;-2.38599955017515;-1.78327003959992;-2.14448806971778;-1.6322445969317
2975;-2.54626237933373;-2.52455368825233;-1.43808437751929;-2.91119841885893;-1.94801692037785;-2.11473984532691;-2.28933521277928;-2.53996134125595;-1.45394507584115;-2.16310129332451;-2.03425768091724;-2.1593875375011;-2.32761385897446;-1.14298143791213;-2.90303217543386;-1.82593278712813;-2.33753572945396;-1.9553464420466;-2.04730983563073;-1.65937584988626;-1.95808656434603;-2.22082066950413;-2.25555628177815;-1.91961038462208;-1.40084285036635;-1.96690458174378;-2.36962890967414;-1.76760722416448;-2.14074731682435;-1.61810631503309
3000;-2.54169067939505;-2.52592790044447;-1.43306324171078;-2.91375066778269;-1.93805762499373;-2.1115660125639;-2.27689954766525;-2.54114526991529;-1.45399908246002;-2.16352828145139;-2.02525843318824;-2.17244911975775;-2.31310518679253;-1.14216642648931;-2.90058659856921;-1.81885051490696;-2.32735754957793;-1.95072411197657;-2.03511534637008;-1.64987748991146;-1.95370056732227;-2.21346354574042;-2.25700227759279;-1.91004223785667;-1.39734521026243;-1.97860991969005;-2.3558863430391;-1.75296029368969;-2.13848964296526;-1.60341222167601
3025;-2.53827873418869;-2.52409619301771;-1.42792211900344;-2.91628007648704;-1.92821059538562;-2.10693432710747;-2.27611881817866;-2.55085258071008;-1.45894910499886;-2.16424473441559;-2.01791003598504;-2.1872887815356;-2.30058030831919;-1.14201013186713;-2.89583614209073;-1.81301679265305;-2.31397087673522;-1.94944503006381;-2.0255744100112;-1.63674132482924;-1.94945824432571;-2.20610820964721;-2.25296075707484;-1.90180140061825;-1.39250414643347;-1.98825293873233;-2.3435044231647;-1.74457350053845;-2.13201798157298;-1.58737932934703
3050;-2.53646168141526;-2.51875699804429;-1.42544004158695;-2.91669644786781;-1.91830195820757;-2.10283864276205;-2.28136781064666;-2.56161929474475;-1.47015824195371;-2.16586863427721;-2.00924962750888;-2.1987759843092;-2.28643335851563;-1.1417811930701;-2.89436549144533;-1.81177685882985;-2.3004862950413;-1.94953943879829;-2.01634232249079;-1.63545922339143;-1.9448905853461;-2.2067817938376;-2.24815968672582;-1.88864752077947;-1.38616724638013;-1.99500639539209;-2.33146866579225;-1.73856118143756;-2.12643323113942;-1.57158574905229
3075;-2.53251717004976;-2.51528972035635;-1.42401942641574;-2.91760788191074;-1.90965260706242;-2.09998563356129;-2.28683914580654;-2.56938452923191;-1.48966932317993;-2.17235743863993;-2.00015742976008;-2.20861403565176;-2.26778034655605;-1.13702346825742;-2.88825865379827;-1.81356037778735;-2.29110524164763;-1.95099441273627;-2.00716275775943;-1.63083008062088;-1.94068304484311;-2.20309564975627;-2.24175659938256;-1.87801694600345;-1.3805710712628;-1.99595856416559;-2.31993068679402;-1.72624348079761;-2.11802060211433;-1.55964385287012
3100;-2.52741558543821;-2.51255039822956;-1.42300772137177;-2.9186034206901;-1.90539428427357;-2.09471622027937;-2.28317309003015;-2.57945770320293;-1.49776862668505;-2.16330855147202;-1.98753868744839;-2.21452036020847;-2.24841377063636;-1.13406846620953;-2.88762973181789;-1.81341612312303;-2.27906696877491;-1.93545531251748;-1.99948870716857;-1.62554004432455;-1.93621820000115;-2.19492053127394;-2.23675478709083;-1.87285863305541;-1.37605190443724;-1.99439234353934;-2.31149567104698;-1.72122208123617;-2.11045363032759;-1.54840124591624
3125;-2.52490538553087;-2.50752334799106;-1.42237072960438;-2.92013049490531;-1.90647287591186;-2.09441447417931;-2.28079509466411;-2.59327329768088;-1.50876146198362;-2.14905177989825;-1.97741756291444;-2.21815009331863;-2.22754068718213;-1.13193707614023;-2.88593913858539;-1.81385886646743;-2.26899077262361;-1.92459449447814;-1.9937718999319;-1.62541838860994;-1.93241247560506;-2.18836454441677;-2.23043890540377;-1.86957194935445;-1.37173446826529;-1.99214569668454;-2.30477936854869;-1.71845784280737;-2.10504714929036;-1.53926132360437
3150;-2.51951804026409;-2.50000757185898;-1.42287893608362;-2.92178415352056;-1.90996739019852;-2.09298727065904;-2.27843495266413;-2.61172331378404;-1.52096426718916;-2.141734882646;-1.96390700186206;-2.21679204753426;-2.20510977864741;-1.1309657052534;-2.88639180390165;-1.81422009947093;-2.2648696912965;-1.911493603917;-1.98918552985675;-1.6295552348444;-1.92893467349686;-2.17814507416723;-2.21853966556684;-1.86428966124756;-1.3683629440982;-1.99620844362052;-2.29983428919453;-1.71943747396251;-2.09728106013295;-1.53144334360585
3175;-2.51302523012152;-2.49094035789425;-1.42356042401443;-2.92716925479056;-1.91377245523944;-2.09440089439535;-2.27731102159346;-2.61960566575151;-1.53776877213337;-2.13071377887135;-1.94973376786574;-2.21091109663105;-2.18377086016775;-1.13002509573573;-2.882785236275;-1.81623690616554;-2.26280798596183;-1.89840742387494;-1.98723297167835;-1.63619088528069;-1.92669904705484;-2.16724536652204;-2.2088394340034;-1.86013949503374;-1.36681964873097;-1.99925754680577;-2.29566449363068;-1.72238055255743;-2.0900496072424;-1.52684596362256
3200;-2.50837666373246;-2.48246669117805;-1.42523917380029;-2.92794416044646;-1.92117071265461;-2.09845045751763;-2.28109901336943;-2.62816539238246;-1.54577301127215;-2.12261938335207;-1.94090712323705;-2.20068567437495;-2.16193487416814;-1.13392321229147;-2.88011357788272;-1.81187828302144;-2.26144124413039;-1.88588560308808;-1.98643557825007;-1.64685523290058;-1.9231912931868;-2.15636232070507;-2.20025618072737;-1.85663845187728;-1.36363570291766;-2.0044675115601;-2.29254943272641;-1.72115303506403;-2.07884173782171;-1.52399855223666
3225;-2.50466204863485;-2.47743900191703;-1.42721915541059;-2.92799498917887;-1.9273161557855;-2.10265992149502;-2.28164603509119;-2.63356981360086;-1.54894574308469;-2.11731954251474;-1.92607538673221;-2.18883906643389;-2.14313318360086;-1.13606492713348;-2.87393624304126;-1.81725366614295;-2.260108827156;-1.8760729954028;-1.98714256685311;-1.6580918033369;-1.91578495730146;-2.14824027688243;-2.19820429259581;-1.85284034070502;-1.35947501872326;-2.0076889668378;-2.28439927792148;-1.72160034845625;-2.06553262834998;-1.52460783283971
3250;-2.49649132697742;-2.47570040373597;-1.43123187056202;-2.92966278281731;-1.93057015698391;-2.11037421305755;-2.28467635146838;-2.63830543458312;-1.55671967790647;-2.11600517841549;-1.91277270020425;-2.17282682126803;-2.12446476688911;-1.13780001010558;-2.86731388862465;-1.81699960067603;-2.25943573752849;-1.87171935006692;-1.98754145024326;-1.68070238202687;-1.9062207438628;-2.14145035482143;-2.19293947762422;-1.85446884083183;-1.35426788199508;-2.01399425764459;-2.28364693060983;-1.7238573116433;-2.05471562289339;-1.52690889649876
3275;-2.48456695165231;-2.47705235398121;-1.43538987668499;-2.93277008809444;-1.9340630101242;-2.11717875785366;-2.28660081551478;-2.64029317976842;-1.56152933035805;-2.11715118295595;-1.89621916646064;-2.1566380435652;-2.10575916212712;-1.14159928475112;-2.8605873403059;-1.81459707758408;-2.25857084780998;-1.86992658632348;-1.98909400930076;-1.69525063520937;-1.89787306731471;-2.13687822413545;-2.18747034461904;-1.85528585145796;-1.34976975269294;-2.02307094773018;-2.28618639214035;-1.72869058809222;-2.04124851870779;-1.53563256093974
3300;-2.4707113784657;-2.47687548727786;-1.43897811010316;-2.93501738555902;-1.93916087876727;-2.11776443799415;-2.29084419316349;-2.64006517639604;-1.5739125888854;-2.11848640962122;-1.87018332443966;-2.13923026530751;-2.08666649762361;-1.14649858746727;-2.8604703889893;-1.81346294930483;-2.25882816201736;-1.86648773498076;-1.99004501559383;-1.71191600028082;-1.88878672369624;-2.13675154852648;-2.18484197060668;-1.85337896188923;-1.34777530472079;-2.03084221085596;-2.29099127343623;-1.73389319923102;-2.02462594028918;-1.53652361323824
3325;-2.4584300802053;-2.47519691806678;-1.445198455098;-2.93702848858661;-1.94540798378722;-2.12198153712305;-2.29626130161459;-2.63972510088203;-1.58069619765312;-2.12206361650207;-1.84947734639623;-2.12005142189761;-2.07124149400952;-1.15404813810727;-2.86434391712201;-1.81416625600822;-2.26006185603481;-1.86715840330876;-1.98872042595007;-1.72687024082254;-1.88016086909057;-2.13649966566645;-2.17850187598095;-1.85160419215374;-1.34604866083828;-2.03151131620941;-2.29831705959163;-1.73654319646175;-1.99434003479193;-1.54202281313965
3350;-2.44841944334252;-2.47732901791334;-1.45243245084877;-2.93996649623229;-1.95366971433364;-2.12786707785907;-2.3010063263038;-2.63611756783389;-1.58116785468977;-2.12575323861265;-1.82915288182513;-2.09741693460908;-2.05656130062263;-1.16241119841082;-2.87048751607688;-1.81428950338996;-2.25975048990525;-1.87457516353868;-1.98436632571194;-1.73729162985917;-1.86949034938384;-2.14207640933175;-2.17059729508754;-1.84798604284687;-1.34477830529393;-2.02298719212371;-2.3069802617124;-1.74178147202376;-1.96814907837453;-1.55026300562153
3375;-2.44185870544124;-2.48250531197415;-1.45542499732119;-2.94466004015287;-1.96331989068748;-2.13588012194736;-2.31018798187011;-2.63248097223717;-1.57872767556722;-2.13140172329289;-1.81693162294957;-2.07696617982071;-2.04275085853651;-1.17279278736751;-2.87894597279377;-1.81531627869699;-2.2604606926291;-1.87603047441208;-1.97898628356549;-1.75180739344629;-1.85692593213264;-2.15133703355658;-2.16141216179538;-1.84430917785833;-1.34463954238137;-2.01760551925048;-2.31536629412754;-1.74772671558586;-1.94601494995944;-1.56106468904333
3400;-2.43807567975634;-2.4864277696384;-1.45771964516459;-2.94864122019415;-1.97432149646505;-2.14250482080122;-2.31696291463646;-2.62391342220562;-1.57648035928551;-2.12965429637611;-1.80540190441269;-2.05805213364126;-2.03558990921502;-1.18455550446752;-2.87601969757174;-1.81704959405153;-2.25803491173418;-1.87497365941637;-1.97259601865788;-1.77003269564224;-1.84501961703096;-2.1533221217672;-2.14987842476622;-1.84431837843052;-1.34072785068653;-2.01533641192203;-2.32594812866166;-1.75595858156584;-1.91898787442233;-1.57287957157178
3425;-2.43474135704123;-2.48717169000226;-1.45987404451683;-2.95248281853525;-1.98403595005324;-2.14721813473335;-2.320589856985;-2.61509455016649;-1.57435989049922;-2.13288823911304;-1.79594515003333;-2.04499194646656;-2.03487254614427;-1.19890297558097;-2.8850404269124;-1.81824925511466;-2.25668972942659;-1.88524032094843;-1.96721409742537;-1.78370831996689;-1.8323964773895;-2.16188918185095;-2.14170773440763;-1.84869566101626;-1.33684036455144;-2.01291877347397;-2.3396177906244;-1.76709771862402;-1.89672208081279;-1.58948946304851
3450;-2.43245004870649;-2.48224033643287;-1.46278404066715;-2.95564767275089;-1.99252673608567;-2.15128494253694;-2.32583788200682;-2.60874999257272;-1.57153798072276;-2.13910685270592;-1.78900282438274;-2.0268084243232;-2.03611819063067;-1.21214249511104;-2.89663983293365;-1.81996171863623;-2.25509582169657;-1.89492561722372;-1.96119963925723;-1.79496150606259;-1.81914216324175;-2.17278441784975;-2.13565776660867;-1.85277979817997;-1.32980877729964;-2.00884199908408;-2.35323404982814;-1.78083482429379;-1.87893088291794;-1.60102237747876
3475;-2.43165439585924;-2.47749544249163;-1.46587216628916;-2.95934413696551;-2.0002645686981;-2.15341924766847;-2.3303299406902;-2.60668557899779;-1.56453850256662;-2.15307481090567;-1.78877019911557;-2.01250767748969;-2.03719745897969;-1.22540890471483;-2.90557492657349;-1.82373518787244;-2.24913291033853;-1.90612133408534;-1.95841415320544;-1.80724251126054;-1.80546659216731;-2.18332709361739;-2.13082625298952;-1.85439493577874;-1.32306231068082;-2.0068110618353;-2.36871843163591;-1.79590142527716;-1.87274796696089;-1.61282812534628
3500;-2.43446038985032;-2.47303516230763;-1.46693178317395;-2.96366492457784;-2.00771101659125;-2.15612940497316;-2.33421398972296;-2.60812312906881;-1.56349021899552;-2.15263812265943;-1.78862317054728;-2.00205707834459;-2.03942288735092;-1.23443732490394;-2.91612803256148;-1.82163950498235;-2.24659174721877;-1.91913965020181;-1.95759271669853;-1.81782178068432;-1.791972292184;-2.19312427572653;-2.12371282417603;-1.85552023372123;-1.31939729114078;-2.00346611522627;-2.38503377649808;-1.81522970729489;-1.85373754009247;-1.6240975530347
3525;-2.44015062175208;-2.46898506138704;-1.46747384272713;-2.96979300171598;-2.01818915499833;-2.15909427577019;-2.33911971672938;-2.6128189522937;-1.55912967653755;-2.15469184801256;-1.78650469480245;-1.98509982818405;-2.04234452310981;-1.24360197540441;-2.9285891924432;-1.81846809925137;-2.24572364521153;-1.93343403463711;-1.95861640004454;-1.82978599416496;-1.77956063400142;-2.21139265833254;-2.11265032700233;-1.85686570994055;-1.31692455672246;-2.00453757008718;-2.39900733197946;-1.83246068571156;-1.84895178240244;-1.6359791658856
3550;-2.44280156284023;-2.46589299488127;-1.46933661736594;-2.97542184005011;-2.02829337278933;-2.16253442029324;-2.34511220945615;-2.61939550047152;-1.55644809529329;-2.16223332914426;-1.78619669080122;-1.97654948354723;-2.04744118148079;-1.24964390371258;-2.94013235203543;-1.81427378764188;-2.24772256948559;-1.9509711289195;-1.96386520502833;-1.83886157016301;-1.76945887186108;-2.21820914059497;-2.10755192474119;-1.85889868877825;-1.31883098764836;-2.00455079453328;-2.41240353122045;-1.85072601867546;-1.83499529264476;-1.64643344263576
3575;-2.44292617972364;-2.46238506046975;-1.47158575265304;-2.98036678107527;-2.03747386497434;-2.1611404225483;-2.35302447548895;-2.63131397743397;-1.55673070229554;-2.1695642778482;-1.78875594044125;-1.97218560181138;-2.0525867474984;-1.25625131502666;-2.95361525953468;-1.80847807786744;-2.25240443136251;-1.96588139950659;-1.970211696355;-1.84585069826996;-1.76173401363914;-2.22035938812596;-2.1015725745475;-1.86164214947984;-1.31678755676818;-1.99832083163455;-2.42438944686106;-1.87406021291156;-1.82373580077501;-1.65643334989228
3600;-2.44531276460863;-2.45793507676297;-1.47429824068949;-2.98542412027025;-2.04362876087804;-2.15993834401963;-2.36192927342149;-2.64534400816853;-1.547326392288;-2.17482146319759;-1.79112907370355;-1.97288909629533;-2.055706217131;-1.26324826596101;-2.96871207128964;-1.80641325082819;-2.25897831496581;-1.97729810363434;-1.98044288189172;-1.85132943056844;-1.75533554028131;-2.21898356816031;-2.09367364453193;-1.86533516201292;-1.31496626521294;-1.9969384504399;-2.43291754988588;-1.90023973541183;-1.81896916092335;-1.66785273358513
3625;-2.44441505886109;-2.45303854032927;-1.47508789814166;-2.99078478466375;-2.04686854572828;-2.15921051139031;-2.37452825566822;-2.66623621938924;-1.53902107879404;-2.17951251454004;-1.79158758891188;-1.97497286263066;-2.0579787539925;-1.26642280308434;-2.98243214248046;-1.803334848695;-2.26160068733438;-1.9882970117003;-1.9955898359075;-1.85640388949389;-1.75361093007141;-2.22563231591268;-2.08286290431909;-1.87288800870616;-1.31385170071224;-1.9967439336691;-2.43909593481208;-1.92575258538241;-1.8094852116841;-1.67765435065963
3650;-2.44390303804899;-2.44747158842581;-1.47454957945072;-2.99605264488673;-2.04752952589212;-2.15473010182148;-2.38706163017746;-2.6833446040345;-1.53784716680684;-2.1845208331587;-1.79397768341148;-1.97721827277284;-2.05686321357849;-1.26728403788828;-2.99299489069577;-1.80404643252442;-2.26680025998654;-2.00205555477361;-2.01305043222906;-1.86412699195099;-1.75601294896247;-2.23234924928055;-2.07431555377409;-1.88219277619205;-1.30989653581552;-1.99681436479026;-2.44481728576866;-1.94973703098998;-1.80507389772152;-1.68372492209832
3675;-2.44622336096529;-2.43811712554673;-1.4741741155934;-3.00161857986414;-2.0474475965371;-2.15053811929378;-2.39903058869545;-2.70069770530221;-1.53714901546132;-2.19158944991947;-1.80177296144805;-1.9767234207307;-2.0509502076922;-1.26993890688474;-3.00187880962292;-1.8017455677161;-2.27170493334109;-2.01330979404745;-2.03226440375999;-1.86526520449047;-1.7605249833964;-2.24019458820416;-2.06961371436394;-1.89432925444244;-1.30718444305411;-1.99995514657209;-2.44823142134416;-1.97459168477665;-1.80956700116026;-1.69172488891346
3700;-2.44712875078568;-2.42519383400798;-1.47084153986241;-3.00390506768869;-2.04532870047202;-2.14690668192069;-2.41188324528242;-2.71973440373475;-1.54100384427846;-2.19848399033082;-1.80629995845705;-1.97169987739767;-2.04379069571694;-1.26818672335548;-3.01392220094131;-1.80305351242782;-2.27690572894304;-2.01388239870963;-2.05309440572779;-1.85638639639844;-1.76805116023102;-2.24879177562572;-2.06342143488701;-1.91067282100136;-1.30565701095369;-2.00518702565401;-2.4471262393011;-1.99897300010357;-1.81406341048999;-1.69665050816921
3725;-2.44883209333221;-2.41287438148894;-1.46842490771578;-3.00681166124501;-2.04142659979743;-2.14458090719082;-2.42048100050074;-2.73577534384331;-1.53323750840487;-2.20910928102452;-1.81599495367829;-1.97048479036503;-2.03467881680092;-1.26666910025027;-3.01630545374879;-1.80408393797341;-2.28412569165242;-2.01530112982101;-2.07139362350377;-1.84677304085749;-1.77865144600472;-2.24951328539448;-2.06241580880718;-1.93135794660731;-1.3060471184177;-2.01126158360554;-2.44607810719243;-2.01928477132649;-1.82455294584108;-1.694164784003
3750;-2.45106038688251;-2.4010580550748;-1.46788116496805;-3.00971615453618;-2.03795853489464;-2.1460124273762;-2.42709288457357;-2.74829812272764;-1.53452610073267;-2.21485418626078;-1.82209297703276;-1.96955603702453;-2.02599541176622;-1.26361341879739;-3.01869306684182;-1.79750912854823;-2.29272237225523;-2.01530309142614;-2.09267308068934;-1.83905881312737;-1.78930631284358;-2.24971103805683;-2.0679714081901;-1.95820239306254;-1.30794588401086;-2.01760144039494;-2.44610604546181;-2.03371337834416;-1.84042128002534;-1.69213918937156
3775;-2.45070782101726;-2.38876015078592;-1.46346881764305;-3.00804535413161;-2.03519326150472;-2.14686411138138;-2.42122913770481;-2.75975406608601;-1.53836282642916;-2.22836664120986;-1.82734411844374;-1.97278870678733;-2.01763212691739;-1.26032955096824;-3.01381519346994;-1.79696956747404;-2.30087261685479;-2.01266163263436;-2.11319574913198;-1.83433268691077;-1.80059889687762;-2.2554425753095;-2.07767091611903;-1.98849095891331;-1.30921078577966;-2.02582213616698;-2.44488875971192;-2.04657409266472;-1.85219835276214;-1.69022724965577
3800;-2.45170554283383;-2.37711161343125;-1.45629146726345;-3.00340378100104;-2.03089768143991;-2.14650610806359;-2.4194778108706;-2.76759490585375;-1.53369777627228;-2.23764933268934;-1.83521094698731;-1.97376429036791;-2.00945723646299;-1.25858282858001;-3.00814533895289;-1.79751135739014;-2.30608043979572;-2.00970282199363;-2.13171154303248;-1.82991197244687;-1.81200137067417;-2.25850450147366;-2.0853756744176;-2.01916882769689;-1.31113286965924;-2.03116973100876;-2.44207531178013;-2.05777053294269;-1.86832291127483;-1.68286684973149
3825;-2.45371892582271;-2.36654060353567;-1.44920740546071;-2.99803652848589;-2.024358633268;-2.14552152713883;-2.41926035873326;-2.76614143606505;-1.53489879315172;-2.24624708080976;-1.83540622948637;-1.98043497629598;-2.00309255232808;-1.25947741561148;-3.00140023971295;-1.79968151537609;-2.31276239537348;-2.00689838218817;-2.1487072044901;-1.81794652265803;-1.82327218304183;-2.26371723418441;-2.09379617162768;-2.04890730675121;-1.31320712625506;-2.02978380945046;-2.43879756625716;-2.06687508009766;-1.88090112412466;-1.67449171169888
3850;-2.45717121714349;-2.35597345883095;-1.44456751244659;-2.99158654237395;-2.01695889087785;-2.14761844585;-2.41945542430554;-2.76050132490461;-1.54265817864158;-2.25424288055857;-1.83343612551367;-1.98377662979306;-1.99654024332336;-1.25887619743765;-2.99364910911557;-1.80187916021154;-2.32359033376905;-2.0023478389153;-2.16172181854311;-1.81431192818026;-1.83356227020756;-2.27019412638445;-2.09948405956132;-2.0762336968915;-1.31697146439437;-2.02642333894295;-2.43202391133621;-2.06714317856542;-1.89371513828848;-1.66295732012976
3875;-2.45944719374038;-2.34637680266303;-1.43952425724531;-2.97986257170301;-2.01196224236053;-2.15057018740315;-2.41695340697335;-2.74599429214102;-1.55893401267041;-2.26448328323524;-1.83185455137539;-1.98818072386142;-1.98930492016685;-1.25236977593319;-2.9873509956532;-1.80363271554607;-2.33584859686;-1.99477436400373;-2.17333590885142;-1.80327540130136;-1.84325675506573;-2.269089442032;-2.11036772926044;-2.10800008400959;-1.32075619544197;-2.02098490019231;-2.42506389726043;-2.05799065397504;-1.90071372143328;-1.65361807959493
3900;-2.46374126497854;-2.33788278893433;-1.43505198272385;-2.96778076252383;-2.00928334796472;-2.15141955876279;-2.40409816994939;-2.73497583548092;-1.56072277910301;-2.26303616758304;-1.82944939454834;-1.99468310071279;-1.98359006420389;-1.249714137459;-2.98098640898087;-1.8013403382328;-2.3454398006931;-1.9906161160767;-2.18396251658;-1.79532199536825;-1.85336448215455;-2.26750396936596;-2.12459184749547;-2.14274399969676;-1.32433072892336;-2.01592288854822;-2.41909204729528;-2.0514926503279;-1.90701862838348;-1.64314729269955
3925;-2.46963767105163;-2.33008251812877;-1.42880031388857;-2.95424490495538;-2.00727540518307;-2.15485823802416;-2.39736426858067;-2.72253280052696;-1.56597136047656;-2.26512783359278;-1.82744028809415;-1.99848734276192;-1.97763943574906;-1.24809538378691;-2.97112010868225;-1.79828063278467;-2.35697405603741;-1.98676720592254;-2.19160960801337;-1.78660766665533;-1.86359353098893;-2.27036455750308;-2.13862376753482;-2.16990044374873;-1.32920972692942;-2.0119296848846;-2.41262453819139;-2.04183941332575;-1.91701738945112;-1.63315184143551
3950;-2.47607650336466;-2.32425596168756;-1.42527504799721;-2.94280112963489;-2.0054279782569;-2.15736254919091;-2.38765748345547;-2.71265461704179;-1.57110148371691;-2.26760645559065;-1.82094243049092;-2.00021573935835;-1.97129482802847;-1.2466525370472;-2.97067829167348;-1.79711864750921;-2.36620333343065;-1.97944913128638;-2.19576556227077;-1.78135172202545;-1.86610895428498;-2.26974074162912;-2.14794080800406;-2.18895931160531;-1.33640833433632;-2.00863098321481;-2.40640038784665;-2.03198506499079;-1.92182466738694;-1.62335079470469
3975;-2.48517845077543;-2.31981949402113;-1.42312343562131;-2.93282612989744;-2.00520389894487;-2.15974992319621;-2.38076659861994;-2.69357661017741;-1.5754565539031;-2.26215525503644;-1.81532436223271;-2.00569025528862;-1.96558936137069;-1.2457560608573;-2.97284293213885;-1.79602011319958;-2.37353775315076;-1.97405227839021;-2.1962551064825;-1.77653573230647;-1.86235425882206;-2.26734001059018;-2.16379362827808;-2.20577048266482;-1.34506690838008;-2.00329310577602;-2.40142988530772;-2.02133815813086;-1.92912491564411;-1.61286217972063
4000;-2.49854447511632;-2.31606168869775;-1.41963886131101;-2.91847739401204;-2.00753138663008;-2.16063917328173;-2.37549445486145;-2.67608488355026;-1.57392772932547;-2.25821531545658;-1.81087884643011;-2.00312202710259;-1.96193012822685;-1.23778612700115;-2.97391423988691;-1.79424805843115;-2.38013065977588;-1.96910235719563;-2.19523474845596;-1.77282325898629;-1.85485388793955;-2.26734283730063;-2.17462561296821;-2.21721721028989;-1.35277855145379;-1.98879319932065;-2.39687111975815;-2.00710469245915;-1.93198238318108;-1.60388208158545
4025;-2.51334600264548;-2.31481871743953;-1.41602256105833;-2.90702164578523;-2.01034291371953;-2.15969490518373;-2.36592406883175;-2.65559822557129;-1.56848088375312;-2.25275473733699;-1.80233057825582;-1.99842063340142;-1.96028123471824;-1.23212772441556;-2.97304127768361;-1.79045403550825;-2.38458758530793;-1.96649982280574;-2.1914888284852;-1.77361537127007;-1.8454564878446;-2.26612763530168;-2.19056638842099;-2.21990559951923;-1.36042340745791;-1.97544234790309;-2.39569692842687;-1.99360609130156;-1.9309774442475;-1.59717743386482
4050;-2.52339587747625;-2.31509921891039;-1.4142608250231;-2.89757342272352;-2.01491660949933;-2.16023973039606;-2.3542092929695;-2.63670240130101;-1.56499773798615;-2.24849418155242;-1.79841210047675;-1.99364906174992;-1.96062882369774;-1.22152756740076;-2.97022674530578;-1.78000582723041;-2.39196217954937;-1.95986718032379;-2.185266252985;-1.78257650075813;-1.83588031256854;-2.26677976240456;-2.19838446319051;-2.22208881079519;-1.36781850332342;-1.9635466427347;-2.39570741741686;-1.98325495342554;-1.92801133116664;-1.59321246506699
4075;-2.52982681353392;-2.3171245559461;-1.41260222444757;-2.88880041695188;-2.0174329788862;-2.16130576652717;-2.34267762965039;-2.61715666240982;-1.5510706484004;-2.23982795862277;-1.78706816793265;-1.99199972553418;-1.96090796767673;-1.21721901135408;-2.96474503096474;-1.7657177810672;-2.39978597214348;-1.95913248491596;-2.17780538637324;-1.78397364388193;-1.82883983750498;-2.26764685470835;-2.20676640806009;-2.21571253892091;-1.37532346878716;-1.95167888627431;-2.39316084172659;-1.97187248223846;-1.91873516173305;-1.58743636377743
4100;-2.53335615952621;-2.32007600856795;-1.41100040914871;-2.87953021502561;-2.01722591849031;-2.16380143709121;-2.33094728886365;-2.60063337643703;-1.54114580652021;-2.22635759884726;-1.77448974029355;-1.98818005774172;-1.96032353297572;-1.21415351829344;-2.96209555713603;-1.75282099991084;-2.4017497052336;-1.95719030160864;-2.16506876428494;-1.78753212035303;-1.82465761022922;-2.26913465215077;-2.21539313284985;-2.20109175633218;-1.38284388590447;-1.94111475373819;-2.38981351725318;-1.95952422445904;-1.91041612583332;-1.57965615621236
4125;-2.53479491673355;-2.32425026885799;-1.41237856643824;-2.87145454457707;-2.01908290443822;-2.16245845728943;-2.31951405657435;-2.58803902085295;-1.52158953344399;-2.21615433625167;-1.7632174406026;-1.97961794403704;-1.96079225131148;-1.21199998406067;-2.95971413132455;-1.74124202016032;-2.40474466792009;-1.96020796118147;-2.14916766062735;-1.79145109755354;-1.82593078129398;-2.27010071794325;-2.22342201355219;-2.18514677702901;-1.38895756741465;-1.93071261648249;-2.38891470063029;-1.94890541861026;-1.90163812510367;-1.57980713200879
4150;-2.53481864492738;-2.33094110942749;-1.41270112021851;-2.86538899106596;-2.02246626495026;-2.16369193087498;-2.30728139614547;-2.57613218601938;-1.50059833872835;-2.20456862403642;-1.75246748792673;-1.97570779687804;-1.9625690706608;-1.21080467742729;-2.95434758898956;-1.73109654261498;-2.40956114763228;-1.96251991160653;-2.13042803065965;-1.79116498751086;-1.83035737640985;-2.27103154923986;-2.22403180338268;-2.16474059161761;-1.39529701753961;-1.92055740743139;-2.3880568221856;-1.94241114316387;-1.90399721380692;-1.5822026482118
4175;-2.53706279407641;-2.33815994681599;-1.40974313716541;-2.86027646335401;-2.02657225263233;-2.16602431889165;-2.29825450368227;-2.56604473219207;-1.48312162154759;-2.19672882917623;-1.74863904698731;-1.97541031267664;-1.96343671017742;-1.21139604511433;-2.94599337325519;-1.72145952926872;-2.41223084786357;-1.96791478409535;-2.11011430582822;-1.79912363630529;-1.83978834898563;-2.27573368216275;-2.22202783062224;-2.14664666520372;-1.40266769262913;-1.91351884987494;-2.3894016437853;-1.9371889659318;-1.89475985130212;-1.58642484179048
4200;-2.53757822134286;-2.34051779476126;-1.41005317479646;-2.85523261680586;-2.03030355817756;-2.16678287926947;-2.28870586783002;-2.55740423490888;-1.46828594469877;-2.1836552846696;-1.74283986260715;-1.97706662524385;-1.96811705468674;-1.2148493375978;-2.9390536972847;-1.71485968917902;-2.41211480977664;-1.97541113509753;-2.09010919687863;-1.81014531896434;-1.85625862388121;-2.28246870139311;-2.21682371089816;-2.13516977734689;-1.40546946744538;-1.91336328903171;-2.39357579747845;-1.93541749662808;-1.89273006669129;-1.59456806284288
4225;-2.53466867436196;-2.34137006442057;-1.41260066287217;-2.84885553172436;-2.03188809729963;-2.16211634509064;-2.27755658195115;-2.54883925535223;-1.45558835277598;-2.17825003657265;-1.74236833655228;-1.9824364380555;-1.97764600927593;-1.22270729562876;-2.93413093577731;-1.71666303082894;-2.41299609031031;-1.98571901631305;-2.07075926099883;-1.81726430567455;-1.87759929256625;-2.29050673684792;-2.20910094876586;-2.1293223269165;-1.40835494690597;-1.91795941225551;-2.39907314323616;-1.93486145232272;-1.88787748453502;-1.60432845143526
4250;-2.5301088242044;-2.34501177306298;-1.41605687560687;-2.84330593197593;-2.03301801050673;-2.15720150726529;-2.2640501125907;-2.54071031120751;-1.44381900642605;-2.17475083568729;-1.74610605290403;-1.98792579857333;-1.98751694186546;-1.23232689733559;-2.92647825670415;-1.72720453590141;-2.40889886781554;-1.99257079673712;-2.0515517732717;-1.817712422141;-1.9041721802685;-2.29833343203199;-2.19885811067631;-2.12566752138044;-1.40921716899549;-1.9237761641957;-2.40584134864156;-1.93618350157358;-1.89252126226755;-1.61220655595086
4275;-2.52699042588291;-2.34815331127327;-1.41648671482783;-2.83724689262095;-2.03268550290401;-2.1544398753717;-2.25210600613673;-2.53448290426881;-1.43628425372827;-2.17641963536751;-1.75867564133149;-1.99872583553355;-1.99571354003567;-1.24212956332483;-2.91558415606271;-1.72756729903073;-2.40132717898708;-1.99677303285453;-2.03418731245946;-1.82529788451582;-1.93606443742268;-2.3056536190028;-2.18819357731208;-2.12457417344261;-1.41224835063941;-1.93003865208535;-2.41208958470245;-1.94202356852175;-1.91006785408492;-1.62373604727128
4300;-2.52678026858222;-2.35226228917893;-1.41534511739509;-2.8315999989625;-2.02986440587573;-2.15372585683975;-2.24251832152651;-2.53047462277168;-1.43135365261841;-2.16221568108677;-1.76877430578547;-2.01327802294065;-2.00339531769471;-1.24841346287936;-2.90835058531703;-1.725899607088;-2.39619675951769;-1.99973628545411;-2.02088165864301;-1.83463857817996;-1.97082950293264;-2.31532527656661;-2.1738192211563;-2.12621790190731;-1.41449731501429;-1.93698762450955;-2.42161475836197;-1.9455335695175;-1.9164448289409;-1.63995790356515
4325;-2.52962994748784;-2.35655238649283;-1.4122787437838;-2.8245293483964;-2.02974479048002;-2.14898853867337;-2.23507731629366;-2.52876739918466;-1.4300451832773;-2.15520488573804;-1.7870413283031;-2.03095064783548;-2.00949264126682;-1.25532265650738;-2.90553996152521;-1.72986489589121;-2.39222694924913;-2.00613600863666;-2.01073337613877;-1.84782525077738;-2.00673395348709;-2.33509125216503;-2.16145171556958;-2.13023441034929;-1.41510560750116;-1.94985587540861;-2.43189837170599;-1.94464138917441;-1.93974849396231;-1.66068940548895
4350;-2.52761473670614;-2.36117005484698;-1.41192062448863;-2.81825309962586;-2.0316635001657;-2.14451499193703;-2.22484290197672;-2.52847037443828;-1.4320790369154;-2.1483563648107;-1.80184815846503;-2.05076609111293;-2.01373231965598;-1.25875269287196;-2.90214962902282;-1.73668071596076;-2.38866826334507;-2.01300586467402;-2.00164828566206;-1.8550065641755;-2.04439864504216;-2.34098423089555;-2.15331204789563;-2.1355482020255;-1.41528530242618;-1.95647375431442;-2.44151197521487;-1.95082457695003;-1.95105388755342;-1.68526870090753
4375;-2.52552375902325;-2.36944420131852;-1.40941457037314;-2.81021115067387;-2.0357505165736;-2.13915857299298;-2.21914575063626;-2.53431723781527;-1.43757804829924;-2.1428662659153;-1.81457234526806;-2.07214639527917;-2.01519004457691;-1.26255552005387;-2.89652069106021;-1.74471700171444;-2.38246884186691;-2.01552650211815;-1.99506779368961;-1.86626483630092;-2.08489887396441;-2.34778493709459;-2.14265065678178;-2.14149206104336;-1.40720012579891;-1.96064131319489;-2.45403488659372;-1.95905350671204;-1.9678817405887;-1.71312087736634
4400;-2.52201135449938;-2.37859019836688;-1.40588214651661;-2.80054637641309;-2.04043469663124;-2.13211099942766;-2.21556919340415;-2.54167074833097;-1.43328412801894;-2.13830087763423;-1.82641371230842;-2.09586047412813;-2.0134513851641;-1.26526341836225;-2.89230728864205;-1.75709715747282;-2.37685589892605;-2.01357230794213;-1.99159964719057;-1.88146426824034;-2.1243726034887;-2.35368094194595;-2.13223363164733;-2.14461110539345;-1.40117122218837;-1.96927818650753;-2.46452261592193;-1.96564635958543;-1.9899906717357;-1.74174890585517
4425;-2.51795738895463;-2.38483409531557;-1.40192088928476;-2.78997367834663;-2.04450280405305;-2.12282262924911;-2.21433237157494;-2.55052165346799;-1.4334828877574;-2.13265321628899;-1.8371644037499;-2.11859848236542;-2.00941727864739;-1.2639935205912;-2.88869255213557;-1.76851574670699;-2.36837714447959;-2.01180971954654;-1.99094424077208;-1.89886710316816;-2.16166418168719;-2.36102123698501;-2.12313597988433;-2.1427596346618;-1.39271001741399;-1.97557056461136;-2.4752272048815;-1.97027409276156;-2.00034860271908;-1.76626877878463
4450;-2.51175763514569;-2.39038371581667;-1.39750578148641;-2.77840637792421;-2.04755192338528;-2.10803263173669;-2.20964852474969;-2.54949421368019;-1.43538563628538;-2.12779400402636;-1.84593944038044;-2.13624974260333;-2.00318949396301;-1.26323151312573;-2.8872487932415;-1.77998880446229;-2.36154125887051;-2.00594207142588;-1.99043954165577;-1.91534320706333;-2.19709685160134;-2.36447424990082;-2.11594069595516;-2.1355188113674;-1.37903904689442;-1.98057195895825;-2.48482793067285;-1.97217862575616;-2.00062888688475;-1.78473136663464
4475;-2.50314857803498;-2.39215439897301;-1.39246386120127;-2.76430768064265;-2.050268295405;-2.0940452178705;-2.20221647979882;-2.55058494576058;-1.4309372529962;-2.11860779320192;-1.85190989583018;-2.15245128672267;-1.99509762738275;-1.26457913921983;-2.88704173450431;-1.78482217995671;-2.35384478073306;-1.99433888757974;-1.98895566029405;-1.92520398609544;-2.22502351358567;-2.36527371617201;-2.11012835604008;-2.12442833578819;-1.36170011567069;-1.98349978018526;-2.49102408927351;-1.97107934922182;-2.00347433098474;-1.80132827221282
4500;-2.49147793616604;-2.39162634363445;-1.38506463130953;-2.74839928833381;-2.05052162471485;-2.07801866054523;-2.19278674520016;-2.5496943429452;-1.42485972028053;-2.10979509632031;-1.85108109557815;-2.15239679600661;-1.98529113050409;-1.2649749585884;-2.88500383162987;-1.78665729362665;-2.34481169585975;-1.97140191497599;-1.98786034507479;-1.92430387251793;-2.24745127901702;-2.36083784898838;-2.10489881427885;-2.1101322713181;-1.33782257211788;-1.98334323480459;-2.49537811902613;-1.96770101585177;-2.00451771640653;-1.80805037837636
4525;-2.47480086068098;-2.38975784369842;-1.37582997670684;-2.73366320669503;-2.04768109215064;-2.05960031592405;-2.18029711836015;-2.54617306832844;-1.41408481575629;-2.10122951953204;-1.84629064312677;-2.15144541221205;-1.97440676344459;-1.26833658214528;-2.87473337764041;-1.78092133308547;-2.33348966364821;-1.94791622067569;-1.98637879642419;-1.92232974678448;-2.26111245940166;-2.3476615039424;-2.10157741895117;-2.09069479302977;-1.33007431618879;-1.97866797992545;-2.49818996067664;-1.96131691653223;-2.00484898854451;-1.80749400651009
4550;-2.45609128701136;-2.38449353318241;-1.36468599699941;-2.71607868498054;-2.04182622817626;-2.0385179546443;-2.15806328535527;-2.53853531194093;-1.39790764426671;-2.08822266455341;-1.83439676702459;-2.14078061882373;-1.96528301208334;-1.27381430026543;-2.86307038104588;-1.76615338033691;-2.31528910969557;-1.92036873934822;-1.9815778407119;-1.91501366585619;-2.26121272622555;-2.33429973260429;-2.09655475668873;-2.06540567425941;-1.30929565131959;-1.97012030721867;-2.49860923638537;-1.95163015616837;-2.00086471843842;-1.80514587935534
4575;-2.43569122258597;-2.37400887301424;-1.34838833949743;-2.69699232706084;-2.03196679906247;-2.01158703866584;-2.13500835213186;-2.52819454307537;-1.37637288941887;-2.077689472121;-1.81938119318999;-2.12599407157029;-1.95775861466177;-1.28343008605921;-2.84193408642596;-1.74970817080542;-2.29037469377682;-1.88870577676815;-1.97143033311604;-1.90223638795866;-2.25160725157329;-2.31617571033134;-2.08942517390007;-2.03436914985468;-1.26795415388938;-1.95791954819524;-2.49446631040154;-1.94051532751811;-1.99124845391294;-1.80022871450122
4600;-2.41182262978733;-2.35927024449982;-1.32821542138642;-2.67599017521106;-2.01782368829489;-1.98114421815971;-2.10476733292436;-2.50956989240317;-1.34762567251809;-2.05492585323928;-1.79887677519296;-2.10572555711984;-1.95200366695785;-1.29678655500921;-2.81796986354145;-1.72724299019346;-2.26236942305515;-1.85497455025273;-1.95695187070334;-1.88313518563138;-2.2349074765568;-2.29009840659355;-2.07562647634132;-1.99874534035282;-1.21355709107602;-1.93842057720667;-2.48558256476931;-1.92857179404623;-1.98028910689572;-1.79210009987864
4625;-2.38396589201295;-2.34165834290811;-1.30763773990958;-2.65342130391568;-1.99961154252858;-1.94664309650824;-2.07074829585462;-2.47902672473862;-1.31403765734862;-2.02711992293129;-1.76583707464265;-2.08035540708537;-1.94968879241231;-1.31579414349585;-2.78882397970564;-1.70011020381732;-2.23240741768545;-1.81615090772835;-1.93739113694831;-1.85871676011254;-2.20730521584183;-2.25771111265621;-2.06120217986221;-1.95915943870449;-1.1533421191242;-1.91204343170656;-2.47095891520103;-1.91530553115585;-1.96160896404202;-1.78721197711448
4650;-2.3541673073119;-2.32003507542089;-1.28580174281432;-2.62827565025128;-1.97843655250804;-1.91103168771897;-2.03513409536859;-2.44736772981312;-1.27889392225009;-1.99308259438352;-1.73037534303088;-2.04802414035045;-1.95088245779215;-1.34083926025267;-2.75384720544903;-1.66598496898064;-2.20082629559926;-1.77245140532658;-1.91373721963384;-1.82957568504774;-2.16586268529847;-2.21800693690467;-2.03773434039767;-1.91588556576674;-1.0935329411325;-1.88228047025731;-2.44988243306511;-1.90307234835767;-1.93615631883913;-1.78531474153137
4675;-2.32129009004357;-2.29413089079038;-1.26332063550508;-2.59818284465952;-1.9541970982982;-1.87309662226037;-1.99665843498181;-2.4076427762692;-1.24040555775732;-1.95667681244078;-1.69114389372422;-2.01476688532436;-1.95593177731189;-1.37271384968356;-2.71512767844247;-1.62848987963731;-2.16794993542624;-1.72628667381874;-1.88821526966622;-1.79735488543379;-2.12351557801644;-2.17327225146119;-2.01269855089377;-1.87308832979053;-1.03665210028742;-1.8501299522867;-2.42440372461963;-1.89365215341984;-1.90112385116887;-1.7953730882869
4700;-2.28711171798173;-2.26359633777732;-1.24073854568981;-2.56897676167775;-1.92493290883668;-1.83388856856509;-1.95766246435576;-2.36660777387663;-1.19453529005215;-1.91525868392847;-1.64995300692453;-1.97979564705528;-1.96490665159022;-1.41205308088236;-2.6707405049882;-1.58927249508745;-2.13334515123684;-1.68412480088525;-1.85725061360075;-1.76182274674947;-2.0800577751635;-2.12456937417307;-1.98319469831967;-1.83130662669843;-0.987590479831647;-1.81708017045214;-2.39369482175744;-1.88829811570895;-1.86214120312963;-1.81651856032432
4725;-2.25049466146361;-2.22690842690623;-1.21758938099606;-2.53854305302308;-1.89219374791426;-1.7947349620829;-1.92001913123075;-2.32082369630882;-1.14743933812401;-1.87223391601341;-1.60753850596533;-1.9416681915252;-1.97616973999971;-1.45897648168307;-2.62316537617055;-1.55188987353517;-2.09540688224839;-1.63835474912432;-1.82156151960315;-1.72438539425086;-2.02993232783284;-2.07546037094246;-1.9492395767842;-1.78694569890667;-0.950657194210174;-1.78306411751563;-2.35927323998709;-1.88566408722467;-1.81983145026446;-1.85103444121118
4750;-2.21220811628673;-2.18450308760728;-1.19846269513919;-2.5079923087788;-1.85808161609746;-1.75555274557601;-1.88261032735135;-2.27259424481275;-1.09970771804861;-1.82694053440818;-1.56494262673315;-1.90594803664992;-1.99002688556367;-1.5100030443289;-2.57953424965227;-1.51790306763925;-2.05386470772917;-1.59251555216012;-1.78182653572759;-1.68763089237167;-1.9723073126126;-2.02338991447435;-1.90883833159215;-1.74404870409157;-0.926823734603041;-1.74949224169561;-2.32095526144313;-1.88807334746758;-1.77280585940827;-1.8985814310346
4775;-2.17363612277059;-2.13476788134072;-1.18071231843192;-2.47527517635796;-1.82431809105813;-1.71507874941289;-1.85155691715542;-2.21798375974802;-1.05274425833593;-1.78016277165703;-1.52328131763836;-1.87297951218153;-2.00641730180747;-1.56436210053887;-2.53679184982984;-1.48517775565696;-2.01371620597199;-1.55109595668628;-1.7376860734257;-1.64893646378039;-1.91132432869434;-1.97102627320351;-1.869284682111;-1.70482067737183;-0.916615142573589;-1.71364512679525;-2.27988028319573;-1.89686318763234;-1.72586494975582;-1.95953611153421
4800;-2.13513962537125;-2.07920942601164;-1.16238788865923;-2.44068735524621;-1.79039381633669;-1.67643728770538;-1.82358433749357;-2.16371355165743;-1.01096963039363;-1.72881610559653;-1.48446580513348;-1.83345441366559;-2.02479117476926;-1.61636607472701;-2.49211299841;-1.45562305198327;-1.97190988535318;-1.50880415312799;-1.69204323944564;-1.61216193473324;-1.84841117776202;-1.92206925411509;-1.82200761171564;-1.66633821701014;-0.920581018713521;-1.67056414943714;-2.23762105053664;-1.91196511374229;-1.6726776021276;-2.03467630190095
4825;-2.09721432510866;-2.02152661130332;-1.14693666195889;-2.40588087366135;-1.75534440882546;-1.64181971284022;-1.7985846778788;-2.10817357844041;-0.9651883101846;-1.67556225144984;-1.4497947248071;-1.79797546500268;-2.04447268702987;-1.67550783720121;-2.4519612152658;-1.42934816040483;-1.9298448029457;-1.46658770136777;-1.64524726771873;-1.57698020471475;-1.78536332513655;-1.87618149101836;-1.77790487514437;-1.62827287227465;-0.936416842275537;-1.63217154410992;-2.19430415326741;-1.93438846871783;-1.61702909121419;-2.12155444869754
4850;-2.05994669924365;-1.96388122907017;-1.12853279248464;-2.37060029142129;-1.72109236859388;-1.61116162789518;-1.77674687134543;-2.05274756542539;-0.919289015714736;-1.62156756067578;-1.42131416308455;-1.7662449220801;-2.06428760654207;-1.7329955843953;-2.4157985474566;-1.40762933584621;-1.89127367588258;-1.4211873080573;-1.5964365479942;-1.54357503361343;-1.7221441236657;-1.83518678487928;-1.72919351589572;-1.59460283337396;-0.961302643263823;-1.59192975773635;-2.14822641450175;-1.96184965337912;-1.56393235803117;-2.21727601335713
4875;-2.02363759416007;-1.8834585757246;-1.11587176435309;-2.33430105858489;-1.68953846822458;-1.58534750838558;-1.75962177324063;-1.99677477714893;-0.866741302734841;-1.56530336619989;-1.39409659638495;-1.73707151781618;-2.08320062086186;-1.79511767367967;-2.38453143180109;-1.38771752560665;-1.851215008482;-1.38349663072924;-1.54729732337179;-1.51230701852713;-1.66113042739799;-1.79898341639864;-1.68416207073732;-1.56053363987765;-0.989574185014756;-1.55313387314844;-2.0992851588159;-1.9915187190096;-1.50982369139395;-2.31444265325558
4900;-1.98776559675248;-1.82522431027342;-1.10895889177551;-2.29783106491408;-1.66169187947721;-1.56342305847791;-1.7465671080953;-1.94457000810626;-0.816400442627276;-1.50998793519998;-1.36907352428378;-1.70523188240305;-2.1005811607351;-1.85496903849086;-2.35393120765888;-1.37396373428265;-1.80716169904779;-1.34713307484333;-1.5023150636397;-1.48838280089419;-1.60365305895673;-1.76851577763793;-1.6421408054148;-1.52617535461835;-1.01689850462633;-1.51483552241617;-2.05171021639585;-2.02484312742016;-1.4638116331954;-2.41635477394981
4925;-1.95332061516924;-1.81278219365255;-1.10657397455076;-2.26413666899779;-1.63723393415458;-1.54123374333199;-1.73770872899057;-1.89400943324628;-0.766591707056635;-1.45460674814302;-1.35158299892174;-1.67404844548056;-2.11585333942234;-1.91323747884124;-2.3363487727591;-1.36454412576102;-1.76694788847846;-1.31292715277;-1.45873450102581;-1.46875805968422;-1.54874573573908;-1.74273049019977;-1.60397282358972;-1.49231962164934;-1.03956984931837;-1.47626479378724;-2.00651916644401;-2.0628612098929;-1.42247510033982;-2.51400959113561
4950;-1.92255185257896;-1.8333612448474;-1.10627872293133;-2.2333761012682;-1.61665413702055;-1.52788656883555;-1.73142344064598;-1.84588980470232;-0.720251482314913;-1.39930110831462;-1.33645562625011;-1.64836711042041;-2.13120668902771;-1.96956792326229;-2.32673648985076;-1.35864766967743;-1.72808595097037;-1.27969771632787;-1.41431643709415;-1.4518993441263;-1.49552871948363;-1.72334711758913;-1.565250432748;-1.4560505330428;-1.05638823051867;-1.43877808352701;-1.96220874671945;-2.10253702076833;-1.39083288030379;-2.60504688467851
4975;-1.89487512062241;-1.87852078793142;-1.1057563164143;-2.20595727707677;-1.59975126446474;-1.51700447118179;-1.72962995463048;-1.80067551274959;-0.675067487769548;-1.34525057154217;-1.32456145773619;-1.62060530696448;-2.14453058511325;-2.0232756784772;-2.32243438510583;-1.35545642885052;-1.68951109987739;-1.24936875256703;-1.37510016624133;-1.44029242948783;-1.44449254532563;-1.71310122184473;-1.53107538512715;-1.42241992303572;-1.06624445100937;-1.4046233884812;-1.92087160003491;-2.14424205053736;-1.34619955466312;-2.68427494712676
5000;-1.86791202539758;-1.93880870622995;-1.10561542656781;-2.18333086307668;-1.58455025461972;-1.50731638651471;-1.73086984454811;-1.75727881415209;-0.630075534167378;-1.29328736369636;-1.31482329788798;-1.59290705364228;-2.15786717867755;-2.07724655224405;-2.32321854359817;-1.35666995309741;-1.65236888746398;-1.22010689778621;-1.34070598926695;-1.43282575408037;-1.39603289798401;-1.70622993105566;-1.49895940481007;-1.39035484230273;-1.05287545243259;-1.37428684218228;-1.88107160792932;-2.18669542435968;-1.31030202856255;-2.74979748621642
5025;-1.83887676069776;-2.00870280787972;-1.10097555694106;-2.15578375895731;-1.57111997625786;-1.49754585853586;-1.73000223249802;-1.71403500114213;-0.585879870771186;-1.24077048310169;-1.30674244832655;-1.5627713068047;-2.17249565882492;-2.13130219433048;-2.32268941933251;-1.36375667635609;-1.61655439738789;-1.19194533517716;-1.30685941834816;-1.42542383555491;-1.35104185219898;-1.70284359074704;-1.46540363667676;-1.35677685440203;-1.01722244698578;-1.34657360086891;-1.84321536014191;-2.22742768982465;-1.27350535492862;-2.79785596362259
5050;-1.81147324238529;-2.08221347744543;-1.09363050140821;-2.12907934127381;-1.55836864331842;-1.49213656718838;-1.72585154732667;-1.6721751125057;-0.542205526712062;-1.18961704422397;-1.29973369079753;-1.53244097081739;-2.18668976007677;-2.1835065323239;-2.31488957738383;-1.36888928122174;-1.57965277963927;-1.16266739232043;-1.27281419932107;-1.41736406961227;-1.3071958271301;-1.6997639207344;-1.43548763382558;-1.32367992279392;-0.958881046326289;-1.31951209782823;-1.80710141673688;-2.26737678314483;-1.24540707330087;-2.82970086363934
5075;-1.78592446073754;-2.1527958779465;-1.079585134134;-2.12719495432216;-1.54229225009396;-1.49134880840687;-1.72570959141055;-1.63171135939811;-0.501694834590075;-1.14176590301929;-1.29480359118089;-1.5033163489917;-2.20051510216097;-2.23387533785866;-2.30086204633723;-1.36284779133546;-1.54458974746825;-1.13045719920392;-1.23887143584383;-1.41386345318435;-1.2621879375874;-1.6965369747773;-1.40683048140152;-1.29172705570613;-0.884360375782551;-1.29132598748188;-1.77215290500367;-2.3065451580822;-1.22381731211229;-2.84125271820238
5100;-1.76136712903046;-2.21508820886675;-1.06000597956007;-2.14241361556489;-1.52453991451261;-1.49062966067328;-1.72637973167515;-1.59229171548581;-0.459785674440897;-1.09489355864803;-1.28959973401042;-1.47450614210721;-2.21393503501693;-2.28229639580273;-2.28788140357604;-1.36160234238309;-1.50974643590075;-1.09964610083737;-1.20791312198563;-1.41167690304947;-1.21614367020155;-1.69481136026782;-1.38280447494607;-1.25966594503928;-0.790737350951388;-1.2666682875902;-1.74042779957308;-2.34115115202963;-1.20083596227524;-2.83785703388372
5125;-1.73737627716779;-2.26468964430562;-1.03545759843343;-2.1698546040298;-1.50982235562041;-1.47674756973379;-1.72493851244965;-1.55326919009486;-0.418906423819788;-1.04917265727786;-1.28268849216705;-1.44587759067196;-2.22691290853146;-2.32864079171645;-2.26623467339329;-1.35935733000894;-1.47487721638258;-1.07097007388285;-1.17883124382643;-1.40887248049798;-1.16692621426833;-1.69515731622976;-1.3617906463157;-1.22806386248744;-0.679675889997743;-1.24246223483245;-1.70838901522025;-2.37433789205549;-1.18537235716683;-2.82286520216546
5150;-1.71124713667027;-2.29985887020309;-1.00743587862381;-2.20301933527495;-1.49551182133088;-1.47441558172513;-1.72012111786711;-1.51615642099005;-0.378975421730662;-1.00719655066553;-1.27113418719415;-1.41742749029509;-2.22598764431237;-2.37271969897495;-2.2363780233549;-1.35506209720647;-1.4382542150153;-1.04299684690446;-1.14980460898929;-1.39978157289842;-1.11632138414013;-1.69127084127646;-1.33649561553048;-1.1970154790762;-0.561830865664645;-1.21679847269506;-1.67570443040854;-2.41093674400695;-1.17207239464413;-2.79726196892912
5175;-1.68652047537963;-2.32069730380394;-0.975455146593685;-2.23678064185813;-1.48122377787239;-1.47838243237761;-1.71915740832325;-1.48133009638591;-0.340009854422496;-0.969535019106079;-1.27030399646102;-1.38915223144386;-2.19885532599069;-2.414258378311;-2.19826332414314;-1.34878598328269;-1.39937918689787;-1.01572705103427;-1.12291979281005;-1.39642344831501;-1.06680546294265;-1.68585202348473;-1.30919992237029;-1.16640131014702;-0.439012770639362;-1.19370841494582;-1.64558818901549;-2.44679252739465;-1.16257862074016;-2.76304662011394
5200;-1.65921618578877;-2.3222178746447;-0.941606545409892;-2.26618148273976;-1.46711108323564;-1.48389710030973;-1.71827465151767;-1.44518610041443;-0.302038368528603;-0.935944772791738;-1.27200553509656;-1.36104819449114;-2.21130477843673;-2.45288476373201;-2.15452072105938;-1.34594890825719;-1.36430959435841;-0.989161317358225;-1.0975105787158;-1.39362294446353;-1.01400507570903;-1.67734475819948;-1.28386121877098;-1.13622398673104;-0.318953005068889;-1.17174175702908;-1.61431628515267;-2.48191382933776;-1.1580124812841;-2.72219494583523
5225;-1.63374738545981;-2.30234053534475;-0.905575841561672;-2.29008370877526;-1.45297135150751;-1.488715608521;-1.7173678228714;-1.40971978648473;-0.265381385324848;-0.906715030548115;-1.27237020538613;-1.33311181400872;-2.25314866238293;-2.48813021974675;-2.10760111298532;-1.34304733980281;-1.33051038358213;-0.963300276835585;-1.07397772664253;-1.39124863535644;-0.95642100609261;-1.66507173822012;-1.25938582526964;-1.10648619535991;-0.203447233177875;-1.15089648167633;-1.58527716522316;-2.51616895022919;-1.1512226117128;-2.67652121481923
5250;-1.60668595081801;-2.26414661853487;-0.869274980051205;-2.30543237573149;-1.43868859318825;-1.49178874405639;-1.71633190433943;-1.37603397423174;-0.230757246861347;-0.876900803445061;-1.27050950655707;-1.30533946890233;-2.30784357102992;-2.51944007369569;-2.05810546127062;-1.34009434965751;-1.2967250809129;-0.938144560220485;-1.05135868485311;-1.38916909485432;-0.902726035247286;-1.65091631501727;-1.2351123410627;-1.07719056327056;-0.09896151820774;-1.13117057169301;-1.55731833226074;-2.52436627493522;-1.13312533694241;-2.62755644575969
5275;-1.57657115420733;-2.2073225209832;-0.833514521889736;-2.30792345084219;-1.42414687537144;-1.48931914343321;-1.70420668678003;-1.34333554839326;-0.196325699453814;-0.858057369109503;-1.26186018968652;-1.27772755014485;-2.36214812871796;-2.54619176297712;-2.00500651561704;-1.33706302286775;-1.26423993814362;-0.913694797985551;-1.03057526142347;-1.38725289666854;-0.852240024237464;-1.63442051635969;-1.21092161216521;-1.04833973181507;-0.0120044361907425;-1.11256200989714;-1.53044523595523;-2.53126655291606;-1.12451735888286;-2.57645232166236
5300;-1.54527269984538;-2.13645916915073;-0.796314977958854;-2.29917068563664;-1.40923021029769;-1.48169595718235;-1.69428088522332;-1.3116134898024;-0.161762990995844;-0.842332670615148;-1.24521941426908;-1.25027244912676;-2.40559860067209;-2.56771857370696;-1.95032317896554;-1.33392644449881;-1.23299600043789;-0.889951620247615;-1.01157172994234;-1.38536861436478;-0.80644296298523;-1.61470163354243;-1.18669636555984;-1.0199363427214;0.0494186181555615;-1.10126652729479;-1.50466332264882;-2.57078658749468;-1.11684797175893;-2.52392092358466
5325;-1.51023498546171;-2.05333323850864;-0.758033167370986;-2.27917951535621;-1.39382262052009;-1.46777685266354;-1.69700709867737;-1.28085677239116;-0.128390423241471;-0.828232232145736;-1.22218216463342;-1.22297055757495;-2.43363665971675;-2.58333710163088;-1.89520177827364;-1.33065769962788;-1.20454622008883;-0.866915656695507;-0.993945041208379;-1.38338481304057;-0.761229130811532;-1.59298427181845;-1.16231932811129;-0.991983038008041;0.0758376093583778;-1.08998860224601;-1.47997808220665;-2.63021677803977;-1.10809040278233;-2.47022129051955
5350;-1.47561313152344;-1.96139542673514;-0.719592255317893;-2.24455154175862;-1.37780812901144;-1.44461276360204;-1.70587054679425;-1.25105442777511;-0.0969889873427518;-0.815231108056313;-1.19216844526638;-1.19581826747186;-2.44053696507406;-2.59237672038757;-1.84251135123146;-1.32722987333672;-1.17909630006964;-0.844587536519942;-0.975643556127038;-1.38117009434055;-0.715967945548497;-1.57444791291094;-1.13720909218098;-0.964482459900005;0.105646150306468;-1.05731311005164;-1.45639495149872;-2.69815337255642;-1.09791967313376;-2.41520464251377
5375;-1.44016480486216;-1.86627079238152;-0.681961667488595;-2.19764219575123;-1.36107075912733;-1.41424429149471;-1.72025520650967;-1.22219542157496;-0.0663198369380591;-0.801890912841489;-1.15684847222404;-1.16881197097526;-2.4221615280228;-2.59420949650244;-1.78724882912093;-1.32361605070403;-1.15635229900004;-0.822967888345477;-0.956996521086841;-1.37859302479287;-0.674576411823905;-1.55863397553171;-1.11513007405572;-0.937437250746131;0.130240829853211;-1.03515470878853;-1.43391938347943;-2.76464709391178;-1.09081383525382;-2.35843093445199
5400;-1.40378664188905;-1.77440948579779;-0.646076134404375;-2.13863724057521;-1.34349453456737;-1.37566405806924;-1.73114382737382;-1.19426073100689;-0.036537465439651;-0.792218901793812;-1.11520741873699;-1.14194806033834;-2.37709206361439;-2.58827914477131;-1.73497844261361;-1.31978931679731;-1.13740187464773;-0.802057364926767;-0.939218396187963;-1.37552217747014;-0.639079668053541;-1.54321460188821;-1.09165390734492;-0.910850052937715;0.150621793062316;-1.01959282326924;-1.41255683123852;-2.82130636747421;-1.0843387903832;-2.29937022039891
5425;-1.36654561201562;-1.69288665012381;-0.612761796886343;-2.06962010750906;-1.3249634793343;-1.3298322056656;-1.73782063799062;-1.16753584000115;-0.0103025093400697;-0.78176016775748;-1.0695131770768;-1.11522292783026;-2.30570685636269;-2.57412777197426;-1.68749510041345;-1.31572275666413;-1.11876783092839;-0.781856593468495;-0.921923243334243;-1.37182612567426;-0.596842768160436;-1.52419836065513;-1.0659770455862;-0.8847235088285;0.170199162929094;-1.00899221789307;-1.39231274793433;-2.86135818033828;-1.07844254472247;-2.23770322460421
5450;-1.32941304966392;-1.62721859672619;-0.582670048826404;-1.99379497153408;-1.30536161769067;-1.28055180123045;-1.73639924471451;-1.14218283220275;0.0188869374062722;-0.767419599265636;-1.02130795426386;-1.08860159337125;-2.2092209366446;-2.55141931113983;-1.64657264276368;-1.31138945532287;-1.10137236118423;-0.762366205191638;-0.907192200904281;-1.36052044503565;-0.547599847555937;-1.50219473109824;-1.0380308703607;-0.859060260656024;0.189058777433896;-1.00594864206794;-1.37322900841328;-2.87966952577883;-1.07307310438648;-2.17373621255178
5475;-1.2910921357538;-1.58011711837216;-0.556219839127692;-1.91483727955987;-1.28128088532144;-1.22731556935872;-1.73285521193529;-1.11749891476173;0.0434797219888801;-0.751069156394499;-0.971234841129834;-1.06254876363171;-2.09207956878403;-2.51995870286061;-1.60932371280443;-1.30676249283041;-1.08759914279423;-0.743586831533967;-0.892602239361169;-1.33490050012084;-0.508033981337051;-1.47586544901545;-1.00905024571531;-0.833862950464288;0.211396866112884;-1.00476764192888;-1.35592708648557;-2.87273230074785;-1.06817847539074;-2.10851394669867
5500;-1.25064142064089;-1.5472844120991;-0.533549198364389;-1.83666834194262;-1.26081603649353;-1.17089360755406;-1.70698381403732;-1.09384205707347;0.0639329962519171;-0.732487351621712;-0.920192007847381;-1.0383898804179;-1.95733049995338;-2.47970603444116;-1.5806950143756;-1.3018149660292;-1.07677755445479;-0.725519104092472;-0.876067351638817;-1.33367924211986;-0.473412413992821;-1.44401842713601;-0.977414281008197;-0.809134220027854;0.243182342068004;-1.00521976409949;-1.33903595953467;-2.83861448155564;-1.06370666363944;-2.04246164328154
5525;-1.20989878808018;-1.53866440193784;-0.514476799394351;-1.76168776046174;-1.2429337024532;-1.11197701381651;-1.67146208491515;-1.07106399730898;0.0792507661865367;-0.711076152332075;-0.870638905514032;-1.01180960176267;-1.80951308900532;-2.43078496864188;-1.55798632941963;-1.29651995763541;-1.06678398700645;-0.70816365456789;-0.85978528042312;-1.34410196473898;-0.439468823928019;-1.40683180241008;-0.942790680820642;-0.784876710777262;0.277248150897793;-1.00608864861707;-1.32334928805263;-2.77688029888246;-1.05960567491476;-1.97591019707076
5550;-1.16765800287573;-1.54890063248311;-0.498474404841828;-1.69287271829521;-1.22112779978482;-1.05382975060065;-1.62700990168402;-1.0493659562794;0.0902504984300807;-0.689458804332117;-0.820814937008117;-0.986020568710297;-1.65422109111377;-2.37348514156795;-1.5419881468573;-1.29085055175088;-1.0576767627679;-0.691521114711334;-0.842309847607688;-1.35815943090706;-0.410361754769273;-1.36429050500027;-0.907372791139399;-0.761091121713206;0.318775092495805;-1.00709650280443;-1.30770275985676;-2.68848200069728;-1.05582351486753;-1.90919050349864
5575;-1.12531140522187;-1.56858366659536;-0.484651098051113;-1.63286144094772;-1.19435114698011;-0.997275597534739;-1.57450874804255;-1.02744663804776;0.102532205895919;-0.668848422916944;-0.775977902810393;-0.959170184633978;-1.49432975159909;-2.30825789375072;-1.53409286591758;-1.28477983266207;-1.05010795259127;-0.675592116273019;-0.822169950713921;-1.36747417903648;-0.385162178545498;-1.31689305155325;-0.872751198671705;-0.737947151222551;0.367585834499655;-1.00764460497651;-1.2972102357046;-2.57562586255386;-1.05230818900894;-1.84263345843881
5600;-1.08365448044893;-1.58528653711258;-0.471381135938271;-1.58378881999529;-1.1663006035793;-0.94352474233617;-1.51618101908364;-1.00435804787941;0.109116357328883;-0.646111959701148;-0.733149560010932;-0.932638151642097;-1.3353432957406;-2.23570544697065;-1.53240385696326;-1.27828088482528;-1.04255539797034;-0.660377290953119;-0.799796849298521;-1.36976358315946;-0.359972416466025;-1.26551389584905;-0.837531993101257;-0.716368124708007;0.439883376233953;-1.00696031654931;-1.28453536451489;-2.44161488404433;-1.04900770270319;-1.77654621963982
5625;-1.04258854345407;-1.58708630094327;-0.457555628777904;-1.54712661121901;-1.13513102568431;-0.894037294630395;-1.45003111004371;-0.982842582703982;0.117231006122055;-0.625046364618449;-0.694674276737364;-0.905234470538562;-1.18403900588297;-2.15656341155238;-1.53674145420453;-1.27132679285071;-1.03436138134622;-0.645877270354676;-0.774073328978411;-1.36208655017713;-0.335856481681139;-1.20884844304597;-0.800133380528866;-0.693968230088189;0.489279554529406;-1.00431381703884;-1.27094337121751;-2.29067060317802;-1.04587006116094;-1.71493027232341
5650;-1.00335937647059;-1.55868333250029;-0.441997612905003;-1.52353070841105;-1.09960312119149;-0.850123752089584;-1.38301757338519;-0.95617510210935;0.125137088758798;-0.607271884584245;-0.659575128291842;-0.875400555247615;-1.04579415830475;-2.07167673854891;-1.54260835892355;-1.26389064148527;-1.02609979981218;-0.632092685938664;-0.743764587189047;-1.34270863019716;-0.312950163317864;-1.15300302888599;-0.766166397974874;-0.671904319237674;0.529248243690667;-0.999136196089954;-1.25775421887645;-2.12773637009128;-1.04284327617048;-1.65098145040865
5675;-0.965174942972291;-1.48693291337418;-0.434902728281845;-1.51269816768815;-1.05986383778013;-0.81396707895233;-1.31565453167987;-0.931860870090302;0.134244193947145;-0.590157796295808;-0.630074621779694;-0.848045910866053;-0.927035443935724;-1.98196942508072;-1.54706134638562;-1.25594551559401;-1.01730199984026;-0.619024168981156;-0.710167506780308;-1.31017464936226;-0.292971622828887;-1.09670735522518;-0.734498866811791;-0.650499982008568;0.573940954481435;-0.991095229330635;-1.24603652854705;-1.9582679056089;-1.0398753555212;-1.58519813853715
5700;-0.926459875173116;-1.42430247386643;-0.431441858517465;-1.5132368319923;-1.0162570142008;-0.785569969003615;-1.2448150820794;-0.911890602377421;0.143243673775892;-0.57883214503812;-0.607815497364496;-0.819689408699591;-0.831651184328539;-1.88840841785568;-1.54821578173069;-1.24466439351679;-1.00961787796467;-0.606672350532582;-0.67383994704651;-1.26365465611853;-0.274120909012622;-1.04023436350651;-0.705618877630156;-0.630609590611543;0.619806183341037;-0.980184811306718;-1.23660673615746;-1.78851375836989;-1.03691430481549;-1.52158928170488
5725;-0.892806972313256;-1.36968857767709;-0.428732807687297;-1.52255058030251;-0.969935754315706;-0.764564921966361;-1.1763589751421;-0.895596426493417;0.149772543210591;-0.572552942751133;-0.593726217065024;-0.794431763709099;-0.760700427509676;-1.79196231417574;-1.56134305787608;-1.22185212203562;-1.00192518529082;-0.596137960957807;-0.633248441745578;-1.20316590463705;-0.255984402342777;-0.984696963377292;-0.680643082498777;-0.607970062051244;0.662652091621381;-0.966932431512641;-1.23003512194981;-1.62490505355538;-1.03390812974522;-1.45954852276988
5750;-0.861768406222331;-1.3050718858722;-0.426038914991003;-1.53674340092572;-0.92131631821709;-0.750783344553405;-1.11073656405132;-0.877284836408336;0.154360455408848;-0.572699899383924;-0.588038443848369;-0.771619794924244;-0.717650224125823;-1.69355561401702;-1.57985479294832;-1.2068783183284;-0.996166501306885;-0.590691420759627;-0.592197634852626;-1.12967480386451;-0.241674205010937;-0.932753778125487;-0.659496988747081;-0.58802839721869;0.699877252024334;-0.951975394671891;-1.22665769760784;-1.4714596503122;-1.03080483608683;-1.40195547419535
5775;-0.835342405158953;-1.23817551117762;-0.425401327272393;-1.55054566307927;-0.872434759599502;-0.743703393843561;-1.05341388771181;-0.864851155102176;0.160867977736749;-0.581293659570112;-0.590317516708209;-0.753993723470651;-0.70437562430772;-1.59401943105025;-1.59832536974886;-1.20784390467018;-0.99174833688087;-0.582881153924327;-0.555638380786196;-1.04509773604877;-0.228890160492828;-0.883575960356535;-0.641374223426557;-0.565735920878605;0.727492755562009;-0.935462642530479;-1.2265932766335;-1.33255180282196;-1.0275524296963;-1.34641057801737
5800;-0.812553589381425;-1.17152296355723;-0.425668763865276;-1.55726613582137;-0.825660448524175;-0.742383541740704;-1.00487013834012;-0.862193455159515;0.163633928423902;-0.59676227307557;-0.599507148205767;-0.735770369842534;-0.718555938990449;-1.49403972474875;-1.61734389297827;-1.21457271217324;-0.98755427494441;-0.569333096690295;-0.519468676985986;-0.952634951287869;-0.218028232246624;-0.837208775674336;-0.621782842822661;-0.546283469656214;0.756120144775986;-0.9215103927054;-1.2297647554382;-1.21235878774011;-1.02409891650373;-1.29553135609202
5825;-0.790423987091379;-1.10547234006795;-0.422815837711481;-1.54877347823048;-0.780644893773499;-0.745404569381043;-0.959217305770284;-0.869108510666771;0.161997517463151;-0.616710669296421;-0.61398961407599;-0.718246806989728;-0.75477662839931;-1.39431141805628;-1.63414027124458;-1.22057866255059;-0.984861298961194;-0.553996880624743;-0.483645774880028;-0.859697590025906;-0.209508699875334;-0.796456313292287;-0.60779222188944;-0.528481429827612;0.781284772271115;-0.9022751383279;-1.23592388200523;-1.11387268168048;-1.02039230250765;-1.24977359824253
5850;-0.7722210101452;-1.0437008485245;-0.421789188649741;-1.53774417503995;-0.738182741203023;-0.750822585788038;-0.923467475866394;-0.884807235897456;0.162596432187484;-0.639392452368028;-0.631662781275607;-0.704917767580073;-0.809233444163084;-1.29495746242685;-1.64688823676321;-1.22484663648913;-0.986129181611955;-0.539903964298534;-0.449841560736348;-0.765036467176984;-0.201378752227115;-0.761277420403083;-0.599309503861775;-0.510253163424458;0.801071793899698;-0.884673299355164;-1.24467875666579;-1.03917733130192;-1.01638059376859;-1.21008273208806
5875;-0.756476062147345;-0.987574185370944;-0.419404853729564;-1.54310199540515;-0.697821564252663;-0.756135456367371;-0.899118462785354;-0.907217538427422;0.159604865617858;-0.669056124509026;-0.650035212503681;-0.689714725661675;-0.872881700202861;-1.19565789924051;-1.65647901171302;-1.22121741747143;-0.990587255203111;-0.526368977076472;-0.418152344501627;-0.675250820197229;-0.193567533986851;-0.734046508467168;-0.597585416236168;-0.493044637807513;0.813872815543757;-0.86954575448156;-1.25552335738933;-0.990838722030436;-1.01201179640199;-1.17697330332117
5900;-0.742611292452954;-0.937590184589368;-0.417004139741315;-1.54852549529553;-0.660842395800044;-0.758265024153913;-0.888623023381636;-0.937001206813787;0.152260283842865;-0.701600904205569;-0.66634094123683;-0.679453913561408;-0.933553825598858;-1.10013254463811;-1.66562404426053;-1.20685308949052;-0.998363572257526;-0.51552073475673;-0.388776866909957;-0.5901636437799;-0.187923069006151;-0.717546363688945;-0.603010181262885;-0.475313902763529;0.824570984823001;-0.859647566640382;-1.26990665876378;-0.969264485534338;-1.00723391657014;-1.15161620392788
5925;-0.730870871481171;-0.893762212244385;-0.412720326359272;-1.5550253914142;-0.630546506335337;-0.751011464918385;-0.888598194881837;-0.973558693114299;0.141394585196301;-0.734737087793046;-0.677675210354659;-0.671023348951934;-0.976754316157198;-1.00577210401156;-1.6676651345914;-1.18101681883534;-1.00867073074197;-0.508963780531435;-0.360943150664736;-0.515668921751057;-0.183719137361123;-0.712762603661802;-0.614408927135303;-0.459097741336556;0.829812955390138;-0.853428157771334;-1.2833244261986;-0.971313529129343;-1.00199496047315;-1.13286163812208
5950;-0.72060505466733;-0.855895024956402;-0.406132190188128;-1.56106840642535;-0.605712365856311;-0.753916881280068;-0.899100515761609;-1.01178001500103;0.127215563281701;-0.769970631124193;-0.694223011484269;-0.665620026034495;-0.985999566210584;-0.915652366554107;-1.66647458106511;-1.1429904422149;-1.02348461335557;-0.505500823474049;-0.335025610056785;-0.450795773862194;-0.178044352694537;-0.720588692513149;-0.632104611755783;-0.446275094415239;0.823164663859392;-0.85240119251939;-1.29738723458541;-0.991685256891937;-0.996242934338611;-1.11926302056158
5975;-0.712105131814721;-0.823769036223211;-0.400076739825914;-1.56687919040034;-0.586442874156945;-0.772662733975052;-0.915597782109561;-1.05349617975386;0.112238538690282;-0.805377125047277;-0.717280946066655;-0.666567300061798;-0.970793770983646;-0.831694135419515;-1.66136192644263;-1.09817628109093;-1.04283168255587;-0.506877210198045;-0.309829959154753;-0.402778091588485;-0.169554679485446;-0.737312619116751;-0.655642017526513;-0.438249002066736;0.81019822847083;-0.855020515068918;-1.30781992670323;-1.02234850807523;-0.989925844410016;-1.10982165441746
6000;-0.703981701275486;-0.797247967290877;-0.393714668694689;-1.5707636839665;-0.573311066163521;-0.79893639519984;-0.938304181580634;-1.0961661941637;0.0954895806103322;-0.841459083875719;-0.740198917832543;-0.672861367591068;-0.988809698283867;-0.753614438803876;-1.65291364873598;-1.04416866755873;-1.06428625137368;-0.509464206826396;-0.28478394115866;-0.368152468543722;-0.157980572263225;-0.763484158830926;-0.684069649603465;-0.435998274454951;0.796241748801312;-0.86288348429366;-1.31581672866031;-1.05209544783692;-0.982991696933541;-1.10511061125031
6025;-0.70017585648515;-0.776324436600518;-0.387161022004507;-1.57429180864861;-0.566075936474664;-0.827890475912138;-0.961073087236935;-1.13895373280912;0.0759686276105989;-0.873529786074144;-0.7625024862935;-0.684501483454792;-1.00748464909602;-0.682141358185122;-1.64446945550839;-0.982283584009947;-1.08626934231943;-0.520393930114641;-0.261890594745049;-0.354820463090411;-0.142149413873061;-0.798535439525827;-0.716443211355527;-0.440121009546677;0.779338502365761;-0.876393772640079;-1.3236448923836;-1.06818802135183;-0.974121715710456;-1.10424321048747
6050;-0.692542452190035;-0.761116676351031;-0.381681020674172;-1.57873821461543;-0.563850363435861;-0.857570044728847;-0.982050722116028;-1.17962039045161;0.0536220201943592;-0.909573282170604;-0.783879233918434;-0.704857380228659;-1.02157428063219;-0.620437949036038;-1.63636103259623;-0.914591520441859;-1.10754094534442;-0.539727358109353;-0.23896301027088;-0.35976511686578;-0.122485664726327;-0.837553203053112;-0.751182268473891;-0.450872001415604;0.762687066294908;-0.895471928541774;-1.3310305716623;-1.05044243027784;-0.964365610422334;-1.10734017052792
6075;-0.676985605175585;-0.750924322668811;-0.375596840509394;-1.58412027063195;-0.564663947137538;-0.888884987433433;-0.990867902868368;-1.21587102252876;0.0306637922709812;-0.922806194478717;-0.800453706295746;-0.727247291692706;-1.03074087478046;-0.568417087627028;-1.62833072887626;-0.844416824347729;-1.12876855166275;-0.565296508928314;-0.215154042722809;-0.381099030223855;-0.100323817032944;-0.875802990019075;-0.787209726858149;-0.468141228598523;0.743246125296856;-0.919742711014919;-1.33581440372284;-1.03664894730181;-0.955848103681984;-1.11317607347054
6100;-0.672167086959401;-0.731858728169869;-0.366187845587355;-1.59109583739015;-0.569467211608447;-0.918849807839166;-1.00479926579902;-1.24710840020701;0.00713634244059529;-0.937862579132312;-0.812913325938147;-0.759479420770563;-1.03561877066367;-0.523508726751861;-1.62310247060628;-0.770415923549143;-1.14914133808256;-0.594091328441117;-0.192834975169705;-0.419065605664123;-0.0863783919607624;-0.91374300337046;-0.822104895024827;-0.490747579467931;0.722892647385928;-0.950281727035973;-1.33874110825759;-1.0466334914414;-0.94798055910348;-1.11529540066076
6125;-0.664518846042451;-0.736130342390276;-0.35386348599146;-1.5982310302145;-0.578098901506886;-0.944350357474115;-1.0270159591892;-1.27320720880765;-0.0169813756785852;-0.939827269597089;-0.82231509115264;-0.795293721784537;-1.03892944382319;-0.489005255526235;-1.62116870382749;-0.698897984655187;-1.16937361747683;-0.623084216511338;-0.173183488278672;-0.470417690135994;-0.0779390449573879;-0.951336582920056;-0.855607758660941;-0.521194411642691;0.705191165142208;-0.969571847166391;-1.34002223467423;-1.05661070836688;-0.939649029130545;-1.11817296880285
6150;-0.656160534887137;-0.758180029004393;-0.33868559822386;-1.60456679337229;-0.590911617389355;-0.964324702131886;-1.05280969942307;-1.29466317874506;-0.0398460787793133;-0.955333759051277;-0.827350116961454;-0.83713404434579;-1.03932573772761;-0.464029669438896;-1.62290940864492;-0.627203665011914;-1.18882679451428;-0.649790477607719;-0.157236728537816;-0.533552894924217;-0.0756545653183887;-0.994714374554681;-0.894010480087994;-0.556953148340821;0.68831755694281;-0.969895382430336;-1.34338403201852;-1.06722547117108;-0.930579379977192;-1.11869943901886
6175;-0.647918936804204;-0.791705939763995;-0.317353942812026;-1.6096272661738;-0.608598130453457;-0.981591432486829;-1.07749218617127;-1.30856178090398;-0.0583844549034544;-0.968609515987742;-0.828984106237939;-0.885059219709708;-1.0367532018785;-0.446786306938043;-1.62394056452317;-0.558968289815894;-1.20601009857512;-0.673140150609326;-0.146445555842279;-0.601152393962415;-0.0771258099999584;-1.03810132189235;-0.927114028910388;-0.592733919595981;0.66912622066672;-0.982511614146494;-1.34872860460729;-1.07874235402336;-0.920692725779692;-1.11752241971113
6200;-0.641664512047856;-0.831263260506974;-0.295973851246366;-1.61306409909552;-0.631733150835575;-0.993289732722014;-1.10061397253587;-1.31235936165807;-0.0715450150159326;-1.00422662028251;-0.826069992130445;-0.937631127211106;-1.03209363646065;-0.43519462698334;-1.63037900441019;-0.501094928148023;-1.2186505252459;-0.692551597623224;-0.140308111199121;-0.664537967010197;-0.0679967649905847;-1.0753919245921;-0.954630132131407;-0.633499795682232;0.65315673823965;-0.988187206120749;-1.35160252982694;-1.08827619843887;-0.907098288420011;-1.111652976542
6225;-0.634977570148224;-0.872691073083017;-0.276648726249431;-1.61463249310876;-0.660493903628538;-0.999084434654989;-1.12535614691503;-1.31383651829886;-0.0782729527404739;-1.01499327413686;-0.820023354750199;-0.992314766876177;-1.02603039630786;-0.427245760160771;-1.64071216848837;-0.449984260403484;-1.22400012446643;-0.711904437019045;-0.137912848099068;-0.710409239843987;-0.0404587494043974;-1.10799016300323;-0.98004195230267;-0.678419572094074;0.638943561077351;-0.991796696180062;-1.35520472187851;-1.09458271604642;-0.889823430558416;-1.10199824270087
6250;-0.630014149068347;-0.911260205721733;-0.25745686026684;-1.61417374944063;-0.69453912234443;-1.00097951686835;-1.14981318073225;-1.31120600884213;-0.0728976440932036;-1.00547515886435;-0.810651848381779;-1.04560044680599;-1.01917897173714;-0.421055010463731;-1.65407987297436;-0.41300094568611;-1.22765939962277;-0.731993409975054;-0.13999334777957;-0.733857645285627;-0.00415451003248455;-1.13433894133801;-1.00383604898123;-0.722965559522501;0.626858459014977;-0.993447936466735;-1.36025344864831;-1.09607755753079;-0.872132079398077;-1.08833453020108
6275;-0.624955005341408;-0.942536833516089;-0.238381921331792;-1.61160307711548;-0.733027171936007;-0.998740697040821;-1.17545784967156;-1.30765810220273;-0.0634403562053769;-0.990254391295929;-0.802726255465551;-1.09808042416681;-1.01341237775946;-0.414879942367068;-1.66750947919378;-0.393087815901441;-1.23022127635613;-0.751028331002755;-0.14790664176156;-0.742317554945251;0.0283610952531158;-1.15407506982078;-1.02329880421096;-0.765898910889288;0.620175624989418;-0.986573098628574;-1.36631638938747;-1.09228453112079;-0.851541322864794;-1.06915597653522
6300;-0.621040147645664;-0.962455158998018;-0.218478903996738;-1.60690149427543;-0.782478158437134;-0.990118499942143;-1.18607131846743;-1.30656939325635;-0.0466685203913639;-0.981444783976283;-0.79627246875865;-1.14879784872239;-1.0078679480271;-0.407149984852014;-1.68460415820494;-0.386486008263609;-1.23005209274339;-0.770642582377752;-0.161047574630595;-0.770617560488105;0.0555241652842468;-1.16880830436097;-1.03886712829472;-0.805471428885694;0.620299927731735;-0.978052597888413;-1.3703726377973;-1.08310053866714;-0.826936404718579;-1.04459697413769
6325;-0.618015519203471;-0.984715819808907;-0.197748750168156;-1.60011075894963;-0.835523877298098;-0.978277885285674;-1.19915629743106;-1.30726323131088;-0.0234844180518443;-0.985616258961741;-0.791745776487455;-1.19350723117453;-1.00281207856614;-0.396503287871039;-1.70098772154839;-0.401074102344848;-1.22653811687637;-0.788536701240197;-0.179163833426595;-0.792790004509233;0.0792559564076506;-1.1764865960771;-1.04993636786776;-0.837652258296918;0.621750750333917;-0.964184240011342;-1.37416403079242;-1.0677422127141;-0.800283778034136;-1.0133459996709
6350;-0.613545174819695;-1.00124779055552;-0.175623827302518;-1.59308326118502;-0.884896700608353;-0.964478986929761;-1.20939147736095;-1.30784060044229;0.00775495844151068;-0.997724226718359;-0.787940342714522;-1.23498617981005;-0.997482526153541;-0.38182676572974;-1.71872852862848;-0.427510361909687;-1.22018818017358;-0.811163513843292;-0.201560559757043;-0.808052747639512;0.0998907793408578;-1.17475731610886;-1.05844781483736;-0.865618688047352;0.634547081984029;-0.946753139998395;-1.37913218326094;-1.04616500707554;-0.769616032356913;-0.978421319682466
6375;-0.609765077558336;-1.01178919288773;-0.152270958568187;-1.58352303224263;-0.930115255097033;-0.945810262318396;-1.21664622130576;-1.30425274817397;0.0492684572753899;-1.01472869462218;-0.788175082636461;-1.26943299943568;-0.988761622471466;-0.362294637395656;-1.73871965381663;-0.466586803328836;-1.21384012737048;-0.836431392578687;-0.228144915000618;-0.81546003487229;0.114928638484581;-1.16921236915181;-1.06169025937709;-0.888505794038223;0.659017714682705;-0.926193544139321;-1.38791856017249;-1.01901497043177;-0.739890523559627;-0.942233824486416
6400;-0.608157016882769;-1.01420732342047;-0.128137064728257;-1.56984662007886;-0.970424340816774;-0.923272502310798;-1.22100761058804;-1.29103672010093;0.0945189596410423;-1.05726756805782;-0.785902437948749;-1.29696290898102;-0.976840056659835;-0.337402100007973;-1.7353452003438;-0.51531714996129;-1.20677888668229;-0.866705947444305;-0.25834882716396;-0.82285829357244;0.125910804835331;-1.15913749041692;-1.06356189929849;-0.906713157955132;0.69420498449298;-0.902262497194241;-1.39016262193168;-0.983431590951807;-0.711018610010348;-0.903961662012426
6425;-0.606243600535232;-1.01075834945835;-0.105583387880528;-1.55408983979357;-1.01948593317006;-0.897603170271275;-1.22039967545387;-1.27841729691757;0.100253782360929;-1.0810407497426;-0.783473038654129;-1.31717577245119;-0.961737083606023;-0.306989417347608;-1.75371290536253;-0.567301450541862;-1.19823787665899;-0.899485446708827;-0.291645096560755;-0.82770412633908;0.132801946923148;-1.14415685668394;-1.05961825064557;-0.918702071943038;0.698979625067694;-0.874708767242165;-1.39086444621156;-0.942560041651474;-0.681275540193278;-0.868561556618472
6450;-0.606321382792458;-0.997666233347672;-0.0832255237328591;-1.53665705400856;-1.04669675713006;-0.869448434814271;-1.21955635819187;-1.26908554789251;0.17575510788801;-1.08905225506463;-0.776778324989396;-1.31431866969496;-0.942419170350194;-0.271252586190009;-1.78599143981002;-0.627817566962094;-1.18739698174899;-0.935048543065223;-0.325103437783697;-0.832169780362308;0.135178877443537;-1.12863102157241;-1.05492439392153;-0.922023949720356;0.704868599004047;-0.843032811903086;-1.39069282715651;-0.897213073112304;-0.653708815155686;-0.830321914427022
6475;-0.605183797625012;-0.979081047903426;-0.0619176089801031;-1.51875379690118;-1.02567199878406;-0.842293979906311;-1.21366609588559;-1.27025142305611;0.287241300272297;-1.08373749853065;-0.76867664154137;-1.31028874234524;-0.922969338575397;-0.233896714457429;-1.82390603099711;-0.688596506021311;-1.1756220087652;-0.978634510230005;-0.357100680293346;-0.837797641781465;0.132501933272478;-1.11250384271319;-1.04865729758991;-0.920350253519536;0.71800787191435;-0.808895082405603;-1.38754843324888;-0.846494896312256;-0.627770535858251;-0.790383771038628
6500;-0.601605204584715;-0.955798188911516;-0.0405861281144745;-1.50165145463618;-0.963964677938412;-0.813306253705341;-1.19950738093432;-1.27325332416619;0.399929009570784;-1.07383611526054;-0.757688283186419;-1.29885547791745;-0.890361830584798;-0.178363050200373;-1.8623039706191;-0.742312926507343;-1.16391502706245;-1.02008996268658;-0.386345088309408;-0.83997313172969;0.125235324140521;-1.09620624402634;-1.04229871232989;-0.913105374652623;0.730535963459735;-0.774331444745824;-1.38386275632639;-0.795391706789426;-0.602635582453663;-0.744980933462272
6525;-0.59870587154845;-0.923006522750939;-0.0201378200912147;-1.48591824025481;-0.873257259665257;-0.783152212170013;-1.18134200625302;-1.27459384995592;0.506376178236013;-1.06047473111482;-0.740746498260817;-1.28342802464032;-0.847413966533729;-0.12551744543861;-1.89967409396314;-0.781873194903693;-1.15012752689877;-1.0747131560227;-0.413205149447442;-0.839135042091856;0.112798405238551;-1.08015807053106;-1.03334685625654;-0.901984071778445;0.742647064824372;-0.735868453635714;-1.37734023364233;-0.745235029068653;-0.578929488618912;-0.668192602696999
6550;-0.595884029551269;-0.883764366090089;-0.00165325331699739;-1.47070166032384;-0.763892466622618;-0.753415668424292;-1.15642155177111;-1.26649836489412;0.60551554621078;-1.04837859427828;-0.717660365711789;-1.26310999398818;-0.802983684266197;-0.0792497709046792;-1.92885956340893;-0.83192648131994;-1.13708159563663;-1.12076792722432;-0.437233681867262;-0.836716122770792;0.0954556984064111;-1.06448101215987;-1.02119146119189;-0.891514765520141;0.752830275984493;-0.698168845384056;-1.37022686723866;-0.694451657424019;-0.556265685855141;-0.600148334106027
6575;-0.593476162707027;-0.843905664600897;0.0153160875535602;-1.45744700333673;-0.644931520487567;-0.723332618053166;-1.12653744806416;-1.25700950762816;0.692679571226677;-1.04038429190862;-0.689087199771566;-1.24231226752252;-0.757265776150285;-0.0365357274021379;-1.94831914996108;-0.88696247445425;-1.12091212425307;-1.16324486707906;-0.454506063081104;-0.831687310734082;0.0763405273884485;-1.04707373276327;-1.00384050982848;-0.875343202635565;0.761803935261882;-0.660309754303208;-1.36021156092524;-0.642868001557511;-0.534254267338904;-0.547535167310242
6600;-0.590740506306826;-0.804588353527597;0.0318069435661686;-1.44956524800438;-0.526567020443717;-0.691761470049097;-1.08644809839919;-1.24645576576225;0.760684645299082;-1.03555200952289;-0.65586726947802;-1.21414169853578;-0.709391806968478;0.00331062582630663;-1.95625526280566;-0.938814391468246;-1.09943705449944;-1.19865741176621;-0.46683484044269;-0.823950147126404;0.0544102101160621;-1.0275785308106;-0.977925759250426;-0.859452904602795;0.771242360493736;-0.626059148868563;-1.34815727244829;-0.590245524394233;-0.512938668804787;-0.508118766162166
6625;-0.587395162433015;-0.767825636184453;0.046906720502342;-1.44626787483396;-0.412234077778395;-0.659029096168388;-1.03120670648502;-1.2313344211059;0.808339243096373;-1.03381912272913;-0.616765825167866;-1.18509749787885;-0.660099534887008;0.0433343211104433;-1.95233181581026;-0.980059997942706;-1.07663775387884;-1.23257379236925;-0.477023845898938;-0.821899115734094;0.032161736095042;-1.00573457639195;-0.949342503316002;-0.842296555390664;0.778701087691485;-0.581983584269217;-1.33326336848143;-0.536261585057175;-0.492876668845103;-0.476935803063571
6650;-0.58428510781096;-0.738680433317209;0.05961410614541;-1.44690983618763;-0.306882725516615;-0.625408909271879;-0.96810304254966;-1.21405796740386;0.837585795085793;-1.03650883611299;-0.571654497507036;-1.15716794999;-0.613398217133935;0.0782489822209772;-1.93334738034124;-1.01567940154517;-1.05249326560623;-1.26084035179037;-0.483457808114812;-0.815734538629854;0.00982932623307322;-0.981503507749085;-0.916257193818474;-0.820027450595376;0.786015234962247;-0.540780387666488;-1.31619417311943;-0.481691090696874;-0.472625692903786;-0.453139938040376
6675;-0.581801951127973;-0.718574916041894;0.0706451830995823;-1.45107193914581;-0.218048129952905;-0.589610373043097;-0.895666176767418;-1.19223038432163;0.843402313709506;-1.04605331208801;-0.523389761771335;-1.12328838587946;-0.567163087395482;0.110616682904536;-1.89769183406497;-1.0396153436206;-1.02484222566981;-1.28099821749729;-0.486963247007668;-0.807343979649557;-0.00999940463460556;-0.95425910369812;-0.878262589287277;-0.791791649439386;0.792687102423208;-0.499614677330495;-1.29709830301109;-0.428794346326937;-0.452619283466517;-0.43771584722054
6700;-0.578683789309876;-0.708460438212318;0.0793253096041514;-1.45713674975023;-0.15094030642973;-0.551091545285028;-0.842865951707106;-1.16496982668376;0.826079563851488;-1.05864601978285;-0.474422010048265;-1.09020115838991;-0.525397162197181;0.142089750196367;-1.84798463427036;-1.05247049410892;-0.994569712892394;-1.29153934285581;-0.486575494117907;-0.794275331526563;-0.0295361002693585;-0.923555132442503;-0.834675462400293;-0.757264229156265;0.800806866813421;-0.462392966572049;-1.2795175329216;-0.379978567500995;-0.431698306092832;-0.427992252589602
6725;-0.574354930479379;-0.708268882018739;0.0860122640309678;-1.46317272958369;-0.109987078316774;-0.505427100087578;-0.762700120860342;-1.13561621484337;0.790008021236069;-1.07429623608665;-0.425404151640498;-1.05333369932801;-0.48557712408959;0.176526894443266;-1.78647832461193;-1.05602635477308;-0.961961074521955;-1.2920046116603;-0.481522363949467;-0.775803710612308;-0.0488260195253051;-0.89128699018393;-0.786229361729999;-0.720368670991095;0.807726261770469;-0.424121615550002;-1.25859250731321;-0.336766844839405;-0.40925921302152;-0.42272909920382
6750;-0.570711883880384;-0.716811687801047;0.0931775725866907;-1.46973960086114;-0.0941015510740244;-0.458603721719856;-0.646018735947679;-1.10002815859069;0.740525096163468;-1.09245751766171;-0.377124815538153;-1.01888378427773;-0.448661748867337;0.211558669926935;-1.71273919744417;-1.05037800080075;-0.930156110864715;-1.28199024887752;-0.474388178888576;-0.750067937357172;-0.0624290492802287;-0.857653193595732;-0.735715464774894;-0.680226268540099;0.810814470070051;-0.388113705496959;-1.23572522905553;-0.297849935001258;-0.385664597454824;-0.418388681980584
6775;-0.57055502342241;-0.731828965025063;0.0981310242399344;-1.47697786640288;-0.102038753446334;-0.424023260630976;-0.508663047191187;-1.06395784676858;0.683297477122503;-1.11247124804415;-0.330804638067622;-0.983269366047237;-0.416865222329398;0.247046903758914;-1.62907670728319;-1.04154205750751;-0.898955994843289;-1.26156377504493;-0.462850661038189;-0.720452914190993;-0.0700790735004936;-0.820355539935022;-0.685720014112138;-0.636829199123794;0.81237993511622;-0.351355347580373;-1.2076709905893;-0.262900860476208;-0.358796320988695;-0.412392946067628
6800;-0.576443145275889;-0.750486033148897;0.0996041156238777;-1.48256908103269;-0.134292273451888;-0.388830534714534;-0.367017156134469;-1.02647086225597;0.621521625924827;-1.13354914141459;-0.287526461587516;-0.949675420884865;-0.388686973031533;0.284156219909887;-1.53846187925037;-1.02411997509097;-0.8674989215305;-1.23109130391497;-0.450887410436058;-0.681011504671317;-0.0729336725129413;-0.783499166841178;-0.636929369391522;-0.592132043111743;0.814993117990359;-0.316605258051392;-1.17824371633067;-0.235048047691662;-0.328353467771179;-0.407858520236022
6825;-0.589910612218623;-0.765886590536624;0.100302059045014;-1.48562055554581;-0.185522513045521;-0.355617241607381;-0.228283502500361;-0.988154830291933;0.559241724092928;-1.14960654054064;-0.248772351307906;-0.913255025431076;-0.362451493070567;0.321358994131735;-1.4437531371537;-1.00335235137239;-0.836809567509466;-1.20066653145466;-0.437598081791175;-0.638015604687729;-0.0683259701961943;-0.74609445884177;-0.591236637327322;-0.544630570029587;0.81472559668903;-0.283984531261243;-1.14779108721732;-0.213822676774507;-0.294551071532131;-0.403167406661959
6850;-0.605176103789508;-0.773403395907719;0.100902216371169;-1.48755710283413;-0.248821271750752;-0.328309549409665;-0.10473434286766;-0.950308266781203;0.500520933030822;-1.16606429252198;-0.215240366361291;-0.876671881863016;-0.337307439542327;0.356927428303713;-1.34790163292461;-0.985203221993629;-0.809593867936109;-1.16924032861594;-0.419050932948122;-0.59068719482725;-0.0531106758802303;-0.705256897285971;-0.54847912018559;-0.495719902844808;0.815849497516504;-0.252681334048425;-1.11752684814032;-0.194432332065593;-0.259474134108742;-0.395124856759277
6875;-0.624606922406154;-0.768254273195117;0.105596200307235;-1.4870387403425;-0.317618925035313;-0.307939481878949;0.0031905155982741;-0.913831777491206;0.449307585971494;-1.1422806260685;-0.18725700725425;-0.836713433127683;-0.315185538843745;0.393789538871244;-1.25403230117248;-0.964728200977873;-0.786349199004501;-1.13693877835452;-0.397512202730805;-0.535489344452737;-0.0386318052121571;-0.665365716456088;-0.509103855717209;-0.447555120053128;0.81681038206614;-0.223124365836869;-1.08260108995498;-0.179660767391384;-0.226074762624998;-0.381194856345989
6900;-0.69307033889503;-0.74652918129467;0.109505222972747;-1.4817136765227;-0.385695169717235;-0.290045156956376;0.0879961869871815;-0.878652794365243;0.409316328956325;-1.10618513009704;-0.165446571484901;-0.802143884081805;-0.297364919369525;0.42983848992362;-1.16543093206865;-0.944705048205067;-0.766990144493602;-1.10389108111849;-0.374535735233652;-0.477157972380042;-0.035959784235681;-0.631126677614287;-0.478251504621982;-0.400650436584256;0.816518196680385;-0.198334754942844;-1.04854712346967;-0.170621747627017;-0.192277846484131;-0.360061381878597
6925;-0.713877525636677;-0.741101108614359;0.11776323636205;-1.47040814387485;-0.446449830080592;-0.275007325193282;0.145345743919803;-0.846729459192159;0.381650330800499;-1.05507210322545;-0.149571651608367;-0.763122803036937;-0.282477360169764;0.464667650557048;-1.08545271230899;-0.927626907746808;-0.752784951910124;-1.06972230701129;-0.350268787182977;-0.421243206291313;-0.0404382197884728;-0.601159963713158;-0.450594423621181;-0.357735221030281;0.818480623542441;-0.175308089129965;-1.01400533406801;-0.163308009343346;-0.159600267274084;-0.337653967325371
6950;-0.706942436759131;-0.733942403495495;0.133315669263742;-1.45242558165961;-0.493421864869118;-0.264874086603199;0.174433406022102;-0.817961279948609;0.370408498846923;-1.01490255583504;-0.139270364324017;-0.724866556107673;-0.270830183206064;0.498405567265625;-1.01736666448999;-0.908745333392474;-0.742205262400145;-1.03471641112588;-0.324067783034552;-0.370611873704786;-0.0535083310378211;-0.572008584084624;-0.43024953159312;-0.317073610062134;0.821076803692215;-0.156340591826727;-0.984348129571576;-0.160194491830157;-0.131040747285549;-0.284853840197256
6975;-0.673676956484491;-0.72515799143439;0.155137522190334;-1.42762670611454;-0.520335013685874;-0.25998673821143;0.181695127115342;-0.790374809807835;0.378091080599883;-0.967024495721904;-0.133536223789969;-0.689410377287752;-0.259162136757697;0.532872203782177;-0.963979924213826;-0.892503453523483;-0.732816069575546;-0.997403058641323;-0.298795350645811;-0.320287460584163;-0.0710754104470031;-0.544852447629951;-0.406410062183558;-0.279028384942103;0.820593508043994;-0.13736747220811;-0.96041478603396;-0.162130493371216;-0.105670223861269;-0.248375911220732
7000;-0.623514790383307;-0.717597392734644;0.166069353735933;-1.39645527733292;-0.524277890766803;-0.258397374438541;0.160913394225376;-0.765497545324034;0.404645670181578;-0.92477689388433;-0.131181540411096;-0.651169787625966;-0.250326737043608;0.561356707439098;-0.930117861631229;-0.876082941747282;-0.726793987082369;-0.960338055419788;-0.273836108849425;-0.269428878047862;-0.0808168450301548;-0.518025695957518;-0.391152550952433;-0.25227238670722;0.821454794449837;-0.117562126646936;-0.930359893382638;-0.163481752800097;-0.0795705146281917;-0.24673267609623
7025;-0.556562506701555;-0.71038655853406;0.189251812431477;-1.35992753975373;-0.506279086937032;-0.258335990217536;0.118738029314843;-0.748870520043501;0.447688027118772;-0.844376979296064;-0.128662173994838;-0.615305130141787;-0.243170461187284;0.587375595847618;-0.917035802261069;-0.857689860048401;-0.72043378996255;-0.923713465759137;-0.248241510839535;-0.222224089044355;-0.0863614256023296;-0.493898981922015;-0.384017501832318;-0.232948901304236;0.823498594616641;-0.101035305570015;-0.908096925364205;-0.166704877594526;-0.0567621368088724;-0.242943512136677
7050;-0.486738888966874;-0.704609923328272;0.224708334559789;-1.31958896599079;-0.467894558886897;-0.259861654010087;0.0575328967117634;-0.735678194339652;0.505641041083928;-0.74550207135848;-0.125912156231912;-0.580903051661788;-0.236527470173027;0.608282769636617;-0.923313951473615;-0.841593534570993;-0.713109388611167;-0.886175785064374;-0.222547907232935;-0.168034826767738;-0.0932157783436907;-0.47048467661715;-0.377206340360661;-0.217727413276162;0.824481831902694;-0.0862319924184034;-0.886905433814887;-0.172446403412793;-0.0382923963965529;-0.218671118546464
7075;-0.41558218381669;-0.697077441373814;0.265482871626157;-1.27744155564787;-0.40925230051278;-0.264176675873927;-0.017002143523569;-0.732319588199274;0.571824180245328;-0.646055248127132;-0.128018568912541;-0.54581565969948;-0.231673490741545;0.623760469029027;-0.94879256373459;-0.827062626799413;-0.711011455836972;-0.847539773832195;-0.198183890167826;-0.121505649891993;-0.103869858796166;-0.451444494758149;-0.371753274234749;-0.208618626156395;0.820366525127682;-0.0739130003440131;-0.870703434602605;-0.175884630990093;-0.015914159843734;-0.182630677461764
7100;-0.347854087455817;-0.688026395698736;0.305426708809502;-1.23584456522468;-0.336355877184297;-0.268379333632654;-0.100032396367535;-0.738869773122706;0.639319328267527;-0.557820940269572;-0.129641714398703;-0.511503466886812;-0.227908014334868;0.631449856193565;-0.989160935974026;-0.812818258275315;-0.706936925307387;-0.80720702924134;-0.173654596965872;-0.0795229843246199;-0.116799889934609;-0.434504755132222;-0.371487525092764;-0.200104132281478;0.816853225705997;-0.0664200655858711;-0.851929034171891;-0.177699327690465;0.00326080073909312;-0.117399222775624
7125;-0.285495991342438;-0.681279139112369;0.338397673369813;-1.19452522822745;-0.258651587644922;-0.275172325975302;-0.185614718062977;-0.750439015124309;0.701180791940207;-0.481689873492792;-0.129952227554466;-0.481792611442633;-0.223891602091919;0.633018513153761;-1.03819061008234;-0.80061347721015;-0.697638682185333;-0.762213012906536;-0.14917536146994;-0.0381412639759384;-0.128061361828078;-0.416609373492266;-0.366899042709438;-0.194291926431388;0.814535105142192;-0.0582878419991301;-0.829802345449606;-0.178329005151344;0.0170348605193891;-0.0785535446791902
7150;-0.229996694751225;-0.675686586243341;0.345974410542551;-1.15268799223541;-0.184581811559795;-0.280252955679267;-0.266070334403662;-0.760172477155155;0.746548461232268;-0.417598973314074;-0.129683666996252;-0.45322236220794;-0.219405328319844;0.625600703530382;-1.08821090235495;-0.778504420756171;-0.687085181123227;-0.722090407882804;-0.124657799229583;0.00202121798682242;-0.137136037550191;-0.398281509994867;-0.363357849641345;-0.193960836038344;0.813272252117718;-0.0501345246897939;-0.817703018398716;-0.173815109411712;0.0262269876419199;-0.0353037820060946
7175;-0.189379279592164;-0.673308076312588;0.391570653842689;-1.12467910767299;-0.125307862380616;-0.284196275445849;-0.337701315447593;-0.764567327707801;0.767011692661195;-0.374759448238337;-0.127194039558572;-0.430643101414235;-0.218277702658103;0.611403678894896;-1.13173713718607;-0.751852995442145;-0.677540180883801;-0.681935728360374;-0.101613147617799;0.0373723265988017;-0.144230699289491;-0.38414476630024;-0.357119578168016;-0.192813352715844;0.814841593005533;-0.0412182828591209;-0.805496005279256;-0.168406519353788;0.0331190328676645;0.00629780909898141
7200;-0.165794884318548;-0.669579249896892;0.399479172460175;-1.10957642767955;-0.0930704783272565;-0.286817453463355;-0.398112123801013;-0.761303233272668;0.751121515121188;-0.364379827275638;-0.121438708537457;-0.411161438674654;-0.217983768403716;0.591751333368812;-1.15738212435118;-0.718902076693266;-0.666816945632159;-0.642628318967944;-0.078350940547707;0.063933729858868;-0.149697135734578;-0.371210908647161;-0.352045615050659;-0.193986995430935;0.814902228024772;-0.0323283586087177;-0.787995036891138;-0.164409333199545;0.0449610525453708;0.0480894644749322
7225;-0.155463286749515;-0.666593111641335;0.401893718651954;-1.10789059435469;-0.0987145323945744;-0.287636650724919;-0.440513544645518;-0.759679027651411;0.685512869274856;-0.338480290399358;-0.115548457050786;-0.392760358714796;-0.219521311605102;0.569775295346311;-1.2045068132227;-0.68002941660153;-0.654590650872685;-0.60463753087874;-0.0559361249811998;0.0921494251554993;-0.154163982135609;-0.357200502527071;-0.341677150923746;-0.193407713773497;0.816806709064269;-0.0236257008627955;-0.769127429194701;-0.155536209312507;0.0587196647356188;0.101031195656542
7250;-0.165075377390927;-0.661629533970714;0.403947179430804;-1.11375124739502;-0.105522216750235;-0.285512787867497;-0.463366360157467;-0.763226433332936;0.679250682726624;-0.316763119813387;-0.107933552404155;-0.365780637880091;-0.220280059446761;0.54635955203476;-1.25335472034441;-0.644369623864864;-0.642537439185428;-0.570004302678222;-0.0337624007268726;0.116206134611573;-0.158255503282392;-0.339599714800568;-0.334218123859784;-0.185293015028384;0.816568537144365;-0.010738301980288;-0.749036802646934;-0.141729291512657;0.0720199344373225;0.121497767450459
7275;-0.19177298409632;-0.656196115244896;0.404968402329845;-1.12546953294264;-0.104131711711928;-0.282833071115195;-0.464159532792081;-0.767664396938129;0.659118525715842;-0.29495184581879;-0.100465776528899;-0.351224528715524;-0.221789007497333;0.527158730566551;-1.3005671662326;-0.609068247997881;-0.632029918241255;-0.540539202338068;-0.0135935936956415;0.133215720576169;-0.159711823177534;-0.325247903944273;-0.323072367584541;-0.179222570194465;0.816093406673802;0.00388370283629218;-0.725381165733976;-0.123871601474265;0.0843999914540883;0.132996602243068
7300;-0.23361643310175;-0.648517828147981;0.406354926532644;-1.14112990140268;-0.107790070506508;-0.27658655544692;-0.446226703609685;-0.769750192040351;0.618852449202676;-0.270442434435229;-0.092516344885676;-0.33973237248195;-0.212815044471457;0.518775945228584;-1.34626999681318;-0.575304871824795;-0.621426640048314;-0.506757834607316;0.00479713522265945;0.15475744449911;-0.1613509294395;-0.311590468194646;-0.313112121475413;-0.16764831847429;0.815523469393296;0.0240782187913611;-0.704327739514986;-0.105084834681775;0.0983660706416141;0.164608088442827
7325;-0.289068113967374;-0.638418193442687;0.407908415157402;-1.1556151408601;-0.117125078143182;-0.270247308838597;-0.410473878763819;-0.772963154448563;0.569920898015349;-0.24176522288349;-0.0814360923919499;-0.329745222203121;-0.201637379844181;0.50030600964076;-1.38800028594778;-0.539410058684629;-0.610707718870835;-0.47658462173919;0.0236083146583794;0.174714308024148;-0.160260089393248;-0.294839581201909;-0.299254412373703;-0.156356436619321;0.814059440867406;0.0421302081294026;-0.68046109792458;-0.0854362263282234;0.112874015796997;0.224519696162558
7350;-0.353956627841684;-0.626268419853348;0.417946647645019;-1.16567476884261;-0.130305264955424;-0.262967827789632;-0.360751655967302;-0.776111742324075;0.516800997164394;-0.20784883309854;-0.0679371056094069;-0.32004873330912;-0.192514395602785;0.478670226251642;-1.42259685327728;-0.508501301118058;-0.600106076523333;-0.436288151119079;0.041382097104395;0.194794003769568;-0.155653190275035;-0.276022837800724;-0.285826184525415;-0.140780713662446;0.810392923363496;0.0494175746821684;-0.658511483763175;-0.062234737177267;0.131263415198045;0.268790761546031
7375;-0.424836814087509;-0.612152658600679;0.422373779080927;-1.17227296506946;-0.147109966968588;-0.252799373108459;-0.303090090451178;-0.780107643723225;0.459075366040376;-0.166722393676191;-0.0547335247531364;-0.314557563045376;-0.181799614349015;0.459152531527137;-1.45077712802129;-0.479271362042635;-0.585931640299963;-0.401610275274166;0.0584245622844664;0.214220645236396;-0.150155094866521;-0.255145937935227;-0.27315970123515;-0.121160238520201;0.806844715611995;0.0475074246535703;-0.63678273487463;-0.0422845648209621;0.147135347175728;0.304047240544198
7400;-0.499493120046579;-0.594077531884061;0.423535608066808;-1.17771114364768;-0.16735771986437;-0.243191326924571;-0.24707932546037;-0.778546303120599;0.401842638408591;-0.11764412579835;-0.0403867679884564;-0.308777985239057;-0.170438315826938;0.44396563171867;-1.46880431972909;-0.453726748906557;-0.570069125079757;-0.364454840194637;0.0726181175698668;0.240493932929364;-0.146993749597972;-0.233497070142513;-0.261606374858326;-0.0992275946148764;0.803075103589184;0.0455122606070278;-0.613714878592641;-0.0229637303889919;0.161869313480881;0.335975706050034
7425;-0.572113024846422;-0.57507644330387;0.42891781518116;-1.17958320632705;-0.187198749010504;-0.235228376157568;-0.198348347416615;-0.774795449060299;0.345374827400687;-0.0614081273024659;-0.0221197009870912;-0.302236896944783;-0.159933974708161;0.432991708333495;-1.47862571623625;-0.424091717707331;-0.555700293385752;-0.331380952571758;0.0842498179760029;0.262421688291968;-0.142826436969404;-0.215580715279759;-0.251536539172129;-0.0743430192899286;0.795599737107601;0.0619568465779581;-0.58964530826497;-0.00856360369074247;0.18916477727337;0.363423963940068
7450;-0.636112518105982;-0.554194569018524;0.435926557549736;-1.17463280857995;-0.204893084936145;-0.226317334900276;-0.167244401486098;-0.771267460309034;0.292763176762876;-0.00569385730807896;-0.0014894044100175;-0.296110162541704;-0.149257220383341;0.420598276126454;-1.48082476173588;-0.399159890428291;-0.542561618737465;-0.300125326720134;0.0935071399088307;0.289120840293822;-0.140421064710965;-0.199672771182428;-0.244431038299415;-0.0467822191382315;0.787676559271022;0.119907510988616;-0.564562849009947;0.00152073834318847;0.203496270556081;0.383554477184957
7475;-0.685422025110232;-0.533569077314254;0.446674012735869;-1.16412664442386;-0.223407407740915;-0.218423901216477;-0.165500344218579;-0.76576916173563;0.248718266100792;0.0503396987722026;0.0187921004397398;-0.289795037684594;-0.137531349132736;0.411995572097346;-1.47438327962188;-0.376525367369766;-0.5288488316023;-0.269481932823508;0.0996857242873916;0.318249410588547;-0.13766153532216;-0.182505943959883;-0.239109612999016;-0.0152585639561576;0.777974081790202;0.171268629745508;-0.542128765210716;0.0153413733015952;0.198857182253865;0.394125519336276
7500;-0.714856596515486;-0.512683137398499;0.461585779808061;-1.14706098261633;-0.239876836652882;-0.211703717965721;-0.20456146983029;-0.757413315932339;0.208021946801206;0.103034031899768;0.0409379382430777;-0.279751458948548;-0.128143266586576;0.410292572916834;-1.46095882019673;-0.35718360248687;-0.513834587692589;-0.244140334690052;0.106082857749083;0.346523849900382;-0.1367008091898;-0.164502323182629;-0.233094026718956;0.0128944502651284;0.766681105771556;0.201068297969062;-0.522156920545946;0.024151944384263;0.1958787879316;0.396579152068527
7525;-0.720990593092038;-0.491782148634213;0.479433386753768;-1.12233933195796;-0.255299140713231;-0.203640958293054;-0.232177527783639;-0.750036786147214;0.173433209628493;0.147841845098845;0.0657971825537989;-0.269775999884156;-0.118084186896026;0.413200865525038;-1.4421606624144;-0.339666240225098;-0.497122119750558;-0.219224343505472;0.112074022053701;0.378017911942989;-0.135339993728557;-0.148083642125166;-0.229503667900722;0.0375642530595055;0.756031734018721;0.215635669515915;-0.503190212397749;0.0270949475474235;0.198587541136726;0.389349381545012
7550;-0.706312834008486;-0.473990602726205;0.503563381361217;-1.09482656235547;-0.262344139290002;-0.194788085867692;-0.256374534591285;-0.741041422565791;0.148441268450508;0.182667249165503;0.0915064340998673;-0.261880630396734;-0.108607431579712;0.420023251570868;-1.4190553673446;-0.323193670322654;-0.479715455155468;-0.198127265977694;0.117375470378271;0.411395551754451;-0.133886594425205;-0.131377790214203;-0.227545472313111;0.0655131009541598;0.746280202334479;0.21523956571204;-0.48586804084636;0.0355232381936003;0.20414653193888;0.375329184363323
7575;-0.674570997394447;-0.456498168334809;0.529365850002336;-1.06380964595074;-0.275096713642209;-0.183304210980661;-0.291461760382894;-0.731865617749004;0.136156742538848;0.205889095543062;0.116786635135003;-0.244781105768348;-0.103295553778915;0.428819756905618;-1.39231344704397;-0.307846715092649;-0.460597061457935;-0.178149177847211;0.12238019709414;0.438351780636867;-0.131782526812391;-0.115262392327274;-0.228559822517421;0.0911606213864342;0.734005382013519;0.205208104412969;-0.467290753184012;0.0464258527900351;0.214011530542713;0.355726979080815
7600;-0.633031934223423;-0.441126743304151;0.558849758868511;-1.03031515605849;-0.288824886738765;-0.169008001297763;-0.329390918815249;-0.722126316220778;0.131496456800094;0.213885133099573;0.140172576559668;-0.228604101952771;-0.0975432341217268;0.438988554731815;-1.36689129820538;-0.292640968328605;-0.440307948316497;-0.160613070294726;0.123754938994503;0.471182848360889;-0.129487675379844;-0.09995493452026;-0.229565975985006;0.11305278097471;0.723617682086122;0.187381306458808;-0.449926269533458;0.0526808645727942;0.223042349011565;0.32965294793441
7625;-0.591151768059301;-0.426270882329363;0.591994788565499;-0.99602670108276;-0.294121345043805;-0.154691013851182;-0.368340686286359;-0.711162882721511;0.133643917464916;0.20313443605254;0.162183198764085;-0.208554424537133;-0.0915428173308092;0.44741368220958;-1.33977667803867;-0.278516166064513;-0.419357437219424;-0.145707686027485;0.124183325908699;0.50768402612534;-0.125986551460751;-0.0834975232484603;-0.233036662070325;0.137331489353433;0.710445066075381;0.167241720237912;-0.43173448286768;0.0573107703886694;0.238925768701332;0.301930108319427
7650;-0.56088891456154;-0.412443490070005;0.625316508307435;-0.961365370665117;-0.295246815145328;-0.141403588031403;-0.409726559420706;-0.701142567731923;0.142488448158527;0.176212813213352;0.182031484104479;-0.188657474352608;-0.0848194845427277;0.453872105903775;-1.30990347746433;-0.26788972273017;-0.399269960224749;-0.130831287381126;0.122353354039767;0.54117745753408;-0.12231724682355;-0.0683344887097877;-0.235122373222544;0.156545448754877;0.695264538337349;0.145073790206811;-0.417905163037964;0.061900059438618;0.250811191728912;0.277827269939385
7675;-0.551817571228965;-0.401798463182626;0.661421057713224;-0.933699959482467;-0.293373080904476;-0.127356908446648;-0.448807416976648;-0.691558390094363;0.155262106256684;0.150491016813734;0.199195644079277;-0.172612373927004;-0.0789358785012379;0.458895852970517;-1.27827111036464;-0.25412656614088;-0.380604196183982;-0.117379218517428;0.118834733435307;0.5774033315587;-0.118783792223714;-0.0575948400392748;-0.237889303766682;0.171543271149994;0.684126838797512;0.123642050859658;-0.405503555066849;0.0649778290709992;0.260348744336538;0.259376311373216
7700;-0.585782515784456;-0.392694279482844;0.691306834704107;-0.910974830203836;-0.287762285418834;-0.111245843929045;-0.485850920318798;-0.683033518266421;0.170124609415505;0.124264559443989;0.212802753864103;-0.156490286471852;-0.073700247865585;0.458970803262269;-1.2451605828224;-0.244072150743459;-0.363084813546199;-0.105998352928319;0.113559530411185;0.612054162742473;-0.117397605549929;-0.0490225782096634;-0.242145773113338;0.186103383618161;0.670886472929342;0.103485628060611;-0.396410022274989;0.0684734500975858;0.264762228589449;0.248950651160338
7725;-0.581538500180691;-0.385613707441674;0.719249810699073;-0.889756290218402;-0.278852162399114;-0.0950952442444973;-0.520971490346924;-0.67534040755549;0.185374252310911;0.0822367431620898;0.222469496431604;-0.141470463428322;-0.0704831853394396;0.459348373604062;-1.21063537876684;-0.234435738480153;-0.348458135487146;-0.070553327374506;0.10574251042939;0.642317458378079;-0.111189884235568;-0.0407951169993244;-0.240691500117812;0.194956888807102;0.660190965685658;0.088717067588261;-0.387106465712997;0.068405483442234;0.262300244572572;0.251427523143993
7750;-0.585906213166809;-0.378396930358959;0.741953103355735;-0.873682251449672;-0.265080340097492;-0.0794366811523287;-0.552146295037562;-0.669163001331775;0.202549793017369;0.0358648708964863;0.228264583636341;-0.129810607223731;-0.0671752401647327;0.458264139329733;-1.17118528286563;-0.224834870284124;-0.337923313783744;-0.0873390409419356;0.098193972044508;0.668620212080773;-0.10526976408475;-0.0311771177126919;-0.240171862482596;0.205014654235342;0.647656807617242;0.0793567949618;-0.379848024797592;0.0654036862376336;0.259106928850395;0.273595349200469
7775;-0.587556984889772;-0.372022945407383;0.756367650091323;-0.862052768883176;-0.246193972810392;-0.0645201974068375;-0.577673236101484;-0.66589935709334;0.221487438215104;-0.0170458539177257;0.230312963196537;-0.116676604801306;-0.0635834115627838;0.457331497151032;-1.13135304756183;-0.214601417168505;-0.330890313162154;-0.0985704424381892;0.089268159649017;0.694244008308432;-0.101814987136831;-0.0225590701518004;-0.238735970973011;0.212394934660375;0.637895409875393;0.0788805191156959;-0.373217738501715;0.0617135526240559;0.273671870149289;0.262755179414539
7800;-0.58990987836515;-0.367849955909953;0.761537785373685;-0.857053455635172;-0.223847889855713;-0.0499886925826064;-0.598898663282497;-0.666509520531657;0.240165334762125;-0.0744977667903;0.228971218625716;-0.106583309702172;-0.0628091251884792;0.456304193034803;-1.09419456583954;-0.201579446639119;-0.328862930260746;-0.105153836362034;0.0786268575894062;0.712214185189767;-0.097735515150312;-0.0149035098881723;-0.241141515136292;0.216573578861737;0.634376298543913;0.0854028263197993;-0.360456698182732;0.0602619197785116;0.27049463969694;0.224138120113356
7825;-0.591649696178842;-0.363571667197947;0.781986849501432;-0.854658773361033;-0.199000749224229;-0.0354115131363849;-0.617312323929964;-0.666753008225683;0.257551480672287;-0.130246494916241;0.226050002441587;-0.102113687083661;-0.0631736729408145;0.452865120737447;-1.0599616899161;-0.190168070210515;-0.326468310569555;-0.106338438412177;0.0654215628730712;0.722345498981102;-0.0948243281661166;-0.00652960017724906;-0.241869780968937;0.220409957427087;0.634181788416286;0.101744690590609;-0.354476433716828;0.0535507784785948;0.251994399487225;0.202188963206355
7850;-0.598319735365884;-0.359508597310442;0.809571496870722;-0.857591414563621;-0.171664691490991;-0.0243625156372086;-0.633570361041728;-0.666730427768755;0.275915922348861;-0.184348727639477;0.221459179684593;-0.100106968438225;-0.0628572547642263;0.448885812143713;-1.02646739184657;-0.17662540992352;-0.325653969121722;-0.101302290243828;0.0524835974375122;0.737187510729628;-0.0903047208126565;-0.000251169490347802;-0.238104779772046;0.221632835257046;0.634553846570625;0.121829553889915;-0.348064719730594;0.0440624295420714;0.244660353770227;0.196087724617805
7875;-0.603505133836705;-0.353348107202481;0.838794086098014;-0.853871139611275;-0.141347024172537;-0.01482221376983;-0.649138743242164;-0.669282035093831;0.292531562122932;-0.240239257210734;0.213856319228759;-0.0993250023641905;-0.0644529696755991;0.446198725644129;-1.00109464826024;-0.163371972658253;-0.33207449672651;-0.069614616143514;0.0392489344038942;0.741600913535806;-0.0846495581842835;0.00439374120143894;-0.236609216565223;0.220718910698128;0.63417384255846;0.149708679682158;-0.345000314564563;0.0365119272370932;0.246403159476438;0.192277324593521
7900;-0.60575338675658;-0.345677239775864;0.86652395552237;-0.863260769106395;-0.111494518538653;-0.00631928527893963;-0.659612459750534;-0.671968600469739;0.307477476523189;-0.293274769237249;0.20476938947687;-0.100027762860015;-0.0641369096039476;0.43882072056945;-0.976983957196394;-0.150432564940611;-0.333290230084511;-0.0593482835280387;0.0267372113686173;0.744219801480435;-0.0807989617297507;0.00964870281786352;-0.233847929460773;0.221406518781841;0.637149620599522;0.182520958997952;-0.335251940197336;0.0320770615981915;0.246963578813403;0.200128100154585
7925;-0.604063935571951;-0.339995478467428;0.889091460840631;-0.861894931026091;-0.0835462679547967;0.00211402239863636;-0.668971941592237;-0.675298096065131;0.319468092879929;-0.339489066815436;0.19530309195444;-0.104287320586189;-0.0602724739528706;0.435873843856038;-0.95451976627516;-0.134352079192406;-0.33192461924116;-0.0836753147685684;0.0160839602945895;0.743213384432826;-0.0767648662121233;0.0124203527529063;-0.224512465827861;0.220321790002019;0.641476532684845;0.221375672551754;-0.326843040155411;0.0294187105116829;0.238320264517655;0.177051090819969
7950;-0.600790744372943;-0.336876829459092;0.905050069206913;-0.853704963294732;-0.0568628249699938;0.0130234963509722;-0.676630911310969;-0.678199209668764;0.326372318368367;-0.379097851246631;0.185979351679329;-0.108977144465791;-0.0567523820964379;0.433615894033775;-0.937685164350698;-0.117353622931392;-0.331984430013787;-0.0919242848280448;0.0076451132652815;0.739346248057185;-0.0750193914201561;0.013297841734208;-0.216933372653514;0.219711986803618;0.644596041202673;0.267206100044882;-0.327738702423382;0.0274612612030064;0.223251350699429;0.176096772270689
7975;-0.597687812536054;-0.336382928474578;0.95679777156819;-0.853766019708077;-0.0331259337627965;0.0240904584888425;-0.683891895585078;-0.682432785138592;0.330178890411058;-0.412366948290277;0.177845681691262;-0.116055382778231;-0.0542162851285232;0.43477807570811;-0.924944734080782;-0.100488242263569;-0.330693301709233;-0.0860851602262209;-0.000452713969681939;0.726427398535428;-0.0722165077017297;0.0128523067364445;-0.206983311412567;0.220714941106186;0.653161723005326;0.316496493734234;-0.327124458869959;0.0333801064053486;0.235363577729021;0.188555318319925
8000;-0.59226502966462;-0.334729565811818;0.963358637090942;-0.859194013073886;-0.0141326490222125;0.0360983768892095;-0.691433218291967;-0.686818239065092;0.330224652615809;-0.443598293670054;0.172108696143529;-0.119977960730196;-0.0489108155222566;0.439445268344321;-0.913284790906678;-0.080675787544024;-0.327358451853831;-0.0707051093333759;-0.0065705377263392;0.710603482836727;-0.0709089239030139;0.0107886394279785;-0.19548513887287;0.220313461229875;0.658073364788698;0.365914799547452;-0.322732361525272;0.020888521601618;0.274388457532474;0.194477776651154
8025;-0.581754444827986;-0.333296875669814;0.979920436154373;-0.867938767508297;0.00135240821222515;0.0491891056477706;-0.693799985196718;-0.688773903767623;0.326783317614032;-0.47125407880651;0.167650369645659;-0.119357926877846;-0.0329170592312198;0.448583602299304;-0.902585783810205;-0.0623186331559848;-0.322598138079924;-0.0491122648797746;-0.012086334329718;0.691021683337862;-0.0735560496386896;0.00870843051052601;-0.182055476454942;0.22193615998832;0.665948110049702;0.414765227942227;-0.319087372646876;0.00714613253736109;0.321328592837933;0.209260774010325
8050;-0.573189986488912;-0.334095224542595;0.998237607108019;-0.875931069891485;0.0133754285675782;0.0650402329863872;-0.693569220359753;-0.68700493889813;0.323437222514466;-0.499015801869735;0.166085965615913;-0.117985773611409;-0.0320649388937863;0.460884629483019;-0.896785654749608;-0.0429658185691303;-0.318303769070924;-0.0234360198851457;-0.0160114151414767;0.667911511364758;-0.0780088641218964;0.00626512776254247;-0.168758483916371;0.224907282740002;0.67023419727314;0.461617960272022;-0.316643821668112;0.000783734604474251;0.360966100894489;0.19941876975006
8075;-0.564438946747016;-0.333839966886419;1.01646748422854;-0.886591359869858;0.0214878303138257;0.0826297359691965;-0.693266347175613;-0.681051978594464;0.32157236248062;-0.524951523934323;0.16883258070796;-0.113490022242211;-0.0134013272746647;0.477419570199228;-0.893541930711899;-0.0242568666483897;-0.313474787301582;0.00999530338520098;-0.0180405443513572;0.638965369982165;-0.0828745723362357;-0.00206446135390275;-0.158905136949946;0.224010658603162;0.673438332377649;0.504818181756267;-0.313920329482229;-0.000255951278598321;0.379304373052291;0.190427243606626
8100;-0.555007716754702;-0.334606908980107;1.03509589178614;-0.898724556402073;0.0246585375618591;0.102543064975016;-0.692117190798401;-0.67255934941627;0.316443518726591;-0.546873290423902;0.174513390147689;-0.109312801554415;-0.0190341734788019;0.493430178620046;-0.894369284117717;-0.00496001743598109;-0.307654089115174;0.0413370079979818;-0.0170278986898984;0.609399557499987;-0.0908771797974205;-0.0117079540868724;-0.150178547726532;0.227506177747306;0.674502251769347;0.538045010618201;-0.312789986834319;0.0235428561303443;0.38261655557209;0.192796283633824
8125;-0.547712471232254;-0.336626024808108;1.05711182914128;-0.908278850734562;0.0248390606236648;0.123973170337599;-0.686377339386921;-0.665009677227734;0.308262027926621;-0.564700137604017;0.182077531559763;-0.10103123962913;-0.00240847086981817;0.510066289873905;-0.900168752340789;0.0138713704507848;-0.29964658401724;0.0748919933203385;-0.0137717763275058;0.576536248741013;-0.0983111272069089;-0.0180374948436415;-0.141186232117736;0.229316165695666;0.675747383648633;0.547847625895141;-0.310699397154427;0.0407192364229355;0.372625159316496;0.199440271724029
8150;-0.539995951273434;-0.331747594629248;1.08475867426462;-0.916984044171302;0.0232825279981896;0.146555154504171;-0.678017042993115;-0.660852215829805;0.300796946565934;-0.574357975390894;0.18803783685685;-0.0919769544659155;0.00663312060085679;0.524897728571164;-0.906616247752507;0.0326979834076369;-0.288574632925368;0.10483288521503;-0.0113952765110235;0.539404918255964;-0.102965236428658;-0.0235260106128899;-0.129649904948612;0.232078589787663;0.672036369420576;0.530657166438008;-0.309607070344602;0.0534993395913696;0.349421492440323;0.203562999806912
8175;-0.533574328744666;-0.32818593013008;1.10155748980981;-0.92563572042623;0.0197147249729102;0.169535496125657;-0.66593488617224;-0.658547380801831;0.293019724613902;-0.57768565479171;0.193261738476358;-0.08226341074745;-0.00676679096406958;0.538830002426823;-0.915194793618369;0.0472927659246941;-0.274536676602057;0.135230910338182;-0.0100829113850447;0.500516012320574;-0.108413661428589;-0.0285821711570152;-0.118496281985417;0.235233359359028;0.66590111921418;0.49666306466797;-0.308590187517669;0.0720873099988583;0.315044971501391;0.208760497701039
8200;-0.529683808478304;-0.325335174655183;1.11885739395113;-0.93450775458869;0.0158705950009312;0.191134918116448;-0.655248485318752;-0.65551278110435;0.285645529285201;-0.574161043557352;0.198452819091825;-0.073109010266625;-0.00588977856791879;0.553523419435923;-0.92298477386635;0.0633516149076954;-0.262216965657321;0.162985953570467;-0.00740707159234977;0.465733118315566;-0.115654658656676;-0.0331029990708809;-0.106879121342192;0.240194843152143;0.658841084819543;0.461136534144805;-0.304815329281029;0.0959981955116297;0.280295031412933;0.212143566852025
8225;-0.527221757337887;-0.322686309328676;1.13812604628573;-0.944844042506695;0.0118317813651054;0.212570563279172;-0.638235192585982;-0.655667861852405;0.279429002357089;-0.563163462060288;0.200355688455379;-0.0623692766358928;0.0065918183252847;0.565720676787498;-0.93239516878307;0.0800585132046577;-0.250188054734951;0.186466055163046;-0.00429859030403024;0.427018178203713;-0.122027685173966;-0.0388313242656804;-0.0946175505537856;0.245420968358279;0.647218237300969;0.446954414403263;-0.302096487950237;0.118074848693826;0.250130401970145;0.213237458062828
8250;-0.5252166594648;-0.319503724778896;1.15323161608982;-0.952348420371374;0.0113236808249568;0.234128830396578;-0.619146629960436;-0.659155109613138;0.275854171692642;-0.549418349349389;0.197750340764852;-0.0541257001722157;0.0369482921183946;0.577235993873117;-0.941990329046082;0.0934880762989022;-0.238944995090495;0.204078878333538;-0.00392474224986672;0.390393468556244;-0.130909910626555;-0.0388969651795199;-0.0827851849244063;0.249508665093537;0.638326144779873;0.462500124246142;-0.297630518496958;0.139361396984817;0.200644767503367;0.215456150155133
8275;-0.525465470371454;-0.317842809018428;1.17015795240014;-0.961762398148205;0.0106072082991377;0.251943654542058;-0.598216087267196;-0.667687034486514;0.275593384458955;-0.528740730264209;0.188838995876163;-0.0491036399331244;0.0679355684337444;0.583212465206125;-0.94873893090703;0.107000053392623;-0.226672157134323;0.216600863231026;-0.00338376377777405;0.355465931996309;-0.139860217301214;-0.0371211688363522;-0.0702308643376592;0.248723264978468;0.625784221352719;0.459101209802676;-0.293460226683788;0.16448016134741;0.143108920553315;0.219358274217874
8300;-0.527753481388939;-0.315020992849022;1.18437344970972;-0.972499329805067;0.0123709803374648;0.267446570434559;-0.57581436788368;-0.680268283273322;0.275316889874161;-0.503713167793095;0.176087214551097;-0.0447506950696979;0.0993977745616426;0.590894941782579;-0.950050159250048;0.120575919480883;-0.214277805189159;0.220785589564435;-0.00139035618922478;0.317494108471953;-0.147600953407468;-0.0345375043611223;-0.055821567154211;0.258518787609902;0.614534726624919;0.443745290890563;-0.28711364493775;0.185448804937368;0.095401582415444;0.217172986266583
8325;-0.531287243446306;-0.311113724395026;1.1989069811457;-0.983380598133889;0.0173101509940268;0.280874176124515;-0.555964263988504;-0.697700081225778;0.277937688986644;-0.475865898966866;0.160388137139769;-0.0453113570906356;0.130896724755061;0.595666283563283;-0.949612648703768;0.131752206787945;-0.20466647043846;0.226398122737026;0.00152444691130138;0.28120733720944;-0.153119923110253;-0.0305169875149239;-0.0430986088820693;0.264855813598634;0.604323613253021;0.427827382999435;-0.284282098567794;0.201879681024082;0.0597541485419558;0.224319205888726
8350;-0.535978552552704;-0.308133130887228;1.21237564274262;-0.996606126809666;0.0259126103149767;0.291290089937571;-0.536081359614289;-0.72077859724811;0.283106988623824;-0.444851628554154;0.140623938576451;-0.048433462100419;0.167225543924343;0.600186016522973;-0.947724907275057;0.145999505364647;-0.198562881457046;0.223232031796745;0.0038387221682894;0.243861028625012;-0.158667936093236;-0.0265646207271957;-0.0317241301543043;0.270349427862726;0.593894650456525;0.410349714340826;-0.280250483689492;0.220223366412248;0.036912347775487;0.209291860717778
8375;-0.53952880894255;-0.302158722101241;1.22505795256354;-1.00758345051434;0.0258912179374566;0.30003127141055;-0.518087698225132;-0.747178484012453;0.291741555336605;-0.411298953468129;0.116200402711468;-0.0491231775515204;0.202790595906202;0.604964984315244;-0.942227953923296;0.156858349650163;-0.194243438195143;0.218523971071472;0.00389078374921836;0.204601639174414;-0.164170407709042;-0.0235252023421258;-0.0221998681549924;0.272138085436167;0.582949670789513;0.392439333347606;-0.273171017663423;0.232196055969411;0.0267053681899221;0.195113480832535
8400;-0.539180029993615;-0.294652931809469;1.23867584113993;-1.01911361266785;0.0273956759301304;0.306070233453132;-0.49850458634525;-0.775096432092847;0.300274393111559;-0.377128754234342;0.0896822277917029;-0.0537673687349156;0.237361154551909;0.611153828057673;-0.937293995897644;0.167606668302304;-0.19164557701857;0.211628933531081;0.00453705279813366;0.165778580774114;-0.167264341536351;-0.0212077116115668;-0.0144017970020704;0.27212554777391;0.57800435027932;0.376322886996282;-0.2667894058808;0.240204973118533;0.0272020120210937;0.184080746050282
8425;-0.536039103210117;-0.286398853305585;1.25116869313401;-1.03151917943286;0.0347981452430068;0.310050467584317;-0.480342683662103;-0.801418393482887;0.310759482343807;-0.34282817538076;0.0650947595855825;-0.075623688710714;0.263181719058684;0.61657400011445;-0.93066632141077;0.179259159996348;-0.190550098102889;0.20333223530174;0.00340554539599291;0.142353579355113;-0.173405415292393;-0.0224076774324858;-0.00896559514712036;0.271753004803394;0.573776992365949;0.363425852600997;-0.259489763135903;0.242671770622416;0.0471685837601215;0.176159605906664
8450;-0.529671870998327;-0.279027308272371;1.26148341111345;-1.04137861220413;0.050901050223326;0.311521123494079;-0.463298552903218;-0.824442542031675;0.32322185595864;-0.306736620479248;0.0423793536318116;-0.0908291095890337;0.285890727240557;0.621167201994419;-0.918287138191693;0.188788746069819;-0.188048492034671;0.200721773417787;-0.000155372135786758;0.117148030310799;-0.170656258792199;-0.0304858440239005;-0.00540613091816633;0.269695980204726;0.566412465487692;0.351434563715418;-0.252327847785251;0.236760947431525;0.0735578505167543;0.169033602832904
8475;-0.51966576679687;-0.272432272862481;1.27077773797466;-1.05367838783551;0.0557875302452966;0.311503465182258;-0.445027687088934;-0.844244223274243;0.335521605995196;-0.270855858498842;0.0219562279213251;-0.0618313500605985;0.302996620262725;0.627378474434498;-0.90276301486996;0.197613308353309;-0.186422384722475;0.203627069966451;-0.00430938364537892;0.0964700936249523;-0.166489922053675;-0.0442645366656802;-0.00366182090874956;0.265685933224089;0.562110652481488;0.342697836794283;-0.251737544709057;0.232404044854794;0.108565478729696;0.167364186534954
8500;-0.513376751176237;-0.265764325946415;1.2782048268663;-1.06187923031046;0.0590752086194875;0.309137929292311;-0.428314290203357;-0.86155222953328;0.347009459841713;-0.23812167470348;0.0049369317810906;-0.0336338489603381;0.313817597746242;0.631665148755395;-0.88748054710395;0.206816957759314;-0.185391295782538;0.214588527652941;-0.0108083301791659;0.0801499542469362;-0.162514608999815;-0.0640799777015071;-0.00232400445264291;0.265850463547957;0.554143125181286;0.336885024890516;-0.249681239692753;0.224848263194458;0.151235337316865;0.168447792178371
8525;-0.501161839789587;-0.258575252214078;1.28240111857475;-1.06265278200333;0.0663918245699135;0.307696712321871;-0.412363443199177;-0.872168221967402;0.359161201221869;-0.205476385371072;-0.00760705723538431;-0.0355272361099037;0.31786024546897;0.637460903196602;-0.869215801661496;0.217759414909629;-0.184702497702346;0.239125702791161;-0.0189772668188317;0.0643897957340505;-0.154841039910037;-0.0894616709194882;-0.00337081444975373;0.261756483286333;0.545037496683793;0.334883868613056;-0.251411445582282;0.20987938816057;0.204354780390103;0.171429373708652
8550;-0.491459841087272;-0.250882428552364;1.28371435610655;-1.05882558677656;0.0763550349650264;0.304952109763822;-0.395737224926844;-0.878648033598449;0.372766967283288;-0.171632598685271;-0.0173845574449751;-0.0392392892648874;0.316300929238631;0.644476702536798;-0.846035684401759;0.226276482155571;-0.185019134503305;0.209492609474523;-0.0266940018804178;0.0552922098502773;-0.151295216153213;-0.121174717957809;-0.00745119121952564;0.261838268496777;0.533475909451687;0.333435504265732;-0.250355673125964;0.190792984796279;0.27020357316595;0.178522082188035
8575;-0.477811348393919;-0.243137648376573;1.28271626932679;-1.05117163224013;0.0887421723456385;0.304478173735521;-0.379807606893891;-0.88177336042786;0.386307593777642;-0.141727641566731;-0.0229701359565568;-0.0384992104368274;0.305284371531253;0.652527611714924;-0.824658389998273;0.236743895525036;-0.185821633169665;0.214294367850167;-0.0349032391303352;0.0496493338189987;-0.146851048553508;-0.159880253321765;-0.01361685652873;0.261101559400627;0.523890825797109;0.332735841523035;-0.250184543595075;0.177290969895967;0.344593781772656;0.188971996496905
8600;-0.463199248924927;-0.235609058005826;1.28107676701859;-1.03857563139656;0.103692991059579;0.304717958094931;-0.365856674558057;-0.881811153685177;0.398716287131965;-0.115473772023254;-0.0232495405950545;-0.0425719563560212;0.286571251880877;0.663771611714569;-0.800752958139737;0.249153920143256;-0.18673424596941;0.223401165284641;-0.0441918086184183;0.0506224633793106;-0.14364759111462;-0.203216258663412;-0.0216398985850588;0.26050989998802;0.515376532775871;0.332824805567611;-0.249506353682611;0.16119664312094;0.38772264716252;0.197212129548974
8625;-0.447904689483098;-0.228902981084242;1.2766068557132;-1.01758043488909;0.121105854192108;0.30521977583486;-0.351729091862133;-0.876553570179886;0.413513708653378;-0.0923592979220101;-0.0185660807514451;-0.0416147928669859;0.262528905918205;0.668611051332262;-0.779588247376609;0.261832398570501;-0.188739963114706;0.241862970578753;-0.0559009384423581;0.0564602630515063;-0.142153488911668;-0.25056107854225;-0.0295989575280511;0.261634191909853;0.501275186885194;0.335774309839847;-0.253550031731179;0.135723816729833;0.412208716096126;0.207345039580449
8650;-0.434493609778058;-0.222737896658542;1.26981325721616;-0.995897825565203;0.139246647296627;0.306203991207742;-0.338730541200514;-0.867869496766092;0.429818762511715;-0.0761671521592436;-0.00812642665527514;-0.0385471645842972;0.234126747036703;0.675889293607937;-0.759055097800531;0.275835346979742;-0.190706715254022;0.27283443638241;-0.0657808174517582;0.068143210836852;-0.14392732095132;-0.301439093856866;-0.0387207195187025;0.262333125822161;0.484550365930899;0.335510272679048;-0.257872920242752;0.109067889239831;0.435541974876579;0.218816342706899
8675;-0.418971416806704;-0.218414832266878;1.26188949771621;-0.965793599433774;0.156700145566174;0.301756180798368;-0.327492055155393;-0.857669074145008;0.44687845296533;-0.0644604306622345;0.00695316054022959;-0.0373675747846645;0.20242149439166;0.679190905819103;-0.743356692810366;0.290288159073141;-0.19192794498685;0.316132994381825;-0.075606130104733;0.0848642266455348;-0.141438956836263;-0.353235395472188;-0.0483022037746754;0.265015998272188;0.464738360943448;0.339389484164414;-0.261620647844693;0.0867859225742035;0.442263313668569;0.228334804755747
8700;-0.404737041025268;-0.214415794950659;1.25287984540588;-0.955839545723089;0.172839685041583;0.29702475068268;-0.313225163703543;-0.846384508976807;0.464006036483414;-0.0565113267912703;0.0245757935829574;-0.0357954545119701;0.17402685186788;0.67765641828535;-0.727634951991022;0.30562920367129;-0.1934132543264;0.318821418579613;-0.0851466110638468;0.105351673947743;-0.141900820981754;-0.403752772939278;-0.0561668758324543;0.269065984602617;0.442563115016754;0.338626022989181;-0.261353625600576;0.0723784308152035;0.426105762223889;0.237306838282075
8725;-0.390326615298307;-0.212932978338903;1.24106960258904;-0.933391605195203;0.190237403434623;0.292663214149814;-0.302562689348502;-0.836188223005715;0.480124639845446;-0.054802616813799;0.0457028695979143;-0.0345272680969981;0.139726532806485;0.678581673790583;-0.714355493319745;0.320719977745844;-0.19610638684453;0.300378931316815;-0.093673779523485;0.130475069181217;-0.141607847109479;-0.45357170605076;-0.0617214842952394;0.276424038950558;0.419242763385598;0.337430722747427;-0.261043018831906;0.0614335909385932;0.383717618271869;0.250119103136942
8750;-0.378755158210966;-0.212319063210707;1.22876054120822;-0.911553200574243;0.207871664079307;0.285930548960434;-0.291947959095925;-0.82724445428426;0.49564689734951;-0.0564669559588567;0.0676327690803656;-0.0354297155767145;0.124432144661518;0.678414606452837;-0.705502692449389;0.339881928829949;-0.197813763558397;0.302724389066455;-0.102274285106376;0.158668167626061;-0.143048632507251;-0.499943963794323;-0.0668261397432119;0.284060867655252;0.396180326543764;0.337747091040424;-0.259720009893902;0.0578842313312337;0.337035168354315;0.263866978059569
8775;-0.368217083425077;-0.214135144282175;1.21782564865349;-0.889350920421415;0.228525352958946;0.286509115128938;-0.278707455198404;-0.820780833001952;0.509863494997228;-0.0606612163549827;0.0883284357429653;-0.0370405244056724;0.103747224816388;0.676500751893836;-0.699995223388675;0.350801926021855;-0.1990255665563;0.303751670749101;-0.112992421072025;0.186672225930637;-0.144686078541017;-0.539718812179197;-0.0714103445768539;0.291071736447616;0.376176306891739;0.335976834077567;-0.258403023591882;0.0613786177112407;0.316588037211504;0.27439725170042
8800;-0.360614774778537;-0.215681290842525;1.20659561573467;-0.872262602160949;0.243480817243855;0.28603524649539;-0.265274292650712;-0.817158144110613;0.52317629904263;-0.0660488093369731;0.108286291699039;-0.0383265002920736;0.0830907284899669;0.675045429567415;-0.695251264866914;0.362046174546539;-0.201386788478295;0.302713010210612;-0.124325340032436;0.21857667159631;-0.149236204315385;-0.5726341352219;-0.0722618115378677;0.297022791997831;0.355782014691222;0.332711784145562;-0.253270329228166;0.0467543650563273;0.314010490740092;0.263358532657713
8825;-0.354241081027589;-0.217562081447448;1.19599271383057;-0.854679534131539;0.24897255133682;0.281658242619718;-0.249093121292345;-0.814594146511883;0.537773549461779;-0.0724161184029948;0.125983566039915;-0.0392758959693897;0.04514454848356;0.671032978161377;-0.694270135590116;0.36972199925685;-0.201889859915573;0.298926932901185;-0.135522309027311;0.250188017393167;-0.157460688905686;-0.600554156804326;-0.0649612457306215;0.302458882101329;0.340957297650593;0.327374279477932;-0.249536729871214;0.0552967833302994;0.319450213535939;0.259232191387975
8850;-0.350966646043954;-0.223583270637749;1.18639605579709;-0.840285903247551;0.253791803367461;0.277471658090044;-0.232487696577744;-0.812110829840823;0.553352974370906;-0.0852698706037914;0.14247165293217;-0.0400956803610986;0.0322880148875853;0.668001071390316;-0.695782125846004;0.383992429290231;-0.202903369803328;0.296843923531343;-0.143500373662419;0.283408396455409;-0.164373248801939;-0.624606301003654;-0.0576755444016359;0.307196822518168;0.328841824687675;0.321471869832428;-0.246004690160105;0.0468892301239591;0.323994811124171;0.258211157556809
8875;-0.350157598434471;-0.231368097299899;1.17863343408744;-0.831599340846566;0.258950622316202;0.270288295078888;-0.218646062153827;-0.810185066530039;0.566954275611231;-0.098984238865332;0.159336906253608;-0.0390069528613481;0.0254812786038703;0.667022242496201;-0.696871703279436;0.401263037005243;-0.203806929376798;0.29832387071586;-0.148147705847802;0.31518310980493;-0.171142654839895;-0.644040384494674;-0.0566954471721499;0.309862302547274;0.321753925228364;0.316671918603704;-0.237934793597119;0.0242836867110022;0.327034740959874;0.253772109906748
8900;-0.350821382110538;-0.240515236355809;1.17270716103159;-0.826854779450919;0.261374311325473;0.260589464422597;-0.202345954283756;-0.807950630770062;0.576563814149934;-0.109757942910243;0.174739382381104;-0.0372382215465943;0.0174428165299277;0.666215105634403;-0.701893147630944;0.418433761656932;-0.205026468464287;0.295544480047998;-0.150010981739314;0.343801602165064;-0.179308771231733;-0.657047640114081;-0.0525673071209289;0.312216060172105;0.319123224314575;0.307599608867122;-0.228374947600576;0.0245197952729867;0.332140289862286;0.250673725889207
8925;-0.356237631779093;-0.247235848175483;1.16799797440414;-0.8236106341692;0.26376288490445;0.25018909472218;-0.184793322282018;-0.806046206627931;0.584405106948743;-0.118079073636323;0.185195574514669;-0.0324017080256245;0.0433994462293304;0.667360780409024;-0.708552396747734;0.437029239804876;-0.208112523063304;0.297922920746987;-0.151270423147479;0.368500120435502;-0.189861872573171;-0.663559537742466;-0.0523747991690819;0.310927739968962;0.32307581955951;0.30085557492754;-0.219639852710522;0.0132353551178212;0.336409798126959;0.25181194920024
8950;-0.362769336751168;-0.248924984678914;1.16390435283175;-0.82593575023159;0.265468607542034;0.235410038123949;-0.169848382395517;-0.8039692763735;0.592109037688845;-0.121594138609587;0.192014286868441;-0.0268757828441557;0.0571583927617572;0.668358404497356;-0.712555943718388;0.456427852665709;-0.209459174831439;0.300411178825878;-0.151938224033019;0.391708548904243;-0.199569283295489;-0.665449839582541;-0.0522516403872912;0.306686859944072;0.328328844629186;0.291684106665062;-0.211465745465372;0.00796561161028722;0.339591569436544;0.249599266238449
8975;-0.36902884672892;-0.253133230221445;1.1599020850958;-0.833005279079333;0.266026445570831;0.220216286954496;-0.15397808399352;-0.802617288897583;0.597938578680592;-0.127676437814347;0.200712918619996;-0.0148002580974169;0.0602746185882075;0.670593894653044;-0.719920413002168;0.470080196482547;-0.211684100223364;0.303520086985524;-0.151493681226761;0.410201896142212;-0.209309701156463;-0.664753479266122;-0.0574706679929551;0.299926797094926;0.339803717948554;0.284053466727595;-0.205257912964235;0.0154688521060819;0.332316157571183;0.250025089899273
9000;-0.376527897287029;-0.258471587270786;1.15683197847828;-0.841485153107497;0.266866401718608;0.199580399859054;-0.139149012952781;-0.803715359003506;0.603647814856664;-0.132597885081228;0.209892878611635;-0.00390579431923177;0.0865892107349793;0.674756312247982;-0.727917312924184;0.488553885396543;-0.216404101288433;0.305327734673099;-0.149479227019255;0.423957570814715;-0.221946605858988;-0.65966917238332;-0.0629517481428103;0.290244982974754;0.355130936197609;0.274914067232773;-0.198183514869022;0.0255877521949851;0.322877135022786;0.251099587002808
9025;-0.385363521993092;-0.26328623521117;1.15323037888631;-0.854867573389635;0.266497940281472;0.178867614571835;-0.119773217035536;-0.802455168549082;0.606447962190537;-0.132232618978606;0.218535613328174;0.0102145569120045;0.115118114759682;0.678500708616033;-0.736045889119126;0.506005296810131;-0.220851395586485;0.31255823344096;-0.146311301621035;0.433203411377301;-0.236040640239131;-0.651153877689562;-0.0709203828307428;0.275800157639646;0.373220660054525;0.26905081390249;-0.194819340474792;0.0364808170322063;0.312196172727114;0.25551467492251
9050;-0.394003759744651;-0.268050119284009;1.14873911141415;-0.870203048064349;0.265792192459029;0.157936906535585;-0.099957044397476;-0.80028487782422;0.606494475391887;-0.128835784189341;0.227725334681173;0.026510850535201;0.146109507681802;0.682716168655621;-0.743095141412884;0.526068357045537;-0.224892862879113;0.319553823756458;-0.141919964934538;0.44052720432122;-0.253170806118474;-0.637955420590086;-0.0760211777101287;0.260894983678914;0.396123006086779;0.263681348949347;-0.19036037375117;0.047029588277378;0.303327066726771;0.26572276478188
9075;-0.404169431083474;-0.272988140408385;1.14449463921578;-0.890451434905966;0.260491254724756;0.139327087710148;-0.0811067785607273;-0.797392866936348;0.606957824708737;-0.122211779064751;0.234760486082492;0.0436087536128702;0.164828059421782;0.683169181679577;-0.748981610819815;0.547856011013471;-0.228244677701762;0.326982984009627;-0.135809665720393;0.443086349259525;-0.270106816767641;-0.621063348981951;-0.0818392580121547;0.244518356628556;0.417304970897422;0.258631759773124;-0.186722368741121;0.0599575385881525;0.291372735068261;0.279206291085053
9100;-0.414097415638397;-0.277700005595844;1.13925750094625;-0.910987563955764;0.256268318108625;0.123757692851325;-0.0612986705804126;-0.794821278770551;0.6059519992945;-0.112502720312946;0.239427260801611;0.0615438295216095;0.177583040771268;0.686918046704363;-0.753947236197015;0.568231963837257;-0.232699571265335;0.338476493097562;-0.129769934431079;0.438249769302145;-0.285568809391807;-0.600095948696004;-0.0891084920885432;0.241400475111607;0.440907561074987;0.251271253707609;-0.185201065206823;0.0754454610628378;0.277104154096181;0.291122059587584
9125;-0.424207050077802;-0.281728143433785;1.13559259861991;-0.931711954851754;0.252393574338955;0.106520263663662;-0.043801230535139;-0.793568316580494;0.603814912042359;-0.101364396092098;0.244252213963666;0.0759027659582476;0.190493087917588;0.687159075348403;-0.756429115087409;0.588957637001291;-0.237872994447496;0.35209941753971;-0.123076738741349;0.432396357056009;-0.299563567602255;-0.576763368215752;-0.0982810148674287;0.226757175150773;0.461159863716163;0.247340157355392;-0.188224642825228;0.0862441806332165;0.266183313333296;0.309246613451925
9150;-0.432346553297941;-0.285769153190884;1.12959616565521;-0.954435926736073;0.248882939260047;0.0994368293008971;-0.0223198139852558;-0.793793581782382;0.597837723001442;-0.0884579615468833;0.247304925006265;0.0868264536164758;0.193257488631852;0.688452257395791;-0.7566716089311;0.612920317307545;-0.242936593142615;0.362296004000078;-0.11873546038281;0.422543666072587;-0.316486602861638;-0.552258481279981;-0.0946429618908771;0.210033091251037;0.478184399119121;0.243731615988076;-0.189434111588681;0.0908928930656686;0.257071117110992;0.30574867808017
9175;-0.439157545997445;-0.289829109095497;1.12450490865663;-0.975877328917575;0.246153402008825;0.0848565955894348;-0.000396589738987041;-0.794907813461685;0.59181181106411;-0.0730079907763479;0.247071169390439;0.0880709104743365;0.185473421818315;0.691325225938402;-0.756756579435973;0.634462534438945;-0.248120744142667;0.373994643998066;-0.116008300103523;0.411714411837035;-0.332741602019571;-0.526405179337027;-0.0841208949708911;0.205433776542542;0.496546087561683;0.241776221610289;-0.192915283746469;0.0908899428706461;0.247358906009061;0.311859494738909
9200;-0.442128924621242;-0.293916844070256;1.11637653652281;-0.998137904659058;0.243670719779455;0.0732960773705552;0.0173233315956869;-0.795899866002368;0.586457229038826;-0.0556050266031314;0.245725161789081;0.0771005596718273;0.171155467977396;0.692388267713286;-0.756991178857734;0.656767182948641;-0.253003316632925;0.385071897356614;-0.113748825169663;0.39312500992881;-0.348941652322521;-0.4980461226303;-0.0908109309145355;0.198312047974722;0.510857098476769;0.241639215209973;-0.197035902291295;0.088696747030843;0.236284228079732;0.320710909960809
9225;-0.444155304036087;-0.298543211103261;1.11044306964884;-1.01732637572548;0.24321687020339;0.0651066768887255;0.0352383448455951;-0.796322696302152;0.580285030447729;-0.0358147392874797;0.247677755981478;0.0540930058105746;0.149295311748404;0.693999780991228;-0.758646623846214;0.677878332801828;-0.258760179896384;0.394598742541113;-0.115173242079278;0.386847140995736;-0.366479648851699;-0.469090904770913;-0.132383263976218;0.187956389150563;0.521709674657277;0.242793133175334;-0.201005568048491;0.0780893050815283;0.226523157793044;0.32873433454643
9250;-0.444235260562129;-0.304178359218537;1.10642534966414;-1.03189205600951;0.2449792418764;0.0606863117138142;0.0545208835484476;-0.793702227293804;0.574652525482167;-0.0150500753247845;0.248527108248523;0.0569807046328363;0.124617319407433;0.695378545049096;-0.756223654897751;0.696934093777043;-0.26501408538918;0.406618153515626;-0.119603594303791;0.377635765160075;-0.372258557894194;-0.441919482935212;-0.171315037495395;0.179373747700732;0.526272857818712;0.242829190041132;-0.204585414581706;0.0593150287044607;0.214439605321925;0.335265110431526
9275;-0.442495723030048;-0.310626034651562;1.09622096164566;-1.04352158301889;0.234140660489;0.0583499991998106;0.0718951161736736;-0.790424196277224;0.570442570100617;0.00525052109880582;0.248747565656;0.0911302857960234;0.0932976576144538;0.695675023521085;-0.754048123518682;0.720770766426324;-0.274032571775904;0.418876271602475;-0.12544565596436;0.369775588107364;-0.377695066728404;-0.413533076518297;-0.183011256679038;0.168762377438961;0.529982583305997;0.242725693203455;-0.21416756950529;0.0398179145549137;0.199830313035475;0.343522200944287
9300;-0.438138395320984;-0.31687473564278;1.08651423870291;-1.05174112982486;0.223908158718025;0.0570772388422983;0.0855134699923814;-0.789557629021955;0.566144616421136;0.0235203881742671;0.250941294915333;0.0987791757229872;0.0608654160698961;0.694950382148724;-0.752294094883828;0.742409876642955;-0.282625138585892;0.428265524774317;-0.131551934810268;0.360836260438116;-0.378307286608844;-0.384380546973027;-0.185598100024607;0.163618177191131;0.53211972633424;0.242625234574441;-0.222470872008482;0.0138107048372324;0.188832761944859;0.350436642700061
9325;-0.432806663531975;-0.323080517100789;1.07399645920895;-1.05614664479092;0.214047334589857;0.0585829794860312;0.100120149372801;-0.789009663517971;0.565161230490348;0.0424371428704446;0.254413188471595;0.0879423131030053;0.0267910451412408;0.697616058740376;-0.746937179725024;0.761577468452569;-0.289079159525684;0.43732995674571;-0.139880513904481;0.347965950605166;-0.374971980111583;-0.355296283552322;-0.170848581175431;0.155655093810419;0.534421973781176;0.241470380359101;-0.232066978466134;-0.0161973384253057;0.179653290176078;0.35350855568524
9350;-0.425087440599409;-0.328416281279701;1.06164385990554;-1.05885877626035;0.202451713908697;0.0564779519786719;0.110561517062618;-0.790675698085068;0.563634069399078;0.0624478026998935;0.254888179533088;0.0858161581617156;-0.00952686516598562;0.701647895841751;-0.741063237690892;0.788605159421288;-0.294872184384211;0.438973669638518;-0.150874520552266;0.342953818893697;-0.367689193257045;-0.326845837002712;-0.141686486282782;0.147801983433481;0.537666747706859;0.241088190813921;-0.240573567624305;-0.0467473949272535;0.169657580518899;0.358705106370625
9375;-0.415852307046733;-0.332869923310615;1.04625931826167;-1.06304417842044;0.187260449235976;0.0547907068849697;0.119605443202383;-0.795751556698875;0.563255463421369;0.0744408592109262;0.25515922653868;0.0829954632632917;-0.0496623651257794;0.703903362221945;-0.73737822693128;0.782460718692422;-0.300521787129186;0.448644251178942;-0.162482049847125;0.334495506466139;-0.353625583678271;-0.299891161915229;-0.103071187979484;0.140228726845799;0.541341111574275;0.237141868993286;-0.2493383941988;-0.0728393448401202;0.160930477661095;0.361608511610521
9400;-0.405609530556435;-0.33838921578721;1.03511304603035;-1.06498993263541;0.174400225761715;0.0508565007653043;0.128368206431275;-0.800990522177795;0.566132797541049;0.0912147353901342;0.257130890948277;0.0793636762099701;-0.0868250848410308;0.707845277557897;-0.732340589488062;0.786501251763425;-0.304584186979857;0.4521296833743;-0.172325200487853;0.331104615239814;-0.335861087386991;-0.274700214745702;-0.0573547019904885;0.132607087300834;0.54779406068268;0.235042622945395;-0.25860419577568;-0.104547560697958;0.152542013205025;0.36247455143963
9425;-0.394031780853659;-0.342993301391097;1.0202811645072;-1.06651188299164;0.162061435623893;0.0440045784273443;0.137795431738224;-0.806403444007899;0.572744411190321;0.11420130352641;0.259173395561559;0.0784339766671711;-0.119210311415653;0.712902659633234;-0.728897362056339;0.81265696048365;-0.307780066035333;0.454147220482698;-0.179467589842498;0.329309651927287;-0.319113167345941;-0.252821345451242;-0.0100743397184728;0.127790671729063;0.556077185986941;0.232445981153953;-0.27123703364469;-0.142643093329962;0.139887543869634;0.363741988529423
9450;-0.38220762264803;-0.345399291336119;1.00462791488101;-1.07115337949858;0.150067658057098;0.0356277007443556;0.14226112549511;-0.813659314425398;0.578915734558011;0.135389244453475;0.260843127668964;0.0778972213839997;-0.143160536173391;0.719836429244991;-0.726674486577398;0.790560506649066;-0.308755863738925;0.45158382011741;-0.183534179522947;0.331676140919218;-0.304853617766184;-0.233537788764229;0.0369279698374965;0.125015050954389;0.549871310861226;0.230296076167785;-0.283069517047489;-0.180455187111415;0.130040720766609;0.361717751531016
9475;-0.368860156836105;-0.347710356726373;0.986010028269294;-1.07765813897746;0.137416909066431;0.0170447208042334;0.147223668436197;-0.824433834427612;0.586157395568984;0.154306711049327;0.264695906936265;0.0765355340681491;-0.164729163696233;0.7272682991563;-0.72664434792316;0.777898522025179;-0.308763701690623;0.450459945483115;-0.187998930389921;0.32861931245933;-0.282839382361813;-0.215898304899433;0.08158005625353;0.120618155226864;0.54854643760308;0.229514783900917;-0.293782670287076;-0.211811199167748;0.124443047726559;0.360373181397874
9500;-0.357721433869476;-0.349447969559948;0.965363184533656;-1.09395719011835;0.127317583698597;-0.00215633165019833;0.157626831101353;-0.837324176996762;0.594677610155012;0.168423145116231;0.27122626797521;0.0794112919823351;-0.173733200096862;0.734225943267507;-0.727387765397362;0.774399798228824;-0.311091065438913;0.447194727530221;-0.188024136227164;0.329401256164866;-0.264447658396774;-0.199283301489784;0.120954216098081;0.114285304912981;0.550657399751057;0.225330977655075;-0.303149417588237;-0.236173227356652;0.110914055280409;0.359758999687344
9525;-0.345341950091762;-0.349087634476816;0.942269781860782;-1.10931278036584;0.121801578027131;-0.0272889397019727;0.153221057051492;-0.852385652855082;0.605363910515371;0.175302668049865;0.279768350456388;0.0817109484522018;-0.175921808159572;0.742289616804871;-0.72851796996281;0.77826038344073;-0.312309461713731;0.443404854756601;-0.187586476706202;0.330773465434039;-0.240932250677885;-0.183832234671351;0.154473801416251;0.110219853345838;0.556164068054457;0.225730095345319;-0.313374027157576;-0.254660884879108;0.0971336080628443;0.358570826606612
9550;-0.333137542231424;-0.346812829702674;0.919831406645863;-1.12915879278975;0.120710963689964;-0.0528229089260811;0.149762619814706;-0.872093811532778;0.619006874578689;0.179497072955348;0.288449018193717;0.0833992586749503;-0.15436536112679;0.752291864579096;-0.734465905177833;0.787832818072909;-0.312039794205127;0.431837726510885;-0.186488282241528;0.332305374012058;-0.219930795628679;-0.170629085157209;0.180663448265304;0.104992510205069;0.559213730826947;0.229162135074125;-0.321777228474674;-0.261899871669482;0.0869489668767589;0.350483432470709
9575;-0.321706994278829;-0.344551643589421;0.897681080332292;-1.14950461035176;0.124968790866812;-0.0712913179669413;0.147610575937174;-0.897824039806447;0.632624373861525;0.181433346783836;0.296760543517766;0.0838097107261366;-0.148797358751417;0.760755147497301;-0.745757891498581;0.78991061044636;-0.312336598683268;0.423232488822325;-0.185016079943013;0.336487119315573;-0.200778777036087;-0.156438422268068;0.198662211252631;0.0993191556124761;0.563962222631206;0.233603299711503;-0.334766004652363;-0.262126651004604;0.0818171228600939;0.338644299495265
9600;-0.311367389569346;-0.343060119257941;0.878043536424999;-1.17432796694566;0.124474172759858;-0.0929744418090169;0.144473964732175;-0.926635452483584;0.645258485697403;0.179824463282216;0.306066615624108;0.0845227844876395;-0.153773788817169;0.76946194882863;-0.757571614663561;0.796265056147286;-0.313522090796877;0.409304747743259;-0.184562029791972;0.34242813632993;-0.183889795849346;-0.141453421395246;0.208989669747223;0.0906130669035691;0.570724381199803;0.239168063470267;-0.346230921976401;-0.254804491310278;0.0758844255314639;0.323168361159386
9625;-0.303099665344022;-0.343980693672513;0.856365356026373;-1.19925941986355;0.119372593740169;-0.116173880732308;0.143427983600956;-0.957863826579109;0.661511768029834;0.17218551565862;0.314314002731096;0.0857815829147399;-0.176962739354919;0.775323668727134;-0.7746750697965;0.800724714955174;-0.314357816174354;0.390174327168081;-0.185685219717159;0.351044016287226;-0.169379063498357;-0.130268629775488;0.213344037883205;0.0807848992638033;0.578224402616776;0.247854371434525;-0.356630120281559;-0.231774427401743;0.0751539085890507;0.310278374273994
9650;-0.294707414977876;-0.347096300270371;0.831879280148698;-1.22832089878456;0.11848455572739;-0.135109975707147;0.143163337280219;-0.993452893689723;0.677951032035852;0.159015590892287;0.324069073050781;0.0908439944680217;-0.174230024275924;0.782050369763759;-0.795384496288266;0.809302942911633;-0.316297691214774;0.36919653096954;-0.187447913318647;0.356539393931351;-0.154457604948179;-0.121816706684423;0.202904093418993;0.06859924418454;0.593216008653868;0.261881090267128;-0.365767914193383;-0.244836742079206;0.0768130322376702;0.298216810594749
9675;-0.284558129606422;-0.353718286626857;0.813096998835257;-1.25754977086037;0.120386657917722;-0.152775717071286;0.14407398860826;-1.03135160904834;0.692477998073598;0.142853481556374;0.332849273783021;0.0952049691043206;-0.204011928748415;0.787946779517448;-0.817177222543342;0.815661398008324;-0.317916997956371;0.347234516425823;-0.191564154510339;0.361320713198952;-0.14168974785099;-0.114170385182676;0.187857530397382;0.0544557328837962;0.597338772784211;0.274828544660643;-0.373672382904794;-0.26524506016309;0.083425583964073;0.285903715100073
9700;-0.278287887121749;-0.363475572475993;0.798309112353258;-1.28500358866835;0.120636286595591;-0.163402549523742;0.145772330823707;-1.0707751800968;0.707699969637885;0.123149927733934;0.340939871157171;0.097630236933425;-0.220042262941086;0.793983914757436;-0.841259979609514;0.817069515225365;-0.320078498152489;0.324807679950083;-0.200355140678536;0.365366382149223;-0.130562872435125;-0.107804439611632;0.164283615628908;0.0400568123537752;0.608813638195346;0.289982318185557;-0.381627344617672;-0.272527561105664;0.0898320340704076;0.274892077556415
9725;-0.273948284124667;-0.376195659928358;0.7847988203677;-1.30816421580107;0.121408437275658;-0.171664258562863;0.146634952740029;-1.11146213290671;0.720714431488087;0.100144085568575;0.348607181345769;0.100517464296209;-0.241843706877529;0.801435777335083;-0.863666737403205;0.820101015465209;-0.324174870233111;0.301447235500711;-0.212733772940741;0.36904456071725;-0.121301357286269;-0.101596266490058;0.133753326214975;0.0226582322622723;0.590397918546443;0.30934078432896;-0.385557986038984;-0.288123280427391;0.0994285023450863;0.268404468180412
9750;-0.269563479643648;-0.393143660798278;0.774194143638175;-1.32849933999703;0.1232917872944;-0.17721682350338;0.145609857596708;-1.15141068539328;0.73391299174668;0.0766539323706616;0.34856973525999;0.106100489680587;-0.263357718357855;0.805845918091572;-0.887128712779714;0.817726716384971;-0.324161070414761;0.27490736215503;-0.227743651175274;0.377291812818902;-0.111156702167003;-0.0950885207225006;0.0972515591800787;0.000314845960860799;0.582307084388953;0.32734635885769;-0.398445831899137;-0.293842524725463;0.111986221184676;0.262241270254551
9775;-0.263749775967239;-0.413979321321534;0.766177237916215;-1.34480165055935;0.127383462057833;-0.180979607316534;0.142713241376692;-1.19297239265833;0.74549341936913;0.0508522091827294;0.344922271046919;0.114446238820311;-0.288222986808097;0.810871724673933;-0.913711032507914;0.80806292060513;-0.323154912788979;0.244895000989998;-0.248254187756112;0.380930086041068;-0.101114370330116;-0.0908128047386756;0.0584921168065642;-0.0265653063675178;0.584023870360918;0.343414129043077;-0.408488334409544;-0.300336869346427;0.115783570523959;0.258608558048062
9800;-0.257181828832035;-0.439332363404052;0.76142437757988;-1.35389594150462;0.132467703110712;-0.18427244296025;0.143703116573945;-1.23518251333098;0.755041010805842;0.0247322624892729;0.340688998337468;0.122364832929941;-0.314437050703814;0.816221812663427;-0.939540842396306;0.800536747335066;-0.320345241184335;0.214240862106452;-0.26999288654177;0.383357870672032;-0.0924776809562521;-0.0874807495329429;0.0206085925232489;-0.0560648210528792;0.596968893340841;0.358315023495444;-0.418657711288875;-0.310215019252628;0.122210848612405;0.253171116145349
9825;-0.251766389283074;-0.46599217942936;0.758026196875078;-1.35985422938457;0.137595290081238;-0.18297993578429;0.143674634943373;-1.2735079915563;0.758259109475968;0.00233188814679748;0.33789601296976;0.131962181835583;-0.345452029821554;0.819921675152873;-0.962606129241975;0.788043341074587;-0.318324293153745;0.186956801073765;-0.293174735198344;0.386690804344009;-0.0837119341657423;-0.0850220494574681;-0.0145711378553419;-0.0873457573365766;0.614892266639556;0.369978675580918;-0.427547408946136;-0.323212610540629;0.127043075977964;0.251396629346836
9850;-0.244923914776403;-0.493765157447176;0.756000813839746;-1.36304009781839;0.141506262625305;-0.179471843293432;0.141554230596854;-1.30737686174129;0.762673404981736;-0.0176303357732979;0.33376614614743;0.143113710354342;-0.376664651169042;0.823486209825177;-0.983260101655431;0.774380106964886;-0.315287649359486;0.159031185657467;-0.313550468059101;0.388595526089526;-0.0757304933728245;-0.0826677630262085;-0.0423065872670256;-0.121233872581701;0.629965578844237;0.379909328458357;-0.434677397776789;-0.338006448221518;0.131050141451554;0.245383041130608
9875;-0.239238562149087;-0.52249317381061;0.75609371670566;-1.36202038790074;0.143037230879813;-0.172349078111355;0.139290585812423;-1.33901270133438;0.768295284272775;-0.0352568297177352;0.327767270025764;0.155522575906678;-0.405507795335686;0.82808971201253;-1.00168737591233;0.758091547632209;-0.310939754634545;0.130034968335875;-0.334208882535481;0.386615009166859;-0.066384145195694;-0.0778812590202034;-0.0671869244387193;-0.159142201005489;0.648355604315468;0.386345474489515;-0.442612164021813;-0.351138865652302;0.131347828717737;0.238093664445396
9900;-0.234529380306637;-0.551806691580851;0.756183415143712;-1.35689881202651;0.151341037039596;-0.166218583012683;0.136398510474549;-1.36825802695637;0.770219572783494;-0.0496711963305077;0.321833077521117;0.170459857539975;-0.435824142940779;0.830569447510041;-1.01962517445537;0.741359725239718;-0.306354278550966;0.104990437853876;-0.353331628811753;0.38508177392321;-0.0553256381411487;-0.0731747432700145;-0.0844299774172339;-0.199929501187677;0.671476301315716;0.390398322927268;-0.451283545872865;-0.361762091989207;0.128264164771774;0.232244264810871
9925;-0.231211781785193;-0.580669392315035;0.756789395310027;-1.34975059936296;0.148665691155075;-0.159681813479272;0.130491171229179;-1.3922227873187;0.770367209336454;-0.0614204275368444;0.318101439411905;0.187651182757727;-0.46619882432024;0.831846768743986;-1.0332385765541;0.723870691773541;-0.299348242103613;0.0805364803319271;-0.370734413892902;0.381385230064843;-0.0427349105325288;-0.0688009523413664;-0.0882096163427515;-0.243403295901381;0.697401614811526;0.39263824164262;-0.45977804704603;-0.371385673004648;0.12310774952189;0.228124251447975
9950;-0.227304189416349;-0.606769656409918;0.754572567774873;-1.34407728951799;0.146656951383134;-0.150049843289331;0.126984659291535;-1.41311780895718;0.768194454304443;-0.0690901327143794;0.316005637515806;0.206798921119887;-0.508292089003873;0.835006406688295;-1.04364992666848;0.702899072684728;-0.290906351440979;0.0587505730552827;-0.388009794434662;0.375416619991681;-0.0322896526660711;-0.0648306118436992;-0.0749991887681785;-0.281869762211879;0.722683246399994;0.391569618625811;-0.467187000610114;-0.380353937204236;0.115755418233238;0.222741764644269
9975;-0.225260066563556;-0.630421579818801;0.753664087766093;-1.33660985502627;0.146497394679328;-0.155383683835889;0.123102212874376;-1.43056579476031;0.765327148225355;-0.0714809063750013;0.314300408385393;0.223151753134925;-0.549674234335871;0.839429697365301;-1.0487287072124;0.680025202224877;-0.281377703093646;0.0387643687969859;-0.401378048882443;0.364057323901393;-0.0208288562329556;-0.0622099087669821;-0.0663166289562889;-0.30636111050353;0.746755990396452;0.390903374563115;-0.475906658066405;-0.385356362331623;0.107372432239129;0.217485427253921
10000;-0.223361690465409;-0.650356560385305;0.750713400283134;-1.32944589754112;0.146655714931549;-0.157906432041446;0.118964949786167;-1.44332861491188;0.761201928350306;-0.0744676950820325;0.315013522069308;0.240164140772474;-0.586173795304794;0.842313863089248;-1.05257563495645;0.65863750549035;-0.267431456570793;0.0247581740708296;-0.411353683373237;0.350210182493906;-0.0113379337254012;-0.0581694886646889;-0.0875395277283544;-0.332443867247025;0.762869464128082;0.390177985675338;-0.489819957171094;-0.387819772818333;0.0942355705189677;0.215295377847953
10025;-0.221075422385435;-0.664155102741498;0.752661224687975;-1.31964860886775;0.146842191711123;-0.16042502450447;0.118942581256914;-1.45168286461875;0.757450681043625;-0.0651868481660929;0.320714040354286;0.258891060264577;-0.619466209688241;0.846645055492904;-1.0542056561582;0.636131896022327;-0.258171255329588;0.00811388164730302;-0.41754128669923;0.335175607345118;-0.00369744857791074;-0.0548888137839739;-0.13877373429873;-0.35619576102245;0.783093764008087;0.38945105352812;-0.502994794839174;-0.387922464871074;0.0849303103668373;0.213920870820741
10050;-0.219699739656847;-0.671801567670435;0.749898382428396;-1.3102342895288;0.146408269570773;-0.163265744111229;0.124511222581173;-1.45301396652571;0.751506896561783;-0.0455468227421901;0.328599241579018;0.277811849256226;-0.650412892838298;0.848988578919652;-1.05119082628347;0.616914355360127;-0.250047419489338;-0.00522121796571668;-0.420187252517012;0.321535280688108;0.00462257874263452;-0.0520842598100224;-0.182412952118149;-0.375585956028045;0.795496245089291;0.385793071511285;-0.516656022050933;-0.387201053642754;0.0734940806533342;0.211491723825329
10075;-0.219508012129369;-0.675895406329922;0.740908684130169;-1.30073627545304;0.146853260500406;-0.16736650309931;0.125184914040163;-1.44974828203923;0.746331203203386;-0.027351886959844;0.340278538659045;0.294709974995365;-0.679238388607321;0.846418829111599;-1.04899767152122;0.607039138383846;-0.242422943259615;-0.0173371401676498;-0.426406141830977;0.306218234353094;0.00966729032380078;-0.051990046467193;-0.222378333687522;-0.389058647853058;0.803793665166175;0.383214042508578;-0.534284614813177;-0.386548491200302;0.0576723923028839;0.208428192373887
10100;-0.21809919774503;-0.674815484760462;0.733231430972756;-1.28992113439341;0.146202593489587;-0.173802209542124;0.129073115822825;-1.44371815886636;0.742704834252296;-0.012727548409367;0.356323028974419;0.311044371939992;-0.699958116209606;0.845901833417899;-1.0448315754915;0.599035196748461;-0.233746075590871;-0.0298504826452332;-0.42012750404516;0.290182812129342;0.015423446021387;-0.0529415319228977;-0.260538582748603;-0.39964802623198;0.808214101490286;0.380112990683657;-0.552320876316036;-0.380855007525146;0.0443049185517579;0.204741325995149
10125;-0.215791524263781;-0.669383625086631;0.723921522208847;-1.27661284982567;0.145748995013627;-0.1802961841736;0.132789913649696;-1.43491393301482;0.741005224484371;-0.00216552930479201;0.375649246345426;0.329532452880043;-0.717527921977976;0.848740954605951;-1.03827679959808;0.597801553826892;-0.217165131508905;-0.0398145794012809;-0.413522531761474;0.273377245821907;0.0176872877730706;-0.0519931238746961;-0.295174118270867;-0.411034877173292;0.811140399660921;0.37493060847586;-0.569438646467522;-0.376216007313492;0.0322014429898057;0.196056167806743
10150;-0.212542784634972;-0.658546169791089;0.714095139836612;-1.26235011171104;0.145897282407485;-0.190491627410476;0.135965558077299;-1.42351583871406;0.739370915596694;0.00119760677666365;0.39329125664916;0.344243537770089;-0.732914958047127;0.852807006816021;-1.03248515761998;0.603058106625563;-0.219745149601347;-0.0503523788127187;-0.410739295827179;0.259790642194277;0.0209892581309744;-0.0537585036997135;-0.329855790200594;-0.420817016788212;0.808621963195626;0.372925603736402;-0.591366203832396;-0.366424633110709;0.0187624240613256;0.193403768524221
10175;-0.2101065319202;-0.645135667958851;0.701726586230259;-1.25541982032085;0.145059012820709;-0.196279385117212;0.142716122042787;-1.41267009622762;0.741344125768859;-0.00187237247363319;0.410968948045263;0.356241230803591;-0.745334217741108;0.85610537938985;-1.02967204604286;0.582585958602107;-0.225284203379007;-0.0599332394282412;-0.407645854685945;0.243956357389636;0.0252762975862052;-0.0572381702273399;-0.363845568732503;-0.428272774035547;0.805581385164712;0.369215114835994;-0.612166625377396;-0.354809125496653;0.00601502347862342;0.186597791863597
10200;-0.20807765102905;-0.630848034370484;0.693356144105213;-1.24271148482842;0.14720632505849;-0.199568602647471;0.151236052876029;-1.40100848086084;0.7450795019747;0.00123106087664455;0.429107953040216;0.368519704840095;-0.752911646727942;0.860566056123693;-1.0282651807898;0.588203185051487;-0.228274794755807;-0.0721532494094989;-0.405129819113288;0.231571287597789;0.0290135061151141;-0.0608292607010441;-0.396184552699445;-0.431090543796437;0.803225363063715;0.368561904663242;-0.637953267346406;-0.345168611455871;-0.00917145655725955;0.205701152239801
10225;-0.207186217167536;-0.611680728028495;0.683724891491898;-1.23877836947968;0.148910192292029;-0.198854261846921;0.160140222382734;-1.38684568463914;0.748829077152343;0.00346160272367664;0.446696429177811;0.378576076928783;-0.756529860313821;0.864604976747618;-1.023305135868;0.598050501278865;-0.232207635767822;-0.0839931730044267;-0.40574662052138;0.224745160059038;0.0280149825693074;-0.0644965205203898;-0.424999032156923;-0.426431375011338;0.794051433448313;0.366461215720464;-0.662852577038217;-0.337361856930101;-0.0176306606716945;0.178371284802264
10250;-0.205161431253484;-0.590573493082059;0.674012075354859;-1.23213565595292;0.152653064809874;-0.196285770302915;0.168622380612293;-1.3716017815997;0.753361513135156;0.000595702421241473;0.463678838561572;0.392703202306067;-0.75889857539362;0.865897145716197;-1.01955210228236;0.560694086025699;-0.233408289756262;-0.0938118681398054;-0.411735082405377;0.2207115446215;0.0247850613727571;-0.0673020655998083;-0.447304907501981;-0.419299367827076;0.768253464489986;0.364769889825053;-0.687644510942502;-0.332087758986249;-0.0274121071832726;0.158125091577386
