;1;2;3;4;5;6;7;8;9;10;11;12;13;14;15;16;17;18;19;20;21;22;23;24;25;26;27;28;29;30
-500;-0.0258761664280527;0.0592453175764538;-0.0386904533238914;0.114869411675833;-0.0268982089128023;0.0596404997830683;-0.000834349149900993;-0.0979558928564181;0.138213212274516;0.122679719884985;-0.0726082090973466;0.233635688991832;-0.00879812230081276;-0.0278151249602198;0.174975553757517;-0.115508659354135;-0.110359452474465;-0.169121132483812;-0.0107040371581563;0.0039593638256584;-0.0955081061372618;-0.00222234027486121;0.137366387316618;-0.185264753288991;0.0415270634043995;-0.174051360306515;0.0612851844267497;0.102948781570635;-0.125600627466817;-0.411388762078559
-475;-0.0246258984095407;0.0526132899444045;-0.0378616730492604;0.0998679158443375;-0.0284178360132938;0.0530723076031646;0.00764872022407759;-0.0837413774986448;0.127581974894517;0.101894775749478;-0.0363557027189442;0.21959462909428;-0.00441206221506727;-0.01686427767233;0.16623217723507;-0.110494303066667;-0.0916693508088954;-0.16541325655521;-0.010404183206891;-0.00917072782399422;-0.107399866523211;-0.00176656397792905;0.158779503924604;-0.165227887576741;0.0429355678728226;-0.162180308258777;0.0680596153015416;0.115912251910488;-0.143223803445478;-0.347819403824646
-450;-0.0254289017988672;0.0409117036133777;-0.0345809765348408;0.0887654946069244;-0.0289765125075943;0.0441694659179187;0.013453097608003;-0.0709237480018407;0.112465326107397;0.0758280021276855;-0.0561452878840848;0.200483783137413;-0.00170003512895898;-0.00803104400028904;0.156331987901778;-0.103945397852357;-0.0759586653716228;-0.161129806495464;-0.00964688484580574;-0.0215129689209964;-0.119193842957586;-0.00239379872709908;0.174578756173283;-0.147807349821772;0.0474036817740303;-0.151089744359097;0.0705431049245893;0.1232264071979;-0.15431968651801;-0.297657954948553
-425;-0.0258015705293182;0.0304231710880387;-0.0324085500927913;0.0720861700673773;-0.0316986079782455;0.0353376425197213;0.0179559881476117;-0.0600770473489886;0.0959971561186103;0.0483243401958514;-0.045064021883307;0.180318547324755;0.0006210539123507;0.000503157936670595;0.149379889349053;-0.0953784514696734;-0.0614495869790483;-0.152532673015643;-0.0108622053401419;-0.0326024405802291;-0.0980838732008844;-0.00310705097654815;0.181908639803129;-0.128113106689898;0.0504773189489188;-0.139059378797261;0.0671103304730356;0.118915276050439;-0.161088435832845;-0.245415068359102
-400;-0.0245611611780648;0.0178183083349514;-0.0297428953431933;0.055909514440066;-0.0304769827835476;0.0263123612424333;0.0186790508952372;-0.0494735717766874;0.0788771646815577;0.0214889506838428;-0.0356897792072453;0.153630349613053;0.00315696787573208;0.00454118761183913;0.135316720015926;-0.0847834139209978;-0.0511647755049253;-0.138452513531779;-0.0106445253262388;-0.0399608708362164;-0.129168612602877;-0.0023064005165939;0.181577276772606;-0.107559451495632;0.0460055935514571;-0.126854265926116;0.0551628986837192;0.10589827278135;-0.162020863595998;-0.172485186530171
-375;-0.0224415844562643;0.000978649014595723;-0.0269386196486458;0.0420104506122604;-0.0297796201170697;0.0172624411402708;0.0185520312737586;-0.0392219514407916;0.0593663100965688;-0.00540887156992706;-0.0215608157254324;0.125346268064475;0.00412366278207434;0.00662719615497624;0.119931718774669;-0.0697366364412355;-0.0384338553537608;-0.119293923864297;-0.00713539051327601;-0.0377513166719236;-0.14478009044777;0.000505749766060459;0.172225138293457;-0.0923741194550531;0.0390089497829928;-0.109933737780975;0.0426198416315349;0.0836065164375834;-0.160091675630348;-0.110130372853525
-350;-0.018159975045277;-0.0138855357174413;-0.018631609411319;0.0252733412018481;-0.031396331001647;0.00796486248519037;0.0161641295981554;-0.0312520509709852;0.0396482984072934;-0.0290085511240022;-0.0081468164090722;0.0931808646465983;0.00517100743740686;0.00716412075534527;0.0915207028618743;-0.0548756733738331;-0.0308085149108229;-0.0967074513298862;-0.00346362269583373;-0.0320303859540295;-0.144448061555575;0.00530526198213024;0.154860197344739;-0.0762277895547895;0.0340937598398369;-0.0945303839313495;0.0301083519741145;0.0592395396434857;-0.154241732180042;-0.0545282430994367
-325;-0.0124807785801744;-0.0271630295746741;-0.0148631970872508;0.00758088608558851;-0.0306300839671585;-0.000981082521468091;0.0106307025215975;-0.024832578832749;0.0214297400362266;-0.0502613775816197;0.00552200958753226;0.0617918745078276;0.00372552064078748;0.00875824371710414;0.0652367978006366;-0.0417154646469555;-0.019635284380935;-0.0725605730554526;5.22001747691903e-05;-0.018028852478536;-0.132276424311331;0.0105146464375931;0.128113234637896;-0.0624750228486783;0.0254343855196463;-0.0803771209946412;0.00921351585800645;0.0383697367815663;-0.140786349826468;0.000312450056972491
-300;-0.0074456319719836;-0.039757700677888;-0.00953270270956903;-0.00996563927347913;-0.0287375369385532;-0.00266703711766056;0.00362110470790022;-0.0153843347942486;0.00186895061992689;-0.0673694722282493;0.0160056111175969;0.0276627186803575;0.00170169385317633;0.00462898345024469;0.0369493937374077;-0.0281672535964281;-0.00480688291299383;-0.0497332353919612;0.0044455913113655;-0.00354255739516964;-0.113584182184149;0.0150788316655045;0.0934309809852624;-0.0428350160061403;0.0182254444705158;-0.0640538847759869;-0.00946702043619885;0.016538879760874;-0.117868475232127;0.0486698613229477
-275;0.000142100193364314;-0.0488190237126247;-0.00135529637603788;-0.0256413130740757;-0.0266565596909909;-0.000567008737205699;-0.0041857151803526;-0.0058779420725676;-0.0132711840593255;-0.0782874568008976;0.0257229785054115;-0.00821117586050928;0.000542819837145903;0.00236193565266212;0.00759570430368388;-0.012401630133982;0.00759828764594581;-0.023801464658439;0.00657559547972202;-0.0150258225270391;-0.0853167774890307;0.0235060389980851;0.054845372920206;-0.0220695248305317;0.00839003959649545;-0.0444563329465371;-0.0224115213165859;-0.0064766977801392;-0.0865362084311573;0.0936615012542766
-250;0.00756948914705919;-0.0525415751590517;0.00463739349683294;-0.0390014108155506;-0.0220900090369542;0.00539172062883;-0.0104136291539463;0.00141535858504209;-0.0267697263443435;-0.0859268009600576;0.0344450697508802;-0.0454604706292868;-0.0022269858624969;0.00453977758873907;-0.0227215594188863;0.00574697865618123;0.0190775650667606;0.00161754880945746;0.00583095731240029;-0.00949263702901262;-0.050345691574734;0.0285766314359758;0.0138999661574263;-0.00358942103504281;0.000203386407445683;-0.020419704417744;-0.0346925714129056;-0.0299078500600581;-0.0529908274785739;0.126069425108442
-225;0.013044871372353;-0.0563090368031176;0.00924694951787757;-0.0565331834333346;-0.017343441564821;0.00222470338513072;-0.0169035061885425;0.0103040762297056;-0.0407425352526472;-0.0889992554349442;0.0407879562653829;-0.0814891258136033;-0.00694662510161423;0.0058667819812555;-0.0532568696830788;0.0206320953477928;0.0250676523275358;0.0268313892465382;0.00329824028066721;-0.00656135209218713;-0.0162445161402825;0.0316661225321405;-0.0278688653027164;0.0205760700603526;-0.00929714855507044;0.00451131201616142;-0.0447629877148112;-0.0494201039809084;-0.0153569759762461;0.149285561925183
-200;0.0157205480358737;-0.0571259494290715;0.0114580247727305;-0.0742124491712269;-0.0133418329732922;-0.0170662170874819;-0.026423380431537;0.0140721213922628;-0.0525341823249875;-0.078813248212494;0.0393728344646635;-0.0975588145682227;-0.0131774622789901;0.000461757143399621;-0.0832242860188616;0.0309197772446748;0.0351374402258172;0.0539490654289688;0.00385075105040205;-0.0115809865346349;0.0160804521636417;0.0285645809464833;-0.0649984653235043;0.0413591990976328;-0.022144313798523;0.029300930808959;-0.0564285305511176;-0.0734336451626266;0.0287568388454923;0.164874454452401
-175;0.0158325571315478;-0.0527703974930028;0.00913520464693978;-0.0844469422632746;-0.00731774782102645;-0.029767487724185;-0.0363324549484545;0.0171159980396405;-0.0648646431692289;-0.0652719026246361;0.0342120618595502;-0.141725595001369;-0.0180994035263816;-0.00781517878563016;-0.112348590824616;0.0415218159001967;0.038508602548683;0.0821805352394019;-0.000243288856896129;-0.0177401345002012;0.0513940699548851;0.0170671670735133;-0.0979296630525921;0.0592260598264967;-0.0344083510706338;0.0529659111324758;-0.06744143154893;-0.0928111127076714;0.0706229723154213;0.165512658236553
-150;0.0176296383650724;-0.0431762975133987;0.00989376947323599;-0.0847038660583926;0.00294108087955136;-0.0366243037191046;-0.0419810243985521;0.0223127060650341;-0.0722882528174374;-0.0487990233359202;0.0278511941521572;-0.174292928118161;-0.0202697822658396;-0.00984085152492349;-0.137132501923635;0.0508790589133632;0.0425824393857884;0.108751907488183;-0.00960654860071948;-0.0196835358221065;0.0857798716851507;0.00270058138578224;-0.123904004856103;0.0805925505086046;-0.0442250091603292;0.0778221740694792;-0.0728494105411772;-0.101233458389882;0.107331383710255;0.15690843347362
-125;0.0189249686465198;-0.0171168332156598;0.01723781283908;-0.0780788037363699;0.0203760839514522;-0.0405658581140907;-0.0412893249151984;0.0338107558347145;-0.0592308717556998;-0.0264047166799651;0.0188981168482677;-0.184325373986539;-0.0168610933643852;-0.00367288051368893;-0.15003676299711;0.0648299247488495;0.0465103104984442;0.13383806450072;-0.0100621357917385;-0.00301285599076198;0.130454767027639;-0.0165219209150916;-0.148104245400274;0.104767263385532;-0.0488793033050844;0.110134213491302;-0.0699453032059707;-0.109770677665732;0.14961642165267;0.148093942915862
-100;0.0221513043307564;0.0264742020230066;0.0257791466654636;-0.0594231708220757;0.0421784526826445;-0.0386803785212403;-0.0325144451403598;0.0544976359206435;-0.0711362097637823;0.00256011303839756;0.0129539531242135;-0.180473855451384;-0.0084178491916048;-0.0107259908090013;-0.156498785138215;0.0842481498957115;0.0530703737387553;0.159682504575028;-0.00326150903366624;0.0193890181878008;0.17471993118538;-0.0266069664312941;-0.210475139445034;0.132443611407386;-0.0489132132661697;0.150191677700151;-0.0514427375394226;-0.0991453944838417;0.20246694074063;0.141179292693185
-75;0.0256147886103737;0.0364311175582861;0.0380291145810768;-0.032464939725067;0.0675356373525022;-0.0337929007967456;-0.0076609774659715;0.0813225470326254;-0.087251263630426;0.0405228788587561;0.00856655415725141;-0.161631096529327;0.00718359894512135;-0.00264587064888162;-0.146682267488728;0.108014740128479;0.0635433429081223;0.181969520066691;0.00824790175473016;0.0483319030840893;0.226482524075811;-0.0323016980564005;-0.238227054758133;0.164763260019988;-0.049920181971501;0.196619531115366;-0.0275882280698219;-0.0853327947996188;0.254672223823549;0.138107730600675
-50;0.0264042217039037;0.0578262816065295;0.0527524983165247;0.00144664236480154;0.0966154099028649;-0.0285823581203884;0.0324782177031315;0.1087675205481;-0.0934757415091186;0.0843617647193357;0.00375144408908459;-0.130646575457812;0.0267549800594499;0.0128405491450328;-0.13202041478426;0.138459297000736;0.0713846761944098;0.198631922581855;0.0205566338159311;0.0829735077490302;0.261664451318621;-0.0371857889968677;-0.259462013764618;0.199793692827406;-0.0500270076688575;0.247384891842614;0.00731964046469225;-0.0662960709600946;0.305986281148607;0.147917643134736
-25;0.023787180860719;0.0859433385362864;0.0664360592670377;0.0366618914738096;0.124114646537981;-0.0220813722461573;0.0793557642933431;0.135121775946153;-0.0938835226096158;0.126890131294381;0.00748084900344073;-0.089829712644377;0.0479281158929065;0.0291175277776952;-0.109548607460226;0.171755046020279;0.0818056781572068;0.201293572445103;0.0331764601893763;0.12304365231046;0.289773977713563;-0.0390730833505833;-0.280616002426251;0.230021735469872;-0.0458906623723923;0.298075580318492;0.0456072585989582;-0.0508278561437483;0.354672599377484;0.158832036519139
0;0.0167349109016339;0.115916424335724;0.0762088111503568;0.0694772978275472;0.144320958216435;-0.0176246804544407;0.0893785147347848;0.155783812266125;-0.0961945108354961;0.170279154247749;0.00336308696378009;-0.0506141893607886;0.0688409225430319;0.0466143843884761;-0.109070508362873;0.201938321488836;0.0812030139991505;0.193313426974872;0.0426744622991853;0.158007674666816;0.313984326635045;-0.0391924080787315;-0.299854473404423;0.253360631668632;-0.0491067108972228;0.344750874452165;0.0770788902394774;-0.0440126460845094;0.385602376971788;0.174551245730253
25;0.000402687450416117;0.139776746853938;0.0769471568848157;0.0955323779972523;0.15795582584395;-0.0190467913412505;0.0970978923095418;0.167653209310233;-0.10300244594383;0.207714915824066;-0.00679192780930058;-0.0156233940436275;0.0851243493930872;0.0611392204338031;-0.10806715026395;0.220740195923385;0.0772651661058922;0.173223502396317;0.0426380327447758;0.188778504095135;0.336770134042311;-0.0348454289598264;-0.314613785578349;0.264638542566603;-0.0612205259681556;0.379919025526699;0.0999282363926146;-0.0401276127561574;0.402247536956967;0.176153936516187
50;-0.0280925350404704;0.157818536647757;0.0677397018219164;0.106424448204769;0.161263084487721;-0.0426229633989744;0.110710591576126;0.168032063192156;-0.116171105987496;0.233615330523489;-0.0109980683910361;0.0080354399924067;0.0946421319631376;0.0651814430565652;-0.115744052993909;0.225674985967623;0.0672288536758615;0.1395705003046;0.032067045959584;0.210462108437351;0.328013193123211;-0.0349582325046967;-0.332032767977567;0.262233302288085;-0.0878471143864007;0.403785075565752;0.104114209764538;-0.0563619455807554;0.404018158831852;0.165414939304066
75;-0.068524634097418;0.164515651719213;0.0428261945909865;0.100485720458511;0.152917862297115;-0.0861877214085761;0.116543917150177;0.152755184667365;-0.142206712952197;0.247367599191444;-0.0294344862187236;0.0142428785701345;0.0923835397675034;0.0586852825965605;-0.136422229229658;0.214360559267046;0.0475415219738345;0.0920998791993158;0.00995338464029576;0.215910763899766;0.296262676433945;-0.0428023847520585;-0.361675196746411;0.240478781640223;-0.13270337707647;0.404711012061404;0.0885385312029201;-0.071941139342306;0.376998702614849;0.142983590467882
100;-0.124942971737402;0.15491919659994;0.00361054516867281;0.077251898102222;0.132584311612267;-0.140649278551634;0.110891524589886;0.119316110613402;-0.181492436995901;0.246991528442529;-0.0573116396123238;0.00259351191015629;0.0772427986649368;0.0383472996176173;-0.174369575744673;0.184029390496715;0.0121616187366989;0.0264193640985942;-0.0264961053100114;0.200618734010478;0.242113035031755;-0.0554126404605596;-0.403110993879531;0.199739584873193;-0.196382954524198;0.382172934732031;0.0420740001323421;-0.092725081241817;0.32940229684205;0.102621376038215
125;-0.198185091972371;0.129929272153568;-0.0474050174385924;0.0334182375259525;0.0944885703677412;-0.213788940714439;0.0880233261258374;0.0691146916721699;-0.238733413794209;0.224177836789057;-0.0986186923677413;-0.0335794263041549;0.0449729030687188;0.00380512486384048;-0.232179125064752;0.132504989664356;-0.0359040199932609;-0.0526399398177113;-0.0793649840001509;0.161734305949011;0.16044094278969;-0.0784642778480328;-0.454675216622552;0.134204263835438;-0.27626372281774;0.328656659077796;-0.026858524534052;-0.13601460218432;0.256962459714167;0.0395299467366928
150;-0.286917833601698;0.0864683374894088;-0.116670060494658;-0.0342429727324512;0.0360549510204859;-0.292078264391782;0.039549581347049;0.00118208287503467;-0.314273354700981;0.18406495323741;-0.149689039920719;-0.094834192484284;-0.00486323158649347;-0.0511377282881135;-0.300636928173279;0.0576115156080395;-0.0919799039246227;-0.141332084771554;-0.150528417087745;0.103047666989909;0.0495843954920789;-0.118110662270344;-0.523241110593765;0.0467059411838425;-0.374494153649846;0.244546731408161;-0.124970557146811;-0.193007438440455;0.150683701440466;-0.0570684053370926
175;-0.38619841184593;0.0225138538936064;-0.199120380264376;-0.128919383672735;-0.0359872379348567;-0.380184987870313;-0.0183257158453356;-0.0849042750163813;-0.406628000451242;0.123252203070967;-0.218352816629009;-0.176617485061295;-0.0728703297848013;-0.12083917714095;-0.383333785002519;-0.0390011881227448;-0.160979024514003;-0.250252212684584;-0.239593868073819;0.0331293613107392;-0.0830096619433367;-0.179723755581329;-0.611597192103901;-0.0573420301963138;-0.490430519258647;0.130039619109147;-0.256119569315354;-0.267735776357039;0.0243991000143976;-0.175517316536009
200;-0.496333609676671;-0.0565220850957946;-0.299457336390329;-0.243677217074821;-0.123854270409772;-0.483911839237402;-0.0919918658847088;-0.189456234900917;-0.513301278768239;0.0382576419194262;-0.302700055616217;-0.281871930759518;-0.161395523401613;-0.208543022931317;-0.487228539952764;-0.157061974779602;-0.246301469340104;-0.370414025787594;-0.344789689406605;-0.0561852355623361;-0.245109378215311;-0.247418791436385;-0.713145092023005;-0.175854066959514;-0.621070534927067;-0.0111743580816109;-0.405712475946218;-0.358264621996456;-0.123698710599983;-0.31900343458634
225;-0.615764580580875;-0.153398933878971;-0.416956783694444;-0.384611421150124;-0.228474700805549;-0.600573101596211;-0.176169936536165;-0.306016292734526;-0.631520438879834;-0.0693114346774918;-0.400464384165566;-0.411686613676934;-0.272593582220388;-0.31352278794921;-0.602510311326509;-0.292525785789714;-0.342968958060311;-0.499445289126493;-0.464348812642584;-0.171299446094589;-0.418641786443539;-0.325422319772377;-0.827066539637428;-0.3180053464008;-0.76171605077149;-0.170385216842134;-0.585013043351674;-0.467692525548812;-0.294407051434645;-0.48656843124222
250;-0.741917838442175;-0.263014416268408;-0.544679466557476;-0.544681676327965;-0.348187553968672;-0.731085647833653;-0.274121417997847;-0.433816465604379;-0.764697248103258;-0.195110630307536;-0.50790430024879;-0.553954596660402;-0.402217860930452;-0.431762407918808;-0.731821252554201;-0.442686490227477;-0.451821523750299;-0.635080917369457;-0.596390509415358;-0.301510381417456;-0.611922615606852;-0.41638269535148;-0.960108471102425;-0.476710935027577;-0.911654352040274;-0.345041024261071;-0.776584088319617;-0.575250366323111;-0.482945497935892;-0.664460949700419
275;-0.876850258789703;-0.383981121541033;-0.679668399238867;-0.72123664285278;-0.468162481285809;-0.869684762997849;-0.386675396754018;-0.574986381398152;-0.908692120779118;-0.340177597578586;-0.626726458479163;-0.712613934339663;-0.547291623826758;-0.561891682662933;-0.869019268013639;-0.607877652211655;-0.563630695214253;-0.779795997350087;-0.739712370560644;-0.444037510966169;-0.806080112328971;-0.520487005681437;-1.09878038140279;-0.641497073796722;-1.06655503725911;-0.537572978725349;-0.985985920426938;-0.679845000902229;-0.681801506473029;-0.853926958962058
300;-1.01663167480152;-0.513743949074534;-0.824642720837962;-0.908704496050795;-0.594765232231926;-1.01778645766396;-0.505738875648935;-0.722219134586941;-1.05689621286757;-0.493879645855719;-0.754283469115935;-0.877195162541094;-0.705592521761006;-0.697823313439786;-1.02282983620376;-0.785332797259185;-0.679584596071846;-0.918068007426134;-0.891004148562972;-0.601400414793863;-1.00328613823114;-0.631401856205122;-1.23404957195524;-0.817439117981839;-1.23289402912129;-0.739022774487124;-1.2145494605709;-0.79251845088596;-0.888573008027961;-1.05099347958269
325;-1.15829807493913;-0.647776876863507;-0.975409946886398;-1.09901447156889;-0.726497412580966;-1.16857870099098;-0.631614088542651;-0.872885908654232;-1.21207318920053;-0.657151556189483;-0.887957651100534;-1.04583102136959;-0.869751995012081;-0.843066825484628;-1.1771780319781;-0.971920314330724;-0.802134351395293;-1.05702235674282;-1.0484837739354;-0.76022723325179;-1.20060936419729;-0.749467409928707;-1.3746112085672;-0.992703257163698;-1.39859653888893;-0.944511349279491;-1.43200898422023;-0.900237855428342;-1.09496431480337;-1.25969609152278
350;-1.2967376112492;-0.783028912541;-1.12656724405161;-1.29172039919521;-0.860452179051301;-1.31525726831036;-0.758931815305254;-1.02603334977365;-1.36627222805835;-0.822084750827987;-1.0260439391222;-1.21648234707637;-1.03609570239887;-0.989431989339777;-1.3260199676356;-1.1595368549657;-0.925506422842119;-1.19632408063853;-1.20672276349673;-0.923229735185825;-1.37950614797658;-0.872693037266979;-1.51950245786924;-1.16689084335095;-1.55519708289181;-1.15402330767125;-1.65780514185213;-1.00510430023705;-1.29853431297559;-1.47191041271115
375;-1.43131754680973;-0.914645087246031;-1.27146816903373;-1.479661177978;-0.987911625945217;-1.46175145298706;-0.883828838608449;-1.17612641107651;-1.51817905770673;-0.984098874218215;-1.15856150015987;-1.38379776995469;-1.20150963542988;-1.13565319246797;-1.47400140418669;-1.34619757203518;-1.04373880229576;-1.32431130827674;-1.36474508500689;-1.08327620643984;-1.53698806543812;-0.996958593799507;-1.6558242591715;-1.33786517161548;-1.69899111254904;-1.35891415784992;-1.87258076775849;-1.11204208451375;-1.49414844062209;-1.67972749591995
400;-1.56012078548908;-1.04295815232068;-1.41137743213883;-1.66110865523071;-1.10781501615205;-1.599893159375;-1.00874995605916;-1.32150586136796;-1.66775566876243;-1.13938530402924;-1.28805896018491;-1.54529956902542;-1.3622003421322;-1.28254316888968;-1.61270855111312;-1.52974723353458;-1.15916365083288;-1.4478473393896;-1.51564878012746;-1.23688139917124;-1.73396539390777;-1.11834936385523;-1.78014168850675;-1.50451165352966;-1.83515963996239;-1.54898736154154;-2.07549698147102;-1.2081418073857;-1.68200599432336;-1.87121930703291
425;-1.68146926333051;-1.16546540355123;-1.53893318350011;-1.82551724356275;-1.22292602474541;-1.72825298019225;-1.12422382507015;-1.45406209513627;-1.80862005873344;-1.28059216811582;-1.40426111848801;-1.69114007149763;-1.51449505797553;-1.4240923585617;-1.73924008735411;-1.69533986238892;-1.26557288228482;-1.5615803587101;-1.65953346900524;-1.3708297425804;-1.88094997344068;-1.23334007977366;-1.89039655102214;-1.64108180637536;-1.95875185070571;-1.71750232950453;-2.25669897932353;-1.29680118159498;-1.84676691385747;-2.04428687232783
450;-1.79357594507202;-1.27905189966856;-1.6559988542976;-1.97410191184185;-1.32571382475647;-1.85093553845552;-1.2312115940373;-1.57393316338544;-1.94078681388199;-1.40964013177433;-1.50950995042695;-1.81839594157204;-1.64996920372527;-1.55091242178795;-1.85354278005371;-1.85115764978571;-1.36489008278811;-1.66380444261942;-1.7895981196628;-1.49596305917377;-2.0103948923102;-1.33348160221074;-1.98740465022436;-1.7623651177057;-2.06333042921074;-1.86388466412919;-2.41892281666021;-1.37268904068805;-1.98861071163262;-2.19835799399606
475;-1.89284149565306;-1.379669654301;-1.76279087934783;-2.10507409012504;-1.41646438407728;-1.96288983463978;-1.32563491945466;-1.68100452414272;-2.06361011591179;-1.52216111697182;-1.6030775755331;-1.9247448329025;-1.77103749514408;-1.66827231540243;-1.94960033465854;-1.99243946486321;-1.44706502861899;-1.75146194616927;-1.90760173118805;-1.59885369052408;-2.12515166962285;-1.42493526186207;-2.06985485442168;-1.86972029547241;-2.15432257963514;-1.98976163712669;-2.55135305878728;-1.43483520746449;-2.11116095103061;-2.32129516544817
500;-1.98269184637348;-1.47136499414244;-1.85339532949421;-2.21706665869569;-1.49218524231388;-2.05717087857816;-1.40368977359524;-1.77182040819614;-2.17550186182612;-1.61659852251357;-1.68315413259027;-2.0142114677069;-1.87700040177088;-1.77233215889322;-2.03194012985469;-2.11668876414664;-1.51696878303255;-1.83430791556025;-2.01212518428466;-1.68574876605907;-2.22045679017766;-1.50341437772145;-2.14419758153429;-1.96814762798831;-2.22360776122019;-2.08639975068966;-2.65558017425271;-1.4877920769946;-2.20611306719992;-2.42051048070396
525;-2.05968766830971;-1.54940188039987;-1.9303820033828;-2.31322028860652;-1.55756279474156;-2.14211563325022;-1.46909467336695;-1.85035256669385;-2.27192887787182;-1.69799461291438;-1.75050819187689;-2.08439452351132;-1.96956621033102;-1.85884666508349;-2.09964030759999;-2.22156266405541;-1.57585687954859;-1.90937194496708;-2.10364840164223;-1.75979715761504;-2.29391083774441;-1.56566973184042;-2.20491187663881;-2.04811669307143;-2.27775038438156;-2.15702339219984;-2.73737844834054;-1.52853903180335;-2.28480496828337;-2.49876873430116
550;-2.12760060525935;-1.61776239180105;-1.99600627501087;-2.39612146253962;-1.61273613775898;-2.22050892859269;-1.52422994355295;-1.91929950473473;-2.35727014175629;-1.76952370861483;-1.8064854518072;-2.14495700151495;-2.04524580723158;-1.93187770572728;-2.15598505507842;-2.30751453753935;-1.62787574576541;-1.98059369005493;-2.18507113609654;-1.81817099655762;-2.35474418971636;-1.61817466541561;-2.25374661356001;-2.11691100523065;-2.32245555045117;-2.2140780428954;-2.79935342469503;-1.55871880704489;-2.35419089103086;-2.55845001879159
575;-2.18961643054547;-1.6797852344678;-2.05763083004455;-2.47326970807463;-1.66201308930455;-2.2929481265225;-1.56834421134475;-1.98290297485982;-2.43154689450765;-1.82555529883223;-1.8529565077576;-2.19427131126542;-2.10658326722089;-1.99968189587756;-2.20076894490651;-2.38537722377285;-1.6726996801971;-2.04372157608475;-2.26332556808209;-1.87078614172805;-2.40992347415694;-1.66157826445253;-2.28963557309942;-2.17670908236099;-2.36068967065765;-2.2573511236488;-2.85174472861255;-1.59268663205634;-2.40086061332774;-2.59688361716211
600;-2.24678728920442;-1.73526605382098;-2.11674155744903;-2.54452442411126;-1.70950142731306;-2.35633974145549;-1.61139157261853;-2.04802977465514;-2.49639946338269;-1.86855353829593;-1.8923639477353;-2.22640547769474;-2.16185109189461;-2.06182635873735;-2.2375226128871;-2.45774564519536;-1.70933550818946;-2.10549899993365;-2.3299942175241;-1.92326508071576;-2.45814981533999;-1.69722716766485;-2.31727289235913;-2.23275083261475;-2.39402802263955;-2.29184963587263;-2.8973674811696;-1.61716914621925;-2.44485739244401;-2.62097113625964
625;-2.30410234651859;-1.7853248122339;-2.17342792987905;-2.60850043911864;-1.75125641056272;-2.41381368686047;-1.64950968638096;-2.11005856615263;-2.55368638199216;-1.9108077808328;-1.92855316875979;-2.28714872827607;-2.21151826364765;-2.1257555196201;-2.27285213225279;-2.52336726846478;-1.74193513966816;-2.15864756235724;-2.39559956573805;-1.97167549909232;-2.49471224109471;-1.72633767959721;-2.34466622933103;-2.2866018474454;-2.43173420231635;-2.32516664973321;-2.93967829610679;-1.6344389259483;-2.49165999729954;-2.64681549858159
650;-2.35783870096025;-1.82574957339262;-2.22040510740102;-2.66643092726409;-1.78703044381817;-2.46967091172087;-1.6864997656679;-2.16703048614135;-2.59739859022798;-1.94455319476558;-1.96124813306537;-2.33055999038703;-2.25505414381089;-2.18009269427561;-2.30402131697293;-2.58444331897248;-1.77124691695532;-2.20452213353055;-2.46411333651293;-2.01495663211353;-2.53379228108415;-1.75636891215721;-2.37230438820188;-2.33133268660064;-2.46506600000123;-2.35498651034679;-2.9715565397485;-1.65718024014781;-2.53529944893669;-2.67390770948029
675;-2.40737947750927;-1.85265134511039;-2.26207822141625;-2.72058102057497;-1.81892998110722;-2.51622076557608;-1.72213786952703;-2.217153899474;-2.6300024645495;-1.9739871345802;-1.99171716054223;-2.36665386001427;-2.29111476654668;-2.22979047705908;-2.33363721179908;-2.63841705838486;-1.80092645042369;-2.2486941239967;-2.52240633453503;-2.04856565557144;-2.5615066070063;-1.78324122334253;-2.39399531342201;-2.37096348300645;-2.48839932466073;-2.37435674653563;-3.0032797137408;-1.67675633107216;-2.57330732260535;-2.70191161289765
700;-2.44951175495877;-1.87936685549091;-2.30236047034359;-2.76406820539755;-1.84710878905435;-2.55630559439601;-1.75696913664429;-2.25884317604849;-2.69212333774426;-2.0034910126743;-2.01520626169711;-2.39814121252389;-2.32039711652122;-2.27342572097851;-2.35750713976166;-2.68814702703476;-1.82543121640972;-2.28146835560858;-2.57390750464436;-2.08568574511386;-2.58516002437599;-1.79640726337225;-2.41280821655922;-2.39962348758723;-2.51554677528464;-2.39292162485554;-3.02576945373492;-1.67977210507648;-2.60480007683414;-2.7302705437297
725;-2.48733427432179;-1.93777181090382;-2.33811254434317;-2.80669104066224;-1.87346316714006;-2.59504889729427;-1.78674421172484;-2.29526517478664;-2.74222071834584;-2.02851146344911;-2.03918398507985;-2.42459400711074;-2.34662649676967;-2.31116422805878;-2.36916139963469;-2.73044352038322;-1.84855095058117;-2.31144392880976;-2.61718039043182;-2.11507049487416;-2.59776093805794;-1.811317764692;-2.43018828827934;-2.41896889361917;-2.54074752738631;-2.41240543159496;-3.05056927883856;-1.69431750865022;-2.63470724067648;-2.75517441813514
750;-2.52295030053165;-1.97113533385908;-2.36858216814157;-2.84184785968964;-1.89970845819411;-2.6279274495479;-1.8110508653178;-2.32702909426757;-2.7796965825203;-2.04747302978409;-2.06062645297144;-2.44251152304986;-2.36864013460395;-2.3407083368047;-2.37910429088316;-2.76391772419139;-1.86707901012823;-2.33732410003439;-2.65539497583268;-2.14057595530553;-2.61876802117928;-1.83048777793325;-2.4458686644295;-2.43527134469521;-2.56244676744533;-2.42849350857322;-3.05806919361083;-1.70308590241624;-2.66013023895715;-2.77205167846485
775;-2.55510120346613;-1.9994938996795;-2.39153914424495;-2.87343638502967;-1.92477643234856;-2.6526356885361;-1.83404247020169;-2.35481431622008;-2.81139990146263;-2.06181327971267;-2.07407135304441;-2.45554154308415;-2.38567655042182;-2.3599513918175;-2.39057901794107;-2.79131585811168;-1.88360764119025;-2.3586325203238;-2.69336086675327;-2.16098992924171;-2.63576261162913;-1.84156693323939;-2.46255277902068;-2.45301446198308;-2.5802185723239;-2.4445196549815;-3.0676166501963;-1.71094713210508;-2.68210437264232;-2.7933553017109
800;-2.58489974368437;-2.02386440750271;-2.41151856591704;-2.90066646866437;-1.94998073126075;-2.67583006241845;-1.84992901100511;-2.37859668789753;-2.8405230451912;-2.07491643391401;-2.09155265767453;-2.46478487960366;-2.40300229859977;-2.3784911080086;-2.39820705952094;-2.81631463574722;-1.90115625268745;-2.37962712771006;-2.72512290472389;-2.17915462335559;-2.64784513274643;-1.85127358840162;-2.47735941981428;-2.46401754053319;-2.60073900945776;-2.46278040656002;-3.0690769917756;-1.72516045614057;-2.69773920862125;-2.80428650768342
825;-2.61166944318879;-2.04624918371502;-2.43140423530216;-2.92277561916368;-1.97603928230554;-2.69686782718378;-1.86127047580464;-2.39730620421618;-2.86644898543888;-2.08873009465548;-2.1075416082043;-2.46886754808352;-2.42147689543074;-2.39589894123553;-2.4039287445303;-2.83870812836666;-1.91347443510865;-2.39694143025392;-2.74886523433569;-2.1957188426526;-2.65675833097029;-1.85046836198579;-2.48555204240135;-2.47335976346464;-2.62092719025107;-2.48156056036361;-3.06605206198146;-1.72399569750659;-2.70775399392595;-2.80937555426146
850;-2.63964592019897;-2.06464029984422;-2.44539281216308;-2.94770508773627;-1.99863650539035;-2.72019695065262;-1.87291942817362;-2.41366221440715;-2.88749163475996;-2.10659657480353;-2.12102156848458;-2.47276032637045;-2.43923331609881;-2.40570351776306;-2.40658528541076;-2.8608923824515;-1.9199061832347;-2.41233435754347;-2.7684552022346;-2.21387684634855;-2.66123299674539;-1.85258031481882;-2.49308557793272;-2.48118454483959;-2.64545621980463;-2.50112671034158;-3.06460846539366;-1.73285751613422;-2.71451331944356;-2.80655447906875
875;-2.66288420534651;-2.0796613834397;-2.46201967856225;-2.96939767480505;-2.01453515264834;-2.74304139820666;-1.88296205069806;-2.43195808105663;-2.90719148097381;-2.12090540326301;-2.13394392490318;-2.47796338702154;-2.45580772329088;-2.41062220371324;-2.41225168846289;-2.88116005943811;-1.92191203481698;-2.42725405705083;-2.79131423974795;-2.23480958663696;-2.66489307786765;-1.85845104848744;-2.5032209603595;-2.49204273731847;-2.66748699922862;-2.51915894851347;-3.05979679897496;-1.72339653425878;-2.72060442610043;-2.79600538208475
900;-2.68635346709476;-2.09660997736119;-2.47586930472824;-2.98897071351109;-2.02689362451855;-2.76706542456097;-1.89097715344068;-2.44853595927298;-2.92356009437495;-2.13094581924647;-2.14357160514268;-2.47810418626031;-2.46862324186849;-2.41517219765766;-2.41928395906905;-2.90017136987806;-1.92618975482211;-2.44460988675818;-2.81332243169268;-2.25466458444081;-2.65852513520587;-1.86101998032322;-2.50849282543963;-2.50107882787048;-2.68699917535827;-2.53093714123741;-3.0601689988624;-1.71070561067884;-2.72284730584598;-2.78491566401814
925;-2.71050862474809;-2.11082983916004;-2.48881568492966;-3.00700544404705;-2.04474386914796;-2.79442774728989;-1.89961268747264;-2.46167172109537;-2.93726101506138;-2.14211757148401;-2.15142162626789;-2.47890180987151;-2.47609427819483;-2.42147692804798;-2.42484004351162;-2.9212592886542;-1.92630230007116;-2.45637510425027;-2.83525081336478;-2.266145625963;-2.64549221293643;-1.86710316639384;-2.50495386514387;-2.51592183357324;-2.7075405239174;-2.54031863206086;-3.05580026160825;-1.7013752114757;-2.73076756210794;-2.77807518590563
950;-2.73472045289174;-2.12431156762806;-2.50437538093532;-3.0193585717703;-2.0629404665566;-2.80707296674192;-1.90578122476934;-2.47815610478048;-2.9502578620784;-2.14643915930148;-2.15789144891267;-2.47518164884666;-2.47903545623286;-2.42693888168836;-2.42481968753351;-2.94182448425526;-1.92356161133635;-2.46203316378501;-2.85576550757555;-2.2737906778028;-2.63698980171057;-1.88367904574956;-2.50512297922549;-2.51956782685991;-2.72258668567795;-2.55105544792108;-3.05474143400936;-1.68803238019134;-2.73812842391454;-2.77326403929831
975;-2.75424423480511;-2.13845711547279;-2.52004200255362;-3.03142309838826;-2.07233571625772;-2.81697898716093;-1.9119968116043;-2.49836153644677;-2.96317305775924;-2.14581086826398;-2.16103982450716;-2.47731202830265;-2.47761825239257;-2.43544407858494;-2.42940204809347;-2.9612076581472;-1.92047954232416;-2.46530860779778;-2.87471668739849;-2.27390525568631;-2.62257620384577;-1.89748298871114;-2.50746715654292;-2.52010917352841;-2.73643883750312;-2.56368482048096;-3.05106436128099;-1.68213357687188;-2.73708980341365;-2.76642798741355
1000;-2.77448435404956;-2.14761947066347;-2.53464620478232;-3.03951966892746;-2.086648797288;-2.83121882670976;-1.91775558230049;-2.51695348381483;-2.97772174455868;-2.14757934058599;-2.16588834449179;-2.47992976038473;-2.4781285054806;-2.44185308853498;-2.43258892523294;-2.9808450187337;-1.9232998119912;-2.46652511151275;-2.88944135516018;-2.27944008585539;-2.61459196426374;-1.903515582143;-2.51085511950216;-2.52248713538471;-2.75506414791974;-2.56978324943831;-3.04272417477811;-1.67583313616244;-2.73341866273956;-2.7611828779516
1025;-2.79308996525056;-2.15396303656629;-2.55027337983719;-3.04975051557437;-2.10102667708263;-2.84752775907368;-1.91976736847213;-2.52742157816769;-2.97985041164588;-2.15023109954929;-2.16789626311988;-2.4845642609273;-2.48140816107874;-2.44898220372471;-2.43409011707209;-2.99536462586343;-1.92180496291743;-2.46989893037915;-2.90194903035545;-2.28945050455007;-2.59958833256561;-1.9149211742484;-2.5151565470871;-2.52864523657446;-2.76391873431341;-2.57484385033229;-3.03658501024832;-1.66996887525995;-2.73379924788726;-2.75213811336813
1050;-2.80880388253265;-2.16032459650911;-2.56261471208674;-3.05682610515614;-2.11293816748642;-2.86590708203627;-1.92108747696025;-2.53724549401344;-2.98704012827857;-2.14944104619546;-2.17231611489443;-2.48909964811231;-2.48638000857277;-2.45528226436868;-2.43409661641269;-3.00369331554168;-1.91475090396628;-2.47270101507882;-2.9122365002239;-2.29512689188648;-2.59771528044754;-1.92913347556909;-2.52212165704515;-2.53468050655871;-2.76971839640367;-2.5806390166049;-3.02117522481781;-1.65244744664938;-2.73422803936751;-2.73887505074417
1075;-2.82506424363487;-2.16968395720882;-2.57438584036895;-3.06279140638482;-2.1167393371746;-2.88427489868631;-1.92547446341036;-2.55085266998601;-2.99754045739097;-2.14662392322561;-2.17646502972959;-2.48912187876401;-2.48805379308443;-2.45278737548858;-2.43356435909452;-3.00865136845245;-1.90606198893792;-2.47760629553659;-2.92030115300287;-2.30152538818614;-2.58989083311805;-1.93985852542668;-2.52494603867402;-2.54060725259628;-2.77621500864788;-2.58637412327555;-3.00766329959972;-1.63440567573674;-2.73313377350259;-2.72383631442101
1100;-2.84116236200967;-2.18200421984824;-2.59007717782581;-3.06598771642748;-2.12233943974116;-2.904363749163;-1.92562578171231;-2.56469111220842;-3.00937534666272;-2.1441985223234;-2.18026108950759;-2.48559613127619;-2.48922879827414;-2.45149235248266;-2.4334175255935;-3.0110758185448;-1.90164655031744;-2.47301566785719;-2.93053625602157;-2.31059694951042;-2.57868340629227;-1.94683474327105;-2.52687142543996;-2.5521367295899;-2.78103521688432;-2.58618804439119;-2.99601407698328;-1.61486550953229;-2.72722123472565;-2.70912892075702
1125;-2.85588832695106;-2.19341227855426;-2.60037088695489;-3.06566515867695;-2.12627646029037;-2.92178324249477;-1.92749350653704;-2.57917903681473;-3.0190772565293;-2.14292612397677;-2.18736435888477;-2.48556076465957;-2.48439566128965;-2.45261263080972;-2.43431713368325;-3.01274885626841;-1.9005131376518;-2.47144613864012;-2.9398385232402;-2.31774825134983;-2.57464138636481;-1.95562779668452;-2.54014197521409;-2.56397504351154;-2.7882589067502;-2.58500146938824;-2.97814073552506;-1.59550004712578;-2.7255166189979;-2.70147037180446
1150;-2.86554067055801;-2.20459002607414;-2.60987763529214;-3.0680809742798;-2.13291370580332;-2.93870061366117;-1.93247726218025;-2.59644744775882;-3.02912909977399;-2.14331329498953;-2.19314197752155;-2.48627960113788;-2.47663214939804;-2.44408575338331;-2.4366247381592;-3.00331831923734;-1.89823250534233;-2.47105670048023;-2.94519790237444;-2.32633168046462;-2.55897109822473;-1.96398210435768;-2.55685769890453;-2.5817839100999;-2.78782705069575;-2.5878484248988;-2.97145907477458;-1.56855688298369;-2.73857185159973;-2.69566460207036
1175;-2.87405072098836;-2.21598259781454;-2.61392575522089;-3.06259285265696;-2.13241111324641;-2.95815187436515;-1.93765745469444;-2.61410267445193;-3.03160696039297;-2.14623000548054;-2.19683831197264;-2.48483782204704;-2.47230708157657;-2.43749656847891;-2.44295843976284;-2.99260331965024;-1.89728620808007;-2.46793391809301;-2.95305450684391;-2.3343926103333;-2.54545763116106;-1.97169238705023;-2.56849330767818;-2.59990342007711;-2.78536087980369;-2.58764548230126;-2.96064923463836;-1.54668829038378;-2.75166189172681;-2.69120414109782
1200;-2.88211605298993;-2.2290107212326;-2.61957637912973;-3.05956129935684;-2.13963746600869;-2.97830345201889;-1.94481011203815;-2.6339951982564;-3.03490560474449;-2.14892367413438;-2.20082453416081;-2.48524570308298;-2.46895818429932;-2.43302056691717;-2.44837232434659;-2.98289920010688;-1.90295801965914;-2.4722136811794;-2.96337568337941;-2.33860768850798;-2.52806292001613;-1.97967318279581;-2.57558174612805;-2.61576924879004;-2.79121804870089;-2.58475979123405;-2.95120566044386;-1.52556495995738;-2.76022387647654;-2.68816560226466
1225;-2.89045589389788;-2.2430035231294;-2.62500540682856;-3.05345516719235;-2.14929428020713;-3.00205525567908;-1.95404274058013;-2.6496013374701;-3.03628508685727;-2.14831946126169;-2.20199036742949;-2.47866589336952;-2.46771464790618;-2.4300268663231;-2.45790073418848;-2.96640260761936;-1.90261735094659;-2.47433754213245;-2.97658944126597;-2.33599964345995;-2.51041204470066;-1.99124355354508;-2.58633581047479;-2.60894114361551;-2.79215559892806;-2.5849210767594;-2.9364146127667;-1.51121524426861;-2.76604923631646;-2.68658965854025
1250;-2.89907942422974;-2.25808818413703;-2.63093162945566;-3.04916686204388;-2.15813636807478;-3.02771406901474;-1.96347595992318;-2.66315824944594;-3.04297137936277;-2.14597739651117;-2.20216613744219;-2.4714702679375;-2.46434345676869;-2.42544627406464;-2.46957397827929;-2.954347732176;-1.90357914956629;-2.47401895611187;-2.98606474801346;-2.33777530981593;-2.50129682261803;-2.00338087551588;-2.59437784101753;-2.61488362025511;-2.79051090992228;-2.59018716807915;-2.93211961164491;-1.49454742047656;-2.7823406776938;-2.69462711180013
1275;-2.90605674614624;-2.27236728612303;-2.63584128894953;-3.04509058409699;-2.16449855314282;-3.04664900203963;-1.96850553363382;-2.67545723800199;-3.05147376404124;-2.14323573523745;-2.19928290585446;-2.46423200336749;-2.4626617045918;-2.42738119172164;-2.48414582904285;-2.939450872807;-1.90488952225308;-2.47176874159649;-2.99811390654608;-2.33582966361408;-2.50075784452758;-2.01302174554744;-2.60056582442473;-2.62131549756591;-2.78796585825167;-2.59651395602293;-2.91665682571421;-1.48725777462671;-2.79858928078386;-2.69982787453168
1300;-2.91433852111044;-2.28809433666979;-2.63202904035835;-3.03948147783645;-2.17293876476477;-3.059537538816;-1.97383580270126;-2.68587784914418;-3.05700455656921;-2.14519977815303;-2.19794551715959;-2.46070058519105;-2.46002374673534;-2.42943217412278;-2.50231017198999;-2.92157162736275;-1.90487980426079;-2.47791119901105;-3.01022309935414;-2.33584480842326;-2.49621832848459;-2.02481363634578;-2.61069020305466;-2.6275666268668;-2.78953471020005;-2.59675723204046;-2.90970908152371;-1.48278701954757;-2.81421960885446;-2.70362163486535
1325;-2.92190548310798;-2.30490258677226;-2.62701282244179;-3.03505858183283;-2.17980772357931;-3.07558757926822;-1.97774794182172;-2.69630471271068;-3.06403653581334;-2.14931191326804;-2.20077691403765;-2.4507910738469;-2.4552088760225;-2.4343648082279;-2.51976441498035;-2.90752026692587;-1.90977144733142;-2.47920931738156;-3.01600043078641;-2.3397738808797;-2.49266994398826;-2.02919583129328;-2.61580778514017;-2.62662164131955;-2.79194931665064;-2.59521154094015;-2.90041744124104;-1.4860669607002;-2.82689868709872;-2.70560070086303
1350;-2.92868007789051;-2.31867700229235;-2.62105883715328;-3.02873807009013;-2.19054220923906;-3.09304954445508;-1.98146252927556;-2.70405468416225;-3.06934571773059;-2.15276901568916;-2.20293672380448;-2.44267899824057;-2.44691910943558;-2.43285284810612;-2.53874996347595;-2.89644529415281;-1.91470263356007;-2.4850002912818;-3.02494827502329;-2.34230782080913;-2.49313245174532;-2.0380511442092;-2.62265796385393;-2.62512396089596;-2.78948515852334;-2.59495824443699;-2.89656080885357;-1.48053738498451;-2.84252241820248;-2.70907916165804
1375;-2.93332111684391;-2.33265514983654;-2.61980080270183;-3.02323775053714;-2.20031411313389;-3.10191531496034;-1.97966232865778;-2.71031151463656;-3.07209151631594;-2.15457112704306;-2.2004323386448;-2.43289304502385;-2.43703014234144;-2.43611783363869;-2.55829321081969;-2.88941298810147;-1.91771816290405;-2.48667101526652;-3.04031647404564;-2.34178443650266;-2.49746947108363;-2.04420442680292;-2.62864522408203;-2.62303727578179;-2.78946673365287;-2.58256862567823;-2.89273094695386;-1.47581914882528;-2.85941109235469;-2.70269970178891
1400;-2.93792652853427;-2.34779321332489;-2.61357645236661;-3.01911986702596;-2.20978210622938;-3.10276386216149;-1.97709266039929;-2.71641022881798;-3.07440401128158;-2.14734699252574;-2.19368817526771;-2.41635878680242;-2.43289584456233;-2.44084569759003;-2.57879784306455;-2.88566886138141;-1.91302896518239;-2.49622368922629;-3.05058454100704;-2.33970179927568;-2.49641786783375;-2.04109218586887;-2.62986446884053;-2.6162350619645;-2.78933386481415;-2.56676664200485;-2.88462492584772;-1.46850426512294;-2.88306776027281;-2.69631198099838
1425;-2.94590100350926;-2.3617318979496;-2.60713643820727;-3.01458400609051;-2.21503977220477;-3.10710318103693;-1.973119520388;-2.72050463868675;-3.07566181716489;-2.13548798068701;-2.19083429155376;-2.40141487168654;-2.42845854793432;-2.45297763745762;-2.59753724343419;-2.8840901026759;-1.90632463325067;-2.50002438963267;-3.05994469012978;-2.33884975585173;-2.49688694630784;-2.03693128029062;-2.63429583500397;-2.61024393307914;-2.79179030776898;-2.55297812890085;-2.87938688429476;-1.47089028115607;-2.90226673374885;-2.69790597547917
1450;-2.95263739786262;-2.37427535121956;-2.60042257180842;-3.0132365690784;-2.220320420517;-3.10887573449198;-1.97070266077175;-2.72395840073514;-3.07667366311622;-2.1202231278777;-2.18387203225063;-2.38677636438827;-2.42368493322193;-2.462081351252;-2.61644700360054;-2.88842511546135;-1.90193662585627;-2.50590899725418;-3.0721000349833;-2.33390153696398;-2.50894361911513;-2.03266206133812;-2.63793404771382;-2.59849376777679;-2.78864044712038;-2.53068471882325;-2.87112638837904;-1.48019784891984;-2.91772443377616;-2.69749528250187
1475;-2.95854957068028;-2.38442502104472;-2.59502481249323;-3.01158860962137;-2.22379154191798;-3.10168546768612;-1.96453933233661;-2.72550627584291;-3.07683192937805;-2.10749694345803;-2.1737131082539;-2.37282320152139;-2.41864119715477;-2.4748645660698;-2.63510620343686;-2.89469485777303;-1.89811900964732;-2.51709240002126;-3.08256740874176;-2.32793885548194;-2.51571876596051;-2.02366831850683;-2.6441449749685;-2.58093866011439;-2.77995951981361;-2.50457727700775;-2.86764240144894;-1.47139609590782;-2.93788524748721;-2.67525521026495
1500;-2.96661737315136;-2.39313991935052;-2.59524491282493;-3.00602747062593;-2.22308726216521;-3.09470408591032;-1.95678261792673;-2.72497436261907;-3.07914646726191;-2.09375335100006;-2.15975306592081;-2.35444477343346;-2.41096108470025;-2.49228937956576;-2.65435506573415;-2.90415373823752;-1.89241284732637;-2.52037123349603;-3.0884835125474;-2.32382950175308;-2.51830279359348;-2.01467843810647;-2.65036588627773;-2.56005575291918;-2.77702256740792;-2.47951265171065;-2.86504882586328;-1.4703454549862;-2.95461256933478;-2.65357660184212
1525;-2.97288305474768;-2.40261814244473;-2.60205529681774;-3.00727311873886;-2.2226433328853;-3.08830969778437;-1.95045585656476;-2.72352983729159;-3.07247095847312;-2.07434964630219;-2.14764927993092;-2.34705396927139;-2.40249540597943;-2.50875170629303;-2.66742490978974;-2.91227417290969;-1.89144706655616;-2.52605781680944;-3.09244422816489;-2.31585879237014;-2.5170446095777;-2.00810239454702;-2.65257391581516;-2.53534507720942;-2.76285224166556;-2.45314163301182;-2.86138485095766;-1.4819248499657;-2.9701142498772;-2.62796701361883
1550;-2.9771282744672;-2.41015996999321;-2.60003762108382;-3.0053812932859;-2.22080423118164;-3.07791469466438;-1.9430483689216;-2.72064192587681;-3.06731764360724;-2.05251599612099;-2.13509147385987;-2.33483870461414;-2.39226696927879;-2.52324399485179;-2.67990417407584;-2.92394719675596;-1.88710486518977;-2.53291535008893;-3.09691737919305;-2.30538254648435;-2.52160485618132;-2.00009988513577;-2.6524286125926;-2.50635126719888;-2.75495480049289;-2.43016320628328;-2.85203133595736;-1.48298333446895;-2.97812646545431;-2.61329375250517
1575;-2.98071147933331;-2.41371288862863;-2.60001787540864;-3.00760440177792;-2.21640180103253;-3.06976271210175;-1.93630851112452;-2.7194239742237;-3.06011817292821;-2.0313181740477;-2.117729517242;-2.32418343958481;-2.38531046175425;-2.53374088999741;-2.69735657223996;-2.93407970017386;-1.88598839204751;-2.53958235226701;-3.10274050312789;-2.29514223931326;-2.52754268624429;-1.98170591209949;-2.65408646955589;-2.47942798721229;-2.75073964484177;-2.41001704005055;-2.84661742068294;-1.48140084828148;-2.9799813357005;-2.6088151235788
1600;-2.99243032819015;-2.41827368837887;-2.59789875205178;-3.00830119363544;-2.21334290073022;-3.06468253912801;-1.92981624004191;-2.71340956100219;-3.05357562337571;-2.00872460416514;-2.09867597805147;-2.31357359664568;-2.38258554635992;-2.55398529637344;-2.70777503040645;-2.94253519169675;-1.88300970576172;-2.54594672634256;-3.10258042733563;-2.28473918829738;-2.52225765089209;-1.96675518895256;-2.66167503494685;-2.45455377760049;-2.74454015374402;-2.39391755200012;-2.83232930103826;-1.48004918166827;-2.97216423100916;-2.59730691171227
1625;-3.00382873395376;-2.42028544030789;-2.59676470940804;-3.00675421916853;-2.21071056186285;-3.05965275519601;-1.92500306311421;-2.70449825410748;-3.04867882649936;-1.98681612631086;-2.07858985398997;-2.3020167124987;-2.38055263980637;-2.57211981190049;-2.71697765004328;-2.95078410042494;-1.87933037563262;-2.54653254307318;-3.09464984472576;-2.27498780189775;-2.51952639386886;-1.94886429869176;-2.66536870429206;-2.43322330618927;-2.75248159813394;-2.37895385908653;-2.82339499143557;-1.46789568021561;-2.96541240416563;-2.58071823693976
1650;-3.01593564728576;-2.4179327636972;-2.59186049390433;-3.01490123154701;-2.20518522459267;-3.05686547594691;-1.92269096990994;-2.69836991926622;-3.04659686331168;-1.97237953857502;-2.06207229450692;-2.29733161438155;-2.3781561154757;-2.5813022867016;-2.72493292239166;-2.95848525922311;-1.87573956308836;-2.55006623064456;-3.08859594991753;-2.26730842970814;-2.51781905236079;-1.92836338426505;-2.66516113565297;-2.41682757683952;-2.75260575124556;-2.36683932316209;-2.81867243465023;-1.46111592555685;-2.95829842420494;-2.55927721434635
1675;-3.02264834848179;-2.41783240634528;-2.58994505786262;-3.01718919426844;-2.19426293808232;-3.05224868763679;-1.92231257807294;-2.69207675297283;-3.04706524067245;-1.9533822439015;-2.03391295827713;-2.28706246079272;-2.37851336210076;-2.59025535390415;-2.72994449357925;-2.96227057900121;-1.87282421549828;-2.55613094330915;-3.0850280320156;-2.26153464969567;-2.51943716919954;-1.90938653475033;-2.66334927937752;-2.40563009653678;-2.75249285437143;-2.35539107103271;-2.81373943339898;-1.4462885145535;-2.94369189255316;-2.54269862752133
1700;-3.03074393042041;-2.42089402857193;-2.5879215771148;-3.025358239366;-2.18458475079488;-3.05081942201878;-1.92238613809862;-2.67984448439454;-3.05139333042854;-1.93428078235505;-2.00762749176457;-2.27367969975081;-2.37603159662584;-2.60285800127298;-2.72777977694035;-2.96648955991079;-1.87261174324608;-2.56703115782552;-3.08171702671584;-2.2538589403729;-2.50954693360384;-1.88714235557494;-2.65734384335327;-2.39420750501671;-2.7571495968661;-2.3443424123042;-2.8174192104975;-1.43094143573304;-2.92979635220991;-2.52830295915557
1725;-3.03564366322669;-2.41892937641121;-2.58684542155177;-3.03171998741354;-2.18113890526418;-3.05002143327668;-1.92287151179755;-2.66381607896188;-3.05322830524705;-1.91914231006509;-1.98497025035506;-2.26493625496881;-2.37389812672786;-2.61944821124476;-2.72622813264234;-2.97185565092207;-1.86873492870958;-2.56834841349661;-3.07860832334388;-2.24264483351684;-2.50284437925635;-1.86629251115043;-2.64985554512212;-2.38656859909348;-2.75932200381775;-2.33692392007505;-2.82107411348844;-1.41286450726086;-2.91424281779813;-2.5202268520594
1750;-3.03889315429044;-2.42289604559385;-2.58727923083657;-3.039380775615;-2.17868054014839;-3.04610591218371;-1.92448996697616;-2.65351768349505;-3.05989489088691;-1.8977436003213;-1.95773924816634;-2.25082764365939;-2.3770038211542;-2.63707623508942;-2.71872041794986;-2.97494015869929;-1.86911130152765;-2.56411997871073;-3.07642801497721;-2.23016772255729;-2.49763877852506;-1.84835091779326;-2.64182291353632;-2.37392487814981;-2.75580615518154;-2.33215646829828;-2.83023680732294;-1.39718295127433;-2.89774384742518;-2.51880916293562
1775;-3.03926965453644;-2.42514498473613;-2.58159398112353;-3.04850650701027;-2.17077560269393;-3.03736476615745;-1.93243519490462;-2.64600256635873;-3.0636992378963;-1.8800307761444;-1.93009969989621;-2.24557211770852;-2.38048913192236;-2.65942008836428;-2.70957544618687;-2.9739921370762;-1.86776150464569;-2.55844189682798;-3.07313550357922;-2.2189892964165;-2.4759547977326;-1.83231400555334;-2.63023396571919;-2.37134384310951;-2.75695993116285;-2.32827489098345;-2.83487773756517;-1.38206241335015;-2.88780441173487;-2.51194903086344
1800;-3.04202105060681;-2.42375791954285;-2.57674321277747;-3.05562812371299;-2.1658094046167;-3.0244195351991;-1.94226782182987;-2.63355930340764;-3.07192800088308;-1.87310716711613;-1.90423975041084;-2.23904257868964;-2.39207821087912;-2.68116250263697;-2.69447616658053;-2.97476147206412;-1.87406331008945;-2.55579435541656;-3.0657788103566;-2.21317136983025;-2.46048118229709;-1.82256719363922;-2.61575860024685;-2.36658277467218;-2.76222393563008;-2.32489859416463;-2.84015064340251;-1.36678867998521;-2.87853905088402;-2.50632486559727
1825;-3.04186308393177;-2.42679717116884;-2.56984813771333;-3.06304906219996;-2.15955475706594;-3.01929661547163;-1.94937924857034;-2.61796728642407;-3.07289140778212;-1.86212977622999;-1.88012187666288;-2.23416644829277;-2.40461475133857;-2.70656768289084;-2.68142028072584;-2.9760862160573;-1.87688845736064;-2.55845415135243;-3.06079181769526;-2.20746284289989;-2.44508668583134;-1.81210438491098;-2.59935943909877;-2.36382292147188;-2.76166964444295;-2.33011003611419;-2.85310439046932;-1.35664180725004;-2.87834042743403;-2.49909612068362
1850;-3.03046534507702;-2.43405764508447;-2.5613856402054;-3.06533859511901;-2.16091993497836;-3.02320049672202;-1.95586384115183;-2.60486733675951;-3.08107484289232;-1.84660914703554;-1.86063405971676;-2.22851774247793;-2.41901192483052;-2.72568466737081;-2.66544345478091;-2.97746892623688;-1.87237856641878;-2.55883961107226;-3.05491379019929;-2.20238269921218;-2.43606293609694;-1.80070158053452;-2.57828336626886;-2.3621252576465;-2.75880063154967;-2.33879126900299;-2.86443128163514;-1.34427446789148;-2.8794251907473;-2.48992262111815
1875;-3.01811563154652;-2.43969194469023;-2.54931260147603;-3.07114669402649;-2.15241677961294;-3.01967228371375;-1.962942725708;-2.59316202112737;-3.09381401294766;-1.83128563296853;-1.84469593672435;-2.22156195617009;-2.43273227527463;-2.74395285625261;-2.64791543553165;-2.97977228728599;-1.87386185520088;-2.5541163224991;-3.04492983281895;-2.19782806402882;-2.41821424105227;-1.7895462982695;-2.55843383906867;-2.36283523909141;-2.76052923701353;-2.35043398918846;-2.86521179569234;-1.33772037378583;-2.87865763448403;-2.47519185801017
1900;-3.00332362457315;-2.44825583049862;-2.53855624630294;-3.07167417076907;-2.15126424104089;-3.01870018621301;-1.96585965603771;-2.57912924643596;-3.10921358651399;-1.81864458164957;-1.8283783236548;-2.21705391717695;-2.44679252004433;-2.76944426006539;-2.63013534192543;-2.98297226487811;-1.8729998377645;-2.5478762058112;-3.03804329338421;-2.19504515447886;-2.39237489769767;-1.78092501325945;-2.54003977657068;-2.3683714420601;-2.75224216130446;-2.35831849994114;-2.8697431453522;-1.32594556547454;-2.88277599438239;-2.45671922683335
1925;-2.98954801267229;-2.45589830170322;-2.52342963231373;-3.07363898811516;-2.14745434738367;-3.01603301832713;-1.96750555767454;-2.56508715676456;-3.12090921954205;-1.80878340599525;-1.81684145281872;-2.2157603417112;-2.45774301502335;-2.79419744525072;-2.61536235376449;-2.98031880647964;-1.87153647394559;-2.53829009419988;-3.03166667046085;-2.19307578447752;-2.37208662744991;-1.77649906938266;-2.52086405898597;-2.37652146741421;-2.74827491410243;-2.3609233389972;-2.87723835589698;-1.32009067469309;-2.88986523392148;-2.44666265326764
1950;-2.97572832402502;-2.46317577550917;-2.5080399300941;-3.07194467589162;-2.14546059878913;-3.01510823242305;-1.96894498744479;-2.55228966770574;-3.13197211671314;-1.80396297997926;-1.80169502895782;-2.20566621893527;-2.46867700571582;-2.80702999296283;-2.59937451464705;-2.97031276386141;-1.86886414452483;-2.52822273770541;-3.02437523061057;-2.19645330372077;-2.35300204159289;-1.7685749768025;-2.50028189993082;-2.38590356948251;-2.73896721309574;-2.36331399713611;-2.88388377815684;-1.30839619715335;-2.90173375437157;-2.43436939843584
1975;-2.95195225979069;-2.4703098788421;-2.49533551442563;-3.06458885464551;-2.14392955831451;-3.01250950264158;-1.96858222796665;-2.53903854057882;-3.13527801554045;-1.80265181541464;-1.79015924109141;-2.19547884249348;-2.48095005133315;-2.82134390820376;-2.58587662416834;-2.96347263149862;-1.86943468772468;-2.5189204407429;-3.01691259980062;-2.19948313764009;-2.33648203672916;-1.7592930951618;-2.47941432305753;-2.38901215370242;-2.72941751153436;-2.36530344855349;-2.89457432753126;-1.29780804035506;-2.91034953451862;-2.42046304165847
2000;-2.92779066255768;-2.47839635539355;-2.48416285102423;-3.05951138826961;-2.14766340301366;-3.01867327137648;-1.97050892935002;-2.52667083025344;-3.14091987995582;-1.8030392671344;-1.77966063797809;-2.18721312989672;-2.49297068407542;-2.82986649515143;-2.57481999071819;-2.95987175337238;-1.87081351413967;-2.50667531832737;-3.01058919492033;-2.19862583299506;-2.32037603449847;-1.74876501681998;-2.46552166858699;-2.3933483659344;-2.72426786663953;-2.36171978289795;-2.89717439563948;-1.2909461828015;-2.91695822056054;-2.40398143227083
2025;-2.90382512620545;-2.48440095786564;-2.4755598877746;-3.05420743864756;-2.15011097334212;-3.02188112908235;-1.97133881041271;-2.51303773858619;-3.15232604336237;-1.80429814166928;-1.77063408031812;-2.17602543324967;-2.50657248271048;-2.83747172930024;-2.56648403744106;-2.95611671934131;-1.86185674249151;-2.49538410055293;-3.00523147233771;-2.19906403669719;-2.30604774323531;-1.74183227807982;-2.45656478461026;-2.39713742671768;-2.71031475100071;-2.36335824949063;-2.8980095569288;-1.29051037620695;-2.92748726030727;-2.38844865442211
2050;-2.88204639434799;-2.48971633895564;-2.46875427521277;-3.04674260640645;-2.14964401559868;-3.02533071077682;-1.96805926187087;-2.4985784056469;-3.16254874340865;-1.80721834208784;-1.7580982586873;-2.16095586163742;-2.51879358649881;-2.84494876599507;-2.5608300615511;-2.9496657553991;-1.85216764602283;-2.48088489933951;-2.99961180161775;-2.19582210216485;-2.29000971674951;-1.74022236946184;-2.44143603156632;-2.40391713178399;-2.68916618813069;-2.36918896586672;-2.90333006843089;-1.27677404930794;-2.93591331341076;-2.37967048475926
2075;-2.86137605731923;-2.49375968219217;-2.46243972521046;-3.0368104939399;-2.14943616528838;-3.02725816786966;-1.96458862156245;-2.48696913081584;-3.16957918053707;-1.81482242013276;-1.7454027371588;-2.15040002773681;-2.53127797413671;-2.84673097796744;-2.55884505337639;-2.93606979420163;-1.84376335683084;-2.46943376178098;-2.99914338286328;-2.18968631423574;-2.27710585911872;-1.73659354792522;-2.42736718075501;-2.4071475146772;-2.67220523195977;-2.37501653212137;-2.90556948732116;-1.27772197048799;-2.94491791681966;-2.36739510502429
2100;-2.84061234417262;-2.49512164532259;-2.45261295573989;-3.02511153757529;-2.14893029483062;-3.03107163210831;-1.96270399822162;-2.47910002946216;-3.17269927794218;-1.8267862021325;-1.73468604033365;-2.14177379837414;-2.53654026886587;-2.84863760517256;-2.55927079850846;-2.91761020920919;-1.83472193368873;-2.45825728265525;-2.99494854881108;-2.18513740790654;-2.26762798740366;-1.73454031383905;-2.41657590726781;-2.40906086472272;-2.66002286661777;-2.37777117729215;-2.90857377155049;-1.27825217252252;-2.94781744302038;-2.35494646746438
2125;-2.82332311822122;-2.4975963766192;-2.44810873086513;-3.01219244249998;-2.14705052362311;-3.0412167307392;-1.95799931697474;-2.47468491644431;-3.17620595305646;-1.83895107429239;-1.72519064241607;-2.12709002997617;-2.53694722709984;-2.84875943357216;-2.56092245773359;-2.90240064213374;-1.82609598787668;-2.4424777697598;-2.98441653621425;-2.1782668034039;-2.26150232486617;-1.73105062630503;-2.4025800657832;-2.41058625622958;-2.64590181397947;-2.38146314377793;-2.90384302460065;-1.28304966527089;-2.94692504873597;-2.33707556980742
2150;-2.81098523064475;-2.49648701083356;-2.44631349949275;-3.00165630130186;-2.14912890875839;-3.05220296377759;-1.95360955256055;-2.46562214469561;-3.18109377812852;-1.84756519999938;-1.71246727575055;-2.1153965367567;-2.53612526229731;-2.83907054190654;-2.56312071975736;-2.88251492280816;-1.81452075573907;-2.42924230158069;-2.97548086305958;-2.16841593929888;-2.25960971912382;-1.73173591617929;-2.39239985443647;-2.40829961208874;-2.63361387688274;-2.38483385363241;-2.90014183092111;-1.26931150357557;-2.94005770793861;-2.32100790742991
2175;-2.79870265282852;-2.49246980619184;-2.44360223724971;-2.99385259705431;-2.15113152637513;-3.05862933002862;-1.9443844276209;-2.45817709556247;-3.18680961660237;-1.85198889433494;-1.69369011280297;-2.10623048849656;-2.53108843512492;-2.83389488271531;-2.56554273324926;-2.85622950560858;-1.79967899514819;-2.41543852283343;-2.96758728748692;-2.15003135806969;-2.25873472588832;-1.72699693245774;-2.38071704810919;-2.40744423017014;-2.62654613705178;-2.38622691807207;-2.8986325032004;-1.26580447627223;-2.93907061011466;-2.31327474692385
2200;-2.78915552218605;-2.48717023203198;-2.43653374180943;-2.98465712201244;-2.14875882810883;-3.0673818536416;-1.93425798917689;-2.4503728189467;-3.19256184426745;-1.84603942491958;-1.67778453068122;-2.10053674555739;-2.5257845419637;-2.82842978368731;-2.5691873424783;-2.83054144644466;-1.77832914470417;-2.40806641444681;-2.95817615426235;-2.13127517684856;-2.25655646646754;-1.72259653999787;-2.36448262279926;-2.40053995129878;-2.62620981077641;-2.38930961403212;-2.88985878568832;-1.26237864008994;-2.93946531895622;-2.32142234765945
2225;-2.78351113393034;-2.47949556266263;-2.43543565891052;-2.9755591958629;-2.14712400423254;-3.07734768030543;-1.92541902621485;-2.4433739941569;-3.19661322050773;-1.83490692581476;-1.66993180482672;-2.09277166101067;-2.51649673529157;-2.82216409464221;-2.56799252363497;-2.80694876238741;-1.75926528135849;-2.39675373044714;-2.94903594780328;-2.11087781202406;-2.25532037844899;-1.72149342008796;-2.35057986655484;-2.39898409466833;-2.62099449126845;-2.38820014858857;-2.88469755778516;-1.26101287558613;-2.93304179376727;-2.33755082076373
2250;-2.77563892176963;-2.47269355089541;-2.43306314208368;-2.96808560049889;-2.14906897035537;-3.0800564670386;-1.91386562952632;-2.44204687528623;-3.20476361040944;-1.82213848934428;-1.65787131952407;-2.08584914815208;-2.50498096294894;-2.80730731415114;-2.56966288083432;-2.79294008511695;-1.73970252601405;-2.38851601183865;-2.93989732584136;-2.08692893570506;-2.26712879681202;-1.71827151418477;-2.34092334592651;-2.39758852825442;-2.61287631795448;-2.38233245599673;-2.87484904689952;-1.25650753106181;-2.92882942090351;-2.34592598271293
2275;-2.76894451518242;-2.46450129534919;-2.43169205501009;-2.96399656497236;-2.15270188919483;-3.07893182121649;-1.89789747134906;-2.43460599830455;-3.20971016192117;-1.80673478124645;-1.64533509767065;-2.0831828638502;-2.49205222724136;-2.79578453847636;-2.57582140400086;-2.78021389431877;-1.71914831545455;-2.38662248727343;-2.93327469410797;-2.06625016278452;-2.27576488289005;-1.71524589503566;-2.3353449496479;-2.39853440529592;-2.60798196364155;-2.38104308994974;-2.86677651233109;-1.24948290719149;-2.92619408495185;-2.34202623297454
2300;-2.77034411026544;-2.45462720970839;-2.43860822905357;-2.95360551662193;-2.15320332657178;-3.07571015209258;-1.8809711529839;-2.42810491555777;-3.21400242440511;-1.78731851488215;-1.63839811503022;-2.08012276528946;-2.47351781746556;-2.78650899211766;-2.58056773849301;-2.77283046449939;-1.69742106044752;-2.3788124144886;-2.92342138538107;-2.04792536182068;-2.28941022096036;-1.71963112108996;-2.32850131628079;-2.39791133197239;-2.60105896510785;-2.3729526943706;-2.8598082434273;-1.24672512069837;-2.91494466753346;-2.34236229781076
2325;-2.76390397563067;-2.44623888649217;-2.44367027469727;-2.95385458279386;-2.15441620671454;-3.0730296296906;-1.86584890864223;-2.42332317952386;-3.20893363729961;-1.76490490850541;-1.62501702952136;-2.0875557677395;-2.45424761475433;-2.77335913868771;-2.57744421221037;-2.76964081995305;-1.68139956409426;-2.37359202760058;-2.91484517502369;-2.03297183580311;-2.30108233643921;-1.72618334219129;-2.31941821874973;-2.39993342711701;-2.5910818242567;-2.36131026791537;-2.85164160965983;-1.24974510195472;-2.90153901827919;-2.33936709729106
2350;-2.75564405656989;-2.43822916474334;-2.44384349016963;-2.95344452809633;-2.15535059972913;-3.0661995654993;-1.84557617244908;-2.4219492922474;-3.20803867696683;-1.74836278770713;-1.6145676189387;-2.09092178855285;-2.43593958966442;-2.76172577652873;-2.57454335669738;-2.77081084330006;-1.66303708711519;-2.37716642794524;-2.90579281148295;-2.0158243486927;-2.31627244997153;-1.73090413632597;-2.312450752499;-2.40131583263095;-2.59057916399065;-2.35554227294889;-2.84265048644744;-1.24965155022398;-2.88296926518684;-2.34426353717411
2375;-2.75260223126858;-2.42793531868556;-2.44470503453981;-2.95661036267633;-2.15730609047443;-3.05792271668991;-1.82674595614106;-2.42624942968214;-3.1992094255185;-1.73156813024165;-1.60575676771854;-2.09768063180728;-2.41862038021032;-2.74888962455031;-2.5665366169358;-2.76987603185559;-1.64770163998447;-2.37751572333497;-2.90384629508074;-2.00502620838936;-2.33494273548957;-1.73325555587421;-2.31268502412507;-2.39993232255458;-2.58970383464049;-2.35203689962158;-2.83288615025951;-1.25801326916391;-2.86590803714653;-2.35905771729168
2400;-2.75692158842755;-2.42050023705025;-2.43365234803805;-2.96226124270311;-2.16456295198354;-3.04864953012177;-1.81216074899282;-2.43021470647103;-3.18646208992704;-1.70832619010005;-1.59723862072273;-2.10641518781624;-2.40365158227517;-2.73948673078395;-2.56052355276624;-2.76968209557976;-1.63154335443334;-2.37396561547621;-2.90097156254868;-1.99359995538633;-2.33600882265054;-1.74424814448412;-2.31596045347346;-2.39970620974433;-2.58761178068748;-2.35241084979269;-2.82652671343156;-1.2647923084911;-2.85148395249192;-2.36318644547764
2425;-2.75951152231775;-2.41058093267797;-2.42284729291476;-2.96442291294726;-2.17020855747505;-3.03902330083245;-1.798975119888;-2.43762535504645;-3.17393437367007;-1.68597394191111;-1.58933709878902;-2.11883880374679;-2.38899065637234;-2.72710274998724;-2.55525479554885;-2.77191707846319;-1.6182684911959;-2.37266178230642;-2.89718243380108;-1.9817446146202;-2.35050804193245;-1.75648949031599;-2.31827944868481;-2.39895578480778;-2.59097017792036;-2.35399980168975;-2.82741721860757;-1.26899446559108;-2.84205567773558;-2.3520545495372
2450;-2.76578540567108;-2.39936634896911;-2.41117773950665;-2.9704532266612;-2.1737105203014;-3.02866196143425;-1.78767088713782;-2.4476155804452;-3.15834153892448;-1.66832217343592;-1.58736319053499;-2.13755823784745;-2.37011032623056;-2.70848480664004;-2.55196637548457;-2.77416963669258;-1.60784269543833;-2.37771279012417;-2.89906320918614;-1.97312738244685;-2.36504150556123;-1.76445247921551;-2.32247458333758;-2.3965240849143;-2.5853975729094;-2.35218887685228;-2.82947331877174;-1.28108266633709;-2.83123382226365;-2.33929551850571
2475;-2.77353664724042;-2.38679972929807;-2.40143240616048;-2.97057733106171;-2.17199820070306;-3.01909020333312;-1.77576517056248;-2.45675713640098;-3.14016454794405;-1.65033179870959;-1.57788749552114;-2.14856123924013;-2.34831284269091;-2.69379294881243;-2.55241945379343;-2.77785079118294;-1.60087559368929;-2.38311562769903;-2.90156347026648;-1.96717804347541;-2.37981786407884;-1.76933942757089;-2.32389916796609;-2.38999067286108;-2.58872895341357;-2.35338846084962;-2.83157710432495;-1.29044386828713;-2.81968092016736;-2.33325249160232
2500;-2.78381919302429;-2.367717377682;-2.39848297567586;-2.97419540986975;-2.17368528648149;-3.01180705754804;-1.76401319547705;-2.46473992646215;-3.12235314452283;-1.63573116107245;-1.57313385610155;-2.16426366006141;-2.32066716594195;-2.6832092136901;-2.53571439761995;-2.78038751661024;-1.59707136088239;-2.38884406509766;-2.9115188850151;-1.96521039716973;-2.39593602248557;-1.77957211738733;-2.32867626312958;-2.37930261774942;-2.59091677527195;-2.35830067249599;-2.84260784960777;-1.30630607789433;-2.81569715032273;-2.32782447279031
2525;-2.78745391488989;-2.34413042728183;-2.39387900011104;-2.97462087095046;-2.17565566766231;-3.00699755672035;-1.75592992460687;-2.47472978938072;-3.10168600464338;-1.62670902545797;-1.57212987462256;-2.18208465917323;-2.29536407866067;-2.67626307486588;-2.52261580951756;-2.78236634753075;-1.59425358254046;-2.38413235451564;-2.92256625781085;-1.96383783169393;-2.41988140932442;-1.78723455402709;-2.33737617160906;-2.36023886130318;-2.59315779611997;-2.36535885379483;-2.8503687870418;-1.3113793019952;-2.80783000254494;-2.32596630210476
2550;-2.79266278366797;-2.32403755167012;-2.38188506967033;-2.97649035352358;-2.17627204471219;-3.00078563237753;-1.75052506208847;-2.48267526619733;-3.08487356008752;-1.61800679026944;-1.5654859481262;-2.19561915078094;-2.27268554716921;-2.67227618158532;-2.50431382976867;-2.78394823785517;-1.59458020407861;-2.37919680188452;-2.93849236839772;-1.95748991213255;-2.43653322432258;-1.78501281938268;-2.3446495196094;-2.34400498045521;-2.59226583431169;-2.37182541095299;-2.86423994173839;-1.3205295964087;-2.80364570284293;-2.32281383237005
2575;-2.80083438041555;-2.3033389154484;-2.37110069380224;-2.97402723151264;-2.17549851285021;-2.99153277444335;-1.74747099702692;-2.49112084898373;-3.06112440359631;-1.61903021189368;-1.56136568273362;-2.21332904664746;-2.25053302597668;-2.67074764252433;-2.49111749949044;-2.78845243357;-1.59032704277783;-2.37279915444691;-2.95035438835505;-1.95406924447299;-2.45383493452623;-1.78497302240267;-2.35388479248485;-2.32175230713009;-2.58759082740085;-2.38153376885064;-2.8799332394789;-1.32719482042516;-2.79905491043813;-2.31354425316365
2600;-2.81385055845449;-2.28092514781811;-2.36835665477047;-2.9681282332964;-2.17133080742005;-2.98029660279928;-1.74671924340466;-2.49811796810187;-3.04703224321213;-1.62054555143502;-1.55203188359276;-2.23000664942461;-2.22960766884266;-2.6723672389658;-2.48026498492822;-2.78755160695063;-1.59565689950572;-2.37205929199547;-2.96053918975138;-1.95235028819943;-2.47510401479708;-1.7762813790611;-2.36474703368264;-2.29249285031145;-2.58831411255805;-2.39645507466864;-2.89630178695805;-1.33484675168062;-2.80155122455056;-2.31245263916304
2625;-2.8273591062562;-2.25912786502096;-2.35711301294693;-2.9577925582216;-2.16922273147801;-2.97739251299412;-1.74480230787442;-2.50619927428247;-3.03177564764264;-1.61532500391955;-1.54741549764273;-2.24388488991576;-2.21060630028072;-2.67454116363213;-2.47150295266226;-2.78795333272018;-1.59937474869936;-2.36732671013438;-2.97221093627218;-1.95064822516398;-2.49533645363424;-1.76062885296427;-2.37422447347767;-2.26659212431955;-2.58617593165601;-2.41297446916853;-2.91566580178654;-1.34707280844277;-2.80904577371983;-2.31561298002728
2650;-2.83461387577914;-2.24110263447489;-2.34518879356598;-2.94482779384584;-2.16862971834038;-2.97325279854899;-1.74093133086504;-2.51550057416392;-3.02131032592787;-1.61070996954424;-1.5406698107318;-2.25803334116091;-2.19510520999948;-2.67363254764869;-2.46215765637607;-2.79366884136422;-1.60121226297021;-2.36336448460372;-2.98447447818395;-1.94910447223162;-2.52146336262981;-1.74615137035732;-2.38824130909504;-2.24038832658186;-2.58476117513743;-2.42161680099252;-2.93126219006363;-1.35548186784255;-2.82620313242597;-2.31787748795679
2675;-2.84591691089381;-2.22250219108664;-2.33330377649412;-2.93228777782187;-2.1589530489958;-2.96229618818364;-1.73890651196752;-2.52471234650277;-3.01211546397966;-1.60735740363044;-1.53860780382928;-2.28179026927791;-2.18181532968283;-2.67992942406297;-2.45372167209654;-2.80012688711661;-1.60352674147619;-2.35627734302735;-2.99437221061704;-1.94638187621958;-2.54179196931978;-1.73117786854957;-2.40535872273567;-2.21567161003522;-2.58582622383194;-2.43193920254997;-2.93904944836834;-1.36706085402476;-2.84571397684607;-2.31863163806441
2700;-2.84965107969445;-2.20711012822765;-2.32757717556346;-2.9138135347498;-2.1587926694452;-2.9599962357499;-1.73725759156503;-2.53168727080715;-3.00612786702244;-1.601838731993;-1.53890044193616;-2.29733564041541;-2.17204956846176;-2.68900131625656;-2.44574792151375;-2.80595897753802;-1.60338041148217;-2.35181523138594;-3.00986327981759;-1.94105899257215;-2.56494510782306;-1.72132296901775;-2.42178412562374;-2.19141586834416;-2.58807648409158;-2.44903147717958;-2.95219367656321;-1.37445532252739;-2.86054472056491;-2.31583902456718
2725;-2.8520990138751;-2.19109506162093;-2.32248762813054;-2.89181151706732;-2.14970069846594;-2.95298725398932;-1.73196141374923;-2.5398174365997;-3.00024774139197;-1.59070221462926;-1.53832342065374;-2.31517351314549;-2.15767232790556;-2.70012141146605;-2.43834772208504;-2.81661239448463;-1.60504115044448;-2.3401662415737;-3.02303640974488;-1.93697681694699;-2.5930397171614;-1.71137428310353;-2.43879566725944;-2.17165465422765;-2.59436481062868;-2.4545446659807;-2.9619323029718;-1.37899109043804;-2.87455419247283;-2.3190035412214
2750;-2.85829464532393;-2.17965727621341;-2.31633516930866;-2.8680912626721;-2.1423351860535;-2.9517336228083;-1.72404489568318;-2.54690224536562;-2.99541163835095;-1.57921863120275;-1.53794212372597;-2.33035529623095;-2.14360167103245;-2.70645563440379;-2.43006909626447;-2.83058150628048;-1.60458437964093;-2.3294507846091;-3.03655933801113;-1.9345615219875;-2.623040214329;-1.69918371507826;-2.45603433588464;-2.15172477871584;-2.59491707574656;-2.46227825610937;-2.96985872580234;-1.37921317645427;-2.88848753232974;-2.31947725219498
2775;-2.85158625317132;-2.17085295472628;-2.3185621644355;-2.84502854086686;-2.13743066529401;-2.94292098871211;-1.71823277894215;-2.54992632679038;-2.99459399699538;-1.56822181706112;-1.53983351918954;-2.35021099516192;-2.13140255882048;-2.70963070785302;-2.42512707460051;-2.84697580115631;-1.60444445487595;-2.32201582429821;-3.04815972771441;-1.92628182219343;-2.65082645275034;-1.68284817266809;-2.47258590146677;-2.13437774049119;-2.5875134804382;-2.47418721594734;-2.9721773128257;-1.38175343893506;-2.90472489442896;-2.32631853989943
2800;-2.84691893882937;-2.16790513180798;-2.31198969308603;-2.8270661564177;-2.1312100032248;-2.94177393176162;-1.71352890819619;-2.5496295402226;-2.99385651463787;-1.557462552884;-1.54874999952371;-2.37030571992837;-2.1230841390228;-2.71273387059926;-2.42010666579189;-2.86712248481729;-1.60286020841391;-2.3140458151329;-3.05772867425831;-1.91772103349386;-2.68314366477903;-1.66892285835119;-2.49385869427301;-2.12733194681521;-2.5926213603734;-2.4788457834566;-2.97535179209346;-1.3807065465199;-2.91098049509151;-2.32801966339576
2825;-2.84176802089663;-2.16776923883908;-2.30846038252482;-2.80228661898184;-2.12437826363041;-2.93215384738961;-1.70766191983186;-2.54371538465582;-3.0016582721679;-1.54606184091857;-1.55774778522256;-2.39069610900968;-2.11708451229988;-2.71467358470537;-2.4114298673731;-2.88819637658834;-1.59595901360755;-2.30885696292181;-3.06713595858161;-1.90769031009164;-2.70405824576089;-1.65683341285797;-2.51376308979591;-2.1224142941174;-2.5923643858588;-2.4783064834102;-2.97857021680203;-1.38489831801986;-2.91224118471237;-2.32968054205438
2850;-2.83393719374264;-2.1711179532342;-2.30951666042377;-2.78110774655902;-2.11819733762933;-2.91981624930662;-1.70068278900247;-2.53786589139399;-3.00138630448507;-1.53732574000349;-1.56894246811642;-2.40851763248594;-2.11167818484808;-2.71317463265317;-2.40717348315338;-2.91443366395165;-1.59018558886105;-2.30664836142603;-3.07879300636882;-1.89410607348809;-2.71657940465205;-1.64418731352623;-2.53277756293094;-2.12237065377914;-2.58937736554254;-2.46819147581913;-2.97987432505153;-1.37136696002092;-2.90609595313423;-2.34246131822969
2875;-2.81987526862198;-2.17573064846673;-2.30983649292426;-2.76239148416011;-2.10854340731004;-2.91557112875837;-1.69305835496318;-2.52924472198086;-3.0042990251151;-1.53192564159611;-1.58351516067432;-2.43447107175739;-2.10909082656077;-2.70715003677236;-2.40143655348171;-2.93820810504451;-1.5864071273567;-2.30899924549256;-3.09053748090022;-1.88476164419733;-2.73075321478492;-1.6311311071303;-2.54812148439262;-2.12758299375376;-2.59430586492274;-2.45487337295183;-2.98020943220715;-1.37019475790029;-2.90553639846749;-2.35466284194204
2900;-2.80605988863128;-2.18345758126039;-2.30989667795059;-2.74816416783936;-2.1027093472074;-2.90949379437752;-1.68886983811382;-2.5177952067185;-3.0057926182045;-1.52978986273422;-1.59692834378593;-2.4531894563334;-2.1055190727968;-2.70399372129075;-2.39457124769606;-2.96212121113888;-1.58393650458743;-2.31155441677098;-3.09772941706451;-1.88146274555065;-2.75009561187342;-1.61670121650936;-2.55776354692857;-2.14119196964791;-2.59237402898021;-2.43689352384812;-2.97623782530888;-1.37309555635232;-2.89787710700897;-2.35957937427263
2925;-2.79685591472215;-2.19487717126031;-2.31380595875243;-2.73542503885962;-2.09666556171951;-2.90412080149157;-1.68789955602087;-2.50532376492701;-3.0047274770316;-1.53309517785753;-1.61280571567035;-2.47161628165364;-2.09995616361439;-2.70293424322151;-2.38416646200557;-2.98303492393492;-1.58485808051263;-2.31957337855358;-3.10198793368905;-1.8801862856027;-2.76131424668813;-1.61056922847697;-2.56442810756705;-2.15570524871914;-2.58902071978597;-2.41433067595321;-2.97273227264944;-1.36971682723701;-2.89129891463941;-2.35541445660643
2950;-2.78609678663248;-2.20625036667894;-2.31755155663085;-2.72945430008705;-2.08821054757872;-2.89756126528349;-1.68918745185336;-2.48649979557992;-3.00554394331929;-1.53816989184028;-1.62652340911578;-2.4888251494653;-2.09305094439966;-2.70032902665929;-2.36607415874964;-2.9995370108169;-1.58522996471036;-2.33010854842424;-3.10472067061701;-1.87954927394101;-2.76990412013646;-1.60474263520753;-2.57011953782259;-2.16972765271372;-2.58260105918057;-2.39565651039697;-2.9702487728639;-1.35969415983016;-2.88275335638547;-2.35464648033033
2975;-2.77140121557611;-2.21464861773796;-2.31469618130118;-2.72866191943176;-2.07693672630767;-2.89756545624222;-1.69007495641809;-2.46724080649165;-3.00702724928517;-1.5456885098815;-1.64260138681848;-2.50967881176098;-2.08370759362514;-2.70160841961248;-2.34842112556924;-3.01453918514179;-1.58572712733953;-2.34087226491385;-3.10200017810413;-1.87754650432428;-2.77674486488314;-1.58869509109519;-2.57185884079893;-2.18897059190105;-2.57848236923643;-2.37969720291233;-2.97323996340899;-1.35874230944689;-2.87506791990434;-2.36047281055061
3000;-2.75784314904393;-2.2223886710736;-2.31131967594943;-2.72791439347544;-2.06462076741304;-2.89832433466974;-1.69555572833923;-2.44946877623414;-3.00999160757256;-1.55491368630508;-1.66198696452165;-2.53313708212754;-2.0751381146443;-2.70301681113332;-2.33671538511078;-3.02634536285166;-1.59161487745141;-2.35202755097334;-3.09943487097617;-1.87644645254909;-2.78052386176247;-1.57388693687008;-2.5707939708083;-2.2028780474281;-2.57323553259843;-2.36167132935789;-2.96680780692056;-1.34874362705104;-2.85965675338135;-2.36313322548318
3025;-2.74639304783164;-2.23020587621212;-2.30781817509015;-2.73144347081066;-2.05255692902766;-2.89950986277401;-1.70415650687933;-2.43385325657098;-3.01110083236422;-1.56513277502638;-1.68677137635233;-2.54736536422646;-2.06537870017692;-2.70205655252796;-2.31674714094739;-3.03520270449415;-1.60095682987435;-2.36505848086105;-3.096885817933;-1.87548887226705;-2.77792869537266;-1.55537660109536;-2.56775265485665;-2.21967641291895;-2.56287606028066;-2.34094294072288;-2.96479331743154;-1.34409286052243;-2.84276225071704;-2.36012589962028
3050;-2.73311740502483;-2.23835899946263;-2.30133936614414;-2.73337367130038;-2.04053672486444;-2.90183055025912;-1.71275764463646;-2.42133802841048;-3.01720085345866;-1.57440021884124;-1.70466139943693;-2.56768307481017;-2.05349035437436;-2.69795502829782;-2.29728821382941;-3.03894827774714;-1.61129153991803;-2.37992413730805;-3.09123544940655;-1.87416921737571;-2.7815922632036;-1.53918167481198;-2.56412600271454;-2.23925889897607;-2.5496252910425;-2.3246155608841;-2.96303735601877;-1.34326586414311;-2.83162034996872;-2.36037148337329
3075;-2.72167823458417;-2.24422190800236;-2.30008571148483;-2.7359934970508;-2.03287141885487;-2.90476515368226;-1.72327037103742;-2.40003447058342;-3.0218073049226;-1.5847501496019;-1.72339888291828;-2.58755146193769;-2.03906884379378;-2.69957216797307;-2.27764525050583;-3.04014099833629;-1.62470736112054;-2.39692362503815;-3.08248959633307;-1.87699874392224;-2.77654428204107;-1.51693717902928;-2.55764466814365;-2.2560314313661;-2.53736931687838;-2.31017341582845;-2.96295898020916;-1.33838859841227;-2.81922108731497;-2.35917469744608
3100;-2.71372818533157;-2.24875877300286;-2.29368303944813;-2.73254403454513;-2.01588897067523;-2.90760920172624;-1.73680425064187;-2.38002896429633;-3.01730908135987;-1.60137588969342;-1.7454545848835;-2.60567587113564;-2.02454031686515;-2.70307779210428;-2.25889060390386;-3.04181863045857;-1.64037723516161;-2.40940623732221;-3.07207844217841;-1.88068128033407;-2.78100838066054;-1.50004048993142;-2.54891917934024;-2.27042398394956;-2.52093393227499;-2.30025870122455;-2.95874847180299;-1.33340982118434;-2.80937076006608;-2.35745380797961
3125;-2.70205691589775;-2.2538128158314;-2.28511429496598;-2.73730733598743;-2.0009320371955;-2.91472549266583;-1.75107388280587;-2.36058473759656;-3.01789626787367;-1.61608967583193;-1.75874035993911;-2.62075365323403;-2.01161849362625;-2.70792474714832;-2.24292972351174;-3.04686460089643;-1.65973315947823;-2.41962537993111;-3.05637731154291;-1.88237114230879;-2.77796612860467;-1.48771370617347;-2.53760075256733;-2.29544632056847;-2.50674365517786;-2.29006503124138;-2.96065552674827;-1.31804830424079;-2.80232869267;-2.35638831906067
3150;-2.69070366210238;-2.25771309106166;-2.28169156162769;-2.73625770592325;-1.98802274424298;-2.91433902533126;-1.76186290190558;-2.34397370579553;-3.01935139149554;-1.62592593636393;-1.77367066887797;-2.63319781429277;-2.00161553529428;-2.71361848183799;-2.22701140731904;-3.04317298886407;-1.67589612351112;-2.43578472898841;-3.03389710159315;-1.88828718786817;-2.7787751417814;-1.46419904785548;-2.52529062115551;-2.31957484381297;-2.48999597336493;-2.28422272562042;-2.96054267074333;-1.30967148985551;-2.79679151157955;-2.35651322853269
3175;-2.68156347419336;-2.26226588399637;-2.27258031312607;-2.73295271899825;-1.9837293745417;-2.91159586903346;-1.77088904955649;-2.33220520176169;-3.01942583108686;-1.63495359483012;-1.78695393492445;-2.64137718992478;-1.99286858933729;-2.72142135563159;-2.20938608098432;-3.03784802475368;-1.69211853504185;-2.44720547023127;-3.01561131321541;-1.897269354239;-2.77443144710712;-1.44799004183957;-2.51341881887779;-2.33309636110478;-2.47031785310572;-2.28205465876246;-2.95303897198781;-1.29363579619763;-2.79435129316374;-2.35972633013141
3200;-2.67356738206847;-2.26652983035252;-2.25657901964621;-2.72944636623407;-1.97433698116633;-2.90910813650313;-1.7784862116445;-2.32267576203557;-3.02325985307474;-1.64246626138386;-1.79755199227934;-2.64488936478364;-1.99174552793741;-2.73024060961242;-2.1989376626012;-3.03366198092281;-1.7041187823166;-2.45556383441739;-2.9937213160395;-1.90487156965365;-2.76114467569669;-1.43219586719293;-2.50003301605223;-2.34613988073394;-2.44827599864474;-2.28102086284369;-2.94919910613363;-1.28021399345417;-2.78896663248238;-2.35592249576386
3225;-2.66572331194924;-2.26836929014478;-2.24487998958996;-2.71789653445547;-1.96793247289483;-2.90154465458904;-1.78514885445473;-2.31797063643711;-3.03414063993862;-1.6455901689377;-1.8098700065978;-2.64542406774024;-1.99391834980395;-2.74101059152394;-2.19635017981621;-3.02822805586971;-1.712757570593;-2.46664066863824;-2.97600583412849;-1.91751154385173;-2.7593715573189;-1.41569289482572;-2.48709313657459;-2.35448869391973;-2.42871743185247;-2.28053874209974;-2.94677188357753;-1.27276274886653;-2.78359097248104;-2.34518377346166
3250;-2.66803624939142;-2.26727426186797;-2.23303844899238;-2.70621301482993;-1.96366280735385;-2.89147751647277;-1.78924316623758;-2.31662889400514;-3.03605579691153;-1.64353437091409;-1.82305243143224;-2.6431788749954;-1.99772696518712;-2.74106650485845;-2.19768821425429;-3.02410411762052;-1.71908991985471;-2.47612785917403;-2.96176823207053;-1.92985668392509;-2.74951617390357;-1.40232429686455;-2.47255378411517;-2.35736359106075;-2.41559051939014;-2.27696653712404;-2.94456171863005;-1.27345331682637;-2.78262617529935;-2.33920443765176
3275;-2.66781203221292;-2.26235389400692;-2.2277349274969;-2.69151323006683;-1.95744279615941;-2.87523507159097;-1.78622518955763;-2.31955205385081;-3.03851668919056;-1.64030685912492;-1.83204871476431;-2.63578536172819;-2.00434387687568;-2.74330301779558;-2.20789407572885;-3.01775401432491;-1.72481257418484;-2.48433012684391;-2.95128124638582;-1.93778278511108;-2.73841168989724;-1.39135861597782;-2.45119835161279;-2.35231446247461;-2.39816019428634;-2.2824279941522;-2.94994991930724;-1.275894337309;-2.77500286526966;-2.33356858455275
3300;-2.66568006495752;-2.25683509496808;-2.2246252253942;-2.67951486522349;-1.95456947028928;-2.85661236729431;-1.78406709287027;-2.32334919053798;-3.03919855391673;-1.64057272097948;-1.84409677586102;-2.62376604120476;-2.00956505941866;-2.74675261709922;-2.20269629139666;-3.00600032661514;-1.73168127358161;-2.49242244530697;-2.94509846753075;-1.94655339736019;-2.73245543299075;-1.39608647828185;-2.42873373391682;-2.34380728028448;-2.38396632255467;-2.28808407636952;-2.95086773613099;-1.27877699353168;-2.77132770545117;-2.32601597295471
3325;-2.65966860694805;-2.25389909982483;-2.22313686846798;-2.66570436797249;-1.94606566237241;-2.83725246319054;-1.78344289174193;-2.3308547349361;-3.04274840809227;-1.64054396203708;-1.86020105869177;-2.60839658554116;-2.01515985626625;-2.75060393119491;-2.20956270677894;-2.996234765438;-1.7337677346729;-2.50159879047174;-2.9368928832432;-1.95228112493231;-2.72496271150259;-1.39356429081033;-2.41005385243168;-2.32754238042235;-2.37480923352388;-2.28884241674533;-2.93133430668008;-1.27922444152206;-2.7548612675492;-2.32006091298441
3350;-2.65764639791434;-2.2520046857208;-2.22008813769999;-2.64962695291988;-1.93734687841638;-2.81670059555628;-1.77872598615367;-2.33736173076017;-3.04724450834061;-1.6380051891584;-1.87240293053034;-2.58783519933566;-2.02252649921191;-2.75004127850454;-2.21771792433692;-2.9904892031328;-1.7306961189567;-2.51005552643899;-2.93342483766379;-1.95542025377495;-2.71232970868197;-1.3880364728886;-2.39169009013557;-2.31203567074573;-2.37179231689352;-2.29058970737569;-2.91904393946492;-1.29145560587889;-2.72914494907643;-2.31027357167226
3375;-2.65925175141198;-2.24977793046933;-2.22593583041818;-2.63512885856929;-1.92757464974538;-2.80159856707915;-1.77522328001369;-2.34449499506901;-3.05132710844572;-1.63303509219123;-1.88362872645446;-2.57908046405871;-2.03365496172502;-2.75288190519759;-2.22771076302424;-2.98197442702845;-1.72350413802252;-2.51525644353306;-2.92680445926078;-1.95824099926304;-2.70345196907271;-1.38665696184826;-2.3688583773118;-2.28564087216642;-2.35727756214245;-2.29583066336795;-2.90840521684058;-1.29059446816419;-2.7028754017929;-2.30096655389953
3400;-2.66091349133722;-2.24386410134572;-2.23730816937756;-2.61904325318228;-1.91487880310196;-2.7840902727327;-1.77396835310195;-2.35031636715545;-3.05455446074642;-1.62665704285361;-1.89726499120478;-2.55344968428388;-2.04157697347369;-2.75509880915605;-2.23713613011533;-2.95917746110405;-1.71857285342577;-2.52197301097024;-2.91752194239764;-1.96179267279228;-2.68631078475062;-1.38101455803687;-2.34258748785017;-2.25641696585122;-2.35103686816189;-2.30150414326531;-2.89617677956141;-1.28908754733631;-2.67569046151591;-2.29629461317894
3425;-2.66816510960449;-2.2364149049594;-2.24688241424776;-2.60662513617047;-1.90167132743849;-2.76717601170128;-1.77212634907676;-2.35534024062315;-3.05920535018943;-1.62056995030112;-1.91471906946882;-2.52368733984724;-2.05166167667792;-2.75189983691293;-2.24410393890478;-2.93879163179647;-1.70949095338304;-2.5246215340832;-2.90662682023456;-1.9660917367891;-2.67544925581743;-1.37921364851623;-2.31480947770964;-2.23223928034439;-2.33824312584111;-2.29984775719441;-2.89104980873883;-1.29062485576075;-2.64627778740118;-2.29375294835484
3450;-2.67465902260147;-2.2315168412693;-2.26158175302187;-2.59619388352644;-1.89006534193226;-2.74948859986222;-1.76959450202735;-2.36064977809458;-3.06314691907463;-1.61210119988069;-1.9316510224014;-2.49850148648898;-2.06002505044221;-2.75111245326489;-2.24711163640678;-2.91883623148146;-1.69910917703048;-2.53230970393393;-2.89660246849174;-1.96891951232105;-2.66855973884914;-1.37494266572332;-2.29208850338231;-2.21131014099578;-2.33458719155694;-2.2925567238493;-2.88165553937413;-1.28702579400002;-2.62092305669323;-2.29415974423107
3475;-2.68069386491501;-2.22461047935608;-2.28294428126166;-2.59594706173737;-1.87713131415816;-2.73566161061838;-1.76722664813691;-2.36076959555054;-3.06422471078094;-1.60099569604474;-1.95541329813609;-2.47629302502113;-2.06769503082868;-2.75277291967846;-2.25289433219384;-2.89660366811865;-1.68753996107833;-2.54187886054386;-2.88521423825908;-1.97170741195349;-2.65997311515468;-1.37388419956021;-2.26817698962762;-2.18214334577019;-2.34027501462197;-2.29092923543348;-2.87614100775078;-1.2883248303898;-2.5974945763135;-2.29151622109848
3500;-2.68242729303118;-2.21502375205759;-2.31586268937571;-2.59573325096246;-1.86242824805296;-2.72674760455814;-1.7650078846618;-2.36005665564205;-3.06812382983428;-1.58878222797549;-1.9784664871112;-2.45281772631219;-2.07478042246939;-2.75726865404113;-2.26007440566423;-2.8741957100402;-1.67767955053568;-2.5477678155181;-2.87216231002711;-1.97673026327302;-2.65714700924919;-1.37270734583427;-2.24139752840058;-2.15863384790006;-2.33966017920651;-2.28626668478679;-2.87580271661793;-1.28609313436939;-2.56891038652062;-2.28603249047912
3525;-2.68642276797754;-2.20392504981041;-2.3480421502129;-2.59211484811878;-1.84476548452445;-2.71997208897153;-1.76224048078776;-2.36230475267823;-3.06806984977489;-1.57322432535257;-1.99808222153681;-2.43031619096294;-2.07764716282268;-2.76206056343693;-2.26198543059819;-2.86085303987122;-1.66788094472286;-2.54346642519562;-2.85562151021926;-1.98559518726522;-2.65579292380226;-1.36972091614123;-2.21683318673936;-2.13604949640935;-2.33751730642781;-2.2701592191063;-2.87964743292142;-1.28232100992481;-2.55010124312793;-2.28718086806579
3550;-2.69610958252366;-2.19184198016077;-2.38037843900137;-2.584575158677;-1.83011004340601;-2.7209444409984;-1.76083024289868;-2.36462689483615;-3.07318454345693;-1.55751666374775;-2.0182221285323;-2.41420303686593;-2.07716018107895;-2.76349081479473;-2.26658489690498;-2.84362280341754;-1.65379121533184;-2.54029807804292;-2.84231762243472;-1.99225319289799;-2.65408435742132;-1.36997198152013;-2.19253551887227;-2.11088366851272;-2.32935478284895;-2.25988779569019;-2.88157954860411;-1.27694044169244;-2.52591645931859;-2.29237571609514
3575;-2.70173633424519;-2.17770614534545;-2.41965611786855;-2.57599171113729;-1.81545106257805;-2.71745089748456;-1.76287432875886;-2.3657197944162;-3.07640129536665;-1.538348572678;-2.03654654133596;-2.39711643962683;-2.07572318710406;-2.76260361449312;-2.27365830730584;-2.82436935295626;-1.64068557475428;-2.5379159097777;-2.83247865487229;-1.99681194530177;-2.65641829008506;-1.36811190338669;-2.17295906119966;-2.09208422019162;-2.32404813933209;-2.25581193615108;-2.87973924038662;-1.27521057287974;-2.50908292117023;-2.29775561042534
3600;-2.70806206905166;-2.16506898761384;-2.44475766639438;-2.57602201363091;-1.79905205726605;-2.72229686716745;-1.76850302619426;-2.36705271175664;-3.07821612879136;-1.51945655574386;-2.05899271974328;-2.38450550864027;-2.07633492710884;-2.76103004777455;-2.27385401239319;-2.80925242867471;-1.62687160696921;-2.53218335879032;-2.82074247178489;-2.00519024058349;-2.66633758441419;-1.36944548520972;-2.16108047469613;-2.08210238751356;-2.3244701656252;-2.24575748287823;-2.89004437397439;-1.27169837771839;-2.47861603359546;-2.29866301047391
3625;-2.71327352818829;-2.15511654900548;-2.47778907195278;-2.56834547642903;-1.7871345524292;-2.72907594953629;-1.77225883497306;-2.36822143122855;-3.08102781058763;-1.49624295312421;-2.07918473546222;-2.37503935176124;-2.07724965034074;-2.75674249417876;-2.27112366513571;-2.79521741821019;-1.61119306477019;-2.52536190423647;-2.81110403628944;-2.00720282333734;-2.66691924823215;-1.36778466843731;-2.15491958364981;-2.07277909957999;-2.32181210681832;-2.2304531587429;-2.89767197632341;-1.26477391421413;-2.46014302450217;-2.30338361973339
3650;-2.71637354318578;-2.14473468065075;-2.51078500300503;-2.56612654034991;-1.78279289458706;-2.735472497678;-1.77187780828849;-2.37424188763513;-3.07992567461443;-1.47433376861158;-2.09641061966253;-2.36510867851013;-2.07447115785197;-2.7495345201912;-2.26926819421926;-2.7882137155434;-1.59723384809055;-2.52149770818607;-2.80120204255108;-2.00199257982656;-2.67056437630536;-1.36617608418566;-2.14788586890048;-2.06964493661379;-2.32513903130057;-2.21040117584526;-2.90062675393738;-1.25334871500483;-2.4386446566463;-2.31310747447104
3675;-2.71806236839085;-2.13564325031469;-2.53924639319876;-2.56579424749477;-1.76573388218064;-2.74996922365564;-1.76963118903736;-2.37496673523743;-3.08563926066065;-1.45221051153669;-2.11041046932512;-2.36505200106209;-2.07306282185701;-2.74124330772051;-2.26201777443047;-2.77606147825882;-1.58227078730517;-2.51003061211888;-2.79071859059307;-1.99338832860808;-2.67579598700885;-1.37425013557989;-2.13363538303767;-2.06800677481192;-2.32606475242892;-2.19504179879656;-2.90386159115379;-1.24853242140224;-2.4383360033598;-2.31299146153803
3700;-2.72300761991659;-2.13090192193386;-2.57093111332383;-2.56906018668715;-1.76525196691758;-2.7567952107999;-1.77399746463153;-2.37578164318111;-3.08923905227441;-1.43098839938724;-2.12119506614024;-2.35845191250001;-2.07312954358424;-2.73020171819359;-2.25562144670306;-2.76717999653806;-1.56911045557871;-2.50351314419825;-2.77922807123551;-1.98375834999822;-2.68353439862333;-1.3735406275677;-2.11484357383064;-2.07002583009775;-2.32318595169454;-2.17542028413413;-2.907333888461;-1.23796354335327;-2.43530906305162;-2.30838052128226
3725;-2.73129996053533;-2.12824125927119;-2.60200127027436;-2.5686357168288;-1.76041018006286;-2.76097670127398;-1.77745153269395;-2.37394846482168;-3.09069449143672;-1.41430947007217;-2.1221404521799;-2.35060660878296;-2.07380300404218;-2.71597894319085;-2.24997929401143;-2.76177646558558;-1.55733203916806;-2.4971494280663;-2.76781974426533;-1.97098671053783;-2.68587282538113;-1.37866173974755;-2.098204095258;-2.07183639863517;-2.31975599422242;-2.15568714762514;-2.90656062667975;-1.21859761261749;-2.43939528338413;-2.30611196241922
3750;-2.73862686818461;-2.12819973569771;-2.62853245613753;-2.56684886500377;-1.76108937588976;-2.76636228205981;-1.77326326097105;-2.37292007293337;-3.0961000558894;-1.4015996097628;-2.12319990557045;-2.34725611382882;-2.07574094982644;-2.69858308654521;-2.24234804650584;-2.76384325667232;-1.54509649975922;-2.49129038699683;-2.76309322814347;-1.95696478712793;-2.68651096994838;-1.38960944707783;-2.0812747766956;-2.07609033900435;-2.30925774195576;-2.14020469526329;-2.90607713800883;-1.19712307450249;-2.45577524849258;-2.30347798906043
3775;-2.74176447019279;-2.12434911904487;-2.64759818239202;-2.56761408010266;-1.76416828895659;-2.77094188204158;-1.76952057505106;-2.37160925834844;-3.10074509053805;-1.39146331928661;-2.12278816546919;-2.34804459067823;-2.07635663559134;-2.68329320217895;-2.23855812030475;-2.76139964137738;-1.53396843054104;-2.48440532416294;-2.75748858159425;-1.94150559606178;-2.69117800892867;-1.39222998375603;-2.06191515605719;-2.08469519381337;-2.31513479276694;-2.11973315650372;-2.90716828786962;-1.18598010590026;-2.46334464578087;-2.29444701028817
3800;-2.74556986617294;-2.12342025063932;-2.66464569764185;-2.56243927574806;-1.77195152057637;-2.77637848875447;-1.76897185747664;-2.3735570812511;-3.11050528662493;-1.38505997833933;-2.11850056830387;-2.3432696469113;-2.0826570283895;-2.66672972239724;-2.23460501811062;-2.75687071763087;-1.52752355183512;-2.48243009115759;-2.75667701552822;-1.92202100065662;-2.69802107142238;-1.40165431372218;-2.04274375436218;-2.09025628219848;-2.31064486122262;-2.09935340261686;-2.90375620710789;-1.16733986305104;-2.46320799546628;-2.27882757206102
3825;-2.75053892045113;-2.12613005143653;-2.68030532771759;-2.55613108393061;-1.77722637666694;-2.77890383608136;-1.768402346947;-2.37365895521898;-3.11932201178615;-1.37973087654094;-2.11431669216042;-2.33786217558218;-2.0875403948487;-2.64725735632726;-2.22191697100426;-2.75300975440931;-1.5236198844746;-2.48450724662548;-2.75803021618908;-1.90237813823626;-2.70166955963707;-1.40743512912302;-2.02221681996907;-2.09869817416052;-2.30910190098929;-2.07774407994782;-2.9028343003174;-1.15491258480957;-2.46692450386567;-2.26369986326253
3850;-2.75998861441907;-2.12803465818333;-2.69532126466821;-2.54560536404265;-1.7866382233015;-2.77527350539383;-1.76936259358618;-2.37325200852293;-3.13371245343767;-1.37828237092197;-2.10411059324732;-2.33930876046727;-2.09195781485104;-2.62644000085784;-2.20779092566848;-2.74775497620575;-1.52338482726321;-2.48408636102213;-2.75926157648715;-1.88239204654368;-2.70657454663156;-1.41110237222758;-2.00568299356936;-2.09813087709575;-2.3022642574246;-2.05643793000599;-2.89943853399189;-1.15617540278575;-2.46459029032682;-2.24787910614909
3875;-2.76542927070644;-2.13158102640343;-2.70713303515279;-2.53132023573248;-1.79546969943256;-2.77010757316617;-1.77346661517012;-2.37042019132412;-3.14397520073635;-1.38707661358921;-2.09207453072898;-2.33413399801149;-2.09411590838233;-2.60607504921932;-2.19263849524352;-2.74685640721883;-1.52595044699994;-2.48554294918302;-2.76668372006775;-1.8624647289717;-2.71210366212886;-1.41309679251761;-1.98795240045422;-2.09665815533323;-2.29263195637064;-2.03789442673787;-2.89364002398414;-1.15523227831133;-2.46552880795361;-2.23047847339882
3900;-2.77660295193776;-2.13736599535836;-2.70504492389197;-2.51806915399161;-1.79947820226576;-2.76449877001421;-1.7794077480869;-2.36512563117741;-3.14465496271084;-1.39921571183139;-2.08010483785348;-2.3322524566285;-2.09816880737825;-2.58682943137928;-2.18132811752782;-2.74792065925592;-1.53168540372241;-2.48807291046535;-2.76866306680355;-1.84207572520517;-2.71625770546239;-1.42196533594741;-1.97020366337496;-2.09762676083183;-2.2849642186826;-2.02194713343591;-2.88847340766549;-1.1514714121135;-2.46767703129324;-2.2075152239189
3925;-2.78705040605897;-2.14566035361206;-2.71002473750839;-2.50591328436654;-1.80789597841078;-2.75736062509626;-1.78834556225099;-2.35840707967132;-3.15484181158814;-1.4073179071467;-2.06452267133336;-2.33309422415355;-2.10271540526515;-2.56876339234748;-2.16561756703765;-2.74407469015214;-1.53792260249385;-2.49017683298221;-2.76807516080962;-1.82351869231439;-2.71902391665404;-1.42703391151802;-1.95116770368355;-2.10285941376281;-2.26631407889069;-1.99354046777852;-2.88553702842538;-1.14361832786959;-2.46749897656461;-2.17699089884333
3950;-2.79400776052849;-2.15338807019482;-2.71500097777274;-2.48631327775239;-1.80978998186828;-2.74494222604792;-1.79500675203604;-2.35093711283198;-3.1575692691247;-1.41431861850382;-2.04263716298361;-2.33172405636587;-2.10891184218223;-2.55052073294271;-2.14954901550053;-2.73554030559725;-1.54308068476507;-2.48948223888558;-2.76291339763267;-1.80966199347907;-2.71876819830746;-1.42174800217266;-1.93010381824864;-2.10792044199091;-2.25235045191242;-1.96846894456777;-2.87822088963202;-1.14356182394009;-2.46925266471719;-2.14368730279569
3975;-2.79892808483465;-2.15970577333963;-2.7158456093643;-2.47307983515086;-1.81310477612963;-2.73273858328669;-1.7968194850174;-2.34403760639445;-3.16935595018215;-1.42446244572236;-2.01717206867207;-2.33042742949755;-2.11352862671158;-2.53712435913106;-2.12918265862121;-2.73157303038411;-1.550012357628;-2.49143331175947;-2.75897909743945;-1.79835096618414;-2.71565270200576;-1.42306165699043;-1.90887960246043;-2.11406565187956;-2.23564848016339;-1.94334906550925;-2.86681287372219;-1.13132246917398;-2.46458731998427;-2.11161335572287
4000;-2.8094897026742;-2.16154029307233;-2.71247121765885;-2.44842445946535;-1.8116827979289;-2.71947105468571;-1.79938321538822;-2.33549126535634;-3.1752524641977;-1.43485699345609;-1.99413130071567;-2.32552182316851;-2.1175775033918;-2.52789598411139;-2.11456476046812;-2.73768148821785;-1.55720953106981;-2.49338943806318;-2.75845494502397;-1.79376075570087;-2.70923573931482;-1.41522358806632;-1.89243381203877;-2.1241370794205;-2.2180279834383;-1.92323239348304;-2.86528924879041;-1.13111596822924;-2.46347934927153;-2.0812720944258
4025;-2.81758053146973;-2.1622335100833;-2.7124059682314;-2.41858613237706;-1.81415459668297;-2.70668552195235;-1.80260731588018;-2.32876051039356;-3.18449769198943;-1.44399560323814;-1.97614225879235;-2.32101975946251;-2.12432984393539;-2.52245979876978;-2.10303079343078;-2.73544789013883;-1.5626062619434;-2.49673937747961;-2.76057343226372;-1.79366682209475;-2.70166637830409;-1.40611285140371;-1.87604570007624;-2.13426342536024;-2.20068889605258;-1.90496136522422;-2.86365560825521;-1.13369048588508;-2.46654838407066;-2.04727077575028
4050;-2.83141737274715;-2.16227097553074;-2.71119284127557;-2.39707095194346;-1.81482612700415;-2.69692085860539;-1.80324279930097;-2.32192999829777;-3.18389461745128;-1.44894275048017;-1.96386448302546;-2.31699028651793;-2.13262169262461;-2.51543328519997;-2.09035357734703;-2.73516207083217;-1.56884957645321;-2.49855145361405;-2.76792557853133;-1.7939444695265;-2.68760511928073;-1.39658586775611;-1.8574554579283;-2.14536078824548;-2.1795157181947;-1.88693621780738;-2.87189270600533;-1.14764530617384;-2.48201219839429;-2.01587080121866
4075;-2.84630874871068;-2.16270904422179;-2.71240125522137;-2.37525979167294;-1.81407514311671;-2.68578700736097;-1.80371677069154;-2.317341759608;-3.20768214364612;-1.45973861726712;-1.96374846922448;-2.32137154666431;-2.14473771680334;-2.51605309768288;-2.08340554179629;-2.73633643819517;-1.57146838674645;-2.50030081304727;-2.77807854318957;-1.7982155333289;-2.66628841660611;-1.3870150515225;-1.83819010935411;-2.15202143949315;-2.15081205363932;-1.87291847124786;-2.88821156553535;-1.15993959846591;-2.49059286630733;-1.98812100835115
4100;-2.86124029192426;-2.16430095559813;-2.70997557174428;-2.35934785741926;-1.81475507319874;-2.67839220774187;-1.80550166525266;-2.31192885808343;-3.21223967584085;-1.47132758510981;-1.97681281089434;-2.31264523419029;-2.15629099117817;-2.52216070025357;-2.07651820899145;-2.73807053778972;-1.5739732578603;-2.50122951347591;-2.78597654724899;-1.80788113955771;-2.65062793996228;-1.37842596378392;-1.82092341913174;-2.15799052694048;-2.12315768266041;-1.8558540703561;-2.89380414078124;-1.17594592859263;-2.49814180143467;-1.96701280855701
4125;-2.87388418419181;-2.16329235377729;-2.71111571397587;-2.33577332398148;-1.80820744850666;-2.66693386678915;-1.80209769327478;-2.31125277981429;-3.2032260778297;-1.47474599852383;-1.97203076974228;-2.30346213252278;-2.17193691601823;-2.53236351479533;-2.07465707338364;-2.74931870940089;-1.57547366069565;-2.50067422297535;-2.79833373578585;-1.81842935358467;-2.63053513879552;-1.36658750959067;-1.81031756976499;-2.15994540859506;-2.0967833903823;-1.84173759866272;-2.89229606417938;-1.19961051924202;-2.49466152491288;-1.94921039905506
4150;-2.88621538613453;-2.15935603935418;-2.70694319117773;-2.31465172473877;-1.80095823704856;-2.65333025760604;-1.79255987385393;-2.31386969158061;-3.18610741456236;-1.47855463805396;-1.94678096665062;-2.29961517443827;-2.19296447867188;-2.54114489171728;-2.07182323506705;-2.76565388452666;-1.58111039187787;-2.477436064254;-2.80766248048058;-1.82817182629504;-2.60443198496029;-1.35206061591775;-1.79999487008637;-2.16679935957985;-2.05446465973902;-1.82658684445099;-2.90015011119274;-1.22296372196669;-2.48538274141655;-1.92563191884884
4175;-2.90269429866049;-2.15399192661491;-2.70061124170453;-2.29886842915914;-1.7892643715733;-2.63777662982342;-1.78439727397784;-2.31457541010277;-3.16637818174828;-1.47930856347832;-1.90637986018578;-2.29833113778694;-2.21656043066101;-2.548891316438;-2.06785889806274;-2.77723386871598;-1.5953920253354;-2.47007491648239;-2.81545587041169;-1.83528711406568;-2.57249548134934;-1.3423020639272;-1.78743903972611;-2.17170766769532;-2.01745682006955;-1.80829636844178;-2.89841202941201;-1.2296446979248;-2.47352546424078;-1.89952641628235
4200;-2.91359909969593;-2.14886993564642;-2.69478498135319;-2.28527827717226;-1.77715588559694;-2.6149136800454;-1.77664106039429;-2.31245798459707;-3.14536743388024;-1.47559506345468;-1.85916322016536;-2.27620344693854;-2.23844440538488;-2.55341075347751;-2.06122732374558;-2.78455986289332;-1.63216715506197;-2.47234572034134;-2.82036049971873;-1.83772802586284;-2.53516178405859;-1.32599601798381;-1.77793952260722;-2.17008452168806;-1.99504891908678;-1.79029568720289;-2.89064772968692;-1.24038269961309;-2.44969881686497;-1.86920622474847
4225;-2.92460866114337;-2.13944629066286;-2.68798089386905;-2.27613424014646;-1.76188261293734;-2.58911240546925;-1.76925074742584;-2.30583199899764;-3.13556474554581;-1.47087389460623;-1.80728401519476;-2.25480262266318;-2.25795555651676;-2.55348322113991;-2.04989113698399;-2.78840242459414;-1.66776315471584;-2.47463606622209;-2.82357305028767;-1.83470826847187;-2.49595179910276;-1.3100657724161;-1.76166545892439;-2.1676442831756;-1.97832835384882;-1.77054115158353;-2.88413986259566;-1.24030063934096;-2.42607169228783;-1.84106401025501
4250;-2.92862634161388;-2.12903383517203;-2.6789201091909;-2.26871501765855;-1.74549205314276;-2.56258325208644;-1.75893009150402;-2.29301104367646;-3.13202373849705;-1.45985405139667;-1.75147193105382;-2.2314624036472;-2.27393837382807;-2.55396891197562;-2.03311031262327;-2.78345635500999;-1.65998773085214;-2.48298127584395;-2.82328790875985;-1.82416618905439;-2.44915037391413;-1.28898046769886;-1.74014417130398;-2.15841932723341;-1.9671575719968;-1.78791812436368;-2.86773978126432;-1.22570408662082;-2.39733152736993;-1.81073966737487
4275;-2.92836886215818;-2.11708626994537;-2.66592162103173;-2.27024273034848;-1.72448051221653;-2.53366184291934;-1.74299006552066;-2.26595550652606;-3.13850386740373;-1.43738283443141;-1.69099294818807;-2.20516503935563;-2.28701556064382;-2.5525818924816;-2.01047572877203;-2.77145825063187;-1.63836352356832;-2.49454559517414;-2.8179518390673;-1.81094718128944;-2.39804757034778;-1.26896333319129;-1.71761423697293;-2.13698781882663;-1.96287668828565;-1.77460523740885;-2.84948313227183;-1.20425291188272;-2.38547066845316;-1.77060627318773
4300;-2.92423798874792;-2.10286603252718;-2.65139710311642;-2.26399015738184;-1.70108195936611;-2.50231325673602;-1.72352179696111;-2.23011589224682;-3.14993472530964;-1.41438798410171;-1.62608807232805;-2.17272035725904;-2.29613667553068;-2.5446246001398;-1.98265289028448;-2.75194394238813;-1.60405671518957;-2.5000359220746;-2.80452815871949;-1.78080020865667;-2.34311033040764;-1.23965415904789;-1.69199721549648;-2.11401220017534;-1.94534530507003;-1.71703424277316;-2.82512152417762;-1.17171954662962;-2.32394718021891;-1.7241462799164
4325;-2.91568824568155;-2.08391305978866;-2.62740876201107;-2.25130098697748;-1.67500736340158;-2.46914284165836;-1.70165983619477;-2.19721070566941;-3.15978994495981;-1.38731020392143;-1.56695154728651;-2.13346692306307;-2.30281023299952;-2.53242352613747;-1.94460677645923;-2.72278888627984;-1.55672774803;-2.50122758270236;-2.78690839650047;-1.74462653205066;-2.28476609679248;-1.20599058791106;-1.65748733219063;-2.08119076691987;-1.93332535853388;-1.63542148057274;-2.79257477016665;-1.13515173012163;-2.26613819705133;-1.67643446778001
4350;-2.90096243332515;-2.05786095476728;-2.59959729551688;-2.22498828464797;-1.64856834495032;-2.43453299471322;-1.67581827374747;-2.17729720317993;-3.17011795038964;-1.3500996075429;-1.51364447285539;-2.09150966060073;-2.30173772075912;-2.51213609729365;-1.90885779199974;-2.67819109415535;-1.49732754848068;-2.49491195430174;-2.76437297380098;-1.71794035811369;-2.22371705026447;-1.16607029682736;-1.61633811803841;-2.03939644571833;-1.91857464615095;-1.54885108762327;-2.74743813851786;-1.09303220881641;-2.20031377435034;-1.62060932250903
4375;-2.87967441459418;-2.02569374258643;-2.56680184867181;-2.19310242911172;-1.6081775834744;-2.39667778237111;-1.64703065145121;-2.16290216715187;-3.17224919339852;-1.31132759407465;-1.45977588462225;-2.04167116180535;-2.29743864470776;-2.4869784009387;-1.86605577075118;-2.62973449515177;-1.43118427546677;-2.48534187273716;-2.73760015508846;-1.69684030840112;-2.16237452553411;-1.11620997159436;-1.57778783502978;-1.99112603237593;-1.89400663295927;-1.47086762440787;-2.6911063997862;-1.0505810774251;-2.12886124323316;-1.55332584011366
4400;-2.85040732894772;-1.98896746776134;-2.52141407110685;-2.15733973671468;-1.56435973104043;-2.35390298350022;-1.61481970497005;-2.15257785334156;-3.16574010024476;-1.26465931052113;-1.40115948385161;-1.99134467710207;-2.29165980178287;-2.4564343748118;-1.81578795228328;-2.60149037767736;-1.36132688893301;-2.46765569063574;-2.7003052275257;-1.68259357079012;-2.09140927912131;-1.06585635023542;-1.53840170649351;-1.9374376549575;-1.85599826710039;-1.40985839723911;-2.62454326239172;-1.0101727104228;-2.04133136252368;-1.47773276602694
4425;-2.81364488798381;-1.94275895772934;-2.47673346754292;-2.11420964680899;-1.52441120705633;-2.31276118729384;-1.57507406434043;-2.14704603197081;-3.1509611630147;-1.20798009942438;-1.31958971646676;-1.93535681278254;-2.27762179484847;-2.42284160468817;-1.76075883628092;-2.57622843783755;-1.28942960642945;-2.44150981336002;-2.65613552422112;-1.66485048643665;-2.0146987464969;-1.01475148858866;-1.49606562111079;-1.88069522910709;-1.81438272106562;-1.38485790349948;-2.53774401710247;-0.966063517514708;-1.95894921670833;-1.397433196585
4450;-2.77096256974819;-1.89047938813909;-2.42564948893483;-2.06035068013024;-1.48248291013195;-2.27026393323182;-1.53231500136406;-2.14173843859269;-3.12378273666169;-1.14718153526129;-1.22076680988864;-1.87813139711971;-2.24484230211418;-2.38542779394212;-1.70075916540116;-2.55631206569603;-1.2175103009569;-2.40871269940213;-2.60407080700188;-1.64076500801735;-1.93839941437315;-0.958305005970105;-1.44942617926967;-1.81543098803453;-1.76592375374413;-1.36132019932557;-2.44799331283515;-0.917169210947636;-1.86118878011368;-1.3095292144275
4475;-2.72271292410838;-1.84284861025123;-2.37220555376974;-2.00733063295895;-1.42960168525686;-2.2289728393637;-1.4872035255582;-2.13456673710436;-3.08340955829803;-1.08270818696493;-1.156136416572;-1.82243279476038;-2.20426371966015;-2.34321203380234;-1.64209590315355;-2.5350434550915;-1.1480628960029;-2.35938099274218;-2.54888200093003;-1.61487706705004;-1.86298774464314;-0.899256310838244;-1.40034061389369;-1.74161975550073;-1.70227999877134;-1.33704373426385;-2.36616825464558;-0.865910528917431;-1.77544347302823;-1.21583119076904
4500;-2.66636505977249;-1.79785146435601;-2.3202297598334;-1.9566165557945;-1.38660306856359;-2.18625265197692;-1.44152804950662;-2.12155065203386;-3.0349720985643;-1.01885697378405;-1.12040594631513;-1.76203902722822;-2.15073301023415;-2.29507671233628;-1.58752013693431;-2.51711286998772;-1.08286458416887;-2.30368573367811;-2.48472867476146;-1.58514565864528;-1.78465026611638;-0.831422440222353;-1.34913472637808;-1.66432901752105;-1.63222876685209;-1.32216571813322;-2.28454348341586;-0.801210637918204;-1.67744886661466;-1.1200868502854
4525;-2.61435115414214;-1.7562266985992;-2.26413527125346;-1.90345894751166;-1.33663445427453;-2.14329007924022;-1.38994613316702;-2.10421543225483;-2.96683469965229;-0.955458216151121;-1.10506838119774;-1.70242436206055;-2.08553242499199;-2.24455165730915;-1.53574932191353;-2.50174273068532;-1.02267375718233;-2.23461586737053;-2.4245666305634;-1.54698491026222;-1.70982897511465;-0.769666289339645;-1.29855626732927;-1.58707252572207;-1.55614984924799;-1.31543802526222;-2.20500829858633;-0.730174113895156;-1.58114851973033;-1.02293263805793
4550;-2.56033624483878;-1.71696121032044;-2.21012655486441;-1.84920629432392;-1.29136998199349;-2.10458645840106;-1.33232851742042;-2.08830770404636;-2.89742194053209;-0.888604008773666;-1.11287109048875;-1.64876688856764;-2.01643846845657;-2.19321048690448;-1.48599883012875;-2.48288403896237;-0.969125635479935;-2.16095919051846;-2.36404705785932;-1.50654685636826;-1.63589520270106;-0.707768092590105;-1.24921006950852;-1.51492658193624;-1.47590523178709;-1.31051687425655;-2.13617080028378;-0.657774897321718;-1.49106854141377;-0.924586742440127
4575;-2.50038322331231;-1.67708085874878;-2.15387621017932;-1.7971302618328;-1.24920936903018;-2.06598204752203;-1.28227933583786;-2.06225464414189;-2.81891662688967;-0.826365000388298;-1.13289089219442;-1.59483366445669;-1.94517835524273;-2.14194072908488;-1.43988295710685;-2.4489042452552;-0.921879193082063;-2.08450543446566;-2.30365583827668;-1.4630800471954;-1.56957236487373;-0.647881302121906;-1.20129015790865;-1.45030039865803;-1.40519177018689;-1.30305171648938;-2.07157442877943;-0.586656852570228;-1.39975875700944;-0.828456836085161
4600;-2.43999312817403;-1.64511344067003;-2.09932786945016;-1.74416978622018;-1.20905347390413;-2.03475223066783;-1.2314166077695;-2.0326198008717;-2.73442541674394;-0.766756534207426;-1.16461620721701;-1.54043537718948;-1.87681638352072;-2.08735066012222;-1.39379040984061;-2.41260395849103;-0.884594582350674;-2.00814445958384;-2.24470280909652;-1.4147122887035;-1.51014669100114;-0.597321212773174;-1.15320750609701;-1.39611161314724;-1.32595055972507;-1.29630524368476;-2.00581660084791;-0.504928970247362;-1.30801440401917;-0.746819050111549
4625;-2.38231540527999;-1.61598523072517;-2.04783947831487;-1.69638260779959;-1.17100407760564;-1.99975429575699;-1.18087207659649;-1.99950017499409;-2.64133195282626;-0.704810743997125;-1.20380180295556;-1.4908301349999;-1.80595572257974;-2.03022662315755;-1.35220930016189;-2.37150518429792;-0.857051984680724;-1.92809963143161;-2.18994202329501;-1.36252721616379;-1.45756472164039;-0.550857943825914;-1.10611298707612;-1.34954882659243;-1.25038193453819;-1.28705755259342;-1.9431876194866;-0.432234078660051;-1.2283547287175;-0.679192616299426
4650;-2.32809835060508;-1.58559989067296;-1.9989511040187;-1.6536654773543;-1.13996685532761;-1.96250132701521;-1.1355391341521;-1.95959532792215;-2.54482998682077;-0.649454719158376;-1.24133660180274;-1.44583886964414;-1.73690748090494;-1.97617066742694;-1.31291422043144;-2.32533300281456;-0.837885374242054;-1.86452084690911;-2.13796830993345;-1.3049359997365;-1.41260848069023;-0.504940257295337;-1.06336262031872;-1.28798778341891;-1.18061997862258;-1.26818176259732;-1.88803323802034;-0.370017588699104;-1.15149300568034;-0.61801344746927
4675;-2.27479354184396;-1.55920016192945;-1.95367270765237;-1.61643281575847;-1.11198601945267;-1.9288726054123;-1.09326437784896;-1.92111973399574;-2.44495972322171;-0.597314639074739;-1.27335561265217;-1.40292791683961;-1.66857790772573;-1.92137629646296;-1.27885516747373;-2.27210259932527;-0.825414954959084;-1.80652746736198;-2.09188768006115;-1.24017672078311;-1.37217671562261;-0.469548971435209;-1.01924103865965;-1.23175160079582;-1.11971646756338;-1.24301106274249;-1.83512807909392;-0.30343704537764;-1.08268606392866;-0.563489530068114
4700;-2.22920761412476;-1.53571813452845;-1.90766408003492;-1.58667133117623;-1.08972527032598;-1.88647924911755;-1.05399683927147;-1.88331491644754;-2.34972544530782;-0.547867817633983;-1.29401631253304;-1.36903801353384;-1.60763426515124;-1.87000710210704;-1.24665106347109;-2.2119013287628;-0.818434568629238;-1.75539117500239;-2.04204886952026;-1.17188250091138;-1.33196823572371;-0.433229879111935;-0.974858815426666;-1.17411023396097;-1.06902168783901;-1.20311865513267;-1.77523136440894;-0.235306147860539;-1.01437660756121;-0.521908893574139
4725;-2.1850485655922;-1.51430664614317;-1.86906508148851;-1.56353543450032;-1.06812972398449;-1.84920127872945;-1.01916667448751;-1.84502365346284;-2.26416278363511;-0.50284357927431;-1.29661229018885;-1.336492942706;-1.5567131717195;-1.82317847466923;-1.21675368022804;-2.14091336124279;-0.813557362482563;-1.71040122586743;-2.00043327848848;-1.10074743834923;-1.30182227573345;-0.408085651024082;-0.912239681151661;-1.11751169454265;-1.01752293630123;-1.14645085449159;-1.70781430363084;-0.171851702353597;-0.947017714628291;-0.478851385076554
4750;-2.14247034167081;-1.49045024910364;-1.8314303601355;-1.54515530579959;-1.04092693938213;-1.81540113883332;-0.985263496894904;-1.80182370550967;-2.18780111111699;-0.457668110918206;-1.27941355339602;-1.30539484349956;-1.48555187431747;-1.77717524114298;-1.18672619661928;-2.06798083609007;-0.81115598655281;-1.66428142733205;-1.95795044470596;-1.02551024759429;-1.2729701204618;-0.39761175249907;-0.85455577119941;-1.06371929694372;-0.986701567134075;-1.08444086998708;-1.63666347680516;-0.105967097680928;-0.88051895726646;-0.435789178961165
4775;-2.10091336216949;-1.46584135746394;-1.79231657688691;-1.5368857219097;-1.01622134269993;-1.78811720845626;-0.952807871163259;-1.74992581936368;-2.13002626918972;-0.417434505220672;-1.24396684934648;-1.27592795448048;-1.42226633995918;-1.73309721417937;-1.16113553460795;-1.99082024859488;-0.810424919136597;-1.63450298713542;-1.91798316922372;-0.944458684910529;-1.25073863567859;-0.391440755539794;-0.831759075116959;-1.01442593681268;-0.966974111675327;-1.01275149861567;-1.56449042512457;-0.0377594665701922;-0.809543043949135;-0.403021372672604
4800;-2.06738380177278;-1.44159474045719;-1.75593276864645;-1.51983834129784;-0.989048146529073;-1.76685046617465;-0.924286248803498;-1.68779786392331;-2.07970724473006;-0.375889108323451;-1.19505481495798;-1.24652937804811;-1.37115769608454;-1.69270941879325;-1.14476513402644;-1.91488428468099;-0.804320584398359;-1.60959708902029;-1.8836339990113;-0.872918943327327;-1.2263890519081;-0.376866045849522;-0.831214963616091;-0.970991460352844;-0.948473477979077;-0.935071555613611;-1.4918735849114;0.0260476415376067;-0.747175488113575;-0.374258201829104
4825;-2.02806372979528;-1.41644241071964;-1.7224471214713;-1.50816256798947;-0.952645703451634;-1.7497747378419;-0.899108414363923;-1.61257046955327;-2.04907572761609;-0.331790814454955;-1.13934428366304;-1.22171155706838;-1.3304709303236;-1.65694704021083;-1.12839378085658;-1.8341294343284;-0.787259237156504;-1.5943787360452;-1.8554693735414;-0.805868901834528;-1.20183244753307;-0.348667766209928;-0.841477800062804;-0.93065526833227;-0.930938999378169;-0.847466893584543;-1.41653063722733;0.0830019373062165;-0.686004401060643;-0.347329207339049
4850;-1.98819696766229;-1.38823131867244;-1.69070561928594;-1.50469037567713;-0.899113339633465;-1.73599361223999;-0.877157088794741;-1.53151422525095;-2.03937827634357;-0.288478552494128;-1.08421069336671;-1.20101396913815;-1.30207332089919;-1.62566013939797;-1.11141586550803;-1.73761283731714;-0.75988373794865;-1.58366523355749;-1.82212501242618;-0.744785434913132;-1.17349259456707;-0.285626226734936;-0.857976291009057;-0.891782092000369;-0.913783079842481;-0.753603096225976;-1.3428582102893;0.126963964143212;-0.62936233536452;-0.324401659207232
4875;-1.95168914733496;-1.35986578449436;-1.65971423667504;-1.49655200068174;-0.869269274513019;-1.72578618264344;-0.861453201094583;-1.47333990692581;-2.05656907698187;-0.254545207576336;-1.03590154237667;-1.18277621080689;-1.28058503560899;-1.59858668552345;-1.09780522317781;-1.64524770282777;-0.71799539155496;-1.57447654926213;-1.7918512171616;-0.693481524038621;-1.13839405233808;-0.213069487303953;-0.879517054039959;-0.854692116417559;-0.895493549751167;-0.657658528261711;-1.26873727972175;0.168465740071245;-0.583313566703667;-0.301864819995108
4900;-1.91258670710576;-1.33047513595352;-1.62855483191395;-1.48376996742921;-0.858235495701875;-1.72201523964848;-0.847312154230453;-1.44010679993848;-2.0617094682784;-0.221178931842776;-0.986315598704438;-1.15532318144514;-1.26588023178527;-1.57520487615748;-1.08377333633781;-1.56729255523366;-0.665288592761701;-1.56171047832701;-1.76332731881154;-0.647707875183922;-1.10395130526969;-0.183059008361805;-0.902176697614661;-0.818927459279185;-0.873156013563603;-0.565305318619347;-1.21720623390645;0.193074359086319;-0.540758650890906;-0.280501708270227
4925;-1.87345886606434;-1.29877585432098;-1.59879376622014;-1.46724334878664;-0.858659565494305;-1.71634332018645;-0.829275350214056;-1.42901629988095;-2.05185384836441;-0.18972456274685;-0.917899106670573;-1.13490740897516;-1.25711997778086;-1.55507443417503;-1.07285582732274;-1.50911341377726;-0.610087623609799;-1.5390344701557;-1.73928768305399;-0.607772990021773;-1.07558199466183;-0.16254536732198;-0.919516579314583;-0.787953493537244;-0.842080411422431;-0.482005580520592;-1.18945503011837;0.207679551310917;-0.503736756372733;-0.25258390388273
4950;-1.84081426804717;-1.266947906857;-1.56541145117469;-1.44304012494874;-0.867591652783519;-1.70637960129729;-0.808230910466696;-1.43691732479381;-2.03989247445611;-0.163280784987953;-0.844545094525909;-1.11108853786232;-1.25380959117509;-1.53410624737918;-1.06340082908774;-1.46474952461658;-0.564178282651223;-1.50088559349932;-1.71165929035589;-0.577820552189391;-1.05483376973129;-0.14787420539908;-0.932381542252933;-0.779498033330834;-0.795967578209559;-0.402018401648434;-1.17732007501269;0.206285662606225;-0.470078040963079;-0.214295282575058
4975;-1.81460920666587;-1.23338572715989;-1.53210837851099;-1.41933443459646;-0.884893123593516;-1.6945208424833;-0.789578094240749;-1.45774905158983;-2.01518569998656;-0.137545292464882;-0.768517939037835;-1.07991669701628;-1.25886075108001;-1.50993050438633;-1.0537794303929;-1.43277744806243;-0.537722644573523;-1.47864470072716;-1.68736212588418;-0.55588277552986;-1.03870202234939;-0.145569621645979;-0.940384580559726;-0.777505468733191;-0.772156518120607;-0.341212767122182;-1.17005745696212;0.207612372008954;-0.447387526271544;-0.168189344777063
5000;-1.78837672683189;-1.20000947619943;-1.50064905519357;-1.3948668067144;-0.904482317584173;-1.67786541106883;-0.771447705904445;-1.48664061492659;-1.99220966823089;-0.111944365736118;-0.682062252089664;-1.05870820821748;-1.26194021614312;-1.48942344453939;-1.04864772837911;-1.41681585002576;-0.540278974755654;-1.45468878294496;-1.66439662851897;-0.5395926758019;-1.02497349464743;-0.141581583313693;-0.940479281861135;-0.749714246102264;-0.747741640035623;-0.315097007742638;-1.16875624690499;0.226049691160062;-0.428397557784557;-0.117990872968567
5025;-1.76423582169122;-1.16822648063056;-1.47505808835384;-1.37184341299432;-0.926396082191212;-1.65946118152098;-0.753282242596475;-1.51433140560943;-1.97162289619501;-0.0903334673132502;-0.597080766123549;-1.06066281357942;-1.25691018960042;-1.46524756401283;-1.04430461429446;-1.40899491085567;-0.536879949029314;-1.42520445993617;-1.64158203855661;-0.527674999333937;-1.01276772327533;-0.148080177264283;-0.927011840667211;-0.709286255320856;-0.727023587968515;-0.300408750820663;-1.18384742263838;0.265951225985108;-0.431633892514165;-0.0699179341258611
5050;-1.74011763440332;-1.14018630829342;-1.45121928671062;-1.3501597606423;-0.947761738551846;-1.64049554131764;-0.736422313137719;-1.53608807685583;-1.94859733265737;-0.0660671065950918;-0.549181369966199;-1.05316794704364;-1.2417836689003;-1.44552136916698;-1.03981889055063;-1.40681952866244;-0.505810780224701;-1.39627020822426;-1.6191449725734;-0.516779488813223;-1.00337283225805;-0.155774785473134;-0.907483098483534;-0.66226228348055;-0.706039049620185;-0.325663885329032;-1.21195217840423;0.328035752154741;-0.445025379026607;-0.0187281153348839
5075;-1.71664661605353;-1.11719753380473;-1.42597008311461;-1.33096730096648;-0.968130479035108;-1.61965739479709;-0.719809069440045;-1.54302421422147;-1.9279992615353;-0.0415290128873696;-0.528299664364334;-1.0400934859467;-1.21778512472469;-1.43394428120729;-1.03128928466588;-1.41170092914018;-0.487675728529725;-1.3689201880535;-1.60025810326249;-0.503585641103557;-0.99320404613029;-0.168441557102573;-0.884399380346315;-0.618616365350314;-0.690099731564603;-0.325450300577008;-1.24244004715955;0.403162360786337;-0.47206776414834;0.044275820688972
5100;-1.69386277865547;-1.09920749364659;-1.4061851664247;-1.31507020685369;-0.98259660403324;-1.59574054391331;-0.703019339313291;-1.53634228157388;-1.91415142342404;-0.0258904715629363;-0.533330021509095;-1.01863540149288;-1.18772506305555;-1.42464089937478;-1.0289287584354;-1.41620367847163;-0.46957526698018;-1.34028514953154;-1.5825350657008;-0.476477590354407;-0.980585464959205;-0.181233626139304;-0.852867468656901;-0.589090682066126;-0.67296321139786;-0.311952852650028;-1.27126406956381;0.487156027908169;-0.475492240814015;0.0890828417852687
5125;-1.67166381686998;-1.08363053340592;-1.38676521271565;-1.30253713139461;-0.993211785945399;-1.57019615453601;-0.687175095596432;-1.52687623684504;-1.89735357616035;-0.012770171764514;-0.563206454555709;-0.99455607783085;-1.15548268140258;-1.4193720639893;-1.01994695586082;-1.41097329623466;-0.450528862869141;-1.31398745417206;-1.56437359722917;-0.452876806360003;-0.971738498297193;-0.192396787784701;-0.810553757982085;-0.577387941270423;-0.657239303596385;-0.292079597747421;-1.30040190059409;0.575040105996766;-0.495080984235791;0.116148126597944
5150;-1.64969651339637;-1.0729541202568;-1.36583902933387;-1.29155384454438;-0.997829421815305;-1.54330864650532;-0.670866433554589;-1.51908666569319;-1.87664234657145;-0.00269752403792509;-0.60070175588869;-0.963946056656235;-1.12471935658531;-1.41226088774666;-1.00815509238944;-1.39616805692544;-0.431143628862598;-1.28761483566326;-1.54890364092473;-0.437763683059408;-0.965881351256632;-0.200786447787029;-0.759290563928857;-0.58341753038111;-0.638672767477137;-0.281899246801828;-1.31486327779322;0.657747603300565;-0.505957177863413;0.124309732049653
5175;-1.62829026887841;-1.0619570863573;-1.3479353647742;-1.28365354430601;-0.986151676766739;-1.51652634378437;-0.654703876205769;-1.50360338510779;-1.85354521180768;6.95439707087075e-05;-0.62676729597104;-0.930836116927545;-1.09531143945015;-1.40705093423637;-0.990240828273951;-1.38088962604045;-0.412410636604569;-1.26813051013512;-1.53383535964834;-0.420861970339924;-0.959271210902868;-0.20347792785474;-0.703172441760609;-0.604316253464704;-0.619257282885343;-0.270484818013505;-1.30886248601879;0.732164533222126;-0.511359039600938;0.11184155701063
5200;-1.60839553900351;-1.04836862784107;-1.33140889966568;-1.28030029491214;-0.970922524630918;-1.48366620994408;-0.639077069615899;-1.48297775552548;-1.82973975265687;0.00511676605221503;-0.621663059002114;-0.897645118163762;-1.06636348491174;-1.4015901212781;-0.971134266184565;-1.37442898753108;-0.397012133285288;-1.25009850098592;-1.51940439086309;-0.406203753132203;-0.942432431042732;-0.208413779817198;-0.643063649728255;-0.636247487860685;-0.601129983720684;-0.276904900354895;-1.28577314606299;0.792737003656999;-0.517929667551629;0.0846838590503334
5225;-1.5893211904001;-1.02457255345754;-1.31477715609164;-1.27889529973746;-0.950450657704288;-1.46043676241153;-0.623164462638212;-1.45765609816989;-1.80891651284889;0.0011831124467955;-0.568386682743978;-0.864898124653271;-1.05502017996079;-1.39545481400115;-0.949901233025535;-1.36040575304249;-0.383511818162441;-1.23576120680616;-1.50590008130008;-0.389354598462133;-0.923434171917382;-0.206443384786056;-0.583517980534443;-0.674337796693678;-0.58825307542044;-0.296421182927291;-1.24117362767475;0.844519943789298;-0.527336497528774;0.048687550031181
5250;-1.57160439801786;-0.998578416305437;-1.30005193485245;-1.27327568545142;-0.921680950038125;-1.43374824762913;-0.607328956046591;-1.42808992588136;-1.78650335213044;-0.0055039893828571;-0.487432687260994;-0.833543901269173;-1.05685426989059;-1.38898432093152;-0.931528717690532;-1.34318869115299;-0.373791947402827;-1.22665869053251;-1.49177443576182;-0.371933004406263;-0.903561379531014;-0.195559406230057;-0.52414946069831;-0.709488755249998;-0.560938932466632;-0.303494213125219;-1.18715536979504;0.884523454789231;-0.535438744334668;0.00390497095262736
5275;-1.55545264506887;-0.978913497666796;-1.28891805766411;-1.27229561681275;-0.886264079602441;-1.40681420684145;-0.589985665886923;-1.39903691065722;-1.76462878482528;-0.0167339762924877;-0.416492583002246;-0.800118761910198;-1.07243866723761;-1.38255953034327;-0.916697540701434;-1.32031781019331;-0.366152232143667;-1.21722010461587;-1.47731881711813;-0.36822586610533;-0.884009520586105;-0.179990904480665;-0.466649773091133;-0.739864282557842;-0.545509685065008;-0.299001267150861;-1.1221141841247;0.909014404820752;-0.573767642203872;-0.0409424730898864
5300;-1.53571474576572;-0.96010311891305;-1.2744092711085;-1.27518921330679;-0.844475011667204;-1.38463130304656;-0.573491630726031;-1.36140530993667;-1.74610990891435;-0.0338742562718744;-0.334901669102974;-0.772575978925776;-1.0890985208297;-1.37654897992806;-0.905795166331585;-1.28884049315023;-0.359307790862803;-1.20793571542226;-1.46029676251875;-0.342201692660641;-0.86027118973949;-0.158556986118498;-0.418847158901023;-0.762444461847102;-0.536254985117324;-0.303149183997337;-1.0420671178208;0.928565885674952;-0.578542168639545;-0.0793141512031085
5325;-1.5235415579182;-0.943191278134106;-1.26387990746182;-1.27690721299999;-0.792884229988163;-1.36810612880241;-0.558403793064861;-1.32309604496298;-1.73035230111408;-0.0517968152740794;-0.243651178647197;-0.747963001102722;-1.10853827868329;-1.37100721096887;-0.887205960954103;-1.28002359418538;-0.353322700601217;-1.19732296831985;-1.44463657891651;-0.308742537761791;-0.83654584910268;-0.128080010087076;-0.383672914076203;-0.780083930684811;-0.528315670863202;-0.305967370109419;-0.95460862294015;0.936777912003434;-0.583752907604298;-0.110091647098981
5350;-1.50901757742478;-0.925727233836205;-1.25536566617786;-1.27814318596299;-0.741490411260697;-1.3556520087132;-0.541812552308423;-1.28713742240497;-1.7250943265471;-0.0666414706005161;-0.143894631368898;-0.726082351943787;-1.13192011956527;-1.36540030590734;-0.892571323117712;-1.26794744570329;-0.346793582716958;-1.18784387025601;-1.41946121614128;-0.285104520253686;-0.80883119747131;-0.0845011902197549;-0.361607104964446;-0.798660211239443;-0.517762423774315;-0.306059977904882;-0.863869992915923;0.93315939632304;-0.59624064687943;-0.136969430788175
5375;-1.49364401274951;-0.909467033445143;-1.24587276351648;-1.27899098259441;-0.694503637010494;-1.35164953040727;-0.528027244104192;-1.2458432481877;-1.71905711933434;-0.081864013764665;-0.0422764959275058;-0.708342328351425;-1.15596028801615;-1.36157294172044;-0.900483833217086;-1.24840818292102;-0.339837610858095;-1.17865480358369;-1.39828685328384;-0.270005167985646;-0.777476127634483;-0.0355284679615461;-0.353886445556798;-0.817502698145364;-0.501693305828417;-0.298733029422181;-0.770471358186793;0.92461212525349;-0.606842414935254;-0.163986744858567
5400;-1.47750268581574;-0.877895123597155;-1.23621450534855;-1.27622205031666;-0.648672737635128;-1.35271044608562;-0.511778359202378;-1.20493318177559;-1.71126393095971;-0.0911771715790103;0.0577898685293784;-0.695256227295508;-1.17537555545671;-1.35322751346219;-0.904430779482221;-1.23158502896697;-0.333164926426537;-1.16652994260337;-1.38765630257812;-0.256585981964788;-0.742735598923657;0.0152217311662454;-0.359118572151322;-0.824047031161112;-0.478347110715493;-0.285028549380559;-0.687570438343674;0.91039388566736;-0.613310478382617;-0.18715540604628
5425;-1.46327322930627;-0.858189891388663;-1.22683523633682;-1.27095327747135;-0.609856000668502;-1.35340635832257;-0.49701267494903;-1.17055073581;-1.69947935476784;-0.0899757168469254;0.152082631114369;-0.686067925080596;-1.18716034250722;-1.33177787238982;-0.908498754406708;-1.21209180455537;-0.32537145419511;-1.1537742988615;-1.37379643826273;-0.243908913726847;-0.707322227064045;0.0658520049435058;-0.37121383730263;-0.814057629032951;-0.448597166441644;-0.263618234227919;-0.575140431923063;0.886541538639275;-0.630925213949064;-0.197143088918352
5450;-1.44891163243506;-0.855400060165489;-1.218151618966;-1.26251467303224;-0.582241072441858;-1.35310344819337;-0.485016046403112;-1.14100342749051;-1.68724714582015;-0.0833806307158143;0.238859265351554;-0.686536157306782;-1.1922724998889;-1.30509503237088;-0.909785451038932;-1.19365874687084;-0.315391868381014;-1.15258372136154;-1.3575902136554;-0.236593162879259;-0.67224095932968;0.122886713815971;-0.388604883529972;-0.781175085456042;-0.43203843477237;-0.227556337174707;-0.516126210126947;0.857501034087754;-0.645518081217245;-0.192211958102913
5475;-1.43546732822347;-0.863264192559439;-1.21007187564318;-1.25087831910973;-0.568192519252524;-1.34779521741677;-0.474363582766749;-1.12829114536154;-1.67146018860274;-0.0700005654508176;0.31335322155667;-0.693375927026295;-1.19342128455612;-1.27330108926613;-0.910452964352126;-1.17737695281759;-0.293434984455831;-1.14435964291588;-1.34454238122597;-0.232783046827406;-0.647941402301795;0.176899833733465;-0.412466933810096;-0.740632279177988;-0.361838005827711;-0.184106135345921;-0.511155557364969;0.835807683625589;-0.669360250324249;-0.175978588909895
5500;-1.42511081709821;-0.873352251029588;-1.20076423292913;-1.23763197112169;-0.563879976206642;-1.33330774938936;-0.462699516296707;-1.13147156045197;-1.65495134248116;-0.035282403565153;0.375127562286061;-0.705137260879738;-1.19358263885509;-1.23712502939762;-0.905282190619803;-1.16407309371813;-0.270970092052426;-1.13646941401845;-1.33413331385675;-0.232845789441544;-0.622859035244527;0.220483138249895;-0.407971750895553;-0.691264374146103;-0.302923660325232;-0.135392728294611;-0.503606844904958;0.81615200912724;-0.696008785695698;-0.152518989692437
5525;-1.41839262425617;-0.877268639553042;-1.19062488290332;-1.22309140241025;-0.569826965423955;-1.32574006626124;-0.450729391938439;-1.14493944287902;-1.63652047506948;-0.0220226285874677;0.42022694140708;-0.719898511869969;-1.18440432280797;-1.2000077832055;-0.897158013258076;-1.1550146880818;-0.260382367958143;-1.12954461025542;-1.32486320393979;-0.23688205347282;-0.608538210172436;0.237538909258061;-0.36548815662632;-0.636175010812315;-0.253672767560242;-0.0880673307246463;-0.49150436985461;0.805767923897639;-0.726147698020222;-0.106239225937091
5550;-1.41454043791776;-0.8706214695177;-1.17884825742433;-1.20802230423298;-0.581203671923099;-1.31799255322836;-0.439614997470901;-1.16247100169775;-1.61776748193302;-0.0249711338058326;0.442517016453443;-0.740929018333824;-1.16260914525091;-1.16039411763051;-0.886124155603305;-1.15321375419653;-0.257978642244919;-1.12138433647646;-1.31957036940072;-0.241729908996499;-0.604225224892802;0.237327049242757;-0.323711324148777;-0.580910484099678;-0.217358904089042;-0.0684767744723301;-0.474605219657121;0.803204171090162;-0.750527497212278;-0.045657862203736
5575;-1.41294930229381;-0.851276153128787;-1.1684008765471;-1.19307396534201;-0.591739828335994;-1.31306481798596;-0.42959243311475;-1.17642485026622;-1.59859154439123;-0.0499534788356183;0.441513829991947;-0.762687637932778;-1.13654171617528;-1.12135942122261;-0.873719488497828;-1.15719249765227;-0.258843006299785;-1.1145421974538;-1.31582917837454;-0.244418133478721;-0.608870772164724;0.229846094110837;-0.30011309756376;-0.524576060238709;-0.195644723609614;-0.0384163164333654;-0.462796311492973;0.817775191506156;-0.775161672031634;0.00294971702880025
5600;-1.41306881396746;-0.818977942162631;-1.15877101356096;-1.17893139068715;-0.594131843894528;-1.30792570183892;-0.420738689405984;-1.17874751017779;-1.54285207215763;-0.0781273402412076;0.416648525456838;-0.789646163204116;-1.0777869482394;-1.08982665488648;-0.868203444061577;-1.16736755115874;-0.256904670401998;-1.10326407336167;-1.31050074639393;-0.253179099735428;-0.620395477106585;0.231792463191805;-0.279387782997451;-0.468571987412629;-0.172052584051557;-0.0137248680250533;-0.451078446584912;0.839198952597682;-0.800653040110845;0.0635890116973832
5625;-1.40728649505075;-0.775783157993586;-1.14970096337607;-1.16631329901012;-0.580729844670691;-1.31061570447556;-0.413059037867722;-1.16256469475907;-1.52809865721886;-0.110555582100731;0.370584771652949;-0.818658569053455;-1.00159694907608;-1.06619364721875;-0.865273158389994;-1.18177161876792;-0.249689450190147;-1.0932800739178;-1.30115284568309;-0.249187892255266;-0.636525920901927;0.254587135716898;-0.269714396039959;-0.41869004639677;-0.152684691165908;0.0021888830359257;-0.436887791723859;0.876012893588947;-0.81916926587722;0.132065135072509
5650;-1.4001611487044;-0.725713105562862;-1.14208830751637;-1.15597044386251;-0.550013948007524;-1.28843090645835;-0.406862416262406;-1.13946704708332;-1.54558187588776;-0.150940539211948;0.306418952834239;-0.848281451709945;-0.92143134044933;-1.04689924518655;-0.862278051347665;-1.17768966866349;-0.241249292548234;-1.07945100223571;-1.28127997558803;-0.236653849613789;-0.657394526451071;0.302416144266244;-0.273444321273324;-0.374293381942328;-0.137854126079429;0.0328395368711397;-0.416068068403292;0.919571185260461;-0.828817023838081;0.19555173743437
5675;-1.38902561557838;-0.674541400731577;-1.13311986788257;-1.14515800489342;-0.539000846033578;-1.27144374281139;-0.403313410258351;-1.12787261745998;-1.5758003598872;-0.2001834988839;0.229352890796618;-0.874462029665052;-0.831789591640745;-1.03387333285827;-0.859056629758139;-1.18074621763035;-0.205442001625185;-1.06323826844893;-1.27397723663347;-0.23056732728408;-0.674262663603447;0.339309669212623;-0.300464552189994;-0.340669354946461;-0.129766477202828;0.0332118216020937;-0.392481298182188;0.95645453016804;-0.840945954415969;0.257249465257156
5700;-1.3798331988615;-0.624934022741031;-1.1220359169192;-1.13194638071868;-0.529381844138391;-1.25962421842414;-0.400337626508317;-1.11930866877317;-1.6039882694511;-0.25295350068137;0.144493466057594;-0.899525265664208;-0.747595241228631;-1.02864012551427;-0.848096087049799;-1.18827296599316;-0.152119930234598;-1.04741672372618;-1.27803825853681;-0.242136323113933;-0.687776021062177;0.339523316371729;-0.321694119601638;-0.323300523126903;-0.128276882348679;0.00653620925592615;-0.381480440583745;0.980644397654358;-0.84533066251151;0.308590101249847
5725;-1.3708637198005;-0.577666462827177;-1.10964809782149;-1.12496418582513;-0.520584322542117;-1.2518564278131;-0.397761652148745;-1.10946856107298;-1.60185687373959;-0.303146281400138;0.056852490917645;-0.92040325141985;-0.670094586170797;-1.02875492495351;-0.831086977969039;-1.19191334974766;-0.10462234024989;-1.03194577661285;-1.31319598788295;-0.261147045922417;-0.709608118777998;0.350686472955532;-0.34379411308315;-0.329665075240493;-0.131525096424647;-0.0413396342182953;-0.37634577045466;0.986389163179404;-0.844442610475799;0.346072299708482
5750;-1.3646514682882;-0.534410718940728;-1.09618140243456;-1.11220291286982;-0.513593176249528;-1.24155328083373;-0.394724698529812;-1.10158588908655;-1.57492463150634;-0.351258788137713;-0.0225628740042397;-0.930705179205136;-0.605900497242991;-1.03209130898549;-0.803401373996755;-1.19019913553355;-0.0587888876046262;-1.01418500694007;-1.35793911786036;-0.275419566403239;-0.734569668385547;0.356881184440414;-0.365289565088532;-0.358753379123465;-0.143065256923152;-0.104557591337032;-0.372894915743282;0.970866197432845;-0.836102814503028;0.373712380622165
5775;-1.35349593319495;-0.486834974250934;-1.08198900232535;-1.1056439451614;-0.506819952595179;-1.23518489956759;-0.391725362088081;-1.09472525281177;-1.50452463099064;-0.398403356391559;-0.0800331771872663;-0.942081958743972;-0.560149404814275;-1.03628391059078;-0.747995809888773;-1.18342718305271;-0.0139867294981865;-0.999139189345387;-1.35196272917823;-0.281088859294615;-0.758828913104924;0.361654560212179;-0.383036358462055;-0.392584410932509;-0.161840153766965;-0.177333368753367;-0.365416187170895;0.960063121333289;-0.825589073983485;0.384287338421761
5800;-1.34244616574108;-0.446295419603406;-1.06641555237663;-1.10088991400732;-0.499418309137805;-1.22959255365492;-0.387611342702774;-1.09163374671455;-1.43022740865784;-0.440201540885883;-0.107677868075467;-0.968431072431325;-0.530628439577101;-1.0392270765672;-0.712912993158962;-1.18263498539062;0.0240886619106327;-0.985518322499173;-1.32940527890367;-0.282557815959759;-0.780054543679443;0.365633164387214;-0.400703215597183;-0.413759545381797;-0.186686602552086;-0.248766722852468;-0.361668611148381;0.956755903389945;-0.808429495780955;0.373098056639537
5825;-1.33217485959565;-0.439611768056121;-1.05325100434095;-1.09287798192148;-0.495177878748204;-1.22403020816569;-0.381936512362358;-1.08658339185794;-1.35534344800172;-0.472666686105118;-0.126197996872749;-1.01097584971345;-0.51474525189512;-1.03902118683964;-0.723543553256554;-1.15283098427177;0.0551683873469936;-0.968068471026168;-1.29546815489166;-0.273273578534327;-0.796790260160531;0.366357313579466;-0.419613873196822;-0.425304185771032;-0.214751818240488;-0.291265752753235;-0.361000378433384;0.951116024570512;-0.812662718347973;0.348111339257276
5850;-1.32143503575493;-0.441141682556976;-1.04096722459402;-1.08089089340394;-0.487477163150323;-1.21779067198315;-0.376232919701771;-1.08377474716904;-1.27618236954271;-0.492984498461846;-0.157037547880977;-1.03662714148956;-0.513708717807449;-1.04341093998873;-0.750946979690097;-1.12746167950271;0.0804189395425946;-0.947004403334315;-1.25045746623365;-0.258692815366769;-0.807643954219965;0.369330989348513;-0.435148849331865;-0.429857210277213;-0.242635285298862;-0.330086175536675;-0.356547884464989;0.951673196905528;-0.795467906999695;0.314858598400479
5875;-1.311484688808;-0.442619090525948;-1.03126051681091;-1.07014537859411;-0.48121763159731;-1.21218957824626;-0.369089848273516;-1.07996086283098;-1.20581744032107;-0.501362456383738;-0.180349234653882;-1.06343278190081;-0.523884199057824;-1.05063188197831;-0.791750918628886;-1.10576194110345;0.0977190562231155;-0.951017475945027;-1.203060046596;-0.242630884796124;-0.807618714164166;0.360328409588317;-0.446957135176306;-0.43014554108105;-0.273293877247023;-0.365290893255495;-0.347964234291579;0.963073560063715;-0.786993589614535;0.281405515541932
5900;-1.29761649945337;-0.445160044084172;-1.02444002845767;-1.05989394334749;-0.471386871326328;-1.20725127938985;-0.36162055420886;-1.07542067621897;-1.15413741163157;-0.49596287115598;-0.194928181070751;-1.07463531407089;-0.53808710826841;-1.05646909449715;-0.843528197581702;-1.09057213660947;0.106211435383069;-0.954169850776616;-1.14963395570577;-0.224940017872936;-0.797582538971245;0.375759141958724;-0.456952169179539;-0.426510148946155;-0.300788477372086;-0.38236682151317;-0.34020528218492;0.970093372293751;-0.782117449187701;0.226069634321935
5925;-1.28406195541049;-0.450196099640581;-1.01264801938259;-1.04911475835663;-0.460136904175982;-1.17573667720726;-0.35203718151545;-1.07198402325219;-1.10496031962036;-0.474238934439379;-0.200961609177772;-1.11323174425915;-0.554487642587328;-1.0597469822025;-0.891601163657226;-1.07681081562032;0.106829846593998;-0.956536831626354;-1.09685222606318;-0.208539300489785;-0.782898557949661;0.385326336405181;-0.465176766077005;-0.424855848276784;-0.318423826709177;-0.393733356076781;-0.339550650268254;0.97940171658935;-0.772901972945179;0.163808669518332
5950;-1.26849946786911;-0.461768581809665;-0.994827475906244;-1.0395089534473;-0.448673407423036;-1.18842334422661;-0.343583107302971;-1.06759693724178;-1.06313268292926;-0.437000085016169;-0.202857800494617;-1.15247034054596;-0.567368042825562;-1.05793169579787;-0.939737900198341;-1.06540339349992;0.0999059657734172;-0.956787622043747;-1.05071566391203;-0.192601538386253;-0.759777336997635;0.391321968669673;-0.468232252896375;-0.426251216336607;-0.320998501525815;-0.397440405428877;-0.336480806457688;0.990499719305728;-0.750984095014312;0.092033090904897
5975;-1.25214753141188;-0.475233931600592;-0.973504226598734;-1.03303359327392;-0.437271643972008;-1.19248191805739;-0.334180236078129;-1.06248729505214;-1.03882941036776;-0.385415142904755;-0.199783665247164;-1.18980829746339;-0.573155391458112;-1.0520410702082;-0.976535232011455;-1.05828273265761;0.086904773193872;-0.955086519165423;-1.01136268417611;-0.176758938848316;-0.729954271651117;0.397398267173058;-0.465142184670785;-0.426213618109304;-0.313506698936622;-0.377131071127549;-0.336197571271966;1.00322108235717;-0.730083964530319;0.0160629162490216
6000;-1.23653606640611;-0.489791418146989;-0.93596875766306;-1.02861129495091;-0.427495463775014;-1.19051164115945;-0.326573676554993;-1.05543172743938;-1.01774234389237;-0.32550841884086;-0.188209287009275;-1.21718730864305;-0.572276295030218;-1.04193252836399;-1.00902018090452;-1.04968509109866;0.0685867594099373;-0.951616600399037;-0.980470227459925;-0.163506882322035;-0.699785255999136;0.397716618616014;-0.459437911183085;-0.421727210233238;-0.295466046222621;-0.352326667159712;-0.344265600276905;1.00976770384969;-0.71221485871045;-0.0519667044317004
6025;-1.22212066307978;-0.500055593440819;-0.888791783212445;-1.02699461344792;-0.418259536726212;-1.18743117133621;-0.316866922447682;-1.04408575003512;-1.01144131787443;-0.265365947421139;-0.174609049559388;-1.23828208158392;-0.586807867576501;-1.02795835598812;-1.03642263859582;-1.04171164108293;0.0435979015629079;-0.948859899009598;-0.959195048709959;-0.155328474257329;-0.665270522341628;0.391029616888806;-0.451276201205792;-0.413603436403435;-0.262252125792856;-0.321317346303325;-0.35258533171525;1.0133472155124;-0.712109923614616;-0.110014048348905
6050;-1.21072787881284;-0.507116938385132;-0.868768612695481;-1.02477714290786;-0.399494882279583;-1.16776384631077;-0.310352337792441;-1.03388791124942;-1.01730247650747;-0.203070644964164;-0.161570141576871;-1.25856716665708;-0.602455592617489;-1.01123667049216;-1.05535912778224;-1.02821954631801;0.0121910804632249;-0.942247239313138;-0.948850736273444;-0.153150301013516;-0.629191811413578;0.383475477511154;-0.437540124321584;-0.404300304644112;-0.212400339683755;-0.289248016034877;-0.357957171163123;1.00900102279731;-0.728004019843597;-0.162134686757619
6075;-1.20173168587268;-0.511524215110256;-0.866413559558641;-1.02283652077312;-0.376359249252401;-1.14334170137873;-0.304434716066287;-1.02499399525814;-1.03793365137427;-0.147792491120778;-0.149706329076755;-1.26895169100333;-0.616396786107684;-0.99081475598112;-1.06694583730643;-1.0121815224222;-0.0220581376829233;-0.934655530559792;-0.948325230159309;-0.157654558914471;-0.596366119553275;0.373536299070874;-0.417940653387411;-0.393174767047472;-0.175601847711113;-0.245650574897105;-0.360527074488622;0.995367987769536;-0.752993991009415;-0.200137049227283
6100;-1.19220197202461;-0.515914941930149;-0.876377974291108;-1.02019513333895;-0.371192036317078;-1.11826568713323;-0.30043019880467;-1.01227862841407;-1.06742792989534;-0.10426395011473;-0.139698202825242;-1.27720549055141;-0.627344570609647;-0.97050627766696;-1.06593275743605;-0.993595501290614;-0.0559711205110089;-0.925672918983575;-0.95187088911321;-0.141520122711358;-0.568851200648648;0.357561254867588;-0.39590740294528;-0.381581112050195;-0.140583442999455;-0.211909069999083;-0.367678124561923;0.97955236558816;-0.74810414463964;-0.213230734017534
6125;-1.18917489897702;-0.512434320643025;-0.899804918225808;-1.01862094113001;-0.359930295169046;-1.08961502716161;-0.297827173436362;-1.00023355522694;-1.11452423231582;-0.0743830232010515;-0.132159251026758;-1.28344991268148;-0.635971713389635;-0.953045614875838;-1.05426851931807;-0.997128304795669;-0.0877331275444241;-0.917502193460843;-0.961797576992765;-0.13018822572044;-0.543269582396376;0.344994747651865;-0.369701944563934;-0.373956456448529;-0.112368501739207;-0.186004350183157;-0.39953057123736;0.958393959876662;-0.761612057026651;-0.210314312896301
6150;-1.18857644569908;-0.496281961068093;-0.92990081398099;-1.02082936393399;-0.347073158482986;-1.05788785168466;-0.290435395827686;-0.991169761090991;-1.16406944090551;-0.0584651635796464;-0.126523114990114;-1.28972698920279;-0.640296100979003;-0.939768026373919;-1.05894468853083;-0.989952869286465;-0.112728823319976;-0.912112286486866;-0.973735916614567;-0.127409494247872;-0.521635379603391;0.330429504309701;-0.345282648542496;-0.371915061740821;-0.0909349711852892;-0.170573633386564;-0.454544619288956;0.931486939644982;-0.780475165413013;-0.207974712035529
6175;-1.1647538158406;-0.463811973440099;-0.965061902747099;-1.02241322452208;-0.334403354526585;-1.02019693362774;-0.286312178797019;-0.97945637934027;-1.21720391691173;-0.0549482188888245;-0.122635005253433;-1.29333402939703;-0.638345101961265;-0.934230881144603;-1.04777729776589;-0.980065414666133;-0.128811569186227;-0.907444291435268;-0.998497405383038;-0.12566062350221;-0.502237917607779;0.31294123149779;-0.320471554572426;-0.369421632440922;-0.0812345627697465;-0.166014773561144;-0.521968615089276;0.896364957472622;-0.788595542295183;-0.191457598791267
6200;-1.18591730414501;-0.412693188080271;-0.999784070408285;-1.02255591192136;-0.318611265814803;-0.982691679923627;-0.281872302560152;-0.963703701721103;-1.2723890210426;-0.059098188819935;-0.121280506210853;-1.29372773137545;-0.622543382730898;-0.928800734691875;-1.02500381403677;-0.969991410675362;-0.137758444667707;-0.898351405247265;-1.03342844565545;-0.119662399761373;-0.48699083623659;0.292770201666841;-0.29709459334524;-0.35562165462856;-0.0800115100477806;-0.169531772545856;-0.589856619732614;0.863251442389041;-0.787701369064275;-0.174066767894853
6225;-1.19899553176823;-0.378828670397271;-1.03037456656898;-1.02257623314618;-0.303693517532926;-0.942367039595872;-0.279141939761736;-0.951148142638429;-1.31981498758357;-0.0689258882355435;-0.120289684350362;-1.2920024782699;-0.592243070625003;-0.916285174298477;-0.998698898875809;-0.951350300962838;-0.133400444432627;-0.885580909761344;-1.06413994053641;-0.11340029401317;-0.474544468295897;0.270881307374974;-0.28108316053885;-0.336345725310041;-0.0903882568502564;-0.177493135175375;-0.635282812539093;0.827139093026232;-0.785279015504167;-0.155723966037502
6250;-1.20793425388698;-0.358358771299014;-1.05868920611356;-1.02165632290561;-0.287870377760898;-0.90924563807694;-0.277716655271153;-0.938406008644183;-1.36217268007321;-0.0744503827363015;-0.122463980787379;-1.28864974776246;-0.556502986020251;-0.907143807781731;-0.966825186373249;-0.930794110761746;-0.111222395601545;-0.874161618424107;-1.09744249599558;-0.113402386473978;-0.466694326727054;0.251926297934351;-0.27739926915014;-0.316994715293661;-0.0983409468328923;-0.186712302736795;-0.739524431975387;0.78829579622024;-0.756999877575879;-0.143961433110679
6275;-1.20907844508731;-0.347456805749824;-1.08318235199782;-1.02010189142827;-0.274191176744182;-0.878882976265764;-0.276199103711095;-0.927016501590822;-1.39255977059683;-0.0702496394092066;-0.122459426184749;-1.28197289294863;-0.519442206425492;-0.902161209550776;-0.931324534120394;-0.905040318138718;-0.0712474547575283;-0.863337441210584;-1.1323328379733;-0.116103724101667;-0.450963377601655;0.232400510773211;-0.284565118271949;-0.299943359352577;-0.0617094440011819;-0.198406813094746;-0.860319277938272;0.756957061804078;-0.734316699929263;-0.12993531145957
6300;-1.20721440489656;-0.344829169701867;-1.09997858201603;-1.01446193962612;-0.260355588975223;-0.854635738369265;-0.268555504425143;-0.91667554496473;-1.40696820093182;-0.0473091029223985;-0.117047218735747;-1.27004197558718;-0.487761159740708;-0.898783870933338;-0.886299756710276;-0.873963581871494;-0.032608995877114;-0.849255011799749;-1.16116962625678;-0.121892628973956;-0.426202266439761;0.216045974677828;-0.268366453670601;-0.286981735216897;-0.0548756303533365;-0.21578154225905;-0.949502464919559;0.726558670012663;-0.700618050259965;-0.130158513236619
6325;-1.20137767828212;-0.346249045238566;-1.10868553863374;-1.00509827129631;-0.24798805156088;-0.83379703419217;-0.245637182650363;-0.906071776628498;-1.40002200842517;-0.052494426336256;-0.0969856492493525;-1.25733384392325;-0.452483832154336;-0.895387281069472;-0.840857998989085;-0.843085479272355;-0.00504027693877975;-0.83647031962185;-1.18109112140523;-0.133745166257336;-0.443950906614152;0.207566758696856;-0.243691241644362;-0.277309289184439;-0.051724386843257;-0.238741441816589;-1.02198503848343;0.702659605970903;-0.656096326503844;-0.132089786773354
6350;-1.193024610816;-0.347448874786943;-1.10779415484615;-0.99410119944825;-0.23759542759686;-0.821016883095706;-0.255641114068163;-0.896861849043609;-1.36502941854796;-0.0636134279454984;-0.0786455792532349;-1.2434412354877;-0.474754198186008;-0.890441912237155;-0.796314969988089;-0.813660840914218;0.018618498670543;-0.827096455962406;-1.19120040326444;-0.144257166324688;-0.449876951465199;0.200560426202443;-0.212826511223846;-0.271705268952072;-0.0500357821372715;-0.273666016992641;-1.07688603989711;0.688399066078427;-0.595426422580088;-0.153501802865154
6375;-1.18135496750565;-0.349107125619145;-1.09958577109404;-0.977748912727699;-0.227583367605137;-0.815604452618095;-0.258532808135679;-0.885913119317101;-1.30339139337787;-0.0796176256342328;-0.0909769234659098;-1.22852157534875;-0.479223381961914;-0.88521644542002;-0.754136822311935;-0.783933525789246;0.0383206581024468;-0.818279957450202;-1.18202190668069;-0.145527761014334;-0.444370986170327;0.19754227662945;-0.177394375579648;-0.267535132104226;-0.0535979656791879;-0.284668648257659;-1.12182229197886;0.684185663715582;-0.536222979932535;-0.19181570857002
6400;-1.16648298250048;-0.349864584416157;-1.08106875215009;-0.959994182275924;-0.218105780442194;-0.814550132062608;-0.257241342854454;-0.874792266651609;-1.21158299936844;-0.0940801623034032;-0.107739787245836;-1.21002618829093;-0.465117945815998;-0.882687608667304;-0.725936759582891;-0.759265355028866;0.0487928978488073;-0.810807158962902;-1.15035935305179;-0.135239009634414;-0.426973754507133;0.203319236808834;-0.143248062415472;-0.269029333786725;-0.0525188326639031;-0.286674994411149;-1.15001828249139;0.684612147177297;-0.475549314616311;-0.233812368777261
6425;-1.14786566028078;-0.349502397211327;-1.05453180149692;-0.940308617874038;-0.208206248348111;-0.820888685694149;-0.249739680295785;-0.866088024780963;-1.17556590642473;-0.10620176203662;-0.107856668615076;-1.19039649063873;-0.437600019537765;-0.880670415204152;-0.708340831813832;-0.741071067921609;0.051483647368351;-0.802708978702324;-1.10007178202059;-0.108010513870899;-0.40284753607519;0.214848139470246;-0.118115883015164;-0.278882821448077;-0.0518546884202607;-0.272997104836679;-1.16361369086587;0.708059591272471;-0.416605761085678;-0.281860252217464
6450;-1.1292732992879;-0.346502176055098;-1.01788949974999;-0.921181002008366;-0.197496716144437;-0.809409420386409;-0.236063558951492;-0.857491952157554;-1.16139557756921;-0.116276150284211;-0.0956334987156347;-1.16757451834534;-0.436514863595176;-0.87575483676025;-0.699511536808042;-0.725514086918819;0.0521144438009732;-0.793224463373278;-1.04243169804597;-0.0753768837409369;-0.374612192392464;0.230351806054165;-0.102811814438533;-0.288753410129914;-0.0515089702744306;-0.232280461525548;-1.1604637941607;0.738829198932162;-0.36850193275337;-0.329169572157655
6475;-1.10810134207386;-0.343048666977221;-0.974294503869049;-0.900346528329135;-0.187630487482768;-0.812259358739236;-0.220394271656776;-0.847974019188196;-1.16355683135713;-0.124482198661848;-0.0736315191919659;-1.14258423368066;-0.429173267273999;-0.869697881305271;-0.692159554196167;-0.715934792924967;0.069779309283719;-0.780090345990482;-0.9929370390132;-0.0556293355636061;-0.341211286121211;0.252926565972214;-0.100022847481895;-0.302199409451814;-0.0538842366428999;-0.206378434354469;-1.14380498118231;0.776155041417322;-0.325873028108759;-0.375391649121601
6500;-1.09251138533449;-0.335509718443144;-0.932859180695006;-0.879241923476275;-0.176746423341553;-0.819410807617213;-0.206464200695633;-0.837277389788386;-1.169353155321;-0.125246264440245;-0.0469348779151136;-1.11828955273895;-0.418162305234638;-0.86336730021661;-0.679625440456035;-0.71169731685957;0.0835701791956465;-0.761545393197464;-0.964343055395726;-0.0554245690377756;-0.305865286739338;0.270108470614845;-0.0868031030683146;-0.317708253222679;-0.0555351210082476;-0.186138416503304;-1.0998962208421;0.82108856703958;-0.2947418774088;-0.417087652537066
6525;-1.07489690149951;-0.322370200674392;-0.886399429871474;-0.863786868029552;-0.16839665725623;-0.829212969947957;-0.191374768365538;-0.826777905301612;-1.17033947050475;-0.113265401539953;-0.0169337432339697;-1.09100035870239;-0.400502111262617;-0.854293574644432;-0.65383126317687;-0.713711912700427;0.0871493008979261;-0.769955635907984;-0.968047622066713;-0.0560122270414426;-0.268453801049569;0.289719636935598;-0.0832270597743712;-0.331223382619659;-0.0539452908239769;-0.173114021590853;-1.03825871191028;0.865152818251723;-0.27108869335613;-0.446762901685948
6550;-1.05981593113807;-0.301643167962391;-0.838173650861969;-0.851587596810317;-0.162353685868361;-0.838639703091142;-0.174238623229671;-0.817562621526724;-1.16629387257059;-0.102437602640527;0.0181552319649777;-1.06127346557339;-0.381615155254987;-0.844975847518557;-0.6058491529068;-0.721592943776392;0.0933652580513085;-0.768546337669551;-0.971919243678937;-0.0476517413939864;-0.235099811151728;0.307494867147239;-0.0779229447236727;-0.337905277020378;-0.0537605632238492;-0.167531827685503;-0.968931474477941;0.911597536435617;-0.264244432047771;-0.463794599821231
6575;-1.04329292448732;-0.271167103106125;-0.790052543020615;-0.823953895540554;-0.153335917871827;-0.853291887723735;-0.157470856940192;-0.808727822237869;-1.14775333052441;-0.0955813715910981;0.0557872422901117;-1.03022261356206;-0.359089917356443;-0.835480354383801;-0.532931285992778;-0.734923858470812;0.100331348912421;-0.75975396364243;-0.942493152523234;-0.0438759265514018;-0.203785389892847;0.32299707769218;-0.072627163649516;-0.348022568119747;-0.0520713839366386;-0.169071152027549;-0.899575758119374;0.958898157244172;-0.277869122062274;-0.468290353022698
6600;-1.03204091332609;-0.251992382224331;-0.744797788927361;-0.822123168036987;-0.145622685193882;-0.869591309493529;-0.142464919458503;-0.801800410707963;-1.14110901243035;-0.0863420487633665;0.0901963379812211;-0.995381097187112;-0.339841182715535;-0.82458925803464;-0.487016697172836;-0.751886259852346;0.105575901220006;-0.741994733240136;-0.930423501688569;-0.0387460702674433;-0.17616234179839;0.339039136331135;-0.0680784314874803;-0.361535796257484;-0.0478348369949691;-0.178862660408033;-0.836249065814713;1.00602937747137;-0.304762843152023;-0.477217395676772
6625;-1.02416950373599;-0.254928412273165;-0.708958596768151;-0.828452690610197;-0.13915776256027;-0.884351551735685;-0.128353513880934;-0.791354547003866;-1.14296887990463;-0.0753200218199069;0.122169769873233;-0.958025759742593;-0.317738427558973;-0.814217337499376;-0.466975951785075;-0.752487032708467;0.112196475571992;-0.717455385051144;-0.921962056783417;-0.0292989380950398;-0.152696532987128;0.351680766804538;-0.0636906599397698;-0.365460567276607;-0.0422014763705202;-0.194770093661392;-0.776572697905825;1.04937288807369;-0.343886383326433;-0.474923792361451
6650;-1.01838345143164;-0.249854533434088;-0.688887341521866;-0.829162524630972;-0.130068482274286;-0.896911812360233;-0.112249253931833;-0.782205046944529;-1.14260395710318;-0.0592679647929627;0.149822496702767;-0.91453782446459;-0.300765506075801;-0.801897580351469;-0.442285815722715;-0.764537348637059;0.118371151113767;-0.693035275216059;-0.910742885625706;-0.0209983481556072;-0.13386502585806;0.359643536279281;-0.056593146574798;-0.364069139868077;-0.0347939274330374;-0.217418852474593;-0.729259182641014;1.08977467637263;-0.379078899307846;-0.471868869926489
6675;-1.01897995403031;-0.24027867124037;-0.683615226224261;-0.813535000437824;-0.124080303831955;-0.910022141732911;-0.0988294124187765;-0.773538972841117;-1.14741952405755;-0.0423654032172603;0.172557698793467;-0.865130831387296;-0.28319842780468;-0.789129940120296;-0.422391128244373;-0.77121591673519;0.127331088970616;-0.688863788733644;-0.907753468927537;-0.0156459688616534;-0.12218880525992;0.363795062607689;-0.0480655098693008;-0.359298376675624;-0.0339542781691148;-0.245972128389638;-0.692876325806898;1.13255589851119;-0.417877126926299;-0.471258638263807
6700;-1.02139221615465;-0.230697219765941;-0.689261913340642;-0.808954172190647;-0.115139371384076;-0.9177873392679;-0.0832121896547882;-0.765641951275395;-1.16055953011093;-0.0229062858307426;0.205533236431412;-0.809866938452566;-0.263903245149559;-0.775944410059212;-0.407590168487401;-0.778420958128645;0.131119366549309;-0.674033886443141;-0.906176440303107;-0.00950986600230421;-0.11643674465844;0.388836034796647;-0.0374293896581977;-0.350608440999782;-0.0311713772189738;-0.279508575369234;-0.675749294307847;1.16295629300125;-0.453665779230642;-0.468256215269816
6725;-1.02760726932741;-0.223775534584626;-0.699927117305185;-0.806632799974789;-0.105763563157705;-0.917217953768977;-0.0530383377397869;-0.759599117538387;-1.17027312055359;-0.00226136846165712;0.216020528931331;-0.788138161164956;-0.247243734601214;-0.759911189302542;-0.398933368807646;-0.781995232515358;0.136999697455482;-0.65931672663156;-0.907295700690073;-0.00563603737224319;-0.116195179116553;0.406159038865549;-0.0243432809554261;-0.339997946185362;-0.0246590784296553;-0.321853975597333;-0.686798990117137;1.19391166903481;-0.493200880527961;-0.471158670689036
6750;-1.03484713177081;-0.217425202449665;-0.708861542173429;-0.797301777944139;-0.0963278974591826;-0.964283019611792;-0.0648960034779378;-0.752233448964298;-1.18238863427245;0.0210419712920102;0.201429383982756;-0.759734404633866;-0.233584453346499;-0.741990792921371;-0.393183584108556;-0.783728938214536;0.14776021022269;-0.644330981458164;-0.915880117487206;5.02186876958355e-06;-0.120639233139861;0.422268870575933;-0.00824225998221277;-0.327356979545616;-0.0201246401139058;-0.367633059709641;-0.715849746901328;1.23241274818518;-0.517239997077441;-0.477601964365453
6775;-1.04679342947376;-0.210825701458454;-0.706581991472178;-0.780295139630521;-0.0866999851262427;-0.984873503548008;-0.0689045432661846;-0.745084044899391;-1.19905400626603;0.0461570916304147;0.19393283209987;-0.733232863489101;-0.223772519291988;-0.723793114533491;-0.383824374474466;-0.779950939021288;0.172570991383575;-0.630309740305079;-0.922972619367071;0.00859880938539956;-0.135410762095507;0.438699473301131;0.0121038882995474;-0.31352501184889;-0.0180223679400465;-0.412817365745795;-0.762597321867363;1.26725048584144;-0.537554794505912;-0.500015093716829
6800;-1.06188129619662;-0.206903373730321;-0.683227222791106;-0.758698513510592;-0.0770940919391641;-1.01011057127493;-0.0669354128831461;-0.736144489808394;-1.20598058434914;0.0733879305859077;0.193832607079533;-0.702331594946429;-0.214978848586452;-0.705705883717008;-0.379036840654049;-0.778116018342129;0.17691472805322;-0.61739081201413;-0.930506583609105;0.0164112383692013;-0.162629271620514;0.454512770603489;0.0327393008940859;-0.300001159057945;-0.018784525031683;-0.454721747970107;-0.81651115043951;1.29463589679154;-0.544640752826343;-0.515154892685732
6825;-1.07351177556335;-0.200695896458232;-0.655215074067912;-0.730634423508855;-0.064860678401828;-1.03710265800326;-0.0549103423049713;-0.725504902134814;-1.21776025484715;0.0983404905423692;0.19317505154432;-0.675128057407782;-0.208913934333143;-0.687645083689306;-0.378458066399536;-0.774344202437205;0.173032001797508;-0.605036941490523;-0.939064930692352;0.0263034429911489;-0.191361555276209;0.47654925895313;0.0570385271501976;-0.285125541002743;-0.0219171401872814;-0.49379183294707;-0.866165427620578;1.31893257651334;-0.555014380487494;-0.538282383692259
6850;-1.08675731554195;-0.195142980522501;-0.64690764999231;-0.698346476899006;-0.0430711068442107;-1.05316883461106;-0.0515489368230264;-0.715543160670266;-1.22458420641685;0.123574778190077;0.192562627898263;-0.649809433305029;-0.201026491027397;-0.66895580571011;-0.376828241556764;-0.764483727997858;0.188866728543165;-0.591718483609081;-0.947347458407934;0.0367200678290452;-0.220623437857216;0.503724212452041;0.0840593892204122;-0.2708050496159;-0.0291255069353998;-0.522902914169265;-0.910732662313786;1.34279379897853;-0.564932336967782;-0.57714552944733
6875;-1.10137597851919;-0.190586884122748;-0.638488041554723;-0.664027583385785;-0.0250106236134484;-1.0684776339236;-0.0427027470338073;-0.706306519143016;-1.23384332696462;0.148503808505428;0.191588486413457;-0.618085221549348;-0.194646603534764;-0.64964895154455;-0.374907870184155;-0.753673218894477;0.189434764832422;-0.580998064216139;-0.954861274235381;0.0505986868081639;-0.252957773634487;0.532883339317517;0.112911862691122;-0.260071177245648;-0.0364430936627044;-0.542558156185514;-0.944032754393468;1.36041282848863;-0.568345087633569;-0.599435150106005
6900;-1.11195942500364;-0.191291773555001;-0.631801116045442;-0.626403313829399;-0.0248133575735827;-1.08544821841348;-0.0321235126837738;-0.697349153008245;-1.23556498424659;0.171430113792709;0.188439499214162;-0.592174120246659;-0.193915133576293;-0.633095897202003;-0.371276497690516;-0.740573147803832;0.184402165172051;-0.569860526169025;-0.956761039310887;0.0640296921634523;-0.283695973392096;0.559584947282682;0.139349998104738;-0.251833013946849;-0.0449943472837989;-0.559833964668241;-0.975088935084823;1.38196455446527;-0.572130696303587;-0.623236171184182
6925;-1.11799722453886;-0.189726413716507;-0.626057784745787;-0.588788598794754;-0.0122687593373496;-1.09937453034217;-0.0179987998536733;-0.687780558152799;-1.24167423145174;0.193507393699225;0.183737010250286;-0.566344462439066;-0.194530590028118;-0.61847263249276;-0.365522200340927;-0.728964887889636;0.188430650667531;-0.561236125259752;-0.957408146806025;0.077913908665466;-0.309030724434394;0.588926549875224;0.163949484999006;-0.244500682824823;-0.0580906920231124;-0.573066921719912;-1.0257949157308;1.39961093358406;-0.5722840546618;-0.651830403232736
6950;-1.1165423409381;-0.189107107937954;-0.622734246140754;-0.557687945211592;-0.000891406607733014;-1.10935908012894;0.000526624797340114;-0.677843960895747;-1.24192566693271;0.214353030807581;0.176509562699874;-0.545088363457822;-0.195106335912888;-0.604253098579072;-0.359467832185256;-0.714941646510801;0.20132721926474;-0.553736423234338;-0.954836233461428;0.0902660281275461;-0.318417160583223;0.615358825637999;0.181051408467548;-0.238584999937401;-0.0729333795245653;-0.588608432960221;-1.0698914266456;1.41501717677359;-0.582801321010484;-0.692508395028961
6975;-1.10593517013462;-0.189429709494445;-0.619730227430663;-0.529222902915278;0.0104850863706178;-1.11193784877733;0.0166890022019504;-0.667058639432234;-1.23789415359094;0.236110169671713;0.167739921326916;-0.525171267972539;-0.197003157693174;-0.592502212232542;-0.351391290768533;-0.70336159247915;0.219935039666139;-0.547527871874456;-0.948020675715901;0.104509934241549;-0.325580214283323;0.638828907077774;0.194933832777725;-0.234831324343909;-0.091243792412352;-0.5989797800717;-1.10586334512507;1.42833873090871;-0.592481165684457;-0.728259949466416
7000;-1.14049742175563;-0.189996844378338;-0.614194144420651;-0.503906199832338;0.021036593693212;-1.11443728095857;0.0361937066968239;-0.656743995334817;-1.22989212176033;0.257531703035386;0.157661189086286;-0.506478965253795;-0.195893656775052;-0.579344024685891;-0.340429417680419;-0.692088596497194;0.238897295953697;-0.538690669584879;-0.936687890423729;0.120310913889029;-0.352135542779392;0.66447657297155;0.203060488441115;-0.231989273804645;-0.1140269995317;-0.614072594249499;-1.14134311289986;1.44644340743931;-0.608265183396931;-0.773727667943475
7025;-1.15155413209223;-0.189563074510166;-0.605402349626513;-0.486123239550669;0.0308852565539426;-1.11157989039528;0.0558222506700485;-0.648922928430558;-1.21856667898415;0.274339659545431;0.1469480700714;-0.492107356699984;-0.19320756730242;-0.565104302517013;-0.328795336505894;-0.679846404156571;0.26062395918466;-0.530138268034341;-0.923471513563202;0.13599771919336;-0.345318828410043;0.686988030811373;0.200818010460042;-0.229212176241303;-0.137250650409303;-0.634887776383572;-1.16164268218056;1.45786704793078;-0.639487600568111;-0.819593982232058
7050;-1.16692289067283;-0.18624788279084;-0.597501822712373;-0.476752080289926;0.0425758405815349;-1.10880836404696;0.0742341692334183;-0.64182679351046;-1.20301807503969;0.298007475506163;0.133480110827649;-0.473032555683574;-0.189040025388226;-0.552714627896732;-0.317299908042525;-0.669597500200974;0.283589682785544;-0.5239869150774;-0.907433546305563;0.14819770718823;-0.323587064550095;0.707153761015539;0.195528707841789;-0.23166331974012;-0.156910370020492;-0.644337202330848;-1.17117671621752;1.46596001201215;-0.651972731877107;-0.867657145666825
7075;-1.18005222133514;-0.184433197766198;-0.590028241582852;-0.470558326838843;0.0518608002810681;-1.10224585476668;0.0954569507643754;-0.63577261773971;-1.18854790304043;0.319912864844354;0.144789912894389;-0.457783434292286;-0.156199781659113;-0.543445334560631;-0.30229669796456;-0.657723195164295;0.305027075366335;-0.516503575693604;-0.89282914315824;0.159973377933761;-0.309651630579505;0.725550149766331;0.179546271263891;-0.23757443635893;-0.181404398110533;-0.660621371007293;-1.1683633330056;1.47351840450414;-0.694186912586835;-0.910663502789308
7100;-1.18874236345485;-0.182506054630854;-0.582107380438662;-0.467798591968072;0.0597462087726091;-1.0931279350298;0.120464854676831;-0.630829987317273;-1.16686082548066;0.34439079788445;0.135888547545072;-0.442563146534362;-0.157711928691111;-0.534477379462522;-0.285232987849634;-0.647986473766294;0.326682675692591;-0.506101456669554;-0.875055285439208;0.17180268446768;-0.297013878034727;0.746030660866282;0.167631387974867;-0.243918061754411;-0.203928980749097;-0.680025423402151;-1.15926499098388;1.48100998182196;-0.731157729450661;-0.95538454445435
7125;-1.1964341176358;-0.182488441048066;-0.575355939307868;-0.470479817183525;0.0680524073988962;-1.08038841613908;0.145934118962755;-0.627109854744071;-1.14633076345309;0.364023342032471;0.113552115266968;-0.427109399643052;-0.144637816558154;-0.526507823338399;-0.269021739050743;-0.639070909657105;0.345036556725117;-0.496867393839259;-0.853637886486579;0.182878715814459;-0.303196561621596;0.762367986723811;0.142705385451364;-0.250999745930536;-0.229236918741975;-0.695841184518421;-1.14642644098312;1.48709538942813;-0.762580593864178;-0.989212710038929
7150;-1.20148650015068;-0.17957540100932;-0.567642329903897;-0.478942507341749;0.0736419148872609;-1.06857870413736;0.133781407632658;-0.623758884473358;-1.12723192424606;0.382983670501146;0.0818295345676946;-0.396206454247609;-0.161509004940944;-0.5169286057345;-0.253657482072004;-0.630771749936134;0.363079848757772;-0.490476533646328;-0.835006081222513;0.196146928809861;-0.258079346426452;0.773394714133807;0.11259522406637;-0.257105691194912;-0.258508818168779;-0.719587005784161;-1.12668904773048;1.48771115638284;-0.792756846626699;-1.0277936017021
7175;-1.20834526651941;-0.176646158598164;-0.559678115334267;-0.489624660492975;0.0826480639950362;-1.05715090903196;0.137907087813538;-0.619813681883948;-1.11065066780323;0.402815052361187;0.0231942064015028;-0.408576207002702;-0.153378334401352;-0.507954475595982;-0.23917601611255;-0.621877354220334;0.381732122211063;-0.482054345973114;-0.814001111498084;0.211881121559929;-0.214335237907618;0.780981805515636;0.0824675527850677;-0.261885068665379;-0.290888947430722;-0.745709124663052;-1.11061271446919;1.48382289411452;-0.810061525701991;-1.05467973608837
7200;-1.21385852526724;-0.173047063307582;-0.550800596824254;-0.505378674947029;0.0909139012102913;-1.04012355868331;0.139550873797771;-0.61835111512326;-1.09844314260477;0.41623865541532;-0.0267752237328794;-0.412621674133834;-0.142368886127899;-0.503624992873585;-0.223011120240211;-0.617955364148588;0.394145372989023;-0.47385667269479;-0.793561494327369;0.223920984887746;-0.196880335047226;0.788879764380687;0.0499115008493902;-0.264865007683564;-0.325570640810032;-0.763080218696739;-1.0991785342957;1.48091250236768;-0.828036041598022;-1.09130229105834
7225;-1.22019721843804;-0.168642576588224;-0.541018489114636;-0.521635338318166;0.0968364095682275;-1.02555653119247;0.13829565426813;-0.620050504778239;-1.08768410318826;0.43038884801401;-0.0652650450317858;-0.408495488741282;-0.107494148064919;-0.499013634194508;-0.208180851531039;-0.615174220334085;0.404657783194676;-0.463875839302853;-0.774434812823376;0.236089977928357;-0.169188257377942;0.79686283327311;0.0160989637298545;-0.264212460531211;-0.366059746602345;-0.780213251281552;-1.09219135590955;1.48704968054449;-0.845370982941974;-1.10652428615388
7250;-1.2248449435931;-0.164288123118809;-0.531854357260966;-0.539027256771378;0.103433396828342;-1.01089059787176;0.135888456305709;-0.620673453551016;-1.08403890151212;0.446381772864008;-0.103816713485486;-0.394858860690537;-0.143601689863206;-0.4924434826417;-0.193820146073196;-0.612561577024202;0.41172360239996;-0.452293770819215;-0.759849093679266;0.247500647670944;-0.133508982429099;0.80569662904542;-0.0185226550641167;-0.260003264980062;-0.412416156272393;-0.787186053446229;-1.09286433692026;1.48485635718609;-0.863394038002712;-1.11473608306582
7275;-1.23059877488804;-0.160656447082337;-0.529131121163947;-0.553623192242779;0.109135431157246;-0.995070790609684;0.130510990120221;-0.620739694785079;-1.08458959546374;0.461860539235816;-0.141517435750533;-0.378952323161872;-0.163588446441315;-0.486326935855106;-0.180483436799894;-0.611375735947231;0.414422335829191;-0.440496157005867;-0.753091644550964;0.25473409941849;-0.0966410752485696;0.81872709678984;-0.046740633953676;-0.253554245316586;-0.462689836328049;-0.778348837172347;-1.10263890944173;1.47975100677645;-0.87531993867772;-1.12661684042495
7300;-1.2413967169615;-0.155820272526698;-0.534440728009059;-0.564131213766281;0.114842806752779;-0.979359545683811;0.122180759728656;-0.621625294692559;-1.08546703050183;0.478594898621675;-0.175126993081801;-0.362282615917426;-0.180543826579905;-0.479719173595653;-0.166485262683482;-0.611349288400738;0.414940464146836;-0.433749290835901;-0.743418072868669;0.259107796787541;-0.0610194490817535;0.825239439649843;-0.0741111925653604;-0.243104161578369;-0.515180663304719;-0.768521579633694;-1.0844758568765;1.46909416493691;-0.88199042425661;-1.1305209114996
7325;-1.24686556061275;-0.152527538827825;-0.53705527299085;-0.567403031128204;0.118443642201931;-0.958464854405847;0.115204566132579;-0.621579257259516;-1.08864410524744;0.494122183601267;-0.201085630601009;-0.342809008586096;-0.197909449715833;-0.47196568849337;-0.152246029196889;-0.612466726483723;0.411388724331409;-0.456703466970322;-0.73756773038219;0.26359500469118;-0.0257831745864317;0.829985076391171;-0.10255800472715;-0.229292735779236;-0.569959432071139;-0.757781172768706;-1.06231173219524;1.4527206709562;-0.876313779447423;-1.1285655428574
7350;-1.25290441660894;-0.150702943168179;-0.540921967536159;-0.560675702402507;0.122975728876611;-0.939031104199491;0.110787363678888;-0.619843672352688;-1.09976827214668;0.502018957344179;-0.220831887568352;-0.323744566080066;-0.197017947571783;-0.465919401383936;-0.130814269471364;-0.612022835778049;0.405032870098913;-0.469320015746687;-0.739789554033598;0.268803432372679;0.00655428900791439;0.831857558176949;-0.126055968296121;-0.211281973301314;-0.627860912991268;-0.728249236385956;-1.04361147150293;1.43658500280997;-0.873395102589466;-1.12974467107363
7375;-1.25993312587135;-0.151279742166836;-0.54585294537556;-0.541841417488667;0.127601118391726;-0.92046258917089;0.107742539660282;-0.617445194615587;-1.10572441123355;0.504914090629718;-0.231464276410137;-0.302066078677109;-0.238234045287348;-0.459959042534348;-0.103905716976157;-0.615834179959759;0.395552443654903;-0.483110909146279;-0.745072116013296;0.271591944253496;0.0377064615906834;0.835764666063709;-0.152943796967065;-0.192269745606839;-0.689314299114426;-0.688474072050374;-1.02218887146108;1.4171925226998;-0.878653542146961;-1.12977003304428
7400;-1.26199862511571;-0.152885100923077;-0.551843278006251;-0.550322430811435;0.132361426583815;-0.903164959429092;0.107568139259488;-0.613130704148641;-1.11568076700913;0.506328946037526;-0.232551389930082;-0.277762363478577;-0.274223328737593;-0.452357861611877;-0.113710283880186;-0.623330599159859;0.383860607059927;-0.499107588046955;-0.754359401384168;0.27786044715109;0.0645401028234737;0.842012062229833;-0.173425215387288;-0.170624502590055;-0.743731250403142;-0.640809911755295;-1.00466668380884;1.38681773770778;-0.87666669966296;-1.12233239607632
7425;-1.26325964845814;-0.155050731555448;-0.558923091905818;-0.552191333305072;0.13789714179689;-0.881622045030446;0.11136038568287;-0.606001497004988;-1.12458941652296;0.498305713803315;-0.225792878052353;-0.239584984121051;-0.308968711886075;-0.44867561119816;-0.113585887496229;-0.628377684749405;0.3843609384884;-0.517779563926558;-0.760037883312589;0.279790767259574;0.0880316325396637;0.845256838159931;-0.193145067117852;-0.148868109518485;-0.794433307321801;-0.580718790655601;-0.989508205835727;1.34968309611884;-0.872069790884643;-1.11346048203113
7450;-1.26204320182445;-0.159084785767323;-0.567487242305892;-0.543260688204703;0.144157757806476;-0.861783516497878;0.121588321730383;-0.598750991134241;-1.13066309014114;0.490870981828714;-0.212444946379521;-0.223363379583502;-0.341298352531911;-0.445985861426313;-0.110839506220333;-0.634478204071689;0.367999283663256;-0.532817246843086;-0.766211272840091;0.277407635737837;0.107767022675968;0.842323593450558;-0.217696079337419;-0.128013856122165;-0.834989079876228;-0.51826625904901;-0.975997842932635;1.3044987939458;-0.881244075501666;-1.09309055801858
7475;-1.25952048732684;-0.163992793588577;-0.574184708489947;-0.529777620632203;0.150807774955503;-0.845062845962422;0.136142024439069;-0.591170816475687;-1.13461976537624;0.507555419428627;-0.189527543110542;-0.236437254644333;-0.371520068813797;-0.444263919047584;-0.102078536684203;-0.641673216688765;0.351426402944741;-0.549414227729752;-0.780656116951414;0.276742717721545;0.122604188666509;0.833731854993648;-0.241765025701612;-0.110934394961192;-0.871187162237199;-0.461115699338518;-0.951257720013051;1.25033777024615;-0.883634057738177;-1.077699631906
7500;-1.2530022248618;-0.1695216716824;-0.578533038719661;-0.538165926541117;0.157641096736882;-0.824332467561169;0.159025008090091;-0.577644519267709;-1.13558952457652;0.466344880937537;-0.158050648240004;-0.239725190475377;-0.398365347142598;-0.443158201015386;-0.0903234628478808;-0.651364196026112;0.340002766635794;-0.563957954484228;-0.787532194809315;0.275685383415211;0.133256286150937;0.831555565284937;-0.263650600580692;-0.0964679258396958;-0.897313800944774;-0.406869965374875;-0.919769984775005;1.19039071388788;-0.878637602827968;-1.05829872259052
7525;-1.24137574955715;-0.176925470394058;-0.581573142674493;-0.551090750878859;0.163879732197011;-0.807595189179301;0.184420379039312;-0.568329999344251;-1.12981124173673;0.428829914630422;-0.151200619970904;-0.23724420029074;-0.422599975066841;-0.442674171663366;-0.0786370443027897;-0.664282384211132;0.341618520934482;-0.575400614227922;-0.795901796080442;0.268832286707099;0.138497663838532;0.828752820436659;-0.290791619797464;-0.0865375326971624;-0.916085939744585;-0.355640611757329;-0.893326708966199;1.12845521294377;-0.8893721049642;-1.03960821719496
7550;-1.23201237226415;-0.184894742665122;-0.582996840475587;-0.560543260090541;0.172407684654069;-0.790389598471163;0.175809233558531;-0.569054510816409;-1.12286500138887;0.396815052952152;-0.154053156300378;-0.228629933762457;-0.445160535924466;-0.442848720640888;-0.0654597454161394;-0.680950475988488;0.35722634643886;-0.581908900233641;-0.807672031568358;0.26116150361154;0.141806581313459;0.817593110922882;-0.320536509020636;-0.0820146109481558;-0.93004161957491;-0.320892512330959;-0.863406413081592;1.06813068015303;-0.890416725075436;-1.02434953702298
7575;-1.22071563963284;-0.194781358928704;-0.580535907557564;-0.574628115915266;0.180657596845797;-0.77824537092895;0.190732618401811;-0.563992897582638;-1.11300709725717;0.371644919147499;-0.145541985067743;-0.216978415417069;-0.465287475586591;-0.443278056906104;-0.0475289262195677;-0.699466386894614;0.382283983971574;-0.585614107075443;-0.814089624848001;0.250623653653752;0.138658455477877;0.803150946557097;-0.351183135094948;-0.0837335925324695;-0.935106372492435;-0.299672468132703;-0.837582886475475;0.999792926977678;-0.894024678216119;-1.02290214909748
7600;-1.20719638845506;-0.20900156940817;-0.574886094618879;-0.593723692760479;0.189950197765008;-0.771731393280764;0.205630186496395;-0.554192477037345;-1.09931703676607;0.355622531025604;-0.140244056256538;-0.202875034941023;-0.479292269741547;-0.443084056294103;-0.0322654195190284;-0.731669056800258;0.390375581826119;-0.584726720544836;-0.818290780141352;0.237514196270222;0.126964275080379;0.784047082509608;-0.381362469349507;-0.0928196857483587;-0.934063525321397;-0.278118654894452;-0.807014858447639;0.928977841811047;-0.895199455320359;-1.01367483604204
7625;-1.18824273603448;-0.221994492518863;-0.568578168889037;-0.610552890797831;0.199275653711445;-0.766504012806741;0.221145604972197;-0.543085617274132;-1.08414227402872;0.343440213340628;-0.137525490955979;-0.188842924984414;-0.48972669956757;-0.441732035706429;-0.0442343321751874;-0.766680135248664;0.408652724274041;-0.577274944338475;-0.821391401169313;0.227283538378321;0.109898142400031;0.769000644202035;-0.405764510081785;-0.105020060088257;-0.932560489573505;-0.272292346488565;-0.777884768933949;0.857198414050354;-0.910610951027112;-1.0075267540521
7650;-1.17045308897117;-0.235148247081837;-0.562026477293828;-0.637219953613112;0.211375860064774;-0.756736704532034;0.227842265908466;-0.530016078689004;-1.06791383507128;0.337306642156125;-0.123171379186755;-0.175146982263426;-0.498213593500693;-0.44156506597348;-0.0541776931926014;-0.80798763087665;0.441993881192483;-0.571175189681788;-0.822303587711591;0.210073505990699;0.0875899928019365;0.749334348786062;-0.42806133491679;-0.1215617418121;-0.927909372618943;-0.275493283067313;-0.758663671445721;0.788088088876522;-0.935596204564994;-1.00591975419311
7675;-1.1392347747616;-0.247422208790709;-0.554137147603456;-0.670542911751861;0.225674918034831;-0.749374589473198;0.238035875452833;-0.516221036542228;-1.05387687746543;0.33833792537437;-0.129688508564302;-0.164130272972452;-0.504878677604939;-0.440305563886839;-0.0640494078954729;-0.857668613825252;0.462301337833914;-0.559367738646344;-0.822780663646312;0.195363632296425;0.0601394115421869;0.729007524233488;-0.449890236448895;-0.143315194354796;-0.917749452707525;-0.287780222437006;-0.750370564310912;0.720372556041898;-0.959665173816135;-0.977758094650077
7700;-1.13774658941649;-0.257473124456383;-0.543600625867455;-0.708347505126782;0.237451960144124;-0.746907538127018;0.248401128684918;-0.501853923668907;-1.03777738171284;0.341521729145082;-0.148837556263122;-0.157864384676347;-0.512374071702118;-0.437524402557985;-0.0745445193246283;-0.910317332194457;0.46797135652664;-0.542227099598523;-0.819078908724462;0.179327425794431;0.0346493231326738;0.698545371255055;-0.471404098774713;-0.164517521730387;-0.907765040734635;-0.306019726049906;-0.756047730379342;0.658723483498402;-0.987536573901589;-0.956647590397736
7725;-1.12552532316615;-0.264081967802337;-0.534671930028942;-0.750933094318478;0.250656871334312;-0.743709841204031;0.257840747573935;-0.486078169440366;-1.0245412688911;0.35165274335048;-0.161810512573104;-0.150854224557962;-0.515351216657832;-0.437294169161089;-0.0826292244673034;-0.974862548631893;0.478645601764536;-0.523767232088115;-0.815201256184438;0.163969503407341;0.0110287162314644;0.668609716454591;-0.487647522816297;-0.187087668388334;-0.898739689223475;-0.334728700353664;-0.780640090790064;0.599718013393571;-1.01639359529863;-0.939975015952289
7750;-1.10768649680858;-0.274046975890426;-0.527087251792319;-0.801298286876163;0.264672415747576;-0.742803578272948;0.266132171853471;-0.470399549896309;-1.00985607484231;0.363827067148146;-0.169234946959876;-0.14821009460451;-0.51528969178673;-0.438230131654621;-0.0971755167727377;-1.03853195657655;0.491147905338178;-0.504749148215553;-0.810009996522461;0.14716880463058;-0.00934976219777943;0.644456698543082;-0.504886044581795;-0.211676006541174;-0.890742847377273;-0.367175161458054;-0.803047538611429;0.545296078489052;-1.05888390377028;-0.936169135713822
7775;-1.08449130224519;-0.283424435691394;-0.519690643634253;-0.854440934164004;0.279613966327256;-0.743558381518658;0.273857682953827;-0.45563122393911;-0.999526635276818;0.37838844858572;-0.170580481181887;-0.148643785807982;-0.515679701092173;-0.441495665152417;-0.113146298372861;-1.10652711212157;0.505252257038325;-0.485455255448776;-0.802856827426638;0.132131628652583;-0.0459443759175087;0.61834904585844;-0.519921610874484;-0.234911596386823;-0.886242133433444;-0.402094831080978;-0.843894108233191;0.496327582649629;-1.10535334428689;-0.929079553592965
7800;-1.05881651028757;-0.289042658502277;-0.512012344490003;-0.909093911870732;0.291948103990618;-0.744194141678381;0.282736574875536;-0.443644155084624;-0.989739883281034;0.395044579022806;-0.153951884444423;-0.149947230144111;-0.51443921023056;-0.442223120294186;-0.128057551333684;-1.17382634411625;0.520047581199689;-0.465738674157999;-0.795414797520546;0.117914057185642;-0.0990609513628722;0.596480092920002;-0.536756025217541;-0.254408806272546;-0.884221301422453;-0.443356277584367;-0.898529276389052;0.44998858702318;-1.15051019475476;-0.911427190593073
7825;-1.03122448204818;-0.291503060609635;-0.504395348777778;-0.967723108075388;0.304320875772107;-0.742928425237633;0.290697967695936;-0.4319805603923;-0.985042312302062;0.409215059324464;-0.145289584318533;-0.152491342853371;-0.510987062996677;-0.443355656774631;-0.144927754269247;-1.23801270489672;0.535529055178601;-0.447530091296296;-0.788045005161701;0.105254287204831;-0.12876814521852;0.570330751809611;-0.555032539657456;-0.271551708894379;-0.88031480755543;-0.486958774581928;-0.953419787206691;0.405221937415412;-1.2035416792942;-0.901942102422632
7850;-1.00612768999286;-0.288109909522362;-0.498847469238012;-1.02418957478486;0.316416802890536;-0.741018515717041;0.296549055492836;-0.421057774974333;-0.978192122482389;0.429381479558808;-0.134306715275954;-0.149123920391743;-0.497661662820911;-0.445153937874322;-0.161496657357769;-1.30349479065723;0.550643196433155;-0.432403303065165;-0.783410932402904;0.0936546633782046;-0.177518785474132;0.544254258680073;-0.572761878707887;-0.288181512290437;-0.876004382595638;-0.515779112756382;-1.013358764799;0.364018776072177;-1.25274400976045;-0.894869010318324
7875;-0.977973511906531;-0.284718605424948;-0.493341415521047;-1.07780565417094;0.328587944465923;-0.740146275262387;0.30405869975657;-0.412351347894177;-0.973406103040512;0.444432057644498;-0.107255411690925;-0.149063683737807;-0.477886203866016;-0.448988122371774;-0.173264664135564;-1.3665050120002;0.565074923595256;-0.421174227992441;-0.782753257548477;0.0901149452950659;-0.246909549599855;0.520381149457402;-0.597117182911859;-0.299821326441709;-0.875063088625708;-0.547458217449285;-1.07722575040144;0.326031043072402;-1.31990152980539;-0.888425026396531
7900;-0.946278232574012;-0.278409963028754;-0.489094336261283;-1.12930123333641;0.340558956020897;-0.73619695201862;0.313535437542839;-0.404387611990449;-0.967226045914424;0.458906139131678;-0.10923513958802;-0.143650553855862;-0.496655362262883;-0.453147150462612;-0.184560340971661;-1.41952434873804;0.580027881998476;-0.412618102243692;-0.780672614994648;0.0916757969690217;-0.293454943696633;0.500223170879237;-0.620806972825301;-0.308790432283862;-0.873464669924702;-0.571174480087349;-1.14184510444929;0.29144651013519;-1.38021443666753;-0.894302727851313
7925;-0.914687806316443;-0.273722366960389;-0.485263569054269;-1.13828876909369;0.350640546711993;-0.729409302491326;0.32350479887142;-0.395074811968724;-0.966036197044068;0.471104858765777;-0.109638118246118;-0.135489085576541;-0.492130021551784;-0.459943300533138;-0.193834145828177;-1.46166088122743;0.592984074404669;-0.406245539696924;-0.776537177529691;0.0968605515607387;-0.329904475035939;0.481276670053113;-0.66019847261882;-0.31762354944444;-0.869591411267864;-0.590743590460637;-1.20508669189373;0.2574378392445;-1.4365604429869;-0.908129816497505
7950;-0.882235536255471;-0.262972907035185;-0.47889422316383;-1.20743688682587;0.359046660770381;-0.722133156457592;0.331658385139146;-0.385346770299876;-0.96138680048367;0.481371519842343;-0.0888538253858953;-0.127646871225558;-0.480306800440704;-0.466267029523691;-0.198957658104305;-1.50457380682276;0.604402479269736;-0.404321718556525;-0.776247416933695;0.100989170221867;-0.348073786161681;0.464713911309397;-0.701358029037655;-0.324046247886268;-0.864343702802931;-0.608285576356585;-1.26082300649238;0.222000822341602;-1.49671747235285;-0.93451516812839
7975;-0.854100677582119;-0.252812975678146;-0.471098111707186;-1.27683790732347;0.367401770533281;-0.71661978793345;0.343497638382341;-0.376737071089602;-0.957958970608522;0.487587251214786;-0.0666045490934296;-0.161139281737522;-0.461350272750622;-0.480507575289274;-0.199395860931719;-1.53682358620079;0.6149056572887;-0.402457824709416;-0.771345181724651;0.107707385873426;-0.38425430059925;0.446665234410431;-0.744269301549741;-0.32639504324239;-0.858737298031214;-0.614281251950916;-1.31831699531372;0.192036547201263;-1.54039376641811;-0.948218619262801
8000;-0.826032593102753;-0.241301586833504;-0.463190786050741;-1.32513339961172;0.370515402471506;-0.698477871369757;0.358526346039709;-0.369547095382494;-0.960424233514879;0.483714822080216;-0.0428210948629223;-0.173195314975617;-0.435338324852197;-0.496926301731751;-0.194579515022036;-1.56467665146533;0.62275006284785;-0.404135097193191;-0.765557835192411;0.109640189631416;-0.436760597289805;0.437255862463039;-0.793575016757021;-0.328941294628379;-0.854026041545047;-0.615624913047165;-1.37114123934471;0.166372779348211;-1.59011361098201;-0.970850089037697
8025;-0.801021102250012;-0.226719157710411;-0.455164582366812;-1.35426386256013;0.368934783277101;-0.700417514844683;0.369723379928977;-0.363408584116559;-0.962882485334726;0.478238174969639;-0.0183236327399804;-0.183822001846688;-0.399442267651971;-0.514354325702748;-0.188001070502365;-1.58753994861612;0.630099026871115;-0.409146058252464;-0.758058075354017;0.114679703192912;-0.464077707711951;0.427616434341283;-0.836376451684962;-0.330142974435936;-0.847563472398706;-0.614519802903828;-1.42079832801431;0.150026563131951;-1.63120931025788;-0.97822220271661
8050;-0.778847343013578;-0.213205970587127;-0.447271154133608;-1.37066851607432;0.364978837405109;-0.701170710459147;0.384813677976684;-0.35713505893773;-0.967693203503601;0.47372880599521;0.0035554026682775;-0.187185243294182;-0.399868690757973;-0.530171197814784;-0.180499907894079;-1.60708832948849;0.635295764785687;-0.413512407798217;-0.757354274939871;0.119226581261657;-0.485347530443491;0.421929441383209;-0.876684462213405;-0.329440977624591;-0.839187274637072;-0.609813010030842;-1.47768147963795;0.129266612825072;-1.67142640662154;-0.99385912587647
8075;-0.761082321422798;-0.197125398667733;-0.438022107872378;-1.37374058477431;0.357363708540933;-0.70405722209956;0.404818542934996;-0.346364581766165;-0.968888639924633;0.4639485150822;0.0253880072641414;-0.191207321922486;-0.373655023539232;-0.547555828669443;-0.169408386560666;-1.62450423990934;0.637875228836752;-0.417220190616132;-0.758074926498845;0.116549960250651;-0.504485392960664;0.426185731137006;-0.909232262049813;-0.326309571233782;-0.825959652435936;-0.609186892935648;-1.5222420828956;0.112333347390633;-1.7109081974528;-1.0077542738622
8100;-0.745993959733992;-0.18341850653893;-0.428518235666449;-1.36397010677876;0.347785469721491;-0.70924722937383;0.426075579494322;-0.342177515435141;-0.970223833108095;0.486627208480851;0.0471804520147231;-0.194466847988528;-0.342335119506871;-0.564792287696311;-0.149806282758689;-1.64351089396073;0.639403542020798;-0.419205466735591;-0.753676204657991;0.115250999024809;-0.523981985558808;0.428259957312897;-0.940098753869529;-0.323797745927918;-0.815877213808867;-0.610073315193535;-1.54911554713971;0.0994393032476943;-1.73263277965318;-1.01868502907534
8125;-0.731928490483025;-0.171233806134358;-0.418585744554884;-1.34469863773685;0.334813469930158;-0.714237273882901;0.445482231047555;-0.343380419133258;-0.973865013699054;0.444236406949784;0.0668605150652045;-0.190759723813945;-0.304007304132762;-0.577635654384786;-0.126685247274879;-1.66077284907989;0.638684506916254;-0.422493118784471;-0.754887672264523;0.113969299770235;-0.540289528808273;0.428538562182365;-0.96557722102445;-0.320380512837056;-0.805718785702949;-0.610246349664349;-1.5790703557481;0.0867088521189187;-1.74954040510888;-1.02404347881303
8150;-0.724658841845412;-0.158823253284356;-0.406944381652827;-1.32331424981975;0.318677572325065;-0.723456441661545;0.468007594910038;-0.342391682404613;-0.978758627214331;0.414793603586913;0.0856112787243687;-0.180569259723167;-0.255972823257635;-0.586422601704112;-0.100650804790917;-1.68058779031665;0.63862704659359;-0.425316595219666;-0.764780368683768;0.111434388353189;-0.555398443935502;0.430404510301987;-0.980533272141102;-0.312370831572108;-0.798535704615702;-0.604897876122396;-1.60478186056449;0.0776897739673399;-1.75953392912167;-1.03774198391188
8175;-0.720826392394122;-0.147285085242235;-0.395106270596304;-1.29889567687066;0.298974739231196;-0.731941132055211;0.493184936786512;-0.338843836445968;-0.982923592549393;0.397988857755175;0.105307450438451;-0.15813517360032;-0.251079398638049;-0.591582427581179;-0.0856181556375681;-1.70394534414664;0.637860766326063;-0.42506020454655;-0.770980576551707;0.107783677998325;-0.572864204404226;0.434789854339393;-0.988606341831095;-0.30364795846515;-0.793267552038334;-0.602468058558412;-1.62635434623246;0.070216414321814;-1.77379680605878;-1.04848491035218
8200;-0.71525128576192;-0.134746387392127;-0.38234961008746;-1.27272922798776;0.277172866763473;-0.744180276420417;0.518460534026151;-0.329968780193355;-0.9888784570912;0.397692107583365;0.121323924571594;-0.127112105804663;-0.225332932235704;-0.594391428042201;-0.103965603981735;-1.72464333350867;0.637031779022167;-0.422157927114846;-0.78026000689891;0.104565747625662;-0.595210142484106;0.437343195314068;-0.990511803463376;-0.290990518125578;-0.786713581115307;-0.597848291408589;-1.65294256899914;0.0562101789513227;-1.77672996910739;-1.05046432243509
8225;-0.71606571303459;-0.126406566551047;-0.36841032907649;-1.24304248435756;0.253597148620482;-0.756921938110611;0.541783068815177;-0.31682971114526;-0.991378545636234;0.410595571763139;0.133757847795448;-0.0910893952397956;-0.201706319638311;-0.596430292495084;-0.105039669907889;-1.74120396747852;0.640471892455605;-0.417389940083952;-0.794213985303704;0.0943577055814594;-0.621028609793294;0.437298752765051;-0.984712967313688;-0.278554320472035;-0.78625669022931;-0.585239190718239;-1.68794107415097;0.0474862107280844;-1.77728363522621;-1.06515509962583
8250;-0.715480442025022;-0.115634504671355;-0.353898500095349;-1.22152895915046;0.227642266557001;-0.773069443683023;0.564475844950346;-0.2997640181234;-0.995123926242177;0.443271531112981;0.146686830298351;-0.0862797824975637;-0.176243426701691;-0.595781058369869;-0.110607728402205;-1.76385005322934;0.622704654459463;-0.410723356201071;-0.818718155053512;0.0816638008858462;-0.650041389196068;0.431064557621227;-0.97207031730766;-0.264700963360166;-0.786844804364654;-0.566980334056759;-1.72676602830254;0.0406813689010525;-1.78175308559488;-1.06128109204374
8275;-0.714622654157726;-0.105002251318684;-0.342109491000683;-1.20577342803834;0.202554858414551;-0.788317964980326;0.585383595791902;-0.280019763407777;-0.997492279050704;0.491614765873743;0.157211936907233;-0.0953454361338071;-0.158154541945255;-0.588988443053655;-0.117326241048555;-1.78085959847217;0.608061105180744;-0.40309134379474;-0.847080770050759;0.0752720960733252;-0.680058066296441;0.421797246412476;-0.950356625512276;-0.247552716906172;-0.791789115073692;-0.559081605736305;-1.76079535833206;0.0319309683883806;-1.78167599047712;-1.05607532759604
8300;-0.712531327740766;-0.0945068100051989;-0.331701438547319;-1.19204970859414;0.17566149387387;-0.799534187144008;0.603925058347504;-0.257190982162678;-1.00062631117698;0.486732061809199;0.160584634043981;-0.0902175249378761;-0.139740534847334;-0.581486020039564;-0.123575613390275;-1.79284798352784;0.596476362680818;-0.393870251155755;-0.872653913942887;0.0686258324039624;-0.713625981480378;0.417181599172032;-0.922592118164156;-0.229965680516331;-0.799459749013534;-0.547709118601185;-1.79932911455253;0.0237582293836529;-1.76723740807707;-1.0462571403513
8325;-0.709004652816854;-0.0877752367997369;-0.315591575346611;-1.18421843754836;0.150908510916441;-0.812770395232677;0.620078160595743;-0.244817378174482;-1.00161151590944;0.512386004484826;0.164393480426815;-0.0843072383787778;-0.124682230737451;-0.578726806671824;-0.128926178599665;-1.80272701220638;0.585556006074999;-0.384904648253678;-0.900205026156337;0.0577514943208993;-0.749505064738933;0.406539419085468;-0.893634486538495;-0.213895008166841;-0.808153423926919;-0.539369708500472;-1.84177504182908;0.0155999973473997;-1.76000973629495;-1.03334049484255
8350;-0.70710712591253;-0.0803439717677366;-0.307385382625144;-1.18212210326243;0.129859078287578;-0.823421427357891;0.635493373491668;-0.242029733094272;-1.00197653909209;0.539544765872019;0.170498105979034;-0.0784106850018647;-0.112699347806185;-0.57366446341381;-0.127485064216902;-1.80319248824119;0.575693322159778;-0.373790793011383;-0.927237122437705;0.0528542183842829;-0.782428496913302;0.397600005266996;-0.865352766327504;-0.19555514312482;-0.81620452307365;-0.529652917302058;-1.88278842921895;0.00462697174435207;-1.73603655881842;-1.01621833919359
8375;-0.699676328980807;-0.0747563123200692;-0.30213602438786;-1.18583791149243;0.110047227218077;-0.837944352232337;0.648479581116046;-0.231041738345601;-1.00051964358461;0.564963272051735;0.182086191835266;-0.0716430230541397;-0.105340171606176;-0.567355260316903;-0.121684194954715;-1.79996227228477;0.566151781499121;-0.363917268882105;-0.954906152485762;0.0496826890215923;-0.814754459472464;0.390755015998748;-0.828875071286493;-0.172495059264298;-0.823270434432211;-0.521996400279069;-1.93069222722685;-0.00532123191953331;-1.71782479205728;-1.00981999397968
8400;-0.690735841199992;-0.0703585468183388;-0.293698982474521;-1.19095618164865;0.0934345209078296;-0.852208598414707;0.656921373786256;-0.220969036922063;-0.993292088717192;0.590177437628144;0.195411910721039;-0.065341180271856;-0.0926461635550214;-0.559095884560458;-0.123384427705315;-1.78982035363318;0.561441129877291;-0.355438342997871;-0.980403652420031;0.0481753673023072;-0.847652981584474;0.376569436238035;-0.789136041238131;-0.150615451444936;-0.834297990879024;-0.508761148677456;-1.9728628654023;-0.017931834829525;-1.70023097289858;-0.994061351356501
8425;-0.675837449816971;-0.0638755416866009;-0.283565031839378;-1.19626172444697;0.0799076823028071;-0.865762764774975;0.665288569347491;-0.213666258509853;-0.985331726186144;0.609954763527969;0.214040060560838;-0.0583050581563221;-0.0846263436174991;-0.550962900730705;-0.140564866906681;-1.77306289702366;0.559720093255575;-0.348994049036781;-1.00599151666872;0.049042966263581;-0.880971696865946;0.362181912594079;-0.75330569124418;-0.130533201089531;-0.845672164216579;-0.498221099983782;-2.01379692966261;-0.0313184532811702;-1.684787650796;-0.970915902716424
8450;-0.655822559131855;-0.0554406458254988;-0.265485770821117;-1.2055080968989;0.0696588865753642;-0.878370244194548;0.669857977698304;-0.208606979885235;-0.977975181512503;0.629432451189617;0.242020234173562;-0.0525988804413789;-0.0793084086667194;-0.545912391614018;-0.143207708749322;-1.75138692599827;0.562336688634125;-0.345444542175929;-1.02950466210522;0.044532408368754;-0.907997358902102;0.345937378161224;-0.717638319221635;-0.109648096423755;-0.855758320628523;-0.487180350499253;-2.05466772460385;-0.0414418537813011;-1.66873584643881;-0.95100788600218
8475;-0.637399357766879;-0.0468405656258613;-0.251351215591296;-1.21508602536386;0.0627908077360959;-0.888499846365547;0.672606746077897;-0.206057833468663;-0.966947123038083;0.645965610619488;0.246371419822553;-0.0490956099330464;-0.0736855346785542;-0.536907128507646;-0.1428953664356;-1.7226668584622;0.572392774677245;-0.339362515631147;-1.04947671884693;0.0438826197312173;-0.926705577336193;0.327003897378128;-0.683716784421453;-0.0867878480804457;-0.864349742622628;-0.47232423364427;-2.09801245406409;-0.0495478626316346;-1.64250636030233;-0.923948820731034
8500;-0.640244561693164;-0.0417784705068414;-0.241336532879904;-1.22452488236318;0.0582157045238962;-0.90277924361505;0.676433233143423;-0.203740072245964;-0.951326550564782;0.657048948626849;0.253827626938934;-0.0453117008274082;-0.0654730630544461;-0.529753143839091;-0.140559403712806;-1.68549920932277;0.565058296651747;-0.334293058479799;-1.06187919595372;0.0399622051934755;-0.940620730076585;0.306227279606934;-0.654048772806414;-0.0609791357467004;-0.874626104813148;-0.457265744888761;-2.1352317645302;-0.0502480482720018;-1.62640414141008;-0.900010335445325
8525;-0.626597836377737;-0.0389296515992692;-0.228978548599169;-1.22851860880149;0.0561219117292064;-0.915440790183138;0.675860484352439;-0.202148146007278;-0.922249603320765;0.664420330475723;0.271316870296405;-0.0415597395691403;-0.0590668978355763;-0.524544320397338;-0.135133279870245;-1.649396143187;0.559477576263621;-0.329200271208517;-1.06959144454149;0.0368388968666079;-0.948883030362422;0.29601530452545;-0.6205037790696;-0.0410152048608673;-0.888182128964741;-0.440308106381378;-2.16715081927917;-0.0441172615529948;-1.60098277896621;-0.888810690283691
8550;-0.616623925404235;-0.0386055471954432;-0.214861793532523;-1.22756729362906;0.057488360684014;-0.931918245747762;0.672087510375833;-0.201603252423882;-0.927906922197106;0.661571470704894;0.293510263741945;-0.0385955819408259;-0.0507013030456617;-0.523317364227946;-0.132207901141877;-1.60713164788842;0.556398967844171;-0.32600129934864;-1.07115176397456;0.029638437026186;-0.954028651631478;0.294122498968118;-0.592765856504385;-0.0255625615945633;-0.902031064916815;-0.424016713569076;-2.19052829199088;-0.0430594605110666;-1.57548169522827;-0.883096207487304
8575;-0.604672387601264;-0.0357954944107251;-0.200814846177072;-1.2227590322608;0.0593263251142893;-0.947185971791823;0.66895486324861;-0.201364699242179;-0.925748390837727;0.656103148288494;0.316711807016308;-0.0383744779306577;-0.0413414772424342;-0.52298648408507;-0.127948492995344;-1.56711161035749;0.554588515630509;-0.320092182614888;-1.06598896212044;0.0188787519413419;-0.952830297877317;0.287203125139418;-0.564889288277285;-0.0134346053394975;-0.913780647003643;-0.408351977669214;-2.21677705370998;-0.0447340680032205;-1.55501978013069;-0.868869007324342
8600;-0.593686132879626;-0.0341224514819239;-0.185027677887248;-1.20746248878607;0.0592221165374469;-0.960579397695981;0.665450916260278;-0.202239033797895;-0.916942001235898;0.647147508664706;0.34539750377891;-0.0411126951661716;-0.0345231763709243;-0.522017561484341;-0.123633333532204;-1.52313474521586;0.551785665014555;-0.312566050750083;-1.05433672764513;0.0062089169451641;-0.947630323094303;0.284321298311901;-0.537289545969626;-0.00739046668603796;-0.918366637999883;-0.3942897957124;-2.23878380663019;-0.0452954745863062;-1.53166644239259;-0.844332562547002
8625;-0.583040698748086;-0.0290023951665468;-0.16957829535903;-1.18402390279987;0.0606375897488713;-0.973213730102651;0.661004780778186;-0.203166659649909;-0.907256309443372;0.635501827883636;0.354777989156324;-0.044458344035333;-0.0231242577130582;-0.522485298831837;-0.121120141754513;-1.48151792836601;0.551073072452233;-0.307753479095668;-1.04182237943556;-0.00461628912144731;-0.941257475630472;0.279031395891874;-0.507422511197779;-0.0117754003812968;-0.92645000105566;-0.381966163799019;-2.25394867356782;-0.0477733465312072;-1.49963687877927;-0.827130993217615
8650;-0.572258826994715;-0.0212597764958745;-0.158628082595729;-1.15262074024006;0.0634050606427725;-0.98471851929109;0.657078249976571;-0.206254072883979;-0.890536509243792;0.626289509193911;0.361951457542039;-0.0449332277060595;-0.0135054263972122;-0.523232561358133;-0.118390663542605;-1.44788368695975;0.551791166726093;-0.302918909547172;-1.01973172653852;-0.0129888021151025;-0.934444085517906;0.279772424687495;-0.484172101335488;-0.0248401874475818;-0.928646992043522;-0.372716904473206;-2.27110987525503;-0.0535242158830865;-1.47649920449688;-0.801298521803129
8675;-0.563694266551485;-0.0148245566950829;-0.148597296216421;-1.10800284462571;0.069197253890882;-0.992707179660577;0.65464541379179;-0.20968426354761;-0.869807003353609;0.612707509479148;0.371958260296063;-0.0456891832394504;-0.0058323739124245;-0.522542253998405;-0.119198642653469;-1.41378141405018;0.551942384075772;-0.294757555908546;-0.997968113918716;-0.0130097577019958;-0.927548749233928;0.282873087228579;-0.455380872429523;-0.0396413723751913;-0.9391964658756;-0.36682392445244;-2.2873100295505;-0.0581016056574391;-1.45486187833416;-0.775454699512954
8700;-0.555494301353536;-0.00829214758627477;-0.140568007851953;-1.05062199339895;0.0751643091856642;-0.994964040399933;0.653690063448036;-0.21181635408179;-0.84951055897703;0.599892526523596;0.383713849704947;-0.051093302495479;0.00174747125061083;-0.52050686252133;-0.127746245895803;-1.37569491696208;0.553973056304635;-0.284235273435927;-0.975531378368858;-0.00921552626897895;-0.916825422279792;0.286276013644325;-0.428338757281988;-0.0638699615701392;-0.956685899027748;-0.362367988603971;-2.30558953149738;-0.0610938517188591;-1.45115691243641;-0.759030364547648
8725;-0.547505910651784;0.00565779262685324;-0.133796789754556;-0.977680925055561;0.0807159519376914;-0.993055261879337;0.652904125461358;-0.211683933685935;-0.827895343759177;0.594845631520788;0.396619214682147;-0.0573148458298618;0.00334525715173664;-0.516605725198394;-0.14133005599859;-1.34017791645902;0.557717918772951;-0.272560312218513;-0.955283257091201;-0.00517575940938388;-0.906267339418737;0.292610102369061;-0.406557550719034;-0.0962366604774771;-0.97589446211306;-0.364367380641998;-2.31999794757686;-0.0634920663409973;-1.42971470882466;-0.751139609325925
8750;-0.540111276377954;0.00472387097200762;-0.125993772362463;-0.976731023019266;0.0868532853329174;-0.98736866794299;0.651271797428173;-0.208635836381626;-0.801498151597945;0.589638369453253;0.408474381300959;-0.062907644806616;0.00823666908404954;-0.51353838388831;-0.158928612924527;-1.31761444567979;0.561674260390103;-0.259519777357131;-0.938837252944179;-0.0025477226226799;-0.89427605379702;0.302064879423764;-0.383058825971743;-0.133767912088585;-0.99865492186726;-0.369350156318378;-2.33023988982385;-0.0674854039249984;-1.4200283437406;-0.741682849840911
8775;-0.526018436831811;0.00156443308721506;-0.119300194343371;-0.958471958202275;0.093174677808777;-0.972329140735184;0.650005266198354;-0.202468379994734;-0.783717150340803;0.591405453650628;0.420771594343713;-0.0672616489083458;0.00359632665008816;-0.513402283276045;-0.181643551832645;-1.29194538513948;0.566630893604071;-0.244863880339099;-0.920521882315121;0.00313011047979814;-0.884235184931037;0.314335742952506;-0.36647087293214;-0.173739702127648;-1.02328523241448;-0.370687447304231;-2.34338959072365;-0.071354137166098;-1.4088404788962;-0.727906803427215
8800;-0.526290222561239;0.00323236044451742;-0.115896001509652;-0.932513656247805;0.0996348215471063;-0.949602199407485;0.652314169155309;-0.196339485792986;-0.772436963274566;0.596624057075607;0.432732581470226;-0.0781164223298079;0.00975862641190775;-0.511764666986599;-0.20908820171531;-1.26579085150579;0.573043184441656;-0.23059310983739;-0.906604623271594;0.0089547847387371;-0.879579216630488;0.331680041628953;-0.353967066052688;-0.220570494187896;-1.05003828080342;-0.379768232394352;-2.34627329022773;-0.0776646321898569;-1.40693138209858;-0.717644675862432
8825;-0.523471171701297;0.00895853382936269;-0.113370465740034;-0.908332888975356;0.105611087214379;-0.940689254957112;0.653363763571492;-0.187057858260389;-0.768659926493965;0.610395466531925;0.445874308032306;-0.0856338887559474;0.0145315370322096;-0.513377702380304;-0.241361315152237;-1.23926923281116;0.58004305147774;-0.218170285183568;-0.893706739772416;0.0210817759289393;-0.877278942317611;0.34740273261458;-0.337996206724813;-0.269558051520698;-1.0712908779749;-0.385601300171195;-2.35082211844432;-0.0853498685279664;-1.41320563003424;-0.699537909740968
8850;-0.523011256740306;0.0117505918830369;-0.112332248193307;-0.892222737233475;0.118421026710291;-0.922464813226402;0.658750009954834;-0.173136622122169;-0.768239565042684;0.630135886332174;0.457042623190521;-0.0883097436212992;0.0143353626951467;-0.511800877144067;-0.276494511991335;-1.21886242182746;0.589081376168518;-0.205794331711953;-0.886563230586885;0.0328437993554428;-0.874152950728492;0.364091599455993;-0.321092287862715;-0.318534130026166;-1.09203472544201;-0.398015254468448;-2.35558867996656;-0.0898212577968996;-1.42574268359287;-0.694605902882038
8875;-0.51797004219553;0.0167280847991104;-0.112425845960588;-0.873828143417335;0.126149568302815;-0.905473962971283;0.667182786346407;-0.153911798496947;-0.768439450915101;0.658233142385294;0.469803703224363;-0.0908993902886086;0.0121386941814635;-0.511309446883585;-0.311905314683819;-1.19793713489215;0.598137912242571;-0.192635200986186;-0.880036017881107;0.0421160806810315;-0.871663347523772;0.384414747994245;-0.306407796153236;-0.361110664463544;-1.11107018646318;-0.408287340566105;-2.35926154101032;-0.0902240976798115;-1.44625513284047;-0.68699000595965
8900;-0.509904704332191;0.0199495057085545;-0.113472221812804;-0.858383118757463;0.121113910582027;-0.89018051557082;0.676519191328292;-0.145163016554082;-0.778789165943085;0.695155563746617;0.480978396666272;-0.0907524709437613;0.00403601704731118;-0.51186886862044;-0.34447934677535;-1.17942507305177;0.60701936965241;-0.180404861524032;-0.873128744539014;0.0622935949349451;-0.872567631506551;0.405281099318356;-0.294006692959574;-0.401585504238586;-1.13222687075602;-0.414788121175143;-2.3610886889354;-0.0937888205887521;-1.46055542136492;-0.676023352427124
8925;-0.503259196515317;0.0227376826490521;-0.114340419838399;-0.844156383738027;0.12282106947205;-0.874538477100008;0.685236435471517;-0.143249293875866;-0.797939070364642;0.665406082356037;0.492742288033082;-0.0849742540759706;-0.00321981783120693;-0.508988642356623;-0.373637521017237;-1.16431075718077;0.618714974712983;-0.169381737937138;-0.86926888813592;0.084835736913737;-0.869261770466991;0.424219137445933;-0.282307183451959;-0.439394322566245;-1.14870030044805;-0.417757632021807;-2.3606295203576;-0.0957871666059833;-1.47560932551508;-0.654236829036774
8950;-0.495960127703792;0.0273981346690401;-0.115951638334933;-0.828553466050005;0.12952368849443;-0.860397237240582;0.698264193320307;-0.139152909735691;-0.823267880791466;0.662754408634287;0.508640599100221;-0.0779961434967145;-0.0115430120273007;-0.509168411558066;-0.401578386980507;-1.15747371277657;0.63134159372572;-0.15636288827557;-0.8648539622742;0.111121558816589;-0.863969375193892;0.443520330047877;-0.267136162979232;-0.470276600936275;-1.16115633360974;-0.426361701599706;-2.3568682856643;-0.0871126440134611;-1.4905466307282;-0.627890069069288
8975;-0.48704845528199;0.0320370714011017;-0.111354869703108;-0.809763091511102;0.139522791066463;-0.847569171955627;0.712422193907384;-0.134453535194942;-0.853193721526557;0.652881683710144;0.527837750662055;-0.068043911832391;-0.0218838113379293;-0.508638805511204;-0.426338243813831;-1.14072235457472;0.644491706965126;-0.141765126689015;-0.851857317463845;0.138200119680372;-0.86237159648564;0.461647114651068;-0.253990238736342;-0.497755998003326;-1.16907417052891;-0.430449747177217;-2.35273863997188;-0.0805474374510129;-1.50456573715602;-0.606637322979836
9000;-0.474961111884585;0.0376485968453677;-0.114079604446783;-0.793857180271117;0.153572431320201;-0.83605448415454;0.725937480209893;-0.129338767306885;-0.883613405101492;0.652128608006967;0.544989534066351;-0.0575857189013574;-0.0311429748463149;-0.506137161369479;-0.444735857948103;-1.12690928390703;0.656341689206472;-0.126640753165877;-0.84273256518407;0.164093137429723;-0.859977191571732;0.479236008839923;-0.248741220435198;-0.51859382290165;-1.17423732557777;-0.434041691712169;-2.34878868134198;-0.0765579831755497;-1.51423882977323;-0.584800504318345
9025;-0.461780271897259;0.0386454205164508;-0.120398043929758;-0.776220726982268;0.171280564213031;-0.826490714910999;0.73992096208137;-0.123837316800512;-0.913490256622078;0.685079032603867;0.564504182746006;-0.046902741295791;-0.0358912431316006;-0.503988909942517;-0.458120340523467;-1.11705580868316;0.669875930564535;-0.1121017357633;-0.836601209202148;0.187479072570249;-0.856289212312152;0.494654540290483;-0.239939779626933;-0.532766715484967;-1.17710095365543;-0.432278454445394;-2.35886216641516;-0.0657202728025781;-1.51423879311422;-0.571697454340029
9050;-0.448956614209528;0.0450514655647253;-0.120486726960868;-0.761609819391134;0.189752575262483;-0.82077240358696;0.757121832801659;-0.120025198759365;-0.944874445513576;0.641057237643681;0.588718911009538;-0.0328439220163535;-0.0422845976195704;-0.499345712999885;-0.467074716173208;-1.11145430280148;0.681479229133228;-0.0990523995183161;-0.834048248378631;0.208464717552791;-0.854147778725537;0.507495908368529;-0.234461968611813;-0.545758201527053;-1.17369904684908;-0.426456547797867;-2.36785993204657;-0.0513384830662891;-1.5146974933196;-0.549810421346604
9075;-0.435007330897766;0.0503309843649031;-0.120941095038598;-0.749137144776227;0.211278476575686;-0.815399302897957;0.773658030570418;-0.116880019961417;-0.974686509070182;0.610994242159528;0.605913757847275;-0.0179865300501383;-0.0482442763776706;-0.49498274680648;-0.469657494978379;-1.10492259775828;0.690012410374169;-0.0860066256250795;-0.83245053403588;0.225919540899048;-0.853537103072669;0.51383784958202;-0.230818554765508;-0.55122792206599;-1.16742787481251;-0.425786898404144;-2.37057645026995;-0.0336867477778982;-1.51095781627893;-0.531208788258992
9100;-0.419305988704419;0.0556965395589301;-0.116671423875486;-0.733633637136836;0.233892861843696;-0.808793487349352;0.787151675739289;-0.112001148928757;-1.00681166296258;0.588844027165241;0.61984183246535;-0.00538870351748937;-0.0509138630038511;-0.490456264093933;-0.465390439165401;-1.10428920549608;0.697867397218744;-0.0758131249673046;-0.834204695566006;0.239265463385413;-0.851944589079082;0.519014767423846;-0.228437304440971;-0.550184059021213;-1.15609659024942;-0.42471184241826;-2.37722099939825;-0.0143297737323161;-1.48043431966644;-0.506644792778857
9125;-0.405078228545154;0.0568162510841503;-0.106112661858724;-0.717027375028226;0.256509725140752;-0.805018097520006;0.797505493920668;-0.106706963186866;-1.03579464909826;0.581126589376865;0.634635467670772;0.00768441623412759;-0.05518459243328;-0.490718129582873;-0.456715318605933;-1.10551677337459;0.706874820623539;-0.0671939134527188;-0.8337638399338;0.246015727229796;-0.855211003904443;0.521539855103795;-0.229220804780521;-0.550856552262347;-1.14053961765802;-0.422535407013409;-2.38044918015563;0.00355596503288376;-1.45037457966463;-0.496093100726908
9150;-0.391817733091965;0.0634916383902179;-0.105917464399828;-0.705269082130538;0.278380214032221;-0.801526173141237;0.805067845436051;-0.101682391308119;-1.06106450862515;0.581626461754502;0.651242707460738;0.0186304054859196;-0.0582693403211786;-0.48557504728147;-0.442447627080046;-1.10521224905158;0.715670992159129;-0.0585203051908433;-0.835007036442405;0.252435569356283;-0.863574712424958;0.527301706931695;-0.233707944033704;-0.549443997210202;-1.12166015898869;-0.412256935634247;-2.38406450778175;0.0238688820314885;-1.42169699722053;-0.480663274631947
9175;-0.38154956548434;0.0685040372731;-0.104072220571925;-0.691118753227629;0.29737143225416;-0.799313405824405;0.808765272685636;-0.0953916886295653;-1.08247528113092;0.587692577551884;0.667260126795962;0.027906578560372;-0.0591292409168852;-0.488097305252545;-0.426251543914665;-1.11694675486389;0.724776449624612;-0.0503604212854855;-0.83930807468661;0.259164271301143;-0.875841862517972;0.532385652581277;-0.237050677227807;-0.541350935051189;-1.0981832723165;-0.407182692545704;-2.3946587349741;0.0457098434073759;-1.39051529145662;-0.473074217100674
9200;-0.373655009707439;0.0733183409920377;-0.0976582595513024;-0.677911162676356;0.31669799450632;-0.800328734660638;0.807543729447701;-0.0888171774173243;-1.09952939912014;0.597759825431894;0.679511050181965;0.0355713219099576;-0.0574337386745506;-0.48886508481912;-0.406240942029663;-1.12161456337987;0.73356766643189;-0.0431041979736277;-0.838056091234769;0.263946833410143;-0.889745824837149;0.534206260974989;-0.237866240619475;-0.53266114922927;-1.07397395938631;-0.402025438513366;-2.39777390880174;0.0651725070895259;-1.36520741061413;-0.457625426409832
9225;-0.369476073579156;0.0815212180412663;-0.0892744420173914;-0.664372589385159;0.334557591697418;-0.797962241788114;0.804751816965842;-0.0816065321584569;-1.11422433235654;0.609460917117773;0.691217090868023;0.0412298525907941;-0.0602015865183692;-0.487325075728134;-0.383388482581963;-1.12812530327726;0.735869233937141;-0.0373834175892828;-0.865196016128148;0.265807817618304;-0.909448916072578;0.535599963666511;-0.239286547008241;-0.523162426479658;-1.04337023842794;-0.384506588164774;-2.39677565021146;0.0919687515803411;-1.33396251811089;-0.439054114397652
9250;-0.368171620996852;0.0883884719300835;-0.0754068827307288;-0.650224271271671;0.354727694886866;-0.793096040224982;0.798838746511822;-0.0741722562612523;-1.12896478510768;0.628372463953723;0.701023719281252;0.044313463978;-0.0596777057720806;-0.486956068786881;-0.358562597614818;-1.13378482906068;0.737467849340484;-0.030465280046974;-0.889295877499017;0.263521147482013;-0.928016902241183;0.538987720890683;-0.241658265664262;-0.515535660287605;-1.00881905393488;-0.368920577376713;-2.39224925977903;0.119363033059848;-1.30627684925154;-0.423591252755967
9275;-0.371884756329782;0.0934273598063963;-0.0714112169883398;-0.639339691181079;0.371088428532554;-0.786001859998198;0.787701898888676;-0.0682020048208447;-1.13849113842415;0.647043511278251;0.708279392546448;0.0459012732847929;-0.0536886238124286;-0.481396832443602;-0.334616836396445;-1.14235947181859;0.73842899109666;-0.0235681460682664;-0.911959295150998;0.261352173999216;-0.949063796978308;0.540354429976895;-0.241330732198316;-0.502062946515029;-0.972082542534874;-0.348738913919877;-2.39076547398088;0.148480012360517;-1.27485590515587;-0.411308432997398
9300;-0.370130210558344;0.095128224473334;-0.0699212879276214;-0.629892093857906;0.371981003901265;-0.779242441480194;0.775289376236685;-0.0609969478059;-1.14275901516156;0.664879518776421;0.717896826100277;0.0483341971936683;-0.052268815450181;-0.475030592290861;-0.311129661852127;-1.1423606907818;0.736006770915297;-0.0168010193421701;-0.931627791964;0.253417164271549;-0.978597501567326;0.547419314558192;-0.245715833513046;-0.484301912218639;-0.938780675808828;-0.329084134991443;-2.37820597172859;0.189118701124256;-1.25759627818887;-0.409448176794852
9325;-0.376782762819705;0.0931813840355806;-0.0638362751507577;-0.619848945972066;0.371022925381326;-0.771127315474218;0.756840661705;-0.0524466874069171;-1.1520480828696;0.677682060195626;0.72574611379779;0.0489889811087309;-0.0524555336008544;-0.46431492049511;-0.287441448414662;-1.14200968000753;0.732216712479049;-0.00959753964440186;-0.950190239212138;0.245964886511395;-1.00650898520751;0.555241258104964;-0.249207305023148;-0.468615993771527;-0.912111439736581;-0.304399102678338;-2.3601819587463;0.232132758463365;-1.2308351798741;-0.415775630135277
9350;-0.388521517789016;0.090412049193354;-0.0576417801397675;-0.61400282431818;0.374929424744999;-0.76529460979334;0.734988974103689;-0.0432233907425516;-1.19887967207809;0.686814266651394;0.732995405574959;0.0504999590098782;-0.0471714185611801;-0.455689499184448;-0.266070696275461;-1.1412828588112;0.731273735839497;-0.00300221826834286;-0.96929601390169;0.236540777384709;-1.03361237023834;0.569754831127678;-0.260010946776633;-0.448623885770247;-0.887028808914695;-0.280837775863901;-2.33472615121154;0.268597367791327;-1.21404357601567;-0.433420574329348
9375;-0.400311344378191;0.0896750758530675;-0.0524939775769601;-0.610541832289299;0.379903660795094;-0.759160373599914;0.713086988286111;-0.0338097388099332;-1.22996496062113;0.693921291007907;0.735168036670364;0.0473958515453214;-0.0284770707536276;-0.446351165267488;-0.246364635450041;-1.1369917059748;0.726806639811314;0.00673915304167276;-0.97867132195289;0.224679063249329;-1.05745479018563;0.594146403111203;-0.270727151020749;-0.423903820353981;-0.859711629482541;-0.252016139570519;-2.30628470254003;0.308683072202455;-1.20530356794548;-0.451156631434273
9400;-0.411573028840722;0.0869643408415497;-0.0473536945313199;-0.604185167973175;0.386099106102709;-0.749961767674906;0.688652002522166;-0.0241954318508066;-1.26417405546736;0.696118682454406;0.740540684470224;0.0435624862857582;-0.0282140904464222;-0.435430740709797;-0.225002570143067;-1.12502692096345;0.717516679183311;0.0158162714916448;-0.986337399852778;0.216275536551183;-1.07953841387977;0.570039639159989;-0.282645385304978;-0.400336481380622;-0.829831387226087;-0.222794867232425;-2.26702248321374;0.35123302027216;-1.19529030153838;-0.464652532162104
9425;-0.424480550221548;0.0876331332983531;-0.043126313989964;-0.605988635327279;0.396479690122356;-0.740744748570304;0.663341164841814;-0.0153055380252358;-1.30013734795243;0.6964408099676;0.745169596588009;0.0434563289718064;-0.0219225263295773;-0.421695121891884;-0.20205222956307;-1.10976682558125;0.710762204304614;0.0186043380001233;-0.994426080647508;0.209381902576425;-1.09811016704496;0.5575838183149;-0.297821175004469;-0.374350359430862;-0.803563016930886;-0.186864885330697;-2.21564701355268;0.389615541718344;-1.17717131695644;-0.478554211494694
9450;-0.437945968135877;0.0902429969384615;-0.04148744543559;-0.609906218018259;0.408449148807131;-0.710713556458847;0.639516233105528;-0.00607282650968717;-1.33585872165062;0.690516632072503;0.746578587161964;0.0458571610139773;-0.0123905232370412;-0.407535711227454;-0.180671568852971;-1.09651008795103;0.704881107421134;0.0222636940423118;-0.993756447665956;0.20853635165654;-1.11051923102183;0.555573643685134;-0.315751990152704;-0.346354260115394;-0.775908163284008;-0.151949292990255;-2.16602621090991;0.427108487453772;-1.16943478250832;-0.483577453063931
9475;-0.453246472563933;0.0947582544514675;-0.0405422023972692;-0.610020831402932;0.421141699010697;-0.719957786407915;0.616982260660159;0.00453857335362677;-1.36763472624811;0.678975869244358;0.745474807761002;0.0488743027889608;0.000604190198301513;-0.39283288992677;-0.161621264793326;-1.07266989393268;0.701677203759699;0.0278876722339967;-0.993822009932283;0.207803812446267;-1.11763411439577;0.555036701501159;-0.32273199654891;-0.312414040846312;-0.75621869777763;-0.113905510931791;-2.10842722119322;0.46103725493988;-1.16746298689163;-0.489232412912718
9500;-0.462876577838075;0.1026120235702;-0.0404182884671187;-0.617754757078852;0.434948402267697;-0.748915573235417;0.597131048931618;0.0129248674997989;-1.39653467822855;0.663542510190492;0.747737144481268;0.0514351470348446;0.0141899584714284;-0.368959545859083;-0.145967405675846;-1.04948283548617;0.696524542740489;0.0307048238923673;-0.99605879198328;0.206010209297841;-1.1172526764072;0.556165933345992;-0.328701030995168;-0.276833132092513;-0.742926313357742;-0.0765272963777325;-2.05289386959164;0.493369408594415;-1.16591931237288;-0.485916620808732
9525;-0.472862046010309;0.113899591718813;-0.0404838607617839;-0.625613931846205;0.455629410286418;-0.76800156932991;0.580266769158769;0.0205133554607311;-1.42183816236199;0.642461231385256;0.745812744739253;0.0599126136804095;0.0294932124074156;-0.361177284077207;-0.131291263248878;-1.02315633580023;0.692471593273078;0.0318795863010739;-1.00031231196996;0.203630888500711;-1.11028220357153;0.563380306778725;-0.333889598201206;-0.238951464343013;-0.728286126039872;-0.0417916575652083;-1.98918487802123;0.522734121568144;-1.14489290217011;-0.496280282575867
9550;-0.476519419633154;0.110118560931969;-0.0425121817399027;-0.634824850707766;0.47263146855724;-0.774764599489433;0.564368867114549;0.0301925651752251;-1.44063518557447;0.626811411492624;0.742890277746208;0.0671737480087728;0.0456439269209373;-0.35406389922528;-0.118236533065731;-0.997866479233614;0.689912753909915;0.0340895101968984;-1.00317733411053;0.215446529112918;-1.09910002806683;0.576126051807339;-0.334916302492665;-0.196028902925468;-0.71787480998471;-0.00758615886917622;-1.9249567293461;0.544370008451311;-1.13180517864098;-0.498457217118794
9575;-0.472238105767155;0.110767647880801;-0.046628733797607;-0.645721795046724;0.483818759589461;-0.768845192444088;0.55252887174577;0.0385115018513325;-1.45377361407594;0.613452961714566;0.741954679711361;0.0752148070529437;0.0594954376983398;-0.344581441566372;-0.106212730057658;-0.96468247033493;0.688069199000808;0.0374618162918928;-1.00434151020647;0.220970326572297;-1.08809032996949;0.591345091732704;-0.336571973657966;-0.153882389549763;-0.708490358398158;0.0280604499504095;-1.8605001001956;0.56371565141553;-1.11617274542865;-0.503782954911548
9600;-0.482492668635256;0.112178595908524;-0.0512692749432457;-0.65529161129016;0.499688891788385;-0.757476899358665;0.545741178768791;0.0459792640432457;-1.4632494438121;0.597235626046719;0.736682725881287;0.0775712162395507;0.0849279623304272;-0.333488022386683;-0.0943063919532358;-0.930121328891169;0.688494838662125;0.041509568890366;-1.00994196087348;0.220640403042037;-1.07954638723843;0.607888114946599;-0.332791181258842;-0.112988014933604;-0.705194683683669;0.0570195190483186;-1.79311897414142;0.579813716630052;-1.10325854140353;-0.499690268072218
9625;-0.480494230422134;0.118416399398163;-0.0538552251453208;-0.664924247547005;0.520166398561411;-0.755861974070021;0.540827485895781;0.0539242819586335;-1.47074505728013;0.580759195008524;0.732151922202098;0.0836811304960722;0.107860145243626;-0.320351759774769;-0.0840353309774004;-0.896786546513946;0.685650245789731;0.041764958484714;-1.01846054811021;0.217320571974392;-1.06930612854337;0.626778412550598;-0.327148117323819;-0.0742835294544519;-0.702983730242536;0.0904617918610705;-1.72455707507948;0.58646079190067;-1.08274808225373;-0.491436537132118
9650;-0.479501166188486;0.121380903716638;-0.0551906694289094;-0.679539423806489;0.546449837738193;-0.748851242758953;0.540133305820005;0.0611828122358451;-1.47575946059324;0.564139707243472;0.726338931616391;0.0885129654607512;0.125478795916834;-0.306095152848458;-0.0759070255611462;-0.864578933649753;0.682725765853712;0.0392676655324569;-1.03225766658853;0.207852519379012;-1.06092882975186;0.646364787854922;-0.317063601284507;-0.0347208457662666;-0.701396237462039;0.117692261891526;-1.65648470765629;0.592545343490102;-1.0598298772152;-0.499049537015311
9675;-0.479636188776776;0.127673646965094;-0.0580106659156263;-0.690229205497866;0.558835224114768;-0.739978043297596;0.54345392483063;0.0669628687568283;-1.47836817952442;0.554087874867518;0.714933777179807;0.0954574927859621;0.144861118315439;-0.292600177596641;-0.0713665609637372;-0.828650101418408;0.684248733838498;0.0358128947941228;-1.04643954600919;0.195169982866834;-1.05790461821984;0.665930252171303;-0.309612474952266;0.00941162980224273;-0.699469833911818;0.143941132012413;-1.60114899778729;0.591497597769016;-1.0356200473518;-0.489456908828096
9700;-0.477909541276352;0.132295155743038;-0.0588071876649174;-0.701983004265977;0.559780434907021;-0.728236009098315;0.549898243709661;0.0702491228024751;-1.48538025191208;0.545682609345603;0.705013962621116;0.102202517566557;0.160971259256274;-0.278528288285192;-0.0657125153680182;-0.795349791935282;0.675306682275817;0.0303974188853525;-1.05993643095776;0.185764005257243;-1.0582222486765;0.690674385371222;-0.300968873569879;0.0480907909090516;-0.694815467332146;0.170149099294487;-1.54303801123475;0.582768572468563;-1.00374210031547;-0.479301108833315
9725;-0.478945086581919;0.135348758326744;-0.0590051826193562;-0.70867734731705;0.56953358199149;-0.716372110148047;0.55771674501297;0.0705483776830709;-1.49583441833343;0.540008326100985;0.695935280021601;0.108727131116335;0.176255158711244;-0.267617505620005;-0.057528719237996;-0.767362139099551;0.669500390949213;0.0234810674027713;-1.07675227024463;0.174082377214455;-1.05366886987048;0.716179150223986;-0.286394486069632;0.0819155872710609;-0.681106570913021;0.194699714927384;-1.48883621875494;0.573789264818461;-0.965148519679996;-0.458341768370926
9750;-0.480889478989132;0.139091595916562;-0.0588434222667315;-0.711526972153405;0.573150594512844;-0.706346911160287;0.568521882346339;0.0685692828932599;-1.5128413546025;0.54820942491009;0.685331777935257;0.114392147951262;0.189856189630466;-0.260805589696414;-0.0509680657170206;-0.743202686247036;0.666532588770676;0.0179140314969995;-1.09484666068986;0.16258064938865;-1.05152298476323;0.743692127621011;-0.271826150488925;0.11271071950181;-0.667311735850361;0.212453471764939;-1.44622473914172;0.567062061273862;-0.927017193922454;-0.435514743283974
9775;-0.485671237307014;0.143524725168012;-0.0571882904996192;-0.71213637185945;0.572253873476277;-0.698077236838073;0.57928490067452;0.0645876113614879;-1.52839812205618;0.563679369530544;0.675160694543436;0.119087585213067;0.201502699694787;-0.255200595787529;-0.0458867744590778;-0.71192496774604;0.664587161632585;0.0154601660171765;-1.11166300242236;0.147904598164459;-1.05352707585669;0.769567549634389;-0.254653482630814;0.137332298931648;-0.656535034537172;0.226443433721168;-1.41009985880333;0.553162133292376;-0.879379585755279;-0.414745503787761
9800;-0.490102170283069;0.148628677717866;-0.0679035792715876;-0.714596764034856;0.569187406892866;-0.687992435745806;0.587587004417481;0.058538253287878;-1.5456634698735;0.600553090426235;0.662711176974142;0.123632037972293;0.216425083158094;-0.247432757671554;-0.0413971009541118;-0.685068176157781;0.665539060688304;0.0157279738529437;-1.12944203613458;0.134309744734395;-1.05305071218845;0.795645396327468;-0.237496431533005;0.158300691998499;-0.646030613809541;0.23177308763511;-1.37962620074645;0.538716515643693;-0.8286896901494;-0.398282615633082
9825;-0.497567554204431;0.149395553909248;-0.079646326772351;-0.716525854802406;0.563398717325493;-0.681092104179393;0.598278354273053;0.0497202863560691;-1.5673162542217;0.646749346945671;0.650793059196099;0.126442003803499;0.227941637858127;-0.251218385330635;-0.0355334477668212;-0.659585085518962;0.670198422465155;0.0164043379103656;-1.14132263930399;0.124310876914662;-1.05370627907065;0.817182149349322;-0.217875806244522;0.171953867324079;-0.636216829080061;0.237600380014037;-1.36725718866501;0.529621283062779;-0.771914808485142;-0.371623266069011
9850;-0.510739518993588;0.152431205366057;-0.0883369887371625;-0.71723506673134;0.555552450746841;-0.675738999845305;0.612099844799847;0.0371819425716129;-1.59016261293246;0.621531649080601;0.6373242216114;0.128846913743623;0.237231185606157;-0.259005394562594;-0.027862913407523;-0.638164291338186;0.673846621814721;0.0153189016505527;-1.15249036551697;0.114024408567744;-1.05445174885531;0.833072624324967;-0.200817158024649;0.17333887135665;-0.625571435490635;0.239736651004324;-1.3532486137878;0.524072977542803;-0.727114760124223;-0.343256078681245
9875;-0.522546002081046;0.154441366764596;-0.101393093191757;-0.720690631085992;0.547768774117762;-0.674879411921929;0.624563072719127;0.02352259388077;-1.61245386041994;0.635652410867075;0.618992209485731;0.131474406523646;0.246206254004455;-0.267822682201821;-0.0183764994713444;-0.618381832880787;0.678061131691203;0.0155133176759788;-1.16252453859491;0.103822524125148;-1.05361493309142;0.840444829702864;-0.181532037767815;0.177732436240463;-0.614771412029261;0.236783815442218;-1.34534479719232;0.523308671780446;-0.680455744123657;-0.317814009405872
9900;-0.536734745697422;0.156907915769782;-0.114055722610318;-0.719139838866154;0.539814598883321;-0.675030414767828;0.635109867073137;0.00932259881257718;-1.63479696866753;0.647597927538904;0.599648777579629;0.132476011437527;0.250452883366719;-0.274014346883373;-0.00490415839441667;-0.604358967318688;0.686519898212292;0.0186474227818399;-1.16918272439847;0.122082817694743;-1.05067575825213;0.840111553427411;-0.161405358642106;0.180754790785526;-0.599798826124023;0.226506763465397;-1.35000348826048;0.524890016241738;-0.615320818675972;-0.280747013731968
9925;-0.555690414899385;0.159502731705978;-0.124935517456126;-0.71825457176273;0.531838708920597;-0.677869188372607;0.645420161408533;-0.00686047230061533;-1.65440042168727;0.665602343965914;0.574048217292163;0.133561178584291;0.25264665256651;-0.286539259787045;0.00840181116916021;-0.587000945520156;0.700373443924157;0.0219267799104617;-1.1671834362817;0.0951942681820384;-1.04565945253286;0.830705416976611;-0.146535482578244;0.176357674662091;-0.586168752832927;0.21571736106104;-1.36406991184856;0.529685181792593;-0.55963066755713;-0.264101962230336
9950;-0.572422378615346;0.167189266445722;-0.138036854276585;-0.72030690554924;0.52364455212854;-0.684447410118243;0.655388329143452;-0.0232153676737703;-1.67205442347335;0.682695687717156;0.546916811017305;0.13206349129025;0.25321131403675;-0.300241420089966;0.0201849867262201;-0.576604145912738;0.719223684792345;0.0250668583051002;-1.16200692194863;0.0816902143255679;-1.04021476068474;0.813240213227983;-0.130724572164067;0.16947776760391;-0.573644856218025;0.204955112589218;-1.38815881163384;0.54071448258559;-0.509971454002386;-0.2380334608628
9975;-0.587368273695572;0.170676204756268;-0.151886008749744;-0.71933419317828;0.515760297662179;-0.692780525948319;0.6631378655202;-0.0383265574176408;-1.68626553718335;0.700113754911396;0.516062260317956;0.129966578560065;0.254887787446069;-0.32554478460072;0.0323155655495187;-0.561369961989273;0.741446638309586;0.0289907171270501;-1.14933780527951;0.0819774219869219;-1.03544441165095;0.786338817207602;-0.11725750171025;0.164644585995517;-0.559200800190998;0.186981599904726;-1.41449023447066;0.559500134735419;-0.460992292502839;-0.219839574782916
10000;-0.601545545016698;0.175608548528998;-0.165620933528023;-0.716931699172444;0.514274429478859;-0.702061391430532;0.669379842197734;-0.0545510464463128;-1.6953347364981;0.713472918012433;0.48595248134034;0.128765854421137;0.250545214631037;-0.348953705723848;0.0464315353551539;-0.541152121262783;0.765204883545165;0.03089308260896;-1.13623005798629;0.0925059860665528;-1.02663654817717;0.751456312954137;-0.0980254910527601;0.156129690500418;-0.541859377643082;0.170912804046682;-1.4370425440297;0.585183016573596;-0.41780346100246;-0.203798737947894
10025;-0.611745480698946;0.183175159869051;-0.177891408513475;-0.714290002407196;0.516125229827595;-0.709465229696444;0.678566846621459;-0.0671088703545577;-1.70168048047241;0.72585567554802;0.45321420801219;0.125896023432007;0.248161053909763;-0.374146979286182;0.0626811441515665;-0.524238243992347;0.78766482557663;0.0302280257198376;-1.14662055028149;0.108674925797409;-1.02133691756864;0.712647916852411;-0.0776913765690353;0.149041028272184;-0.52058991829568;0.159778083990719;-1.46063338715971;0.612679975561421;-0.3776206574766;-0.185494978336915
10050;-0.615935794318917;0.188720237770286;-0.188349315919901;-0.708492994244209;0.52137678665955;-0.717180493608813;0.687810391943941;-0.0783050928865505;-1.70423266414997;0.736970161270905;0.418802300177105;0.121005945060198;0.250451400503547;-0.400289905880458;0.0760087399978502;-0.508586779264274;0.813179236237827;0.0279659862702455;-1.14161391491908;0.133126458136509;-1.01810787445809;0.671466096897232;-0.0595951734467138;0.139369723907964;-0.498529035676674;0.149214057144157;-1.48550446202415;0.643528230728834;-0.348676586113552;-0.166384412636114
10075;-0.62017666138739;0.192985492233479;-0.202072692668718;-0.70246746371433;0.518585625990655;-0.728497864000536;0.694902036183017;-0.0898946908321021;-1.69577149358253;0.745052846904806;0.383071044485174;0.114550095242946;0.251846956324191;-0.427291009160098;0.0852199587848712;-0.500419571865827;0.838189142228706;0.0284594488804806;-1.13896157752189;0.163376728629666;-1.02134951237758;0.62945609790283;-0.0359316897210605;0.131319662346721;-0.476593272575811;0.140551593646735;-1.51082461492823;0.679688075169546;-0.327941857044761;-0.144534994356119
10100;-0.621096224260359;0.195031415649134;-0.215911522868777;-0.697387621306434;0.501584121310799;-0.740277921560611;0.703544984861101;-0.0996751472586583;-1.6845231572885;0.743249569387112;0.348510683044284;0.109450409181839;0.246162714496708;-0.454486308632508;0.0947126412592459;-0.486689881021057;0.862997177355515;0.0248029488994415;-1.14350353247982;0.192874519563435;-1.03336626332462;0.592112116637174;-0.0155803037798279;0.121977640699183;-0.455652676171237;0.130517019507229;-1.53190993104401;0.71400550792217;-0.314019150369409;-0.135601069315219
10125;-0.616193369628836;0.192882093921945;-0.223922795179764;-0.689740345835756;0.490390217293799;-0.746993026300273;0.707208845302909;-0.109902517045645;-1.67083969542215;0.736673241322625;0.333095890325514;0.107201652106405;0.237458202154475;-0.481175831503401;0.103090778676551;-0.482093456851248;0.889678406856031;0.0164403633235844;-1.14907656234078;0.220835877048095;-1.04838178630016;0.558990778665257;0.00191539562131378;0.109344826201119;-0.433657941201079;0.121043840838714;-1.55785942457406;0.744095185069038;-0.313449159648751;-0.127731929401189
10150;-0.605393710203181;0.193583999267321;-0.224123907874584;-0.676717274764075;0.484347157327219;-0.746170723499516;0.710168560156883;-0.11605995122313;-1.65223750476809;0.728567642409553;0.290729060710556;0.11073343812409;0.235327885632553;-0.507114464000187;0.11558188005071;-0.476538968426022;0.917455503981969;0.0160334658352733;-1.15083502530665;0.251382440368863;-1.0684725671732;0.532866464555895;0.0228380246104968;0.0972854103751362;-0.405065761224971;0.116391955632508;-1.57879908794498;0.778755991447856;-0.321133740021215;-0.131163099365332
10175;-0.576059709116166;0.200379494018019;-0.21893799608964;-0.654584408452781;0.480873380345586;-0.73573901379203;0.715221581588544;-0.105229645182269;-1.62817740355749;0.71715881314264;0.259488960353655;0.119481591028449;0.241814486502026;-0.5291874633771;0.132968257475306;-0.471183497526375;0.94359922206253;0.0221072931977316;-1.1357507641358;0.281126435336985;-1.07901315322122;0.5085264951245;0.0465105385468893;0.0876325400112833;-0.369619833126961;0.118890037442598;-1.5879004363523;0.822077262948723;-0.329006112373136;-0.13363712734233
10200;-0.526991184127873;0.208282850015491;-0.204334893223088;-0.626907389389063;0.48253509421596;-0.706192835763811;0.726401715555007;-0.115104401347979;-1.59664302214551;0.709584216525136;0.249865371752485;0.135646450297771;0.234397021132826;-0.540680231628906;0.154248003938099;-0.462239154197456;0.968281628771522;0.0323866654760843;-1.11548070171216;0.319770579006865;-1.08496511532376;0.445795480046891;0.0736119456076966;0.0830559012403226;-0.328536894243948;0.134805744886075;-1.59712591936986;0.864869638146606;-0.335181704811465;-0.137144118827525
10225;-0.515783119073345;0.219617831104239;-0.183232750850407;-0.594717708893208;0.486842533849214;-0.658474753848107;0.746516612893397;-0.128470861621712;-1.56022754720499;0.703993391824209;0.253559927432964;0.155924607725649;0.242894550443618;-0.546435425396521;0.181506960526684;-0.44795974430574;0.993710114320802;0.0433799336335761;-1.0892920855771;0.358060301907584;-1.09006982018024;0.417883328961013;0.105260194589853;0.0830225570558352;-0.283615794974516;0.15532513667033;-1.58564403441599;0.906931480632772;-0.337924969477282;-0.14816570703825
10250;-0.491699517112946;0.233241481170369;-0.156687721587613;-0.55780238885766;0.491434697599122;-0.602746017913692;0.772599827514822;-0.133633688688799;-1.52490067616634;0.697857538552257;0.271634778008383;0.177862363633857;0.259180979792472;-0.537692657271874;0.211318771580999;-0.437268448429499;1.01563843042039;0.0546510487033057;-1.0579470524153;0.402835360943499;-1.09204236343761;0.396525762198346;0.139562914669846;0.0820323892936277;-0.238760771461627;0.1853525087161;-1.5707178740706;0.94683938024792;-0.329163568724525;-0.151410226889888
