;1;2;3;4;5;6;7;8;9;10;11;12;13;14;15;16;17;18;19;20;21;22;23;24;25;26;27;28;29;30
-500;0.0871174819926185;-0.0644852014503324;-0.0433424883991056;0.0278253523006867;0.050486312236202;0.113015564606444;-0.0715651323389485;-0.0716730873321911;0.103657084034737;-0.149755237431605;-0.0795910806226863;-0.0289866771121402;0.00881195134531452;-0.164382405573994;-0.0632926848402515;0.101347736058434;-0.0336523187850823;0.0107221788613254;-0.0959874771368672;-0.0315732464975658;-0.132790410985415;-0.0709747856538543;-0.00339707801044042;0.191808816200756;-0.0399620351782725;-0.0354457268086258;0.0042961752368734;-0.0529379289246581;-0.123871892528672;-0.0810637037060161
-475;0.0749929374049217;-0.0571351032708041;-0.0400375309364409;0.0170754672960743;0.0585224397020316;0.103086412755205;-0.0714192699748255;-0.0572765152912098;0.0688807653254705;-0.129114560961721;-0.0733220663799162;-0.0155612453843678;0.0112142302050472;-0.141240483936569;-0.0591413826004154;0.0991386351072946;-0.0281759540134092;0.0229221748962553;-0.0947655238541201;-0.0284514220258392;-0.114525760644645;-0.0618187997594919;0.00809460231532899;0.184282963438307;-0.0373049954439703;-0.0288139101606893;-0.0170260584597927;-0.0438635099589594;-0.109720601419233;-0.0818456290671504
-450;0.0603626760073218;-0.0490989844948811;-0.0366556987532385;0.0100986193694113;0.0634043984934052;0.0913066338710919;-0.0677873477682535;-0.0415514184732341;0.0359495429088143;-0.10655565717392;-0.0659069813800166;-0.00470500687007727;0.0137612293178456;-0.116673938198821;-0.0501773798426288;0.0915450414847444;-0.0239190391917145;0.031250363260247;-0.0947107742866032;-0.0271638878453531;-0.0934687020372121;-0.053309841655971;0.0129821566920985;0.176747081061557;-0.0352697418870231;-0.0238712280675263;-0.0342877220345092;-0.0367149054149411;-0.0864056156570809;-0.0842063230100983
-425;0.0512083460604727;-0.0428440561219823;-0.0287390839878454;0.00747060220335558;0.0655339776017487;0.0830870629384898;-0.0561392241078968;-0.031002133473571;0.00949668424107477;-0.0854003528710013;-0.0604555260681512;0.00546607848610856;0.0149796598941755;-0.091422116910478;-0.0422876410281103;0.0826531622989729;-0.0243516697367121;0.0409504672348417;-0.0869803687810198;-0.0288052307831186;-0.0645308171099952;-0.0485009018255996;0.0169952763311327;0.164191228600653;-0.0261908459159074;-0.0186052732131178;-0.04857501814768;-0.0288752590813956;-0.0722809314033865;-0.0761640147686067
-400;0.043510677584199;-0.0369617215860121;-0.0217044144869205;0.00552806845513074;0.0698589341507527;0.0767376104984886;-0.0435865109471438;-0.0224623503599448;-0.00766076995680107;-0.0647763861603444;-0.0507574450511002;0.0107178460039546;0.0140012234440178;-0.0683020300173342;-0.0339493825694885;0.0766112867736951;-0.0249620843587288;0.0443276714615239;-0.074581600565548;-0.0245428289301191;-0.0344631770506672;-0.0422193075760074;0.0270668964781775;0.142503977438263;-0.0153709757241055;-0.0100429872115527;-0.0579418844380341;-0.0185366306645011;-0.0583429282270886;-0.0595020292309863
-375;0.0336884572261803;-0.0314920972607258;-0.0121160114309355;0.00540776602071733;0.0724883682679196;0.0702094262767473;-0.0308962286039602;-0.0165463482643766;-0.0206271332853555;-0.0454841777381928;-0.040207720556966;0.0173508858281633;0.0144153015128271;-0.0462166986996208;-0.0280738595980334;0.0645384130938317;-0.0324140504557903;0.0455468585267804;-0.0655164470497589;-0.0272706824274596;-0.00882423725970853;-0.0334658408193363;0.0296450038139557;0.117346187153596;-0.00400004788365362;-0.00329935595423589;-0.0588247399832286;-0.0109516712073274;-0.0593882963066211;-0.041412940715079
-350;0.024505087894256;-0.0291326082333585;-0.00426360450693464;0.00415974839027675;0.0707973674759104;0.0626566031556769;-0.0225510979792569;-0.0131363788679703;-0.0305595206501464;-0.0268270148222745;-0.031596326736006;0.0245521269382324;0.0161173342568318;-0.0238766755019061;-0.0269627202595443;0.0500710843424609;-0.0403682558080151;0.0430896534422926;-0.0548014731112672;-0.0384884188078388;0.0159231074815524;-0.0238148488710282;0.0250850780339578;0.0886545028759919;0.00531619961317395;-0.00256334889910979;-0.0539169054176722;-0.00346915265816867;-0.0606658935976982;-0.0216957421307167
-325;0.0195938418963194;-0.00888449431012721;0.0058993320173486;0.00769852964793869;0.0683883523023598;0.0553416066995744;-0.0110338372133089;-0.0127746656521339;-0.0352803488447827;-0.00887612844245442;-0.0243765749775895;0.0270368441090315;0.0156785844188313;-0.00822161544249913;-0.0230468131281369;0.0350781152240768;-0.0422884712853828;0.0352315540304497;-0.0456675871107833;-0.0442208661208672;0.0358412524029834;-0.0179905561782546;0.0201025646360264;0.0513071793610353;0.0122923693017748;0.0012690228769864;-0.0436838757368975;0.00547125625395055;-0.0570236300641004;-0.00299575150173808
-300;0.013825923639014;0.00430387889737811;0.0150920476747287;0.0114801775492757;0.0628456903846026;0.0515994168534472;-0.00220013166694084;-0.00991380710882357;-0.0365574414817483;0.00272150949057206;-0.0144719971377117;0.0305640898526206;0.0149784101594633;0.00640519076385657;-0.0149440485889333;0.0194167762758058;-0.0453352712363543;0.0265651925027337;-0.0387906543446557;-0.0467434045205111;0.053942330848737;-0.0105389520282005;0.0116958181293381;0.0150664206989054;0.0212661941308386;0.0065443183458386;-0.0297455062990576;0.013504174020639;-0.0544283922142882;0.0112437130349643
-275;0.00837720003094242;0.0110739833240414;0.0231471720317304;0.00827151483351805;0.0498691281127441;0.0462095705178553;0.00257070560052135;-0.00941978905291059;-0.0314490077779316;0.0145356587446152;-0.0033949445046713;0.0316385501990474;0.0211241185153014;0.0163941947540328;-0.00561341736922634;0.0043402061107559;-0.0409490724413177;0.0120095170072007;-0.0294688498462635;-0.0503414047125088;0.0643682798957261;-0.00219893808287246;0.00624631980241119;-0.0185547972287173;0.029452976543101;0.0101065632406991;-0.0154981704368412;0.0215279774461071;-0.048575658151896;0.0278590908554678
-250;6.89240821777126e-05;0.01403009289404;0.0268146523684707;0.0106148364919155;0.032215941228753;0.0331464070733806;0.0137234539945286;-0.00887323710432959;-0.0283809130149298;0.027819983370588;0.00777792374572934;0.0319105543468981;0.0174979092803985;0.0248049614562496;0.00170756943593924;-0.0114989312643507;-0.0308165612557966;-0.00115353981247761;-0.0168811651667309;-0.0485997589160268;0.0610978146866205;0.00584779893454908;0.0024268540038177;-0.0470218836211297;0.0329318347815496;0.0144131016817008;-0.000120345487766871;0.0287700978853281;-0.0381988312855456;0.039114757175525
-225;-0.00676823521533523;0.0177316584184295;0.0289222929451056;0.00820546026614575;0.0125268608977387;0.0179567844013925;0.0188080228677546;-0.0074016612034395;-0.0242897641780387;0.0382148925306595;0.0222293623122211;0.0274445088671023;0.00526113029006878;0.0359611226261144;0.0138097100409598;-0.0300583719008511;-0.01662624260481;-0.0199858024729059;-0.00231860981419567;-0.0419474821339674;0.0539897446054018;0.0149632017202254;-0.00420711923323047;-0.0727150225587914;0.0320241226902412;0.0172341407774016;0.0181649011554347;0.0332407534981974;-0.024217499420918;0.0475922002123012
-200;-0.0150369648064376;0.0223545589076428;0.0294117554017208;-0.000919944030768471;-0.00987028697156456;0.000117594936789889;0.021907078376479;-0.00421422615171192;-0.0189462657196443;0.0491241994838164;0.0352906045243386;0.022057554964393;-0.00584485922913705;0.0451770175013258;0.0245097094997678;-0.0451094321507287;-0.00153049808326107;-0.0355235135613421;0.0120026991767205;-0.0297785794602779;0.0430323111442358;0.0215639900954329;-0.0105789081963126;-0.0936282937377012;0.0293308270831204;0.0178513567932638;0.0359295251742052;0.0323162662458767;-0.00046256967072269;0.0513285352982886
-175;-0.0231388022665068;0.0272218792720515;0.0270008656057965;-0.0101409323043248;-0.0346647713997856;-0.0244434379126891;0.0246397049848762;-0.00193121656743696;-0.0182321714781032;0.0604122537852753;0.0450853505079462;0.0147270363355415;-0.0146157807610289;0.061786750775853;0.0325998697702874;-0.0550028198722174;0.016390849431367;-0.0477908608001305;0.0266135251766284;-0.00810205556586712;0.0272899487994884;0.0293990445412568;-0.0143376325268232;-0.101716167922417;0.0252002576161988;0.0160400903037009;0.0486819572220923;0.0312109587213723;0.0277999257970008;0.0515107395525205
-150;-0.0326862068253408;0.0285144209538748;0.0228866359646793;-0.0203552791819913;-0.0591525176754879;-0.0532173602045046;0.0310742491517891;0.00524047476293337;-0.010227145649842;0.0648790098837976;0.0518632673372472;0.00415421439835049;-0.0179870936888641;0.0735677352847975;0.033743277306263;-0.0622714735906672;0.0342097401250184;-0.0496113866037929;0.0419297171846124;0.0172598619495194;0.0212602715276082;0.0352331133248322;-0.0148607947185679;-0.108021118963065;0.0204288882651727;0.0126112028535063;0.0552801204590668;0.0282133356304329;0.0525442722933188;0.0485823045769922
-125;-0.0429373374241288;0.0294224539086922;0.0166653684267328;-0.0235760034725626;-0.0823686880427856;-0.083578482516181;0.0350205527310264;0.0205284016819689;-0.00637903914839297;0.065630492687203;0.0591681470001856;-0.00799569896493315;-0.0204670815841649;0.0805932468395432;0.0352295518026396;-0.0698069478211229;0.0535368386070583;-0.0504538924452527;0.0635261304798164;0.040777644132762;0.0169790369378173;0.0413258027926641;-0.015230085447457;-0.116569725373408;0.0141212574451307;0.00926322988120822;0.0566347079462485;0.02399760069288;0.0874954020356081;0.043170562904732
-100;-0.0554239649445946;0.0330079593973762;0.00872810008663683;-0.0260209231682011;-0.103132522953567;-0.114479406294113;0.0420594456504036;0.0392599238449172;-0.000297746362845164;0.0681520476471244;0.0625560508131959;-0.021792992849054;-0.0230918316756276;0.0836621264691833;0.0440937483153168;-0.0786224892412923;0.0680283572231866;-0.0442931903178037;0.0966074156747305;0.0706178585578185;0.0103799839407603;0.0472631788568682;-0.017809979690198;-0.125175644625532;0.00459039545115956;0.007277108432887;0.0517641461932973;0.0144653305633176;0.121724816660946;0.0400746872395099
-75;-0.0672414428606797;0.0359340692223604;0.0016576553634251;-0.0202909838572737;-0.119496204403922;-0.146775075443083;0.0493722704905604;0.0598132781100141;0.00979769817271761;0.0727011569371848;0.0623075438575024;-0.0380994024077469;-0.0274607208386556;0.0856795995215614;0.0510967363404371;-0.0822996316911554;0.0746053210378848;-0.0359187024478762;0.125970982969197;0.0978421534901534;0.012730594867599;0.0496984555981845;-0.0210366270174589;-0.136200065541902;-0.00921217983268599;0.00370023350517914;0.0430000979580839;0.00225732490043122;0.143559397457353;0.0354950277581358
-50;-0.0819871275621819;0.0428367994707494;-0.00385575250587378;-0.0149541852448622;-0.130664749514661;-0.17788397025807;0.0594250280051003;0.0810178433366067;0.0174152714294883;0.0767916711788285;0.0559026290696047;-0.0541182574309839;-0.0294053336558739;0.0765678059285392;0.0550483444721064;-0.0890710947623;0.0733003325626958;-0.0211933997812499;0.154397724799791;0.118587585367073;0.0143293914907776;0.055394013524473;-0.0272631608894685;-0.148870937178558;-0.0221066872488965;0.00258071578445587;0.0308866598337752;-0.0118457984914055;0.169123517011138;0.0298677077674605
-25;-0.0920314719132182;0.0536025120615875;-0.0155112928790806;-0.00757789156446234;-0.137588029892396;-0.204092961955943;0.0785782687474954;0.102316913166843;0.0236902214362597;0.0758066398618484;0.041899784246844;-0.0763610093101405;-0.0289683812067706;0.0697362123601651;0.0556508128410516;-0.100999264475386;0.065318050269164;-0.00669134298081868;0.179422335606317;0.130944165249994;0.0174390364583345;0.0641441730621299;-0.0316191845062876;-0.163434700077843;-0.0375378138069463;0.00375074583802983;0.0149819352624026;-0.0277802194571759;0.191335408691885;0.0230468077544938
0;-0.0998631988801168;0.0587780169198763;-0.0306071827517447;-0.00150776541594912;-0.144683805340191;-0.225553042328151;0.0743500559779864;0.123641626911247;0.0268412272544286;0.069372890409038;0.0247834611233954;-0.094093364642286;-0.0275258044981636;0.0629857071975731;0.0543655136426564;-0.112424639463819;0.0571591224710342;0.0133825371317117;0.198514162467553;0.131599164393175;0.0209992864813628;0.0690844590543131;-0.0349933698369664;-0.182247814543571;-0.0560333506232308;0.00361736113535307;0.00134364895171077;-0.0421687063872182;0.204756063080171;0.0134147477033344
25;-0.104776829864023;0.0593673956082412;-0.0413722642630892;0.00762030262516364;-0.149574766495453;-0.245350417190766;0.0767996033574992;0.153316826160825;0.0301834395627782;0.0677104357494333;0.00715894955529679;-0.100679460777478;-0.0251391829435616;0.0671578040586492;0.0535913471039485;-0.121906118209909;0.0501192863659248;0.037569027281455;0.212328112782903;0.134600077515309;0.0209461269907089;0.0722819701301988;-0.0430307000469066;-0.21164488511523;-0.0731909122745643;0.00383200294575849;-0.0155889001640276;-0.0583866779632078;0.228610234851634;0.0014564112742534
50;-0.0992800973469458;0.0629140492992261;-0.0469656126109457;0.0254504359176163;-0.150148370288819;-0.26128256998492;0.0839589911018626;0.19282562844463;0.0363377531305566;0.0738176071057714;-0.00301792939900674;-0.108025423990734;-0.0137158160485577;0.0801119205046049;0.0512689343737247;-0.133097843067692;0.0527037344665433;0.0733423011795315;0.222506444572652;0.147670242499477;0.0245248724650144;0.0806151851390721;-0.0453240586343098;-0.238822668984027;-0.0912374206074113;0.00965262367153144;-0.020300569305428;-0.0706782387918174;0.260275160652927;-0.0112101710405362
75;-0.0821333812487736;0.0702310184149128;-0.047610778209632;0.0492035301919443;-0.143772816525887;-0.26326620780954;0.09652658400147;0.232500438617269;0.045077706416408;0.0876719647679684;-0.00512588775249627;-0.104474836373431;0.00207212891430806;0.105225863361763;0.0536520269765808;-0.141336444331201;0.0673230779031094;0.109713991525876;0.237553345948441;0.167832493775683;0.0358163879165083;0.0974140288886602;-0.0329927977310582;-0.261108855165408;-0.105368607274864;0.0258185041017997;-0.012689223195317;-0.0758752319105182;0.29277558038329;-0.0139582137485177
100;-0.0601116657822257;0.0840936265389489;-0.0497647269268664;0.0683536713085283;-0.128224985699189;-0.253541054424268;0.111447804546134;0.265301288885214;0.0598532481182986;0.107823871104185;-0.00340269289544297;-0.0929835291844644;0.0258114810964421;0.12103815089669;0.0568024275936428;-0.139902867442837;0.0925794925987727;0.150069076267437;0.255039433547812;0.193251171994997;0.0466958519334186;0.121998251648989;-0.0107075233215195;-0.285137264419411;-0.115249480011306;0.0481980627838238;-0.00572444297300359;-0.0746519018241178;0.326711161383107;-0.0128861841570669
125;-0.0397078270071924;0.0923709210409331;-0.0553733285343045;0.0822005279740695;-0.109125906376377;-0.242190064806787;0.125963131755879;0.282030253114281;0.0773364915040088;0.128063750754859;-0.00230512710697743;-0.0786306565633089;0.0547767893774779;0.12465045763799;0.0560740118757191;-0.138646895251665;0.110773752012301;0.187731836864716;0.269270343253143;0.216366286022271;0.0497701742671337;0.148579492583722;0.00737244711731133;-0.306350106576526;-0.123852656952132;0.0650940620205011;-0.000966939530865263;-0.0812080177696419;0.346333371062126;-0.0120511445214944
150;-0.0305341150801261;0.0872158876452902;-0.0766298241065075;0.0756143253948623;-0.0950111733065442;-0.237615573161604;0.125402438439852;0.274931635975692;0.0787373943823865;0.137775206956828;-0.0103351208194982;-0.0672691016009964;0.0626479841246711;0.110815920063089;0.0465076052962792;-0.147202763095294;0.119885415321671;0.198046729990559;0.275302605414271;0.228314014738502;0.0402517771580237;0.160831839559752;0.0137294971486854;-0.333155858095984;-0.145193755737784;0.0699114775045217;-0.0100356265070435;-0.100245477784105;0.344796790020911;-0.0152444028729045
175;-0.0383746016290373;0.0923790301787637;-0.115892978792233;0.047730946976387;-0.0959825636833886;-0.244468109872042;0.112682399446563;0.242962185158667;0.0686909679633886;0.128159229027808;-0.0406649926828851;-0.0709754412220728;0.0399780897840459;0.0583361057762269;0.0198204315765198;-0.171395488429912;0.11046840710774;0.180009871754027;0.255896844077853;0.219850407392084;0.0140872772895841;0.153810790947617;0.000591015359360014;-0.376799838706095;-0.185747865280503;0.057283559291479;-0.0408371826579345;-0.140536729016365;0.322697779434504;-0.0335756031375439
200;-0.0780719454404134;0.0738934070646193;-0.179929554208781;-0.0110476820911446;-0.119740163059968;-0.266746022836497;0.0711265713266041;0.181674535504265;0.0390503933932917;0.0887005871442591;-0.0975288003455435;-0.0916916990371276;-0.0116436027080825;-0.0350260980468639;-0.0310432861822034;-0.211311059624453;0.0739056652062727;0.127335958903986;0.205289120427879;0.179648322764559;-0.0308920839880634;0.11875480515908;-0.0436823424590704;-0.435040191228542;-0.251017604799296;0.0178893651185775;-0.0877869214473096;-0.207733618586297;0.261343661222736;-0.0658032355856873
225;-0.148155203903739;0.024553038412094;-0.26891067304478;-0.110260167413509;-0.172468310379623;-0.315744023753045;-0.00495884394888275;0.0834237653139461;-0.0203697642510453;0.0172594315840978;-0.184987942684274;-0.143441233790463;-0.0826316905752466;-0.177341352998265;-0.113532960481581;-0.277838761041199;0.00669524887735711;0.0284030785631268;0.123447863896614;0.0987452314871943;-0.102165984111751;0.0474319630438284;-0.114478164451754;-0.516524026790132;-0.346912141089728;-0.0515010209212042;-0.164645767230854;-0.30555394032342;0.156090481081603;-0.117607402524029
250;-0.254978886261457;-0.057407158889971;-0.383260841131306;-0.23856409089168;-0.258245971340292;-0.400479831741706;-0.116961400626289;-0.0488402759713182;-0.115135486884359;-0.0886738902892775;-0.302957051616152;-0.228445631801278;-0.176885318599033;-0.363075637423742;-0.226381818173617;-0.381899417866329;-0.0951353734209754;-0.110909453889796;0.012643154105034;-0.0244867415992319;-0.206312946295899;-0.0596940837178781;-0.219690777049006;-0.625567600281143;-0.47587490247755;-0.152874760352914;-0.278074417692477;-0.439243582100626;-0.00248027114804197;-0.192925480072449
275;-0.393104214509619;-0.173359377551185;-0.521175049268925;-0.402032389093315;-0.377131616701891;-0.513472012510215;-0.265418627683896;-0.211983212624547;-0.239670913018332;-0.230307298531179;-0.445067690284192;-0.344932585703209;-0.283226805338272;-0.586059325575368;-0.365619135819797;-0.515456558456093;-0.233630968430401;-0.295184454582282;-0.129725789596186;-0.186485365612338;-0.333933563487182;-0.201517576489853;-0.359943995771352;-0.764887938361053;-0.633768296412212;-0.285513788254684;-0.421657657559718;-0.608575341973519;-0.215115104716978;-0.280153558330389
300;-0.553832802016494;-0.320270195885676;-0.674794972556517;-0.591933397973467;-0.529113944832619;-0.64880652452127;-0.442147127822512;-0.399530618026791;-0.39648011354052;-0.399534372328945;-0.610284622457378;-0.491915698506458;-0.393160673318525;-0.83285325281235;-0.533919530469886;-0.673005588728597;-0.404510680848494;-0.512502373339854;-0.278705369478332;-0.383399812940875;-0.488323146847643;-0.370206601373656;-0.524294707325904;-0.926506362336574;-0.812583005637084;-0.442901601354777;-0.592039621579996;-0.8068980694025;-0.463302167611902;-0.390415815875361
325;-0.727986312064346;-0.486587190142568;-0.840429349096503;-0.800817545223169;-0.70771408219799;-0.804320534225427;-0.638604118730813;-0.60460189657311;-0.58150818971707;-0.588106246616774;-0.793924591605888;-0.659614532441054;-0.502352168658;-1.08329854787091;-0.719129881267608;-0.850517073357282;-0.598438717604528;-0.753421603241941;-0.405117804572919;-0.604242250836458;-0.661952353737953;-0.558271574735355;-0.707401082569014;-1.09899559856678;-1.00328886468364;-0.61989233398588;-0.782578155405943;-1.0211467522261;-0.742565459505666;-0.515174333111275
350;-0.905573504674393;-0.667381425309412;-1.00786839775415;-1.01653844154576;-0.903243145977161;-0.97073048976539;-0.844597904273942;-0.812662474691751;-0.777006228676066;-0.789363213874502;-0.98980061356126;-0.839219822413924;-0.604442855747587;-1.3270908941157;-0.91586774643466;-1.03975569976276;-0.803839234519536;-1.00394667211976;-0.522525187447682;-0.840941731181032;-0.838632160614086;-0.757286904120724;-0.90169581949453;-1.28913888278252;-1.19674340335933;-0.798564948352993;-0.981006307108375;-1.24438941378736;-1.0310004875477;-0.650132474785286
375;-1.07934601959487;-0.851713395505127;-1.17505415212578;-1.23172258241886;-1.10699534685825;-1.13968554722323;-1.04935090718626;-1.01393331488901;-0.978986841367413;-0.991409538090172;-1.18972794077562;-1.01894516954291;-0.698973017532005;-1.55541399240679;-1.11241201950027;-1.23647221740659;-1.00860007246015;-1.25822878519926;-0.629435756659747;-1.09159437721852;-1.0113374790717;-0.955284723891966;-1.09648225509882;-1.4806389747342;-1.3862591771157;-0.971943913249964;-1.17889757987218;-1.46734500955263;-1.28709764501581;-0.789051281700159
400;-1.24197291774799;-1.02598684262418;-1.33273960159703;-1.4321912846952;-1.30315283625711;-1.30872431436814;-1.24456204566752;-1.20183015681463;-1.17546147430133;-1.18271727469264;-1.3903301044534;-1.19139003164417;-0.789512177501405;-1.75779936792051;-1.29445912925442;-1.43085723115592;-1.20596121470939;-1.49926183375713;-0.726909687686976;-1.3345748046297;-1.17760888963703;-1.14344662149534;-1.2856736492508;-1.66346802693603;-1.56787900896995;-1.1371154582009;-1.37350100944262;-1.68120972020004;-1.52628028197298;-0.91351316601956
425;-1.38877148624145;-1.18179108327629;-1.47261599175172;-1.60755643727968;-1.48209289602275;-1.46820278101324;-1.42158887604374;-1.36878789580739;-1.35225558251738;-1.35514697063299;-1.57851780018499;-1.35144263073583;-0.880294149401812;-1.93693043080539;-1.46188343120576;-1.60332418891547;-1.38766547243241;-1.73274205181945;-0.827386627914861;-1.55769473456423;-1.32284241517447;-1.31687505829259;-1.45499604553861;-1.84096712009926;-1.73481480418856;-1.28962039652218;-1.55227689482824;-1.87997606634605;-1.73994874207498;-1.02333255054365
450;-1.52459979043503;-1.31825396737193;-1.59266474383654;-1.76762805946367;-1.64190725748764;-1.60832316604779;-1.58490339288513;-1.5173830254258;-1.50578096728649;-1.50681126323424;-1.75184997753675;-1.49113255225419;-0.976581677747035;-2.09628653680546;-1.61467373591502;-1.75745094899233;-1.54914669898532;-1.94136707521646;-0.919085919088328;-1.76047614830591;-1.44801375753217;-1.46866330578853;-1.60186293447908;-1.99830771725731;-1.88271601415556;-1.42371107415479;-1.71476071092003;-2.05323330169783;-1.92617505752328;-1.11844071094242
475;-1.65475854571942;-1.43676197465307;-1.69995405141155;-1.90779955344135;-1.78077067188817;-1.73201985720551;-1.73130251065024;-1.65185935069392;-1.6458867904061;-1.64616629093854;-1.91200016563927;-1.61968066829231;-1.08868837813104;-2.24204258357316;-1.74627736923645;-1.8944606428586;-1.69591828092039;-2.12374568656952;-1.01436914719585;-1.935309464562;-1.55648370496736;-1.60059897940667;-1.72823615931919;-2.13313817375653;-2.01604863064209;-1.53560468310678;-1.85908100134489;-2.20262700745019;-2.08850641885146;-1.19453792951807
500;-1.77627941768434;-1.5432688110216;-1.8014360118273;-2.03509960589932;-1.90439621549396;-1.84456475639538;-1.86495822478397;-1.77875478372569;-1.77171941032225;-1.77255182474118;-2.06197715931797;-1.73562189563145;-1.23002675472126;-2.37873225472471;-1.85818787327891;-2.0138955383097;-1.82699175679469;-2.28943188158655;-1.12438407318119;-2.09055143230557;-1.65023527015844;-1.72415928212235;-1.84415090914304;-2.25232948196385;-2.13438044404987;-1.63627256084075;-1.98823915198334;-2.33208211078658;-2.23199159074449;-1.25419934669975
525;-1.89864148731931;-1.64756734044875;-1.89069323051505;-2.14988203311101;-2.0159393077056;-1.94895230899112;-1.98545301713945;-1.89493966443971;-1.87746830432832;-1.89232696463672;-2.19155303191442;-1.83672243831457;-1.4029919394099;-2.5016695282557;-1.95612242425781;-2.11760659697824;-1.94638034115054;-2.44032591690266;-1.24391399109693;-2.2230757709678;-1.73429556296745;-1.845723785389;-1.94820810638654;-2.35840792517271;-2.2416455967219;-1.73196747234116;-2.10498863647144;-2.45000104863702;-2.36503019283112;-1.30890651096581
550;-2.02290843325448;-1.74601949165584;-1.97124935983542;-2.24590216746954;-2.1197957149699;-2.0492713684746;-2.09492801669831;-1.99470289684278;-1.97619379777829;-2.00520478729665;-2.29779622861472;-1.92810317432894;-1.5960699869344;-2.61704338575511;-2.04601274682025;-2.20859725474461;-2.04953112554552;-2.57343120765522;-1.37139496231852;-2.32894387562164;-1.81082161361014;-1.95666423748126;-2.03628269092262;-2.4489735033309;-2.3451388136155;-1.82145209059997;-2.20301036807191;-2.55602938932946;-2.48831121613753;-1.35807182165745
575;-2.14129520712629;-1.84291300339017;-2.04420998507747;-2.32769766812417;-2.21149382657457;-2.1384122145482;-2.20345808797825;-2.08331517944062;-2.06596519834741;-2.10940321339833;-2.38979470481021;-2.00660084940466;-1.79818791321928;-2.72217872765338;-2.12130316649375;-2.28723010073493;-2.13943819945781;-2.69393505553073;-1.50227448810722;-2.41363070731625;-1.87504417800132;-2.05643213600252;-2.11346935078675;-2.52510575248683;-2.43765921749625;-1.90175470004396;-2.28792834631181;-2.6504497684896;-2.5964128870708;-1.39749362884296
600;-2.25366550069905;-1.93644121829586;-2.10770370261045;-2.40311690789299;-2.29154011418996;-2.21520087955774;-2.30014337167048;-2.15812775273821;-2.14441667300556;-2.19666953858051;-2.47311251999648;-2.07587359606234;-1.98996481475802;-2.8165324453662;-2.18610623841673;-2.35504389939632;-2.21517444639928;-2.79520229638751;-1.62252655287916;-2.48082273842771;-1.92840275069858;-2.14383241709425;-2.17574424610682;-2.58970896373736;-2.51144083193048;-1.97439513598854;-2.36131851286285;-2.73124550577051;-2.69473918920594;-1.43016636301464
625;-2.35608898724933;-2.02753165546468;-2.16117121745194;-2.46310234701462;-2.36278123468942;-2.27920651951977;-2.39048831108939;-2.22362223502581;-2.21559284512698;-2.27042756503477;-2.5360079026953;-2.13789945771516;-2.15589622473376;-2.90068607069631;-2.24185116866931;-2.41027287409122;-2.28155634866368;-2.88015430355623;-1.71932710019157;-2.53351098418229;-1.97546170147616;-2.21519111578324;-2.22722462690943;-2.64271881605227;-2.57079225587388;-2.04510872339903;-2.41828491802676;-2.79972913784166;-2.78380891096365;-1.4589261003517
650;-2.4527406676204;-2.11436103906897;-2.21090169509198;-2.51945892709411;-2.4262284026506;-2.3340983971026;-2.46522382686901;-2.28161040509541;-2.28979093027757;-2.33955189983703;-2.58744321618616;-2.19415682487298;-2.29857479859486;-2.96471620008296;-2.28817550649673;-2.45571399966681;-2.33532877476247;-2.95138205685165;-1.78809264622767;-2.57112981495145;-2.01822527926333;-2.27165553491493;-2.26582511183988;-2.68587382981384;-2.62275493772066;-2.10875557218565;-2.47051532255374;-2.85539579938801;-2.86471288274829;-1.48048608722896
675;-2.53254214277037;-2.18467753488803;-2.25485565041903;-2.5633236427376;-2.48549441008729;-2.38269136961841;-2.52380380580401;-2.3282204464361;-2.35102617716303;-2.40241301518512;-2.63281333154573;-2.2388768289141;-2.42005343727238;-3.00866331387193;-2.32487393472259;-2.49411529543739;-2.38339642138518;-3.01015252118324;-1.82598204829981;-2.60274306018336;-2.05475647705464;-2.31656801599419;-2.30127017094444;-2.72425408697465;-2.65999428048547;-2.16006559073133;-2.51593951640326;-2.89924760299377;-2.92780296951937;-1.50081972698625
700;-2.59853050132469;-2.24090601599451;-2.29241689127795;-2.60053450032803;-2.54212626607716;-2.41509775886588;-2.57081981514322;-2.36449985679079;-2.39370004309165;-2.46003944494217;-2.67182276961088;-2.27434922695256;-2.5182561291731;-3.04901747812304;-2.35447849656784;-2.52473034808762;-2.42624095272019;-3.0614106957292;-1.84045259592849;-2.63141169360568;-2.08661648126695;-2.35475158467354;-2.33313538146083;-2.75739002701625;-2.68854213058907;-2.20006069690232;-2.54578867515952;-2.9269492893671;-2.97650685997672;-1.51939757433181
725;-2.65899849512271;-2.28190438504618;-2.32728126071957;-2.63350714955025;-2.59039688153488;-2.43858448970548;-2.61153702770412;-2.39379531472504;-2.42854602581514;-2.509539537805;-2.71172898618296;-2.3061919009805;-2.58860010519974;-3.07689333280778;-2.37822111039022;-2.55148909126956;-2.46588389214852;-3.10189113873966;-1.84011233744949;-2.66406502919999;-2.11469689602065;-2.3872360660696;-2.36100549965105;-2.78503163623718;-2.7103739312083;-2.22849642919001;-2.56967145257943;-2.94004472882762;-3.01256006646096;-1.54260733355794
750;-2.71605159404639;-2.31371776025075;-2.35966915346702;-2.66299887436464;-2.62928069744119;-2.45902286292307;-2.64072376465859;-2.42080056773092;-2.45836306296974;-2.54811921941151;-2.74648773466019;-2.32877439013449;-2.63596847913191;-3.09993183866594;-2.39529218397068;-2.57759520490971;-2.50603281122146;-3.13153734141117;-1.83474995446458;-2.70142257484793;-2.13398213963116;-2.41367332655772;-2.38530790822145;-2.81160459108282;-2.72726222834446;-2.25173562821107;-2.58165819635425;-2.9412025315141;-3.04155797796462;-1.56236101077002
775;-2.76349969478495;-2.33953864370115;-2.38985840775585;-2.68605352204582;-2.66125885270142;-2.48044537968804;-2.66757936062917;-2.4423704583209;-2.48108355216946;-2.57734510498393;-2.77517453196081;-2.35034429283608;-2.66610876925437;-3.11836248465842;-2.40704114807608;-2.5967406831648;-2.53947425041803;-3.15985553352643;-1.85306953813908;-2.73923300483669;-2.15021995932821;-2.43334329732935;-2.40266365533825;-2.83944260717134;-2.74138868163684;-2.27015749520528;-2.59102033819612;-2.9301563480535;-3.06606985413289;-1.57574909920188
800;-2.8060436475019;-2.36194403951603;-2.41559709785685;-2.70437909696262;-2.6899615806054;-2.49902858789552;-2.69223628558625;-2.45787628974375;-2.49407374534603;-2.59941150787494;-2.79830412363548;-2.36924337562595;-2.68660012020905;-3.13064170592448;-2.41986961992819;-2.61306903012134;-2.57150273125518;-3.18187276484246;-1.87364702010622;-2.77449858496051;-2.1676273253992;-2.44852501261649;-2.41210935338802;-2.86276007777003;-2.75310714137133;-2.28353752564685;-2.5978020282292;-2.90649962931386;-3.0905183338066;-1.58749364357908
825;-2.8427461712321;-2.38772414057422;-2.43715772297465;-2.72240887535389;-2.71178128952876;-2.51408700681401;-2.71547312445148;-2.47102389139417;-2.50563835257711;-2.61642468613961;-2.81503565160923;-2.38886397162777;-2.7020997605338;-3.13666509732636;-2.42795020927597;-2.62322826781299;-2.60532892437916;-3.20088221274806;-1.87315697870136;-2.80111132248251;-2.18519067954348;-2.46151839844056;-2.42020682681931;-2.88043125433519;-2.76098727622602;-2.2990317176198;-2.60231838949675;-2.87087792418843;-3.11099779819149;-1.59580740139938
850;-2.87501715868689;-2.41377764685843;-2.45558639783407;-2.73814463517281;-2.73012937815456;-2.52742620139375;-2.73915470641101;-2.48216202019203;-2.51313712176291;-2.62947073918519;-2.8243156620561;-2.40851180898315;-2.71327115818822;-3.13793583049331;-2.43448072368071;-2.62938394985594;-2.63562741424391;-3.21634088775728;-1.87049102607438;-2.82287444638549;-2.19666698887751;-2.47214634567805;-2.43055538167724;-2.90079757625422;-2.76608746343005;-2.30720877979643;-2.60215789327786;-2.8269708674097;-3.13866616339538;-1.60531878155103
875;-2.90465982766926;-2.44064645357432;-2.47596036331376;-2.75341193490717;-2.7485334683046;-2.53953346270558;-2.75975968130867;-2.48952366471797;-2.51110467633349;-2.6411274275975;-2.82669909708347;-2.42790463887624;-2.72560853891274;-3.13573371019995;-2.43444588301431;-2.63435300853849;-2.66141876763381;-3.22105393712839;-1.87032542481534;-2.84331492286229;-2.20328725708718;-2.47831545704961;-2.43864864771372;-2.9151011406898;-2.76890198571009;-2.31081094203907;-2.59602065995259;-2.77880407615768;-3.13703113183457;-1.61667447160281
900;-2.9299078061897;-2.46688228829641;-2.49409422698554;-2.76141549817498;-2.76153788005418;-2.5557403360448;-2.78043367360539;-2.49372936700651;-2.51099374019301;-2.65145902351829;-2.827054806172;-2.44137187777337;-2.7409171138044;-3.12743159757512;-2.42639919276363;-2.64048686336065;-2.6801281216916;-3.22875471053569;-1.87333233456602;-2.85692976392583;-2.20801649308608;-2.4837478974792;-2.44327916498565;-2.92140652031104;-2.77009374055366;-2.31489925143931;-2.58547614166399;-2.72882200798049;-3.13261376030612;-1.62108469871592
925;-2.95155165219449;-2.48606443052321;-2.51072068025463;-2.76294149217892;-2.76815569534767;-2.5710631284842;-2.79608010307875;-2.48986994315121;-2.5121640800534;-2.65521883473842;-2.82370312744837;-2.45079487430032;-2.75634981394477;-3.12384841365281;-2.42017655559035;-2.6438482452977;-2.69030907119897;-3.22897444455725;-1.88346866868728;-2.86327207570935;-2.21071772083771;-2.48902222735294;-2.44286885512065;-2.92785516941126;-2.76925909306864;-2.3204435181915;-2.57585752088633;-2.68903419023123;-3.12691356575069;-1.62721212727026
950;-2.97281356455429;-2.50070480007492;-2.52349506030017;-2.76466775682457;-2.77223127705134;-2.5771694408749;-2.81133694596693;-2.48401195340011;-2.51096501133061;-2.65660575801952;-2.81857541680408;-2.45499660769439;-2.77093011328039;-3.11312746450823;-2.42139468820829;-2.6487990851262;-2.6998824441733;-3.22861521768064;-1.89237540688639;-2.87040327223296;-2.21602582454496;-2.49179370054659;-2.43996883369115;-2.9301401843923;-2.76665154957045;-2.33156686624347;-2.56716840090788;-2.65197491333916;-3.11831778467535;-1.63517097916695
975;-2.99522356892318;-2.52045056975889;-2.53490266946477;-2.76213780623544;-2.77668858378508;-2.58364993185356;-2.82385269062755;-2.47118622350529;-2.51400127800679;-2.66574382668216;-2.82868565200704;-2.45733104401145;-2.78678741796562;-3.09822756173392;-2.42250539812244;-2.65011569031342;-2.70906201451208;-3.21832477773876;-1.90026243418823;-2.86644519617661;-2.21958360235645;-2.49026978166979;-2.43718073344778;-2.93004670375646;-2.76511575159718;-2.3374797478185;-2.55488338553893;-2.58558328052327;-3.09510604906163;-1.63843699034797
1000;-3.00851692683213;-2.53223216689241;-2.54776903158146;-2.75894927757877;-2.77957220920465;-2.58991270862326;-2.83381587147793;-2.4615611491026;-2.51214999548095;-2.67126810469473;-2.84012878534609;-2.4647943716621;-2.80189086946441;-3.08426611093544;-2.41853216080064;-2.64909292214319;-2.71575999691827;-3.2061943863789;-1.91015066242086;-2.85925022018675;-2.22165656074655;-2.48901727917676;-2.43693374542169;-2.93225734180199;-2.76083497707653;-2.3413269493661;-2.54316964064398;-2.51121481266844;-3.06818531567807;-1.63473367161567
1025;-3.0245033160671;-2.53827868937283;-2.55595815561156;-2.75138261797901;-2.78157616850182;-2.59280689654877;-2.83927991078131;-2.4529819632445;-2.5029649384783;-2.68427153041138;-2.8371206349619;-2.47292106189984;-2.8136633664107;-3.06658226656508;-2.41173142160898;-2.64888652750123;-2.71793560978586;-3.18503947085687;-1.91371892723304;-2.84933287523566;-2.22356872030453;-2.49146404574253;-2.43213223070799;-2.92920090466891;-2.75531731306613;-2.3472670389135;-2.52532149702469;-2.45163605209862;-3.04676279785719;-1.63045239531252
1050;-3.03958203948506;-2.54147259261746;-2.56311466230664;-2.74145077160921;-2.78474143342733;-2.59610682188845;-2.84089460644076;-2.44374639615811;-2.49623709265463;-2.70499491523138;-2.83116966694723;-2.47669936406098;-2.81949789401942;-3.05796317785203;-2.39991771029707;-2.64825866226788;-2.71647174185775;-3.15714319114301;-1.91287044733009;-2.8342555344591;-2.22660284457325;-2.49471601547704;-2.42653434422379;-2.92498856100752;-2.74986892994972;-2.35223169750439;-2.50612179443638;-2.41616488811646;-3.02547539072663;-1.63042558366018
1075;-3.05562606037238;-2.54515951418279;-2.5664238535086;-2.7313656407297;-2.78437972074514;-2.59702899331377;-2.84059525991417;-2.43626035760444;-2.4802478378242;-2.73449426105502;-2.82433283312714;-2.4804595558869;-2.82279149503538;-3.05093045898757;-2.38345335264353;-2.65090827812091;-2.71881226019954;-3.12937309978057;-1.91395291270426;-2.81615806187582;-2.22492429196614;-2.5027304330751;-2.4242866630252;-2.92363260811392;-2.7436243206971;-2.35436622769264;-2.49539563163925;-2.41156001342159;-2.99949512981101;-1.62612619474642
1100;-3.06967938729399;-2.54543804681257;-2.5687066202598;-2.72529254054606;-2.78350301534293;-2.59775949598095;-2.84072670526088;-2.42885666468699;-2.45800424815503;-2.75649505509922;-2.81685462966244;-2.4821858814344;-2.82525372072567;-3.03879217265921;-2.35943315825191;-2.6591929022779;-2.71942534973656;-3.09884305836359;-1.91247686830662;-2.79776986898273;-2.22157867861288;-2.51429507344761;-2.41688833835812;-2.92350095294758;-2.73424511658779;-2.35579132395455;-2.47569254654231;-2.42986638731283;-2.98253078987813;-1.62343682765662
1125;-3.08484511921043;-2.54820748176436;-2.56743473624787;-2.71512926634722;-2.78395721042958;-2.59376629862517;-2.84369868585554;-2.42390236878807;-2.43457530963167;-2.77220500839459;-2.80764783069347;-2.482916682075;-2.82539006758133;-3.02941777637908;-2.33335173320822;-2.66194773712581;-2.72054219154835;-3.07210177481442;-1.90656436712244;-2.77853882827444;-2.21707761806422;-2.52236183504793;-2.41021590006583;-2.92456584487106;-2.72617232206988;-2.36452820585029;-2.45594327729722;-2.47277075779153;-2.96580141869607;-1.62282696237711
1150;-3.10034150117021;-2.55361713652438;-2.56554172302396;-2.71273969933727;-2.78065753755367;-2.59025782438194;-2.83512266619317;-2.417436439161;-2.42072714186529;-2.78769049939615;-2.80179649323149;-2.47775600766479;-2.82008309700663;-3.0111506478935;-2.30934328258804;-2.6652784402876;-2.72007895650556;-3.04424524900786;-1.8977783255776;-2.76464993638771;-2.21520860014763;-2.52791938018085;-2.4009293300681;-2.92233322994886;-2.72328159557523;-2.36896567883356;-2.44332168348227;-2.53348545392063;-2.95049316298269;-1.61882534032577
1175;-3.10907170486843;-2.56573307850735;-2.56377748354131;-2.70926259088352;-2.77690159942304;-2.59088935569394;-2.83869050995306;-2.40558640452182;-2.40966970498543;-2.79870152105987;-2.79859098422414;-2.47291458465389;-2.82066199116346;-2.98546243697454;-2.28033914989214;-2.6702127716626;-2.71676023092903;-3.02242531896414;-1.88227603103942;-2.75396921123324;-2.21349298737242;-2.53521895440692;-2.39539830603126;-2.92071724512403;-2.7163090311835;-2.36756823497499;-2.4278149321143;-2.59926435271972;-2.92880719750783;-1.61299359827922
1200;-3.11496754103296;-2.57742419937913;-2.55883943912751;-2.7076602363778;-2.77414478902285;-2.58985883210745;-2.84364798548372;-2.39068076571891;-2.39435966193291;-2.80681776752682;-2.79763884304721;-2.47532164611355;-2.82221274695115;-2.96748082686902;-2.25399848171156;-2.67619259916224;-2.71245040091974;-3.00656670215317;-1.86389199391247;-2.73686399976385;-2.20604670266142;-2.54680119864721;-2.39585579596542;-2.92300620865495;-2.70391748527502;-2.37023294911948;-2.41395748409911;-2.66199305872965;-2.90757897873568;-1.60788075962033
1225;-3.1195506999322;-2.58217154676756;-2.55770270129253;-2.707679259358;-2.76526611321886;-2.58897943491114;-2.85957687841287;-2.37207578573835;-2.38454852618366;-2.81238263823025;-2.80489395953945;-2.4798265214651;-2.82284624349363;-2.94977310108716;-2.22928791993857;-2.67834682297833;-2.70694699984373;-2.99294046246587;-1.84423137436211;-2.71819865424014;-2.20045274485316;-2.56163663164852;-2.39743289903421;-2.92524605515811;-2.69191136678924;-2.37610072313886;-2.39860741284619;-2.7087177974544;-2.88426714480476;-1.60631898334269
1250;-3.12977396434175;-2.5864206299384;-2.55656597539271;-2.70378565205878;-2.75564413117199;-2.58645381571794;-2.8581341309901;-2.35657130659933;-2.38226229526632;-2.81518864288525;-2.80736272614627;-2.47486845473088;-2.82234365970634;-2.9418429851794;-2.20671121422575;-2.67503451160086;-2.69968880051389;-2.97591408628217;-1.82031023846694;-2.70429201235217;-2.18793264836912;-2.57710316486523;-2.39636180090759;-2.92284713184422;-2.68292922301821;-2.38722433057341;-2.37867885657162;-2.73118036377064;-2.86213175431677;-1.60879360739178
1275;-3.1354544189752;-2.58740652173417;-2.55796305472302;-2.69369724905119;-2.74567135554671;-2.58779472996739;-2.86566548035158;-2.3438632867443;-2.38226939898349;-2.81812384221269;-2.80877946373714;-2.47377838853549;-2.81934801959117;-2.93802694175017;-2.18807167648592;-2.67354218095589;-2.6855213507732;-2.96085280456502;-1.80140098725219;-2.68729336118737;-2.18085434693249;-2.58852405339248;-2.3917352223438;-2.91637132771786;-2.67692352430205;-2.40027193339973;-2.36182286805063;-2.7231470448156;-2.83798869297416;-1.61213848814232
1300;-3.14100053654004;-2.58597718266642;-2.55461413959267;-2.68312591011714;-2.73488423520573;-2.58972824335517;-2.87801126553709;-2.33347310755495;-2.38507148537645;-2.81988304961463;-2.80948594747242;-2.46900854126267;-2.8165606052381;-2.93198143891994;-2.17719793466899;-2.6783132578852;-2.66927978773646;-2.94047363152149;-1.78773814167917;-2.66516854985695;-2.17653826592909;-2.59771659274193;-2.38447267030536;-2.90605073005252;-2.67381736713885;-2.4117456773898;-2.34914191741294;-2.68393620895335;-2.81619594922105;-1.61939775678618
1325;-3.14988245050599;-2.59435026941538;-2.54866549944169;-2.666839275853;-2.72030277725624;-2.59237849562866;-2.88987112192538;-2.32782818684848;-2.39461802368488;-2.81920888148293;-2.81059499752479;-2.46828818093124;-2.81354212430212;-2.92581765431757;-2.16965393845174;-2.67985382499599;-2.65169645355214;-2.93022030061246;-1.77326379376676;-2.64243956705883;-2.17761621059466;-2.60710648279656;-2.38363627111773;-2.89110846450222;-2.67005673357691;-2.42370969696076;-2.33934255146254;-2.62324210752525;-2.79736482584508;-1.62692327718238
1350;-3.15349812751245;-2.60145639402526;-2.5461315376982;-2.65634413194661;-2.70730795853805;-2.59443462741342;-2.90570487862091;-2.32652497846311;-2.3987429470046;-2.81339071599218;-2.81213080887135;-2.47179127883782;-2.80893346664173;-2.92441679147255;-2.16053372647996;-2.68169114532631;-2.63038353747909;-2.91493286797663;-1.76106415949229;-2.62185502174773;-2.17639191939071;-2.6168127162651;-2.38377075806729;-2.87689752131662;-2.66584660816048;-2.43668184095439;-2.33532561513482;-2.54812524569341;-2.78453182698477;-1.64063377886828
1375;-3.15720339595256;-2.60933693063052;-2.54269864803398;-2.64022252677885;-2.70141324437087;-2.59979347217812;-2.91938019385981;-2.32856952783172;-2.40046214603177;-2.807363634919;-2.81318730346786;-2.47346937804637;-2.80449927382821;-2.9245839778948;-2.14489641039825;-2.6784029084988;-2.60926576770575;-2.89839083294938;-1.74866617819961;-2.59816201788814;-2.17431486891571;-2.62082088650472;-2.37723619430789;-2.86655409622173;-2.66290187645571;-2.44940403412058;-2.32954110534456;-2.46602927389587;-2.76792066898551;-1.65061792176614
1400;-3.16131926144358;-2.61466383352367;-2.5374453522065;-2.61915719369199;-2.70131776050464;-2.61047537388317;-2.93813109250597;-2.33010275262843;-2.40571972821118;-2.80236315121459;-2.81030217566022;-2.47175825107453;-2.79991455872417;-2.91954362752857;-2.12704487697141;-2.67310620843899;-2.58804903881417;-2.89146293282799;-1.73427283085822;-2.5761518635911;-2.17177746767993;-2.62262022307049;-2.37200399815552;-2.85462876132383;-2.66313532235292;-2.45806539898318;-2.3179684598389;-2.39948623451332;-2.74720159035983;-1.65843432609738
1425;-3.16287793802039;-2.61784543344088;-2.52898118557891;-2.59364977429653;-2.70180049998289;-2.61306995668881;-2.95354631213454;-2.3339399636914;-2.41330788046048;-2.78949568324433;-2.80072506214858;-2.46683800456616;-2.79210533916365;-2.91990565875251;-2.11206141082728;-2.67367854390362;-2.5640291106059;-2.87586347248466;-1.73072069406827;-2.55849794247521;-2.17388396072286;-2.62499669361069;-2.36894025556477;-2.83949894649055;-2.66437107741411;-2.46538566613017;-2.31413066458957;-2.37214659547106;-2.73047866413474;-1.66437317044221
1450;-3.16827781677386;-2.61630116816686;-2.52175163251781;-2.56288884260162;-2.69955622936275;-2.60503533143733;-2.96794513589793;-2.34313920031165;-2.41900770498566;-2.77286246889244;-2.78851680710252;-2.46132874412103;-2.77840827565703;-2.91673780283712;-2.08511470346748;-2.67698446939483;-2.54660726391256;-2.87248418027486;-1.72828934585337;-2.54981298792416;-2.17605353998308;-2.62617275052881;-2.36572446842905;-2.82832427149166;-2.66765324587713;-2.47375699648648;-2.31502140584371;-2.37733277188245;-2.72022401504524;-1.66655303738354
1475;-3.16525361844041;-2.62055245555451;-2.51808844357116;-2.52689490760799;-2.70147981476041;-2.60467282613941;-2.98330520064127;-2.34877562928012;-2.42685388820012;-2.76092988602387;-2.78927543920184;-2.44847058064494;-2.76429103996339;-2.90288678779686;-2.06498628002063;-2.67456198410261;-2.52889879553887;-2.87251902988208;-1.72716439372771;-2.54114689046579;-2.1734907892302;-2.6215048588218;-2.3601605745055;-2.82126795030752;-2.67395238359335;-2.47856819323217;-2.3161099250498;-2.38600238038766;-2.7071414700488;-1.66877033364571
1500;-3.16128698392783;-2.62113543582415;-2.51474491934774;-2.48541180400173;-2.7075457958225;-2.60792238298437;-2.99533681861188;-2.35816711042444;-2.43760452737661;-2.74476874432644;-2.7874188622674;-2.43273679648106;-2.75281626550139;-2.88487603776603;-2.04795493637792;-2.6680077259518;-2.51829088410094;-2.88570616335774;-1.72564032853578;-2.53566122414001;-2.17254403542592;-2.61500130407394;-2.35588498391697;-2.81597221014503;-2.67847667385881;-2.48314299217472;-2.31731142680054;-2.4056885172375;-2.70008831979954;-1.66801096460835
1525;-3.16261071007303;-2.62117714554396;-2.51817425119231;-2.43790253977912;-2.71325208963551;-2.61316489967779;-3.00945615686035;-2.36628076472905;-2.45209954274998;-2.72415329222114;-2.78376404979261;-2.41156919675923;-2.74088699097904;-2.86609438617786;-2.03932428433037;-2.65520902705456;-2.51094141782504;-2.89921055232252;-1.72054670670551;-2.53229372884405;-2.16461990373519;-2.60775890672697;-2.3501581133682;-2.80777821890055;-2.67779563668795;-2.48839105119392;-2.31430433887928;-2.4370223327781;-2.69212938993689;-1.66311651148387
1550;-3.15334063111582;-2.62364775660339;-2.52071823982545;-2.39153360124378;-2.7169081037335;-2.61875999578232;-3.02016249603865;-2.37315554955363;-2.47145454874926;-2.70817639476554;-2.7835551177753;-2.38622914212071;-2.72599661166063;-2.85138035477903;-2.03537012309681;-2.63945107395464;-2.5000852561239;-2.91586271622054;-1.71355574719414;-2.52714847483517;-2.157225499889;-2.59530842475952;-2.34342963796978;-2.7947635081047;-2.67268663322033;-2.49240876975519;-2.30657152106817;-2.48289416781175;-2.67796777802656;-1.66192495456988
1575;-3.14627986369826;-2.62778130955237;-2.52141288196798;-2.34664397772842;-2.71724865300748;-2.62097906883222;-3.02985884593205;-2.38893992334478;-2.49134501237154;-2.69775150838829;-2.78258883249994;-2.36174064876562;-2.71455465517691;-2.83640391619794;-2.03352957335826;-2.62631243031691;-2.49663439990294;-2.94202820255952;-1.7031241574757;-2.52226402021647;-2.14979431863137;-2.58227850030089;-2.33428935768305;-2.78400311908958;-2.6675976175885;-2.4956360702459;-2.30317685094423;-2.53214402705492;-2.66444365771755;-1.65776513851205
1600;-3.13667191899509;-2.62558454538544;-2.51966028971181;-2.30271694325474;-2.72129756756067;-2.62312409056899;-3.03991845351701;-2.40502682427686;-2.50863495754587;-2.68871469407234;-2.7793907689185;-2.33929043505995;-2.70629409116203;-2.81948491132006;-2.03337458268524;-2.6136189775455;-2.49296655460591;-2.9508705317484;-1.68861907494671;-2.51278894035547;-2.14258044902135;-2.56690262695633;-2.32467755195847;-2.77305879023811;-2.66236589950526;-2.50593055547996;-2.28978265022465;-2.57670171206351;-2.65498639660751;-1.651697127831
1625;-3.12638600978797;-2.62465655174231;-2.52216915202234;-2.25772389255453;-2.7286514156389;-2.62243042951051;-3.04000153194701;-2.42568878231834;-2.52142877835505;-2.68249883404601;-2.77482033020645;-2.31364458072957;-2.70074826479118;-2.79726209958073;-2.03654813355404;-2.60303217804118;-2.49202816903012;-2.96596674754118;-1.67155390022703;-2.49908451760377;-2.13361219849376;-2.54887948919061;-2.3147571939056;-2.75851107187983;-2.65925076111379;-2.52428670023545;-2.27993420435391;-2.62132926645786;-2.63977112218289;-1.64265668427723
1650;-3.11580178271113;-2.62747015073199;-2.52111191429597;-2.2245789915721;-2.73733207817455;-2.6198987140851;-3.03871244171944;-2.4504052640752;-2.53287467354858;-2.68151490271589;-2.76554682622639;-2.28473770935613;-2.69656055458412;-2.77134605210944;-2.04424745783647;-2.59997674032427;-2.49421349172997;-2.97472331141309;-1.65217336578491;-2.49008437870087;-2.12722647722014;-2.52907451384348;-2.30442073412448;-2.74536355053937;-2.65786281552758;-2.53291578533557;-2.27680526142026;-2.66597454579052;-2.63001985286152;-1.63602329694468
1675;-3.1026195859431;-2.63528386119131;-2.51964524500699;-2.19789110797215;-2.74618658061937;-2.61722350964736;-3.04176683190543;-2.47022710327596;-2.54120270841697;-2.6806161934651;-2.7554072217202;-2.26002721106002;-2.69221191250872;-2.74125215608232;-2.04311924233026;-2.60213265833127;-2.49341156295673;-2.98553653254391;-1.62764943121495;-2.48050990008177;-2.11310436107077;-2.50730475129622;-2.29454599091601;-2.73220544936589;-2.65299874022423;-2.53548897719609;-2.26930215736014;-2.70634849960172;-2.61328366057147;-1.62995286234731
1700;-3.08738873570074;-2.64341619221993;-2.51744235565307;-2.17843836456414;-2.75311402625531;-2.61262490542205;-3.03888366754569;-2.48527436806665;-2.54947568474309;-2.68062627022441;-2.74659845222649;-2.24363269300515;-2.68757397093032;-2.70727525677012;-2.04047349066741;-2.61101945230353;-2.49065120203009;-2.99435129164315;-1.60013172139344;-2.46322296315264;-2.09614400003058;-2.48893405243852;-2.2866097129207;-2.71767499058672;-2.64029139636194;-2.53876919384456;-2.2639460245943;-2.74777487285662;-2.60225381978726;-1.6220079586398
1725;-3.06639457905948;-2.65153776077662;-2.51905226157422;-2.16567454376656;-2.75612174623108;-2.60373842183203;-3.04154733800892;-2.4921988965746;-2.55130031354872;-2.68034480336717;-2.74048994662813;-2.22680607842693;-2.68588444321739;-2.67484047076038;-2.0358044410995;-2.60949704177413;-2.48060691233821;-3.0035466422034;-1.57401287259497;-2.44393789942565;-2.08207628402923;-2.47555467879644;-2.28140612970823;-2.70394574747748;-2.62492533451757;-2.53667742091577;-2.25451868612176;-2.78719080181975;-2.58844487518147;-1.61470659502314
1750;-3.04862661186787;-2.65829761253687;-2.52315058132813;-2.15661996766637;-2.76328217536838;-2.58993052371073;-3.02893155419668;-2.50319859611832;-2.55296447733752;-2.68057997386749;-2.7319771844786;-2.20802623872275;-2.68619499085566;-2.64080232715536;-2.03120250466307;-2.60695763583388;-2.47635144532651;-3.00739858057143;-1.54808272987565;-2.43224992713118;-2.06852416865409;-2.46764826363756;-2.27711943445317;-2.68568366457506;-2.60896039033611;-2.5305154377411;-2.24428657314042;-2.82415138207722;-2.57226697751309;-1.60615141339875
1775;-3.02891457031438;-2.66087637904831;-2.53200255930944;-2.15143865830185;-2.76989068531842;-2.57722068965757;-3.02115219696406;-2.51215652634568;-2.55160180571187;-2.68271056724365;-2.72617403989931;-2.19741065982108;-2.68577391360293;-2.61489575004801;-2.02419557641944;-2.60756345977782;-2.47509599777412;-3.0104427425171;-1.52816703740505;-2.42260692573268;-2.05765323370495;-2.46228547849082;-2.27088407610733;-2.66681606946119;-2.59226991416379;-2.52747350522019;-2.23535339885608;-2.85634952929961;-2.54881072232959;-1.59458341033067
1800;-3.00896616697698;-2.65963493690379;-2.53092280781036;-2.15090997830339;-2.77303456299081;-2.56367290334055;-3.01286032245202;-2.51883415190736;-2.55255453770997;-2.68869406912754;-2.72203026007996;-2.18570304098475;-2.68517479849664;-2.58433162138609;-2.01631459745813;-2.61099663326882;-2.47727536877554;-3.01284274299329;-1.5152718791691;-2.41691258515817;-2.04484796393113;-2.45869723291468;-2.26538850285377;-2.64689569012381;-2.57653090298873;-2.52411422018086;-2.23228164576354;-2.8834973586789;-2.52317427596631;-1.58511409289767
1825;-2.99410189991379;-2.65769351928691;-2.52835963447291;-2.14737112203063;-2.77347319531766;-2.55535300587966;-2.99943977431609;-2.53125458003851;-2.55085623463464;-2.69935899242063;-2.71728982609293;-2.17590477791809;-2.68436870794064;-2.5631010822716;-2.0068998779309;-2.61272150366339;-2.47477450068097;-3.02203515605765;-1.50440965234728;-2.41629534048248;-2.03090458730223;-2.45726206487086;-2.26698582811885;-2.61845564149153;-2.56126801000883;-2.51936777546924;-2.23177890762597;-2.91192740892837;-2.50690032631258;-1.57571021883035
1850;-2.97111850977285;-2.64988701864277;-2.52966705828417;-2.15439100961003;-2.77474925391;-2.54682483002984;-2.98607477419799;-2.52754707528626;-2.54792813010777;-2.70886900167502;-2.71253439491142;-2.17065142528517;-2.68100891613899;-2.55140098250403;-1.99699106292942;-2.61473804351322;-2.47286382510766;-3.02674138689596;-1.49293291569938;-2.41622388691095;-2.02012506298028;-2.45613618657387;-2.26776290904448;-2.58670390184003;-2.54366841663713;-2.51911667076131;-2.23573061015138;-2.93374219059127;-2.488685749516;-1.56542412768873
1875;-2.94969114485011;-2.64124807657593;-2.52331244903448;-2.15754298539141;-2.78018466036695;-2.54365001221154;-2.96898581332528;-2.53637910942722;-2.54926412256683;-2.7189879788225;-2.7123818168662;-2.16038266473046;-2.67740029687951;-2.53850993292753;-1.99243805572789;-2.6074891259448;-2.47252562127834;-3.03534178811311;-1.48144749145987;-2.41939980057729;-2.00793431684714;-2.44983349447552;-2.26477313550435;-2.55694765594155;-2.52221726779941;-2.51906107503808;-2.23243620822469;-2.9456262123888;-2.46951104092282;-1.55692443787733
1900;-2.93137289026803;-2.63103405878553;-2.5233319405551;-2.1627713526237;-2.7884744531547;-2.53978829648738;-2.95051335262488;-2.54647913143736;-2.55177217548472;-2.73229298640589;-2.71353013374083;-2.15489452498037;-2.67736952738775;-2.53101258543927;-1.99221366914508;-2.59757524783331;-2.47116081521104;-3.04024449248369;-1.47199867656706;-2.4219233702858;-1.99621151709146;-2.44341129631072;-2.26510107481536;-2.52295487999529;-2.51046127045983;-2.51894488497344;-2.22946758586975;-2.95281787743022;-2.4511605420384;-1.55355090944862
1925;-2.91100277763945;-2.62239885959926;-2.51915353131605;-2.17154293984355;-2.80102929541931;-2.53043693095589;-2.92526493057221;-2.55727566423251;-2.55307530031727;-2.74453727019942;-2.71302899124857;-2.14762986905036;-2.68014315042891;-2.52456616333279;-1.99874769562254;-2.58680897207957;-2.4681252333953;-3.04028962867575;-1.46784905792558;-2.42360401431272;-1.99413176513097;-2.43796752373411;-2.26679966896743;-2.48150799083799;-2.50451796846486;-2.51638134516245;-2.22931846129843;-2.95497828334041;-2.43837220129478;-1.54572915697165
1950;-2.89588494524522;-2.61659931109797;-2.51661769784691;-2.18089816879822;-2.80903964478016;-2.51071928739334;-2.89903072364952;-2.57023362332248;-2.55653929783824;-2.75628848438127;-2.71503867618148;-2.14854432986044;-2.67608756613824;-2.52590361358146;-1.99540544643967;-2.57313697653456;-2.46340332709466;-3.0365713849208;-1.46344838744495;-2.42489269903277;-1.98925887276552;-2.42851116125547;-2.26765997050229;-2.44236069794375;-2.49963368114036;-2.51254999850123;-2.23258356557002;-2.95660073905479;-2.43001895435672;-1.53499566040743
1975;-2.88029779695864;-2.61436708779302;-2.5132874412717;-2.19215839774561;-2.8145708896103;-2.49582380557394;-2.87574653015407;-2.58210832533219;-2.55888503847731;-2.77183917652069;-2.72277046854931;-2.15534729324281;-2.66934891473505;-2.5292243064148;-1.99968752516153;-2.55758441214062;-2.45827181713655;-3.03065763901581;-1.46142940824069;-2.42463580654326;-1.98295206900112;-2.41585064481097;-2.2685830264292;-2.40768189493064;-2.49851047476084;-2.50798013230845;-2.23965599669311;-2.96189937206399;-2.41930505298173;-1.52220469260532
2000;-2.87123617530003;-2.61023317063718;-2.51152343102975;-2.20000256377563;-2.82455556753367;-2.47822435366976;-2.8479577495208;-2.59321131351985;-2.56264628443715;-2.78649674567065;-2.74581169907493;-2.16262921511015;-2.66496175268962;-2.52564271156589;-2.00817841243318;-2.54421243737259;-2.45896666381103;-3.02395622170947;-1.45925646021784;-2.42011457572789;-1.9755175000935;-2.40529221923155;-2.2710922444626;-2.37157685197172;-2.49760737370298;-2.50233704991867;-2.25220000234877;-2.9601571424834;-2.41011116738524;-1.51085798926427
2025;-2.87254220511694;-2.610978437282;-2.51556515338986;-2.21168194020204;-2.834147383155;-2.46417409926865;-2.81642929208041;-2.60393204945895;-2.56816638125388;-2.79937986493758;-2.75506973779683;-2.16762799759312;-2.65705258726379;-2.51879127133168;-2.01899044862722;-2.52854975674696;-2.4608031268787;-3.00621748573244;-1.4607686607526;-2.408530968143;-1.96199210549688;-2.39751570522869;-2.27412690708098;-2.33271994828212;-2.49584642634569;-2.49651309003388;-2.2610534999964;-2.9547936616614;-2.40026523554549;-1.50087332326138
2050;-2.87001126788963;-2.6125707041557;-2.52068501366891;-2.23037675449984;-2.8392639933479;-2.44969783876135;-2.79163973609958;-2.60334246991228;-2.57283174189289;-2.8143268098114;-2.74600978986371;-2.17002891586507;-2.64326862277829;-2.50973484886108;-2.02948347778439;-2.51230372399404;-2.45867956338912;-2.99167736715223;-1.46584589340102;-2.39193367053271;-1.94361605515784;-2.38857341618528;-2.27380878324139;-2.29074582936689;-2.49472556683058;-2.48725510051734;-2.26503013037783;-2.95403294625245;-2.38756572271069;-1.49745459343471
2075;-2.87708023878504;-2.61445921979948;-2.5284526351041;-2.25487938522195;-2.84158293760061;-2.43478506298938;-2.76693935209991;-2.6073850485636;-2.57550232805026;-2.82665913661303;-2.73684570585151;-2.17041215510313;-2.62916363379054;-2.50115666149584;-2.03669509069109;-2.49693559520914;-2.45832217909219;-2.98135997936996;-1.47094969668354;-2.37297065879761;-1.92632748758996;-2.38308828161461;-2.27097180399551;-2.25276675600321;-2.49453508020444;-2.47342728636456;-2.26666612272064;-2.94868947890398;-2.37744400317561;-1.4973509664844
2100;-2.88873947016443;-2.61223862260614;-2.53459031608174;-2.27829674490819;-2.84480923828183;-2.42267633915906;-2.7460701716528;-2.59753449989593;-2.58086213335318;-2.83938520863681;-2.73488326936838;-2.17158885610572;-2.61927474499804;-2.49432132989202;-2.04725465188009;-2.48151413769209;-2.46300512528007;-2.95883179446547;-1.47795473066538;-2.34244652760624;-1.90782877000846;-2.38044630016816;-2.2684312928508;-2.21572390408076;-2.49574342412021;-2.45744378414534;-2.26268113410296;-2.94054327594462;-2.36260255090024;-1.49344324632282
2125;-2.89980007699013;-2.60692151906968;-2.54245717130884;-2.30256641153661;-2.8514421616639;-2.41155159260764;-2.7238645251104;-2.59273584082324;-2.58873206185056;-2.85086559236589;-2.7275114146903;-2.17069959980229;-2.61445400179785;-2.4881698465944;-2.06008469145719;-2.47269351400282;-2.47126537317173;-2.94203647476236;-1.48792441179594;-2.31986225061437;-1.8882195855511;-2.37965148432668;-2.26276960341592;-2.17918270593247;-2.49855227620746;-2.45491239715831;-2.25591554213859;-2.92870160985519;-2.34420960498027;-1.48950356299772
2150;-2.91614143046357;-2.59847984122907;-2.54649512762694;-2.33294983509104;-2.86150851758744;-2.40434841578079;-2.71598883496912;-2.59037993604161;-2.59833716794606;-2.8585722618182;-2.71637912946309;-2.1676607630705;-2.60839735641314;-2.48741865295312;-2.07192172536372;-2.46532447087215;-2.48537451423208;-2.9112989770386;-1.4958169545095;-2.29596044050835;-1.87317181100813;-2.37908191763235;-2.25824821115459;-2.15343570035407;-2.50046285659324;-2.45141014131744;-2.2528935053811;-2.9131037706111;-2.32691218762358;-1.48629020793715
2175;-2.93135318204737;-2.58470067601692;-2.54472884164363;-2.36222693144446;-2.86867293013033;-2.40497503437229;-2.70858939436697;-2.58474612882283;-2.60484733960367;-2.86353702667899;-2.7078673710481;-2.16287909158902;-2.59914850146807;-2.48586359765621;-2.07643190068799;-2.45936765622637;-2.49615386947308;-2.87278198829504;-1.50309141861818;-2.27269624151237;-1.84890279492444;-2.37650302740981;-2.2541401160465;-2.13345240693476;-2.50426107737708;-2.44429067068953;-2.24667290482485;-2.89484461577571;-2.31180757378042;-1.48045148126444
2200;-2.94492828480138;-2.56786091119802;-2.53859903052905;-2.39119951546632;-2.87372075291255;-2.40736879793931;-2.69835544606095;-2.57677316559036;-2.6066469702139;-2.86916957535245;-2.70369264374746;-2.15708365743386;-2.59038888321823;-2.48708466279144;-2.07898061550966;-2.4607440832448;-2.5109084318309;-2.84722048060153;-1.51181853840343;-2.24859089645386;-1.82987470983711;-2.37156137953178;-2.24700105071253;-2.11362458199311;-2.50808629643955;-2.43790408811402;-2.24027151161368;-2.87677701686519;-2.30072305828043;-1.47115555006225
2225;-2.95500108734235;-2.55241555333237;-2.52976001905378;-2.41826225057716;-2.87631697829605;-2.4068347074659;-2.68981269835341;-2.5671949875388;-2.60444129042637;-2.87035048684452;-2.70510137634816;-2.15089337607101;-2.58342964540071;-2.48993623214046;-2.08509001766928;-2.45218866669902;-2.51220756599876;-2.81676624854746;-1.51724192961586;-2.22456201596905;-1.81520737877531;-2.36519307079675;-2.2427553297988;-2.09649484267405;-2.51033440992377;-2.4346505737115;-2.2292859668754;-2.86031026430009;-2.29686439369611;-1.46573116946149
2250;-2.96796214075987;-2.53690365171163;-2.52226778224477;-2.43832384307936;-2.87846310937417;-2.40567668116784;-2.67914495729773;-2.56012310759013;-2.60459094020693;-2.8653794939587;-2.71294121037778;-2.14998507985188;-2.57628135118931;-2.49015094517666;-2.09451804317099;-2.44329794163773;-2.51761752510129;-2.77970756556634;-1.51954554119772;-2.19862469082371;-1.80307720607249;-2.35997827680889;-2.24129360139521;-2.08696590395245;-2.51173755552441;-2.43060400961499;-2.21648677663653;-2.84440376018957;-2.30096440229214;-1.45602482964469
2275;-2.97738563048696;-2.52167717316821;-2.51921759130075;-2.45478788215138;-2.87823796026838;-2.40401679786408;-2.6682672912142;-2.55014262492681;-2.60567289940134;-2.8574501720714;-2.72494120381006;-2.15586870257901;-2.56755748352356;-2.49665438152662;-2.10217843573575;-2.42845955565705;-2.5190336497669;-2.75354206408089;-1.52622348204425;-2.17425700036791;-1.7912656928785;-2.35908667678909;-2.23758252253794;-2.08462853787437;-2.5097629641108;-2.42925090518657;-2.20443317192721;-2.833571399594;-2.30579842157957;-1.45134855533249
2300;-2.98691659021661;-2.51080643074004;-2.51079556477892;-2.47280274325728;-2.87014013951869;-2.39567995654341;-2.65809394477048;-2.54199267350153;-2.6062925754358;-2.84938361961819;-2.74613268618311;-2.14999521504513;-2.5605090903487;-2.49589349632042;-2.1046324817046;-2.41354631678413;-2.52051802243256;-2.73584925496227;-1.53220849426963;-2.14689590109515;-1.77881311007754;-2.36115683852819;-2.23328649110071;-2.08818295773606;-2.50687397716623;-2.42677239907009;-2.19771618115149;-2.82217100237049;-2.31146585375099;-1.44855119857826
2325;-2.99551010156954;-2.49998210681643;-2.50482930224369;-2.48278978369397;-2.85442982164341;-2.39082050443842;-2.64630275957597;-2.54038524298672;-2.60451715285473;-2.84283308251576;-2.77339142670027;-2.14577900852383;-2.55683696610467;-2.50532612355251;-2.10513280283042;-2.40111089964445;-2.5323835843329;-2.72118686569286;-1.53403948285732;-2.11712378502242;-1.76603827672093;-2.36459927125598;-2.23115931843372;-2.09159596406124;-2.50473438645826;-2.42347405076364;-2.19181065150297;-2.81590552604177;-2.31652049646788;-1.44684399619518
2350;-2.99948267497941;-2.48851819808154;-2.50002527589318;-2.49272047353916;-2.84306270671235;-2.38163151058304;-2.63243144099612;-2.52414543124113;-2.60820178045515;-2.8329545368441;-2.79839937075431;-2.1431308288255;-2.55341441330218;-2.51708562877562;-2.1053285682106;-2.38703024661108;-2.54385361741301;-2.7193293419317;-1.53454742822144;-2.08770069857468;-1.75940341027741;-2.36346950276223;-2.22979859715517;-2.09997487901731;-2.49731438646333;-2.42440619662245;-2.18824410701696;-2.80550331911995;-2.31562696588797;-1.44051845786637
2375;-3.01019282055964;-2.47814275436053;-2.49200633368887;-2.49969762230407;-2.83198840572652;-2.37406012200401;-2.61818891941206;-2.51739707670429;-2.60912993513424;-2.82263726835234;-2.81619150909838;-2.13698802548734;-2.55329653441075;-2.52217443880509;-2.11269796166131;-2.37410249661518;-2.54952467392965;-2.71996540473642;-1.53269950175177;-2.06321764200629;-1.7491003107037;-2.35945696890857;-2.22743847263892;-2.10936703384111;-2.48412389519051;-2.42457757675853;-2.17872054016574;-2.79619198246415;-2.31518619489895;-1.43877781967333
2400;-3.02063127510702;-2.46772899070057;-2.48856566923311;-2.50713962227011;-2.82119446861518;-2.36249816951279;-2.60447560027117;-2.51463859452244;-2.61008602823182;-2.8119451439622;-2.82063925745324;-2.13123933238073;-2.5591942070125;-2.53064821839358;-2.11388335642244;-2.36348896887155;-2.55144111797082;-2.7269041339143;-1.52655545023988;-2.03804609170656;-1.74780381229266;-2.35947243590024;-2.22021436678948;-2.11653283242417;-2.47821859162113;-2.42686916828361;-2.17130059654057;-2.78620555503539;-2.31497664016645;-1.43924251089201
2425;-3.02676498575952;-2.46362280891265;-2.48646641152796;-2.50976914822305;-2.81560446818748;-2.35358002600228;-2.59468631081986;-2.50611898347506;-2.60869442179824;-2.79818943833087;-2.80738273751025;-2.12226850768216;-2.569211662599;-2.53895977518505;-2.11753311183858;-2.35269955849343;-2.5533859145378;-2.73509379810731;-1.52060252674405;-2.01644590136673;-1.7398146098858;-2.36191342531611;-2.21052761656978;-2.12089304122475;-2.47430535433197;-2.42648302985666;-2.15765164099006;-2.7713378520082;-2.31949132980513;-1.43575266133582
2450;-3.03733295940169;-2.46424585653222;-2.48427792968233;-2.51131131791433;-2.8095568463077;-2.34929177476952;-2.58995018830024;-2.4983195224783;-2.6118217887486;-2.78166359887365;-2.78563455780116;-2.11672142132028;-2.57942384225871;-2.55088177567212;-2.11862084418164;-2.3428382030381;-2.55420555523924;-2.7452343082043;-1.51556704464452;-1.99927677326961;-1.73556105058724;-2.36376359377877;-2.20415260484643;-2.12400665993294;-2.47055474765255;-2.42582787382798;-2.14715483881038;-2.76171835731958;-2.32545378541137;-1.43219458818922
2475;-3.05162972713296;-2.46410521523875;-2.48235229131226;-2.51267436268107;-2.80717641241661;-2.34811844248318;-2.58542283052901;-2.49242412473611;-2.61482694793864;-2.76761137886118;-2.77110381124691;-2.11394205720504;-2.59448856382838;-2.5688800540921;-2.11796736337594;-2.33307535674269;-2.55682123215372;-2.76874220976179;-1.51097958900565;-1.99140220888464;-1.73607279842954;-2.367333894277;-2.19828907797655;-2.12695380267662;-2.46921554464234;-2.42401470305437;-2.13289741528874;-2.75508231387875;-2.32992377549365;-1.43120416411948
2500;-3.06215286777035;-2.46622689540528;-2.48114164361019;-2.50679033068224;-2.8120322322286;-2.34507515817163;-2.57902163973803;-2.48687051706302;-2.6149646221796;-2.7495994501333;-2.77232641561308;-2.10967077476966;-2.61217889779422;-2.58635008253066;-2.12107381708941;-2.32695903111302;-2.5578776369036;-2.78668421185427;-1.50317846814744;-1.98727984473475;-1.73940634044062;-2.36994643195116;-2.19049458126292;-2.12808941854899;-2.46737807897282;-2.42079288171588;-2.12520299606101;-2.750455161059;-2.33825416402311;-1.42775967268019
2525;-3.0747685392128;-2.46831277923938;-2.47618534171339;-2.50410851426373;-2.81667957418393;-2.34642349718751;-2.57505034009354;-2.48684625912016;-2.61390949151918;-2.73055221916823;-2.76633098682778;-2.10502126659749;-2.62836533390242;-2.60050844967467;-2.11682689410374;-2.31819858239517;-2.56336474218372;-2.80575261727258;-1.49056993692639;-1.9872344178411;-1.74745985630594;-2.37042516058489;-2.18228267474366;-2.1276866222695;-2.46876689082597;-2.42309981733104;-2.11311539091536;-2.74925537508032;-2.34218152295263;-1.42092222082778
2550;-3.08495614500738;-2.4755423498735;-2.47022782655165;-2.50099728092618;-2.81403424391428;-2.34737853111914;-2.57059812973992;-2.48478577748335;-2.61125666571636;-2.71091275153046;-2.75659110842972;-2.1052623770126;-2.64045290096041;-2.61523781714389;-2.11138710816749;-2.30733410610525;-2.5761514105786;-2.81425855865687;-1.47242137641258;-1.9894872155923;-1.75890629499232;-2.37130006196298;-2.17488543830899;-2.12686409043611;-2.47326989991109;-2.42226009489154;-2.10567868265961;-2.74865464327113;-2.35198266023265;-1.41314948308686
2575;-3.10110457926449;-2.48167883938368;-2.46781684719709;-2.49115449375411;-2.80932957098419;-2.34824092422637;-2.55868406922434;-2.48595929735926;-2.60376508615694;-2.68153169797989;-2.76056354647344;-2.10567928903852;-2.64852020194433;-2.63446280965139;-2.11008926581691;-2.30085401615855;-2.58228354885773;-2.82519419255812;-1.45768707271208;-1.99900055782867;-1.77471545358411;-2.37370930565173;-2.16748525611815;-2.12250885636044;-2.4796126640278;-2.41763896462605;-2.09963632667569;-2.75169963741104;-2.35988664419583;-1.40553100879817
2600;-3.11375130692153;-2.48859487688813;-2.46800034160014;-2.47601990538156;-2.80113029193481;-2.34888489550645;-2.54997256933245;-2.47722013120961;-2.59346705839302;-2.6560218208709;-2.78109725977436;-2.10608591351482;-2.65485415186435;-2.65333316941306;-2.11052448524509;-2.29105823548441;-2.59175330206389;-2.83455309963726;-1.44454667787392;-2.00693508392874;-1.78899539778051;-2.37993641376295;-2.16164135033622;-2.11150290074971;-2.48585569069177;-2.40830126686169;-2.09177400848341;-2.75434631210922;-2.36318610013138;-1.4015062702696
2625;-3.12206568958667;-2.49623527361925;-2.46742622917023;-2.45733913319518;-2.78971958821227;-2.34814866695798;-2.54165009761597;-2.4708119794467;-2.58838882431167;-2.63167289753679;-2.80544698318375;-2.10735162215121;-2.65906779486288;-2.67490273411349;-2.11384498587329;-2.28978650256708;-2.60967418642357;-2.85032233477449;-1.42784056631811;-2.02155205271396;-1.80518203871899;-2.37969581470097;-2.1558453387573;-2.1009175821139;-2.49131150255845;-2.41040765827591;-2.08617131926993;-2.75715136717434;-2.36495105419667;-1.40277013471167
2650;-3.13029650071491;-2.49981097398645;-2.47028130056882;-2.44018886077441;-2.7789693520084;-2.34720774072248;-2.54094783862589;-2.46480370527179;-2.58800473022742;-2.61092191227519;-2.83142667647662;-2.10824735249122;-2.65613909713165;-2.6950646092758;-2.11340234713943;-2.28594547063414;-2.62360963350573;-2.86167780301048;-1.40421140022835;-2.03278008953787;-1.82147671616802;-2.37213789013662;-2.14915930621385;-2.08886035533079;-2.49591574480885;-2.41087404568475;-2.08095879465259;-2.75709254748255;-2.36237412213762;-1.40091475933704
2675;-3.13838370082666;-2.49778990182116;-2.47473086668724;-2.42586109768517;-2.76559355471856;-2.34532480237613;-2.5408437472585;-2.46048530910848;-2.58795441531831;-2.59508802677884;-2.85901972220471;-2.10619521498266;-2.64599216817912;-2.71057337046545;-2.11033579396622;-2.27781528365595;-2.6314581755974;-2.86037622605271;-1.38410510404976;-2.04472454853992;-1.82996337984907;-2.36162988056128;-2.14370925667042;-2.07117833044827;-2.50097084395624;-2.40271584736413;-2.07546426274388;-2.75552498246269;-2.35878663984201;-1.39888617682014
2700;-3.14880428834287;-2.49467409849422;-2.48141663275433;-2.4094606267843;-2.74882989788121;-2.33896902451896;-2.54419507822683;-2.46167704256732;-2.57955765724761;-2.58319249412145;-2.88154656567899;-2.10464345064382;-2.63252788821359;-2.72412256171776;-2.10199549137694;-2.27192516063476;-2.64656954181837;-2.87514512127991;-1.36727282012668;-2.06093079832205;-1.84027874276279;-2.34622107156377;-2.13642661098343;-2.04747194021884;-2.50690122272076;-2.39222247922946;-2.06859902644056;-2.75332936296708;-2.35856171303838;-1.39337961317377
2725;-3.159907941388;-2.49195478576924;-2.48548143248572;-2.39097148277678;-2.73147102133404;-2.32876154004843;-2.55052609298528;-2.47228781298309;-2.56818377824021;-2.57147130470164;-2.90476093467515;-2.1108626688698;-2.6210747058436;-2.72959224049626;-2.09839127188948;-2.26680885751474;-2.65165138301494;-2.87537160364293;-1.34911457128546;-2.08079997043974;-1.85042364755423;-2.32658969391759;-2.13031364450252;-2.0228177051263;-2.5115527068011;-2.38517206312735;-2.06295697404611;-2.75466854064077;-2.3602104663143;-1.390811321505
2750;-3.17366870022231;-2.49098053353452;-2.48886953966141;-2.3659388756176;-2.71165479470785;-2.31917177179251;-2.55964086763397;-2.47811952931145;-2.5563152537926;-2.55928827657213;-2.92260147185103;-2.12361430984034;-2.60527241058161;-2.72642214694995;-2.09159172324533;-2.25826119230458;-2.65279743702632;-2.86837325926958;-1.33368140029839;-2.10696168853501;-1.85871988057192;-2.30852408731982;-2.12831016247409;-1.99765481907202;-2.51714989149984;-2.37678817254757;-2.0581900689541;-2.75744824067324;-2.35779730847385;-1.38500817750122
2775;-3.18104178947054;-2.48695950616646;-2.49431227060646;-2.3407136466754;-2.69590037128984;-2.31061406702044;-2.56885844610101;-2.48713922965685;-2.54788718612912;-2.55212412821603;-2.93335893234275;-2.14165373989069;-2.59128706947205;-2.71060750121076;-2.08548894689674;-2.24517614798699;-2.64778790852165;-2.8607046507553;-1.32093864903483;-2.1349943439854;-1.86088650701034;-2.29320572776991;-2.12061857142099;-1.96952330804224;-2.51986664612857;-2.36758620733557;-2.0508896724654;-2.76543409779252;-2.36148463528277;-1.37791861716762
2800;-3.18528562031073;-2.48355596346257;-2.50042037380305;-2.31997681618444;-2.6768030177152;-2.29581584497785;-2.57962306621675;-2.49883384902875;-2.53452632374447;-2.54583137807835;-2.93965812676725;-2.15300115547983;-2.57734090689983;-2.68571915486783;-2.06883453008189;-2.23910645342039;-2.64520915859176;-2.85277974671644;-1.31050666390226;-2.16205470515539;-1.85687165361523;-2.28019538564802;-2.10967723798806;-1.94058459794919;-2.5211337828829;-2.36483749794196;-2.0458500637946;-2.77058864360923;-2.36947550025128;-1.37358477220705
2825;-3.18927528709579;-2.48029628962941;-2.50574795243871;-2.29310981234417;-2.65379718334447;-2.2797720714429;-2.58892547226318;-2.50889847073653;-2.51798441449867;-2.53991427081164;-2.949822309358;-2.16966011398877;-2.56152476114498;-2.66180265890551;-2.05387417343297;-2.22939757511323;-2.65694590170155;-2.8394046207128;-1.29823168065906;-2.19249750065003;-1.84997177477871;-2.26549749778654;-2.10105283099961;-1.91534378834455;-2.52187630742113;-2.36453142406554;-2.03518962550308;-2.78083046244172;-2.3710968179456;-1.37235740940516
2850;-3.18553345748778;-2.47244836478973;-2.50969711874976;-2.2696593559448;-2.63340678455013;-2.26195520420697;-2.59533739821073;-2.52254561919949;-2.50372357489537;-2.53666787572408;-2.95880270516145;-2.1898599357742;-2.54666105419356;-2.63268407840934;-2.02555296351575;-2.22350618549459;-2.66743560974323;-2.8324726407817;-1.30412910312806;-2.21965284919741;-1.8536896762883;-2.24726752540873;-2.09397226005126;-1.89428421446447;-2.51965165297496;-2.36313783429982;-2.02611747240911;-2.79166320903596;-2.36725998668313;-1.3682935295362
2875;-3.18520936090205;-2.46178391757094;-2.51220378404966;-2.24240075223608;-2.61217467485899;-2.24686865929423;-2.59773380841982;-2.53563171101627;-2.48990144416538;-2.53421476907488;-2.96535080966413;-2.20936477255271;-2.53186075436583;-2.60431225359632;-2.00202146033796;-2.22117154852023;-2.67580716619797;-2.82121109733338;-1.30722874398096;-2.24752410568133;-1.86028616145828;-2.22809144568394;-2.08174072481059;-1.87086851358898;-2.51722943037368;-2.36083350707495;-2.01692950601126;-2.80538696900194;-2.3688579578653;-1.36997836830662
2900;-3.17849165602572;-2.44617317744484;-2.51227788040643;-2.21828557992575;-2.58896903475045;-2.22708721044629;-2.59729502653765;-2.54599556737034;-2.47188110476142;-2.53450829282289;-2.97322846348429;-2.22886160996519;-2.51315471152122;-2.58486680196231;-1.98511308321393;-2.21565449810953;-2.68499874559816;-2.81179666602203;-1.30247289999518;-2.27403562478846;-1.87211834578627;-2.20655396800124;-2.06716311632736;-1.84814475180686;-2.51600567466225;-2.36082687619312;-2.01114610886835;-2.81776023386509;-2.3685730261819;-1.36542433082372
2925;-3.16879451822161;-2.43320547248353;-2.51531779467053;-2.18847687666339;-2.56008988503622;-2.20159855001025;-2.60006768360634;-2.55492262468684;-2.45182920021435;-2.53494401901043;-2.97745370421159;-2.24728857192531;-2.49038006871836;-2.5758904916971;-1.97369297743576;-2.20907563900589;-2.69452344871738;-2.79426946554151;-1.29561345406992;-2.29836953757002;-1.87232782782898;-2.1821084085932;-2.05599921790508;-1.82174325640583;-2.51484082163238;-2.35713798523758;-2.01039112140189;-2.82622232513462;-2.37085176815026;-1.34994965951237
2950;-3.16132270596148;-2.42091997292116;-2.51611339987501;-2.16553238643525;-2.5327967047235;-2.18118078562034;-2.604375768154;-2.56414068951011;-2.43357286768103;-2.5339319457385;-2.97801792023843;-2.25989832259083;-2.47117993981091;-2.57103360766924;-1.96526722466567;-2.20165816324221;-2.70693038938849;-2.7708949509311;-1.28809420962964;-2.31599524181591;-1.87573461978645;-2.16176107001208;-2.04567523019889;-1.79054331138836;-2.51264893698242;-2.35245197837491;-2.01700090404293;-2.82864501065428;-2.37318501774811;-1.33849233851059
2975;-3.15468057536511;-2.40638716329475;-2.51738008781328;-2.14391464413295;-2.50530478588889;-2.15960622226174;-2.60550573243855;-2.57313430269748;-2.41752150626712;-2.5454724355465;-2.98044525418544;-2.27061002001886;-2.45770581165264;-2.57725609691898;-1.95646482896973;-2.20908967559586;-2.71946297570405;-2.75649639498735;-1.28120010325448;-2.33143024206821;-1.87886489684161;-2.14506873644815;-2.03472719377427;-1.7566266251996;-2.51041026518145;-2.34651401921298;-2.0214546516439;-2.82294337520139;-2.37498458899898;-1.32764858386238
3000;-3.14795852732251;-2.39532385575141;-2.52129587368774;-2.1244662232736;-2.47691814775966;-2.13908609933868;-2.60733214844939;-2.57648260983465;-2.40073570744805;-2.55746336881958;-2.97842347794126;-2.2761883806347;-2.44185567092949;-2.5933005713318;-1.95491372193016;-2.20170097419041;-2.72548443504327;-2.74174078569194;-1.26865652952089;-2.3377296676961;-1.87960297562431;-2.12716416897266;-2.02069058429868;-1.72492787931343;-2.5080187416452;-2.34022714303394;-2.03005210352542;-2.81897751622789;-2.38096193872136;-1.31567961841143
3025;-3.14739283417488;-2.38074170355463;-2.52154343960859;-2.1110050120668;-2.44900632408254;-2.12119469431506;-2.61233972938724;-2.57727147654833;-2.38656603520987;-2.57026428243761;-2.97229111127478;-2.28044318458036;-2.43243111948639;-2.61422764661769;-1.94900928825502;-2.19799231258697;-2.73854686720982;-2.72798540821338;-1.2475878745755;-2.33965338809904;-1.87925125353711;-2.10740497098784;-2.01137334851921;-1.69275721139981;-2.50952447489935;-2.33919014520324;-2.03391826969106;-2.80963511132885;-2.37743631027568;-1.30398049075704
3050;-3.14841005904996;-2.37023819378194;-2.52325053663928;-2.10396147826567;-2.41817789771962;-2.10598318543395;-2.60861391784043;-2.5758558852507;-2.37715684983444;-2.58494310084345;-2.96483491671561;-2.29124664609382;-2.42960383577258;-2.6357710943918;-1.94386978242505;-2.19428707891257;-2.74985016907645;-2.70362433724542;-1.22437932316905;-2.3341279874672;-1.87881807077355;-2.08813043322388;-2.00614871950234;-1.66407246048046;-2.50964666786735;-2.33425663683825;-2.04192565424749;-2.79813869748083;-2.38101699738965;-1.28626778990237
3075;-3.1453863262647;-2.35537525108592;-2.52228125934548;-2.09918655289186;-2.38905335536771;-2.09439608423014;-2.60572574046452;-2.5696596413686;-2.36910726550019;-2.60014111553892;-2.95270227484846;-2.3030669443641;-2.4305630842552;-2.65904285050475;-1.94155988279434;-2.19596444119784;-2.75243614475577;-2.68227726304662;-1.20832162916661;-2.33198439373023;-1.87066040023713;-2.07246377051607;-1.99996341384426;-1.63618717916303;-2.51124316879047;-2.3303295287829;-2.05348549838209;-2.78823821804694;-2.38266606985679;-1.26613340506552
3100;-3.14231702621769;-2.34724225735066;-2.51981394697061;-2.09285029941414;-2.36185084821633;-2.08435223063871;-2.6049185680381;-2.55845122106235;-2.35657093783015;-2.61759033313144;-2.94277127366919;-2.31404451575487;-2.43628986617006;-2.6825755420469;-1.93731978878862;-2.19540830495522;-2.75385297349574;-2.65874995417658;-1.19538315859928;-2.31869969783467;-1.86133247615116;-2.06381551385874;-1.99975100525618;-1.61627042961114;-2.50559101424211;-2.33099677990466;-2.06747664644974;-2.77464521593223;-2.38637899682091;-1.24863090130778
3125;-3.13620471670035;-2.34412029505344;-2.52063328334174;-2.08835636105384;-2.3342550679378;-2.0750380544553;-2.60417624078858;-2.54113850198308;-2.34595901180721;-2.63165051678046;-2.93205996743153;-2.32748855500209;-2.44647073348171;-2.70018650203558;-1.93153806211289;-2.20226021057198;-2.76701038613488;-2.642197569369;-1.18005673002864;-2.32047230984033;-1.85418484859201;-2.05347885279484;-1.99782930537305;-1.6093288190027;-2.51382934245695;-2.33487147123678;-2.07974604051963;-2.7600666919221;-2.38509095017661;-1.23533156395312
3150;-3.1260590829181;-2.33922063377369;-2.51963060609567;-2.08209757874112;-2.30876037008717;-2.06539555074782;-2.6053102211278;-2.52232391834477;-2.33491439868174;-2.64513870758223;-2.92218950804868;-2.3443208121326;-2.46069435478048;-2.71760927207848;-1.92442662966728;-2.20809914503755;-2.77035789721981;-2.63311847806197;-1.16732722517642;-2.31630521287947;-1.84628895803447;-2.04036157175466;-1.99210926492946;-1.61464317073362;-2.52639363923868;-2.34368772939709;-2.09434773718663;-2.74225886436933;-2.37679079515211;-1.21894007664446
3175;-3.11420867972388;-2.33147704564146;-2.52073488804222;-2.07773789074425;-2.28775912161086;-2.05428880848663;-2.60842706159487;-2.50250142004465;-2.32625373859199;-2.65634360401592;-2.90890545775613;-2.35998575931646;-2.47645906717953;-2.7288983698973;-1.91887026842939;-2.20764591248389;-2.76542026937859;-2.62871234255935;-1.1617594457648;-2.31040884356144;-1.83764474850253;-2.0262684274874;-1.98622065208396;-1.62677194122703;-2.53457861761506;-2.3497288459755;-2.11234673191057;-2.72200249175477;-2.37099450516697;-1.20278980267002
3200;-3.10449171511728;-2.32172598359105;-2.52370289400929;-2.07129840040793;-2.2686523510694;-2.04129286511304;-2.61113903266047;-2.48157220983249;-2.31260836575616;-2.66343896641347;-2.89467634428168;-2.37820684782794;-2.49356282351639;-2.73861626645191;-1.91107874927054;-2.20164264352533;-2.76659976678404;-2.63793188979226;-1.15569298956454;-2.3030775421751;-1.83289576279916;-2.01350413466767;-1.98130843393818;-1.64951930591392;-2.54218960125889;-2.35489127613246;-2.1280816329594;-2.69850829462292;-2.37625760410371;-1.18666815533891
3225;-3.10045707466523;-2.31196140132768;-2.52332055214896;-2.06339852198185;-2.25020553785425;-2.02949634304309;-2.61742897679709;-2.46725926045671;-2.29683626413117;-2.66785977455247;-2.88665931736737;-2.39973033953932;-2.51131280945186;-2.74890884785175;-1.90817417920783;-2.19812000244355;-2.75810593068867;-2.64462686887082;-1.1460144997441;-2.29177302686065;-1.8297747132999;-1.99942105705895;-1.97939216258365;-1.68291548732627;-2.54668604718192;-2.36494362320542;-2.14864470545839;-2.67540645035066;-2.37970935184385;-1.17229818663137
3250;-3.09629303807293;-2.30667875921311;-2.5227717580664;-2.05918139726572;-2.22453799363845;-2.01698937660124;-2.62577531060034;-2.45129605253513;-2.28114407209103;-2.67446178770269;-2.8771601938961;-2.41509542155197;-2.5248496540768;-2.75841431557796;-1.90718766254492;-2.18721874609445;-2.74818489223275;-2.66284259737766;-1.13590291356467;-2.2869624142636;-1.82886795080779;-1.98571976436172;-1.97979028129497;-1.72086548957122;-2.55099778598715;-2.37153793305899;-2.16650785054734;-2.65312114109542;-2.38216464929586;-1.15634573288994
3275;-3.09082124798408;-2.29965951407327;-2.52111645045174;-2.05374540560653;-2.20365152827331;-2.0083733455249;-2.63477679150977;-2.44342104364866;-2.26376540447455;-2.68159301570393;-2.87425117286385;-2.42653204717564;-2.54059562683473;-2.76768067671861;-1.91447389700993;-2.16956586421268;-2.73577343632142;-2.68370257536626;-1.12319834897755;-2.27554981369791;-1.82866235614196;-1.97529994180163;-1.98061302012144;-1.76227202514202;-2.55751112492422;-2.37506678491274;-2.18090284465973;-2.63275345233403;-2.39444945195137;-1.13465536070412
3300;-3.0837272496918;-2.29700598328886;-2.5221745471061;-2.05178489604131;-2.18393541217664;-1.99760735986182;-2.64565831112405;-2.44014459848252;-2.24520064351149;-2.68817747591858;-2.86858537636592;-2.43292620995129;-2.55834138493724;-2.77774825999146;-1.92454895310882;-2.15617921067964;-2.73464678625984;-2.70376348989963;-1.11044050913206;-2.26127005791742;-1.81975668431352;-1.96828179381235;-1.98154982975109;-1.8030574428891;-2.56230219201191;-2.38593459605827;-2.20291203105639;-2.61289571809202;-2.40923214031533;-1.11528655041272
3325;-3.08918162400824;-2.3014721613526;-2.52574756032053;-2.05206064158476;-2.1619148065211;-1.98375664731942;-2.65410365124482;-2.43448868954099;-2.2253575977423;-2.69156898573998;-2.8703209015523;-2.43292999865668;-2.57578301042526;-2.7859733201031;-1.93502109198211;-2.13256640353406;-2.72566484088675;-2.72505827118145;-1.09671462837213;-2.25129651061352;-1.81418624636483;-1.96098241251742;-1.97949439506895;-1.84555954639913;-2.56699844428419;-2.39786102706168;-2.22048377217211;-2.59565951338654;-2.43209983605923;-1.09464198056027
3350;-3.09089023615029;-2.30676775897953;-2.52313318422421;-2.05671488781272;-2.14239586249413;-1.97100216038633;-2.65964454125067;-2.44013299655955;-2.20806063082551;-2.69875176453433;-2.87274537615704;-2.43279586826915;-2.59559457830803;-2.78762833395278;-1.93424543206267;-2.11682856087498;-2.7115586712489;-2.75060628931486;-1.10100236002758;-2.24138559299122;-1.81609891706758;-1.95617885612152;-1.97449379734715;-1.88226369169044;-2.57129166149538;-2.4039007343721;-2.23223032431436;-2.5835255775199;-2.45666967340275;-1.06831653805272
3375;-3.09637247964381;-2.31543493562126;-2.51712259637918;-2.0548758266832;-2.12351232163625;-1.95998395108407;-2.65879775104658;-2.44149794431903;-2.1963769095599;-2.70538763726726;-2.88289488388944;-2.43136054565902;-2.61519504284678;-2.7864042931359;-1.93841262255367;-2.10173352472328;-2.70211358844331;-2.78197170617342;-1.10342680721434;-2.2320678757468;-1.81820544089383;-1.95591566343209;-1.96513208954702;-1.91641139244949;-2.57565986659503;-2.41289020082099;-2.2381123266239;-2.57618819739409;-2.4821607778925;-1.05099191558839
3400;-3.09439057979394;-2.32292738556329;-2.50796508899614;-2.05678713605514;-2.10786131828292;-1.94855410945754;-2.65492981922371;-2.43231371830814;-2.18421085240995;-2.71285219342085;-2.89392313647867;-2.43188472836235;-2.62748278826548;-2.79194451258481;-1.94811464396369;-2.09021210441786;-2.6938681547046;-2.81366487169505;-1.10990001664225;-2.22640880896566;-1.81683042602416;-1.95463074185763;-1.95669751816107;-1.9493637965991;-2.58134199166885;-2.42411510009038;-2.24727701769192;-2.57093052932612;-2.50805185810405;-1.03026799159728
3425;-3.09091122839152;-2.32770538078573;-2.49388160866795;-2.06163065842089;-2.09073233350976;-1.92881295147174;-2.64881044522874;-2.42733172866478;-2.17603695355902;-2.71664825295597;-2.90126605964174;-2.43556485305233;-2.6357950875614;-2.78471469259105;-1.95413482704356;-2.08414449857843;-2.68144124967176;-2.8398225582602;-1.11618153134594;-2.21999076986917;-1.81610937590474;-1.95035090941079;-1.94852472159505;-1.96977072401044;-2.59333599212363;-2.43691304965799;-2.26070425154486;-2.57397574447529;-2.53727825373736;-1.00498509126011
3450;-3.08872939658782;-2.3304484666935;-2.47675838379011;-2.0690189617525;-2.08058315479683;-1.9071568214604;-2.64512615963967;-2.4181306066369;-2.17074487382379;-2.716898120787;-2.91050954043679;-2.43867270652207;-2.6461993797081;-2.77537264888403;-1.96044347031747;-2.0794965877598;-2.67529117592017;-2.86111193476186;-1.12469804381459;-2.2152040530267;-1.81598441162354;-1.9503909670038;-1.93979810317429;-1.98156508204992;-2.59344803892579;-2.44966071786191;-2.26997886613552;-2.58132923418136;-2.56283058636623;-0.984732578543635
3475;-3.08080742647024;-2.33059437126333;-2.4554166365776;-2.07903500304255;-2.07059319440486;-1.88616195490877;-2.64261627960192;-2.41075323300046;-2.16932056030215;-2.71942208791722;-2.91574590737548;-2.44467923050267;-2.65563372196649;-2.76595564522929;-1.96378107362504;-2.09777788728381;-2.67198303928342;-2.88550595361992;-1.1375679099817;-2.2128549019157;-1.81972517946632;-1.95290100277045;-1.93003421233334;-1.98858803314577;-2.59687592097168;-2.4597854338208;-2.27790668118959;-2.58690736966288;-2.58666459139386;-0.960267584732601
3500;-3.07485289495077;-2.33014668416991;-2.43616861222211;-2.09556768357295;-2.05986801748278;-1.86193812579707;-2.64026755572218;-2.40421781695188;-2.17145913361777;-2.7112575290674;-2.91767287511064;-2.44933677494302;-2.65657809405661;-2.7547135713263;-1.96607193654907;-2.10034651538082;-2.67190927128292;-2.9077903690411;-1.14432329123812;-2.20668102116122;-1.82120579887653;-1.95490666482863;-1.91709813908239;-1.99423600446156;-2.60768233561647;-2.47114020642999;-2.28750439153358;-2.59413038597448;-2.60814044126214;-0.948395638320177
3525;-3.07123608644536;-2.33086917983792;-2.4118266122283;-2.1162315810599;-2.05567687724148;-1.84792433267114;-2.62913875189388;-2.39877214385129;-2.17336347710087;-2.69987981106373;-2.91481382563891;-2.4488993317838;-2.66083363880085;-2.74374806836243;-1.9665166905752;-2.11563750594644;-2.67476100969737;-2.9197532327767;-1.1470828953232;-2.20093277920157;-1.82599621948559;-1.96100104084387;-1.91031347637305;-1.99847166811166;-2.62181829570041;-2.48284189038355;-2.29269735214324;-2.5977682802875;-2.62309743388677;-0.939826189224216
3550;-3.06218873087535;-2.32617584866118;-2.3935254224286;-2.14365733926846;-2.04984299220928;-1.83786652886857;-2.61624338474149;-2.39532320673131;-2.17255087293898;-2.68253356149241;-2.91439963777009;-2.44940475517272;-2.66577647147442;-2.73058333251613;-1.96486133499794;-2.1321506776968;-2.67286936992738;-2.92837486027139;-1.14751706714485;-2.18771705244118;-1.82945409503025;-1.97173648531312;-1.90867692341524;-1.9959605088075;-2.63515655490258;-2.48985048551854;-2.30231494042951;-2.60202190884897;-2.6343139967417;-0.928425414245173
3575;-3.04698786253624;-2.31458978086364;-2.37455768514918;-2.17875264262379;-2.04224758585582;-1.83762882545162;-2.60041216568992;-2.39612184383524;-2.1738383346027;-2.66933126743127;-2.9079129853528;-2.44434241721769;-2.66924874709989;-2.71752000919559;-1.96383550754118;-2.1542102609885;-2.67299847762288;-2.9315037569726;-1.14397713409126;-2.16392427259935;-1.83019262963746;-1.98763279707686;-1.91019629692484;-1.98534421655783;-2.64485911631088;-2.49585897445093;-2.31262683411619;-2.60572573987107;-2.64643378605663;-0.921858076261985
3600;-3.03432945926357;-2.30706935558466;-2.35693210468452;-2.21650662516696;-2.03410898397324;-1.84629344266488;-2.58507493967226;-2.39721673767689;-2.17189048139914;-2.65836929251968;-2.90197281033784;-2.43342172631755;-2.67128193375039;-2.70180255773246;-1.96560751321235;-2.17720253113831;-2.67187245493334;-2.92804585808349;-1.14081553128452;-2.13288177918398;-1.83255373833226;-2.00875414087868;-1.91947292849492;-1.97843191788005;-2.64439429345677;-2.50138185796856;-2.32574403691081;-2.60874373839661;-2.66038975999676;-0.915276132177069
3625;-3.01322377367882;-2.3008637863919;-2.34775499748078;-2.26134066306041;-2.02557871957349;-1.86015306540142;-2.56972681900599;-2.39782878253494;-2.17126737764395;-2.64382088390918;-2.89096673285717;-2.41936465388866;-2.67210858821299;-2.68581301682934;-1.96593530579021;-2.20286638283009;-2.67991404482358;-2.92324369131124;-1.13830777928776;-2.11453819349992;-1.83096539956025;-2.02900394309245;-1.92610977962986;-1.97094318291698;-2.65988137073422;-2.50652621337877;-2.33435044246028;-2.61580359412347;-2.67546091422598;-0.912225435834932
3650;-3.00398639621201;-2.29406803544086;-2.34093544216841;-2.30609343890019;-2.01050424851313;-1.87899215203192;-2.556271242444;-2.39525673569102;-2.16882123557911;-2.62647516221183;-2.87847738324989;-2.40400508968068;-2.67502537928746;-2.67801599776733;-1.96689120038904;-2.23095432913805;-2.6806364342519;-2.92290124918347;-1.14080431271398;-2.08876324091065;-1.82845937458002;-2.04808423270394;-1.93640143678228;-1.95895942607095;-2.67439516506389;-2.51435077994537;-2.34860409216189;-2.62883395498159;-2.68565452200831;-0.909311844180053
3675;-2.98593126394295;-2.28986601096897;-2.34103667137778;-2.34746997641925;-1.9921059473502;-1.90261942558906;-2.54472894394772;-2.39959290852908;-2.16616519030345;-2.60070242359701;-2.860070036628;-2.38494481063347;-2.67767456120624;-2.66280541148166;-1.97004917821725;-2.25690243573594;-2.67600505818661;-2.92216848800386;-1.14394424750799;-2.06933156630031;-1.82848500519254;-2.06227221326732;-1.94109329497249;-1.94552871549993;-2.68483760721174;-2.51821731174085;-2.35815834208549;-2.64280496382132;-2.69988898740179;-0.904965130673582
3700;-2.96431518236384;-2.28660333471043;-2.34045285969055;-2.38778814290142;-1.97464757230225;-1.92148904154238;-2.53366281695769;-2.39789773558945;-2.1583387720402;-2.58227465214341;-2.84780435296241;-2.36397267927275;-2.68222810705977;-2.65214169743374;-1.97337153197103;-2.28200876570768;-2.6760221394109;-2.92490679332516;-1.14168551090325;-2.04949044726935;-1.83107012804274;-2.07543632859139;-1.94436500215007;-1.93452577048159;-2.69403574945119;-2.52074065679514;-2.3710678727502;-2.65453392286373;-2.71757114601022;-0.902600126954986
3725;-2.94148968111319;-2.28674363821328;-2.34137506795926;-2.42681804175195;-1.95795664665596;-1.93757164212073;-2.52310629803292;-2.3933709163868;-2.148554161719;-2.56934947614039;-2.83471576739906;-2.34711319940604;-2.68761762494984;-2.64225035975518;-1.98031409185461;-2.31053927063814;-2.66436729070987;-2.92738449375624;-1.13231007334127;-2.03338617320406;-1.82427628255979;-2.08331102784464;-1.95488086664503;-1.92287972913801;-2.69967647635513;-2.52916324182487;-2.39181182043358;-2.66669209161393;-2.73061943852882;-0.899730107325666
3750;-2.91232510798508;-2.28637309284489;-2.3437882575496;-2.46526575452487;-1.93474905839193;-1.95240469679272;-2.50889633366393;-2.39021692596354;-2.14081253304091;-2.56047919650066;-2.81814173169214;-2.33193843973478;-2.68912402444745;-2.62845227794766;-1.99398841625704;-2.33376178466487;-2.6527478260536;-2.93149474437189;-1.11756550140824;-2.01788846450536;-1.81306048750727;-2.08630346260402;-1.96469494383576;-1.91489454628166;-2.70216357776122;-2.53088685840324;-2.41068968389714;-2.68251719323828;-2.74639203854168;-0.897532884782123
3775;-2.87857031638727;-2.27937996396325;-2.34538246865327;-2.49725056089895;-1.9132407693245;-1.96811138412645;-2.49944966314798;-2.3874104732003;-2.13528186679972;-2.55714053286568;-2.80339723510846;-2.31749019329622;-2.68711537304872;-2.61433749358225;-2.0108743180696;-2.34870158312573;-2.64822936403347;-2.94351994346403;-1.09907530593136;-2.00817405992342;-1.802196664435;-2.08360875478097;-1.97317384392464;-1.90508178078547;-2.70216566879904;-2.53340185139353;-2.42844279041868;-2.69863116019021;-2.75176552378138;-0.896588333510631
3800;-2.84089906685498;-2.27548757196403;-2.34538105885488;-2.52371495213263;-1.89530893622243;-1.97938274151579;-2.49428807722496;-2.38946515571545;-2.13129945069724;-2.55718282089297;-2.78888822158834;-2.30171504266473;-2.68455825380544;-2.60029401262256;-2.02787275204969;-2.36746503911122;-2.65903591669656;-2.94857173553512;-1.08038848709025;-2.00062468647344;-1.78421593981791;-2.07497799306024;-1.9839737184746;-1.89773653385269;-2.69786074331569;-2.53581370010054;-2.45145664915491;-2.71414605925056;-2.75117692245938;-0.899453172753498
3825;-2.81136883009712;-2.27728954913015;-2.35424119148492;-2.54557674719174;-1.87744907049524;-1.9945463993751;-2.48850475083112;-2.39057265243902;-2.12174569399519;-2.55220403090087;-2.76968708940514;-2.28607386264493;-2.68253524431564;-2.58943001758108;-2.03952870583287;-2.38246210923132;-2.66509770042934;-2.95684081267956;-1.0610506032329;-1.99529600480581;-1.76795145599625;-2.06147512704813;-1.99139420231539;-1.89544526025906;-2.69458029963325;-2.53751929954543;-2.47368577295349;-2.72699797971414;-2.75529576083305;-0.902358909103408
3850;-2.78105700785786;-2.2747793973736;-2.35801006643184;-2.56934026336241;-1.86812034008033;-2.00490210578915;-2.47995344759199;-2.39800883295329;-2.10982434394601;-2.54914699589254;-2.746784031454;-2.26956066158406;-2.68388597993686;-2.58330322015434;-2.0519538216853;-2.39679769576462;-2.67200429758929;-2.97071615525049;-1.04115379972999;-1.98840568252585;-1.75224047525799;-2.04632607749424;-1.99575920077038;-1.89176398618366;-2.68800488833826;-2.53653009135453;-2.49091105108024;-2.74292024503118;-2.75841272391039;-0.903395756935862
3875;-2.75384237650283;-2.27098584666267;-2.36460816000512;-2.59165316577701;-1.86297475733428;-2.01452703774612;-2.46579520514319;-2.40370562841734;-2.09377042422721;-2.55708832438422;-2.72693112449322;-2.25096391244023;-2.68525612436256;-2.5823951008734;-2.06350223528181;-2.41253110316568;-2.6783464487862;-2.99012943643437;-1.01703284650336;-1.97776454135994;-1.73846655504996;-2.03148318437402;-2.0024508857287;-1.89370422848525;-2.68244961272813;-2.53594679125465;-2.50864520735499;-2.75987809525196;-2.75644419851645;-0.909021020294778
3900;-2.72689319180059;-2.2650799091532;-2.37185814088202;-2.60801062770924;-1.8682910686248;-2.02423169689917;-2.44858808873446;-2.40706235709561;-2.07109846278494;-2.55968454867399;-2.69977958271968;-2.23105394537393;-2.684368383175;-2.58489990150714;-2.07186833993109;-2.42604252693871;-2.68466293778703;-3.00321963897358;-0.997405683041055;-1.96503161434421;-1.723656370143;-2.01650702651943;-2.00977812219462;-1.90185486405569;-2.68233408867704;-2.53559302775646;-2.53691222599901;-2.77205695359333;-2.75046754820213;-0.910874408054865
3925;-2.70500716885229;-2.2604304058358;-2.37816318262845;-2.62190208121419;-1.87421323201804;-2.03217183079934;-2.43454793093115;-2.41146678349166;-2.04320040728632;-2.55903793219572;-2.67324032008906;-2.2167611241342;-2.67975537280083;-2.58223545394344;-2.07837846578742;-2.439997193039;-2.68350734168079;-3.00955221826226;-0.976277928145257;-1.95364438812772;-1.71200277170183;-1.99926727099251;-2.01543650600095;-1.90660264849942;-2.68694697149483;-2.53946753557508;-2.56519315321112;-2.7813184269578;-2.7399993088295;-0.911079736253542
3950;-2.68847344272788;-2.25406060863286;-2.38738242975651;-2.62616367175009;-1.8835482462842;-2.03613059949976;-2.42483735306709;-2.41648354236914;-2.01189588931166;-2.55607104001873;-2.64880042961421;-2.20181581756551;-2.66951400280592;-2.59127913716795;-2.08710306239543;-2.44818312284411;-2.68366990793878;-3.01846886937186;-0.959597077944263;-1.94374297471183;-1.70587430019084;-1.98247155616249;-2.02301402140388;-1.9122167840244;-2.68918337313828;-2.54261367451208;-2.59439144916269;-2.79019724733566;-2.72933033596741;-0.91093415818878
3975;-2.6729731051779;-2.24495414481915;-2.3984652405885;-2.62752444159563;-1.89811887026096;-2.03973886335796;-2.41720872228726;-2.41804649363469;-1.98027707956495;-2.54335023212816;-2.62537229768006;-2.18991683349621;-2.65845780993568;-2.60398416887446;-2.09709290249229;-2.46959885576354;-2.68025065626727;-3.02253780619795;-0.950231649687736;-1.93056351562959;-1.69900464737736;-1.96899932056878;-2.02519130198065;-1.91457500897494;-2.69753387745699;-2.54500844609566;-2.6223188045236;-2.79581075965866;-2.71903225380884;-0.908665406690973
4000;-2.6635248767231;-2.23844784597836;-2.41067565594739;-2.62968316437554;-1.91010589093109;-2.03600965229685;-2.41140740721784;-2.41868469414315;-1.95217038842926;-2.52254932831724;-2.60208549160878;-2.18289393753685;-2.64283549731431;-2.6199377494368;-2.09997525868963;-2.48779376611593;-2.68513052687058;-3.02374585211959;-0.937121651818918;-1.91870140739766;-1.68898465187061;-1.94840630615873;-2.0230479712566;-1.91444459163323;-2.70315431197255;-2.54400931564807;-2.64945357216968;-2.79114136383439;-2.70894376313002;-0.908941540014241
4025;-2.65810020205452;-2.23385734995515;-2.42160935192498;-2.62692188449209;-1.92493510539409;-2.03472956921992;-2.40733012445482;-2.41799093837109;-1.9204865876698;-2.50187427062578;-2.57961702070001;-2.17153837485014;-2.62304448807709;-2.63784116229138;-2.10359457092679;-2.50113042179076;-2.68384202031849;-3.02095263036966;-0.928391882384432;-1.90991475501691;-1.68208607491314;-1.92437956690192;-2.01871586269688;-1.91505624703431;-2.70474249330473;-2.54388104289529;-2.67090772567772;-2.78489953969463;-2.69911640094908;-0.90597581881173
4050;-2.6487955294186;-2.22727208072602;-2.4323864167359;-2.62320890680856;-1.94251904082483;-2.03418434296624;-2.40738987829204;-2.41916098903749;-1.8885567161702;-2.4804300426389;-2.5608467851268;-2.16565924064736;-2.60244636893813;-2.66454733304669;-2.10529556121562;-2.51364528527343;-2.68233945464796;-3.0179938207574;-0.915300168150601;-1.90108685866442;-1.67715961876404;-1.90350967379862;-2.01336322568805;-1.91148482807183;-2.70682860609266;-2.54504621105472;-2.69232397217721;-2.81032738244697;-2.69035784427959;-0.901643159552748
4075;-2.63980917922349;-2.22077903587515;-2.44768757618159;-2.61800200369243;-1.96166352378586;-2.0329221776752;-2.40113565601215;-2.42495441103112;-1.85935655094958;-2.46132005375975;-2.54441455958153;-2.15948076930502;-2.57898568329325;-2.69144163770505;-2.10759882083297;-2.52228685691784;-2.68320873603932;-3.01360053554823;-0.899376350766562;-1.89215075939843;-1.67365144221277;-1.88601558940179;-2.00652698707999;-1.90565681613353;-2.70995454568696;-2.54595638749257;-2.70906643205466;-2.84442365606955;-2.68038270441253;-0.897769724130064
4100;-2.63031884366754;-2.21564534950899;-2.46485570503713;-2.60045260112489;-1.98171362040648;-2.03374794178122;-2.3995024867866;-2.43167429044882;-1.83242761448097;-2.44489688888953;-2.53100229670112;-2.15002481041967;-2.54952346252183;-2.71246164559844;-2.11181497001998;-2.52296807053003;-2.68037973144488;-3.01213945110695;-0.886677056653725;-1.88945885603364;-1.67057537775494;-1.87544797372945;-2.00299079235891;-1.90390616444761;-2.71422363775679;-2.54415676356912;-2.72648316046419;-2.871967563814;-2.66227386965283;-0.892390942713514
4125;-2.61362099874773;-2.20803717459036;-2.4830344168124;-2.58682160489341;-2.0045316549602;-2.03241568521973;-2.3980433911319;-2.44115777718464;-1.8096303837013;-2.42537146529266;-2.51659524769481;-2.14147310690214;-2.51658244342508;-2.73328312431352;-2.11750809638769;-2.51908511215752;-2.68202779392513;-3.01563711597855;-0.879470238178899;-1.88461598100738;-1.65814283955476;-1.86746048315839;-1.99833091826206;-1.90255801588981;-2.72266520404276;-2.54190322400314;-2.74214301135142;-2.88400440598574;-2.64801164586218;-0.882706065873496
4150;-2.61163081065783;-2.19733535412386;-2.49963338765709;-2.56993605585152;-2.02432289554487;-2.02883999276165;-2.39703898012425;-2.44696591648382;-1.78772182833615;-2.40132307859603;-2.50592591108193;-2.13790642396702;-2.4820530301971;-2.75059837917539;-2.12581555173094;-2.51347207607757;-2.6823394453474;-3.02675549807809;-0.88551740190875;-1.87923236938573;-1.66782665349224;-1.86181230740736;-1.98973569770544;-1.89299572065012;-2.72768081623006;-2.54107217497165;-2.75680069924496;-2.8747402038541;-2.63106954541725;-0.872173216561613
4175;-2.60422593472981;-2.18700836036189;-2.51261400868005;-2.5460706773021;-2.04034738318898;-2.02384095524173;-2.3961548879582;-2.45671555336762;-1.7717770043233;-2.36757652911484;-2.49887605990367;-2.13761318989824;-2.44428589165079;-2.76437655211086;-2.13545630568219;-2.50924084646752;-2.6841250430174;-3.03595267282128;-0.896616402714083;-1.87336604487736;-1.63936357097764;-1.85755660222285;-1.96714700184196;-1.88696792768276;-2.72972840140283;-2.53860344624796;-2.76360779851015;-2.83506396620985;-2.61649555229361;-0.865432710637073
4200;-2.59974385003096;-2.17618554955555;-2.51289891708215;-2.52221213046512;-2.05638018386117;-2.01264896914476;-2.39724193732427;-2.45743679896222;-1.75346842961573;-2.3398009820711;-2.49922688275828;-2.13890746628892;-2.40514637015221;-2.78298522709105;-2.14161037440435;-2.5105889175217;-2.68762556446761;-3.04678658933737;-0.906606378793213;-1.86171923439896;-1.59590558128584;-1.86056279173377;-1.94132739363031;-1.88130429210816;-2.72931360653575;-2.53525764969621;-2.77035744527123;-2.76631007848245;-2.60535301662479;-0.858080874970223
4225;-2.59441033496322;-2.16575069004792;-2.50462487002554;-2.49993255410632;-2.0717494171092;-1.99752285962079;-2.3970687022361;-2.44860115920813;-1.73379449684745;-2.30987028126722;-2.50057967357359;-2.14519087512255;-2.36520616216811;-2.79609009449229;-2.14196107083481;-2.51573115420233;-2.68353739646379;-3.05318045719617;-0.912312066233463;-1.84744352544118;-1.5536045353387;-1.86854535092376;-1.92086037887639;-1.87438737449584;-2.72825549241117;-2.53044524631011;-2.77497534631571;-2.67396895845152;-2.59319010360558;-0.848159630097948
4250;-2.58676616599074;-2.15174491873247;-2.48662068254398;-2.47081518757884;-2.08128766072187;-1.9824253263231;-2.39314262383507;-2.43018459630595;-1.71406875262313;-2.27557924052957;-2.50320145395618;-2.1526732854388;-2.32223910336631;-2.79930969576608;-2.13316197502941;-2.51887995108054;-2.67321321005506;-3.04733117505382;-0.925134892413117;-1.82090812292688;-1.53699042097555;-1.87815205498504;-1.89881141707405;-1.87019378109121;-2.727603650872;-2.51625010813381;-2.77437300375016;-2.5656979267636;-2.58526860116784;-0.837293234139485
4275;-2.57605712475196;-2.13357498613416;-2.45922809474767;-2.43371165480816;-2.08638786365247;-1.96533662248114;-2.38933458290222;-2.40258184136151;-1.6975247946881;-2.24240845431612;-2.50789047999002;-2.15583117668677;-2.27683694521716;-2.7912434704363;-2.10495456692079;-2.51257814359015;-2.66114443932501;-3.03614499568728;-0.941981713942104;-1.79667070313134;-1.55369318738928;-1.8816526131523;-1.86669798133;-1.86204964718829;-2.72485585066186;-2.49508639893165;-2.76643444557405;-2.44508266547848;-2.56960122033728;-0.825962562801473
4300;-2.56133336745891;-2.11610398830895;-2.42159596619004;-2.39904683385887;-2.08763114130817;-1.9455370157323;-2.3830186812779;-2.35293505727603;-1.67784221948445;-2.20654219685551;-2.51656197966556;-2.15063802094312;-2.22843094491692;-2.77260896574084;-2.06924200637237;-2.49855618672772;-2.6449845295571;-3.00926956689216;-0.957549413995431;-1.77112499583403;-1.60069814911536;-1.87908310815598;-1.83092889187655;-1.85248325302737;-2.72041359393725;-2.46166550413757;-2.74712803823915;-2.32034622180892;-2.55182423940435;-0.814346726643976
4325;-2.54315727591264;-2.10089172667707;-2.38426477213914;-2.3604612353935;-2.08140546123675;-1.93189283824783;-2.37208892224682;-2.2900269159754;-1.65459454135687;-2.16510481660566;-2.51896342201068;-2.1372960934922;-2.17947674666475;-2.74649407818205;-1.9825824272936;-2.46684113658876;-2.62329454454321;-2.97616405510098;-0.96630410545567;-1.74144338118943;-1.66609102039035;-1.87466975738127;-1.7874832251231;-1.84069289063148;-2.71247102530294;-2.41845450568942;-2.71773977792064;-2.20165972738557;-2.53106702883964;-0.800476780877907
4350;-2.51883200694715;-2.08116640359674;-2.34277700829506;-2.31949256747026;-2.07069755488035;-1.9110055712407;-2.35631124817563;-2.22143237782843;-1.63136955391381;-2.12323421379638;-2.51831194213831;-2.11175184344249;-2.13289285900846;-2.71536787204678;-1.84492383377881;-2.40852564731865;-2.5986759622039;-2.94279747882985;-0.961375913424423;-1.7097505169277;-1.74729167734855;-1.86350134105656;-1.73541508145494;-1.82258795593307;-2.69196209511721;-2.36431635868701;-2.67527717555272;-2.10360613371474;-2.50776536714652;-0.78506747159985
4375;-2.48908630841337;-2.05791256765765;-2.30392472451593;-2.27730413491226;-2.05546959401412;-1.88653150297957;-2.33517552757957;-2.15275314155876;-1.60705081889632;-2.08943537759559;-2.51039050052878;-2.07155218953769;-2.08710717848462;-2.68151017654733;-1.68739009392813;-2.3355519675134;-2.56274334783709;-2.9046521240624;-0.939106845322758;-1.67691074505421;-1.78659365805772;-1.84182665471319;-1.67949576266438;-1.79915498544237;-2.65875785762011;-2.29948354198315;-2.62546101593097;-2.03960102396963;-2.48161747763021;-0.768511690872508
4400;-2.45839100008883;-2.03015273523912;-2.26835216128493;-2.22604399270948;-2.03814378807917;-1.8576645585071;-2.31000925312568;-2.09209774816801;-1.58190812304004;-2.05242990384617;-2.49255149833595;-2.01830380680433;-2.04336521847532;-2.63574986894821;-1.5318121389796;-2.25356316343073;-2.52202847875369;-2.8583929594015;-0.901067250322987;-1.63885428601465;-1.78196390466222;-1.81198322533309;-1.62088184627621;-1.77065625105474;-2.60896897325618;-2.22912245357951;-2.57285615352541;-2.0037274817857;-2.45167237447501;-0.743305454547925
4425;-2.42495393620197;-2.00158288811872;-2.23804379522251;-2.17062647131749;-2.01425839601373;-1.826758594549;-2.28760946541347;-2.04228221836015;-1.55626116236864;-2.01844080088662;-2.46843527052409;-1.95986345584934;-1.99687869668876;-2.5844920719484;-1.39530079745479;-2.16901619915799;-2.47179052404414;-2.80890440772405;-0.847378409673787;-1.60802596795382;-1.73632957518182;-1.77435626847963;-1.56091783028156;-1.73506341422839;-2.5396771381823;-2.15824527665355;-2.50933392297802;-1.97533081918457;-2.41206935225544;-0.709353175142693
4450;-2.38667424880153;-1.97059273524493;-2.21370618317125;-2.11398692275086;-1.9866975345335;-1.78654772147116;-2.26501454964572;-2.00628285397036;-1.53018006630865;-1.98399827661459;-2.43238523553306;-1.88334789760437;-1.94649101128092;-2.5316683234862;-1.29714063603433;-2.08728280097622;-2.41397464542254;-2.76644924766894;-0.78565576842623;-1.58003721697273;-1.65813886810636;-1.73345188892168;-1.50093006774151;-1.69693243079884;-2.46049825713823;-2.07081805853676;-2.44783285746477;-1.96867326823076;-2.3731915833547;-0.667400523918582
4475;-2.34885257271196;-1.93538080255593;-2.19343364559847;-2.05915602271379;-1.95814945487306;-1.73984460815055;-2.2416092071721;-1.98255391592526;-1.50459025202443;-1.94532206714495;-2.39370513006485;-1.80057066400593;-1.90164436505655;-2.47259830464039;-1.24193121233254;-2.02344896711475;-2.34815338722678;-2.71989748767025;-0.719919835313964;-1.54702000238261;-1.54771615057084;-1.69503702877957;-1.44105021697231;-1.65327577740458;-2.38800859308191;-1.97854884166253;-2.385767154721;-1.97278194301659;-2.32733498571817;-0.618540267397671
4500;-2.3105762277054;-1.89931650138682;-2.18107964415456;-2.00839307146403;-1.92187103536662;-1.68222558384646;-2.21969680278172;-1.96745892056231;-1.48121904651174;-1.90526331518617;-2.34892347223925;-1.72779643174545;-1.85272386330683;-2.4087425530656;-1.22283043780968;-1.97025922750002;-2.2856409707044;-2.67275706714529;-0.651451666236134;-1.51836401356646;-1.4180969629794;-1.65135695858961;-1.38416182860631;-1.60475065151954;-2.25387483373833;-1.88935468411086;-2.31584585991525;-1.96620414255886;-2.27844406542612;-0.556761994828865
4525;-2.27134195182895;-1.85939260939382;-2.17221811947721;-1.95931295023854;-1.88177382578523;-1.61685922102831;-2.20384196067639;-1.95576505229803;-1.45632479570421;-1.8642828580221;-2.30176042642334;-1.66120485225829;-1.8049874874479;-2.33892555259654;-1.24209614285093;-1.92573062684151;-2.21858462772009;-2.61777708306881;-0.591421126075181;-1.48925644639741;-1.28083801479631;-1.60474139348991;-1.3297958119811;-1.55233362844243;-2.09687697781346;-1.81854031398214;-2.24610720922783;-1.95932378053691;-2.23011002911288;-0.473710910001868
4550;-2.23039559696917;-1.8176677983889;-2.15188301434533;-1.91898958843356;-1.842089897711;-1.55354002447857;-2.19066324303328;-1.94054320605631;-1.43398199029411;-1.82406003158576;-2.25231469074922;-1.61321130929468;-1.76269227158638;-2.27036791969538;-1.285581142064;-1.89789517498766;-2.15566082732067;-2.55387752027437;-0.542534387031808;-1.44698119377558;-1.15169443498842;-1.55922972119586;-1.27851657207512;-1.50039835749771;-1.9384137540484;-1.76836046631459;-2.17902359319466;-1.98462161697185;-2.18586640545564;-0.382056510848313
4575;-2.19156190547583;-1.77647214910154;-2.13109835000771;-1.88322952960247;-1.79880829511532;-1.48682717855842;-2.17722869174294;-1.92257053762958;-1.41206751556572;-1.78391238499921;-2.20262138903322;-1.58036322080517;-1.72410940897062;-2.19748398809188;-1.33890329423434;-1.87621982182876;-2.0938161838179;-2.48992468933507;-0.50501158436799;-1.40427703473964;-1.0411688898929;-1.51168343669831;-1.23054558663648;-1.44969817804504;-1.80169786319384;-1.7379937573083;-2.11055194009795;-2.01538633962724;-2.13974297210821;-0.291025446510936
4600;-2.1544862278188;-1.73429011518254;-2.09306271132901;-1.84743791230246;-1.75366829115548;-1.42585607792766;-2.1681434062034;-1.89507582747766;-1.3912190958037;-1.74391476855261;-2.15291321856621;-1.54897791599855;-1.6847118891136;-2.11911544413912;-1.38688857166176;-1.85278036893527;-2.03155409795054;-2.42379897618911;-0.470243506390898;-1.35865346243643;-0.965958423309275;-1.46229665960024;-1.19223397234144;-1.40237556400461;-1.69683151995129;-1.72426375476808;-2.04163145135378;-2.05479883778015;-2.08944683852608;-0.215361089773636
4625;-2.1141947397281;-1.69170737143083;-2.0481528278394;-1.82303996193528;-1.7071676011816;-1.37242725622212;-2.15845710179464;-1.85890694865631;-1.37000258385345;-1.70515306249678;-2.10131721293956;-1.52814761830418;-1.64633181781276;-2.03774280257225;-1.41672814308942;-1.82236569151781;-1.97697404409264;-2.35637304681308;-0.436269499318211;-1.31190764993377;-0.938702270166814;-1.40654181272044;-1.1623640163082;-1.35755799452125;-1.63385059370777;-1.72383803741125;-1.97579979926378;-2.09355509369902;-2.03816137529197;-0.159517455350783
4650;-2.0744469080983;-1.64900858965846;-1.99734087513199;-1.79886808428481;-1.65934280449892;-1.32733564359559;-2.14854986187044;-1.80603472217937;-1.34624302353042;-1.6641635523719;-2.05126324748951;-1.50858929438748;-1.61298410211345;-1.95917098428434;-1.42332384049267;-1.78586978954725;-1.93694782994277;-2.28617945352661;-0.412292933528006;-1.26728759635334;-0.973954023019938;-1.3397070866154;-1.13418626569225;-1.31292351931196;-1.61062683205577;-1.73354865413239;-1.91506042672947;-2.1262743660303;-1.98804996902023;-0.127384307928355
4675;-2.03497408993586;-1.60688331680983;-1.94566810777712;-1.77809799539901;-1.61120521861121;-1.28533102767098;-2.1389980645703;-1.74576628672005;-1.32395192268552;-1.62608315615096;-2.00501192612678;-1.49481987814645;-1.58123317783841;-1.89013836304196;-1.39902491343684;-1.74067493308166;-1.90083249868508;-2.21594919261164;-0.386066243028103;-1.22236161376164;-0.98954082486085;-1.26255980827478;-1.10519744811376;-1.27280744637115;-1.61922994447448;-1.74786169578246;-1.87540855131284;-2.15264539380665;-1.93496046820662;-0.118300200482504
4700;-1.99577319818409;-1.56608328087159;-1.89365582495976;-1.75919038946271;-1.56478932515407;-1.24988792772747;-2.12925467402832;-1.68451819322366;-1.30153769608863;-1.58968369877335;-1.95756012704779;-1.48186581277354;-1.54764346833045;-1.83614639025089;-1.34258538971207;-1.68633920792714;-1.87265514962656;-2.15110259544906;-0.345448587983288;-1.17737659811724;-0.995996981258876;-1.17868420622568;-1.08006397713921;-1.23272491690324;-1.65028902990455;-1.76022731028197;-1.83637172219243;-2.16047797538211;-1.8797245698621;-0.127393777001807
4725;-1.95697561925326;-1.52721323583117;-1.84240892827753;-1.74026728645113;-1.52165043183286;-1.21513274924518;-2.11898459462469;-1.62607924189564;-1.27906090226363;-1.55515197674761;-1.90960442418033;-1.46262737134051;-1.51689991220816;-1.78802075996164;-1.26489498769746;-1.62502989126415;-1.8511326581886;-2.09394270135621;-0.292890777830247;-1.1354189498302;-0.97950083534833;-1.09125730060153;-1.05948379904734;-1.19455160730796;-1.69961075117183;-1.7681188089301;-1.76468836016183;-2.15532767630784;-1.82341883086096;-0.150983238370873
4750;-1.91871273663287;-1.49061609290971;-1.79334357527691;-1.71293956854088;-1.48078237528397;-1.18155790595593;-2.10785273073567;-1.57394200090086;-1.25649817904417;-1.52049046847218;-1.86379284064509;-1.44003667716277;-1.48497186631078;-1.74634517944266;-1.18306297356644;-1.56261567206882;-1.82784602731428;-2.04030853526734;-0.24116801302588;-1.09382975706806;-0.945640538284313;-0.997397804793982;-1.04339589250664;-1.14920690047903;-1.74978655458881;-1.76402452626201;-1.68590337819971;-2.13413693188671;-1.76584961198835;-0.180042769326221
4775;-1.88111593147449;-1.45633452744433;-1.7478989076988;-1.67742200100111;-1.44288861863192;-1.15126764332493;-2.09552398683472;-1.538644215026;-1.23382619784882;-1.48875517825651;-1.82094877075322;-1.40952234532457;-1.4515813513118;-1.71404949086862;-1.11669182590658;-1.50732677863488;-1.80368673190583;-1.98719555078248;-0.18799077096781;-1.05784530929728;-0.893503259886127;-0.887596601624963;-1.0253556677696;-1.11048469432172;-1.79224353358514;-1.74735296227434;-1.61889387799567;-2.07963646390286;-1.70826555941087;-0.207467271526756
4800;-1.84431658316675;-1.42413213968264;-1.70725858737893;-1.64695849454664;-1.40546315327956;-1.12145360618929;-2.08166326760618;-1.49469338756059;-1.21102161726976;-1.46125272310337;-1.78207059609806;-1.37083343384982;-1.41873561311295;-1.68492051011056;-1.08939919999904;-1.46229369836007;-1.78208014349266;-1.93675670136832;-0.134863383824113;-1.02631739322778;-0.840836908457509;-0.767474622059032;-1.00431010936943;-1.06743304578567;-1.81855073085191;-1.7173053475253;-1.57596517869339;-2.03359957200797;-1.64638392091021;-0.229626920494535
4825;-1.80844606990077;-1.39355889695251;-1.67210898140297;-1.61521004342045;-1.36951673436984;-1.09256200820335;-2.06593547807642;-1.45678084989293;-1.18806109367605;-1.43306260441649;-1.74582206797042;-1.32947174186331;-1.38571466125636;-1.65515780076246;-1.05851343780655;-1.41974953605157;-1.76181863845217;-1.89095812171174;-0.0861538050522966;-0.995399658203937;-0.804627250882517;-0.656875072528235;-0.982532242177008;-1.03132746395357;-1.82171693047457;-1.67478544951835;-1.56329806997274;-1.96077693122153;-1.5846668360966;-0.241289925915613
4850;-1.77363576922394;-1.36404549825907;-1.64246194676968;-1.58197773906229;-1.33642045388279;-1.06362954789137;-2.03493962490307;-1.42005842665807;-1.16492128154173;-1.4015434278782;-1.71013003258656;-1.28526614968625;-1.35493962110148;-1.62704923898996;-1.02278838827722;-1.37285637533245;-1.73768763856743;-1.84776932201744;-0.0456421520667337;-0.962246960007001;-0.794935233298057;-0.571612964069314;-0.960367936171874;-0.992137944492237;-1.79934034980314;-1.62650853455725;-1.58171297220685;-1.88378145161334;-1.52536536311303;-0.236568100374287
4875;-1.74001705858015;-1.33501349381415;-1.61757127504405;-1.55084771658412;-1.3025614231636;-1.03633695250045;-2.01933923967225;-1.38090090519628;-1.14157883377624;-1.37067440226254;-1.67854123109666;-1.24507566921967;-1.32339856909476;-1.59982382410688;-0.990080930080513;-1.32833590171231;-1.71024820933316;-1.80881172162183;-0.0115523870760399;-0.926402677252347;-0.776797835306184;-0.520169580986248;-0.942636725101841;-0.955354941188097;-1.75424111361792;-1.58028415120452;-1.62771949770293;-1.82623853680477;-1.46834191807937;-0.216333308729675
4900;-1.70772131583469;-1.30601206601084;-1.59597289264827;-1.51625945560611;-1.26805566651621;-1.01171914452414;-2.01354161666627;-1.34656634453596;-1.1180104020574;-1.34045314789763;-1.64730798947673;-1.20928846581982;-1.28902621201078;-1.56974338518606;-0.95846309940068;-1.29002641319666;-1.69889855067411;-1.77297764840377;0.01850545176259;-0.887569629638266;-0.756862645691494;-0.498109826516822;-0.91939683978718;-0.917771902843708;-1.69472559076308;-1.54337616404032;-1.6948227183089;-1.78768768071947;-1.41441420762198;-0.184551774016196
4925;-1.67687991978182;-1.27577424154607;-1.57568034391411;-1.480584904973;-1.23444452095773;-0.986061938059305;-2.0060095431987;-1.31361148170587;-1.09419263716738;-1.31035684990155;-1.61789568827189;-1.18406170249554;-1.25124109807252;-1.5413565706509;-0.928109778617282;-1.25679164004082;-1.65936763636473;-1.7346241372037;0.0462147827407191;-0.849708759937637;-0.732834550698398;-0.508485517230126;-0.889997285990613;-0.882112920456316;-1.63437618994037;-1.51920353981922;-1.77506025594036;-1.75623605296259;-1.36136860175936;-0.148965251062017
4950;-1.64762425063302;-1.24567670103745;-1.55456757809246;-1.44363942037547;-1.20322554649222;-0.958143943597398;-1.97818542545549;-1.27956424694759;-1.07010218933195;-1.27857329205087;-1.58751811967362;-1.15572888938214;-1.21186573919347;-1.50708442318386;-0.90623672943528;-1.22814500213807;-1.6095879618442;-1.70330611688321;0.0743417092361224;-0.815893909703624;-0.706997548815786;-0.54559336535851;-0.862945887282494;-0.848395266416365;-1.59124891942407;-1.48756026872114;-1.86292968561996;-1.7497539708289;-1.31169598285206;-0.115807013830463
4975;-1.62008569048422;-1.21670155367326;-1.53097281538134;-1.40694295107698;-1.17570932391847;-0.928750815696859;-1.93421698956031;-1.25196651881136;-1.0457157085633;-1.24685166737322;-1.55625909422117;-1.12640520119037;-1.17406458533506;-1.47259744659998;-0.887765158372486;-1.20478240146289;-1.56396678225194;-1.6746289890958;0.106531768867861;-0.783732642499671;-0.679070490711508;-0.593476863457859;-0.831970690516661;-0.813996048910951;-1.58635385382397;-1.45632141785585;-1.94281726113454;-1.76272454923424;-1.26640745191122;-0.0962358481403416
5000;-1.59447857902;-1.18773959292358;-1.51514075172108;-1.37098393184498;-1.15293307902477;-0.89912232608445;-1.87161765879992;-1.22769146849345;-1.02100984500688;-1.2162465690017;-1.51985537850083;-1.09947293103451;-1.13236061723741;-1.43739687317495;-0.868022709400911;-1.18868204786806;-1.53292382743275;-1.65000766464641;0.141469258558021;-0.763650511843351;-0.650625741246317;-0.64940414566442;-0.797978665835237;-0.778797558676474;-1.55734250695462;-1.42818183242679;-1.99732680256298;-1.79107279517233;-1.22646638037307;-0.0861528091114905
5025;-1.57048166582328;-1.16520396614868;-1.50675714715363;-1.33599260248623;-1.1371094411513;-0.87020921332165;-1.79206421673897;-1.20610385194373;-0.995961249292544;-1.18938708536995;-1.48229058275259;-1.07419248028394;-1.09374680244063;-1.40558567007743;-0.851156097796844;-1.17698691093072;-1.52241134971157;-1.62823847290592;0.175923792351549;-0.752191812061475;-0.619306795221519;-0.703519756232443;-0.76297558969808;-0.748098559644528;-1.53460814669011;-1.4048333889306;-2.02323694582828;-1.83278285379097;-1.18959738768888;-0.0691066841978416
5050;-1.54869042797662;-1.14354718420986;-1.50133241202636;-1.30059443413133;-1.12813644661803;-0.846550452769083;-1.69632692158189;-1.18672197349952;-0.970546572890304;-1.16597886912708;-1.45465474578684;-1.05231449447177;-1.05713478616477;-1.378706501286;-0.832635696630952;-1.16631701095424;-1.53336308433621;-1.6056762939311;0.204154321851586;-0.737803871573477;-0.590607581071144;-0.749578293616237;-0.730463204638666;-0.721148566709206;-1.51380236303427;-1.38613716980175;-2.01387869844846;-1.88074211698961;-1.15987659445705;-0.049765602741227
5075;-1.53011471245668;-1.1251408825391;-1.50443489918469;-1.2657018211284;-1.12383235903713;-0.823299274832391;-1.59652656019899;-1.17492892112809;-0.944430088589895;-1.14508997927986;-1.42695102890944;-1.03383507844165;-1.02420152199575;-1.35322814635991;-0.808960766424516;-1.15463477169597;-1.55746435389535;-1.58872117349344;0.230359925550559;-0.732617243334594;-0.561416994926542;-0.777482690888647;-0.698717082039118;-0.695005762231917;-1.49618589630793;-1.37101003262011;-1.96442385762718;-1.92089054699038;-1.12800553802999;-0.0279846077344517
5100;-1.51381979129623;-1.11209106257543;-1.49978408693431;-1.23074173100657;-1.12451281851001;-0.800580703957485;-1.49355832040247;-1.1671046318438;-0.919417969394343;-1.12949607338879;-1.3999103151673;-1.00905067104112;-0.992105584645193;-1.32396980348495;-0.786498695873096;-1.13830288110289;-1.59298337293798;-1.57250620044848;0.256589235862903;-0.730513942078259;-0.536124892321616;-0.786417498397627;-0.667604781570152;-0.66795662957886;-1.48023551253092;-1.35700936672071;-1.87989943453296;-1.95404285810666;-1.09457575823425;-0.00636465477660635
5125;-1.49943523198407;-1.10242120284399;-1.49424117753658;-1.1961894576693;-1.12772104972038;-0.781229504118317;-1.38874505902808;-1.16440415406956;-0.894182670993521;-1.11774598325646;-1.37970864295207;-0.98757918870397;-0.962807103696309;-1.29425341636011;-0.765378943447932;-1.11883264925898;-1.6387467393102;-1.55646650538446;0.280777667555837;-0.72831914800692;-0.512266566240971;-0.772315179134463;-0.638240810709546;-0.639411674220292;-1.46928569947688;-1.34325387189635;-1.77292536438338;-1.96910979031623;-1.071066936868;0.0109761567987196
5150;-1.48692012010207;-1.09984178396699;-1.49233534569693;-1.1624429947234;-1.13060543917715;-0.765540926791171;-1.29120172865597;-1.15751254831314;-0.865525733076789;-1.10569500380482;-1.36463569243708;-0.964062324163237;-0.939867919456166;-1.27296234842503;-0.747434879907401;-1.10117540368047;-1.69327883672104;-1.53751936944115;0.299486929138532;-0.728432982230817;-0.490239828505706;-0.73870968192363;-0.611847912288939;-0.609808507833579;-1.46080189982549;-1.3299083883775;-1.6648934681737;-1.96415763420279;-1.0588992725615;0.028795359318281
5175;-1.47654340085053;-1.10192066784099;-1.48865982754027;-1.12972691196728;-1.13154835437237;-0.750043267009961;-1.20881615006534;-1.15293578374433;-0.838718468216509;-1.09809141694268;-1.35481271919787;-0.944491701508101;-0.919589981592649;-1.25967691497711;-0.731838397843319;-1.08503113254644;-1.74085522944048;-1.51833073782609;0.318415088066971;-0.728882023055626;-0.475481029779647;-0.693480640501815;-0.589537478514207;-0.58053631722696;-1.45237183350162;-1.31573715031068;-1.58706636129872;-1.94231315377089;-1.05204202282318;0.0478801517439637
5200;-1.4688250402647;-1.10575964166928;-1.48775299258325;-1.09839865864317;-1.1305108582404;-0.739231840050016;-1.14729430476645;-1.15023065882861;-0.808804039577619;-1.09254207323618;-1.35064403098681;-0.930561666025117;-0.900149811304594;-1.25294092231091;-0.719020246108797;-1.07041515116931;-1.78229401374212;-1.50475012250567;0.336413201092568;-0.726690979823098;-0.458629396884379;-0.646206199290818;-0.572217859154876;-0.554025796914237;-1.44331630850504;-1.29996971123795;-1.52232932412987;-1.89959671400249;-1.050569850659;0.0664299893402877
5225;-1.46445124761019;-1.10887585763431;-1.47996913847563;-1.06846758481109;-1.12765361497171;-0.727654628123587;-1.10951492678953;-1.14687571993696;-0.77622968257079;-1.08890949338139;-1.348334334314;-0.918744634754592;-0.88567519113013;-1.2444844577075;-0.707303477945796;-1.05685566433147;-1.81007496333382;-1.49421687655108;0.352958764012131;-0.724386468644188;-0.434745218247705;-0.6167882073191;-0.560641951096533;-0.531604568110845;-1.43847335508924;-1.28491086477664;-1.43953409783249;-1.85128119096765;-1.05371015069073;0.0812421775045604
5250;-1.46417568364584;-1.10966738370927;-1.47170280154243;-1.03999248482066;-1.12198829632652;-0.717707783642664;-1.09500385866557;-1.14194469074187;-0.743245967279873;-1.08558988517101;-1.35054552923119;-0.911907524458439;-0.870873409313644;-1.23566289353579;-0.698165817190428;-1.04543644364853;-1.81308041461255;-1.49537567333109;0.366323775657244;-0.721536894634336;-0.411030098921584;-0.600688165224194;-0.556076066229467;-0.505855383842971;-1.4311391334374;-1.26732425522501;-1.36023630760844;-1.79929164151591;-1.05967780814815;0.0930974642017594
5275;-1.4687171657773;-1.10762986620048;-1.45567377907635;-1.01327404851059;-1.11475435661534;-0.711636459442371;-1.09953802881145;-1.14104299419112;-0.712352078825372;-1.08660269188682;-1.35635465711358;-0.911638788567764;-0.855727584785889;-1.22851041387091;-0.690792348559919;-1.0385471537167;-1.79278885763714;-1.50441270896945;0.377619168102595;-0.723849521484222;-0.381107796922299;-0.588424656724944;-0.556529791061019;-0.491091949789941;-1.42470374126968;-1.24963287404529;-1.2880107381629;-1.74403514095991;-1.06708912112385;0.10054117422158
5300;-1.47866298327206;-1.10335875712395;-1.4333221248045;-0.988928879544206;-1.10474077777915;-0.707382574563202;-1.1148894057102;-1.13714869540845;-0.685898841044749;-1.0928362470733;-1.36565305588227;-0.913567888358925;-0.841561458236294;-1.21679551684938;-0.681860977760262;-1.03442330122668;-1.75462413083301;-1.51664428987556;0.388708167714372;-0.729310180666401;-0.353103611225357;-0.576477556185526;-0.557858633248098;-0.476941884507325;-1.41943498997902;-1.23077711893813;-1.22178472289657;-1.71438360876304;-1.06983369566073;0.101633003433782
5325;-1.49438553785372;-1.09836604092057;-1.40868843177659;-0.967878397737697;-1.09503979733358;-0.706581406541743;-1.12871978245506;-1.13439920360376;-0.665788559756862;-1.0992664955346;-1.3761655573377;-0.916186380832966;-0.827827657036362;-1.19918699224481;-0.676658774346264;-1.02908302085859;-1.70279146520569;-1.52993780440968;0.39870547625035;-0.739704354475474;-0.330080982012293;-0.556171189268092;-0.561274566554691;-0.47580335161471;-1.41465272869237;-1.21139309890084;-1.16325030053361;-1.65808603467493;-1.0711537275966;0.09989052575022
5350;-1.51597862714077;-1.09473307052648;-1.38269722407397;-0.951702725469361;-1.0876553114479;-0.707839797480133;-1.12463774340443;-1.13174111288396;-0.653267232093223;-1.10611792508877;-1.38629913416456;-0.916200998765951;-0.817113732665009;-1.18073962053883;-0.673712978337641;-1.02402918132559;-1.64280578005704;-1.53906706342301;0.406309272771046;-0.750170278209902;-0.313517736176033;-0.542245724246888;-0.568015056409603;-0.477142299457526;-1.41025503211014;-1.19600499160191;-1.11509012574918;-1.61287871500724;-1.07133024512632;0.0986833353491634
5375;-1.54321829054218;-1.08935068113106;-1.35696616925664;-0.944514024988679;-1.0795047985762;-0.712896111014829;-1.13282573821257;-1.12906844063929;-0.648804974255331;-1.11247707900659;-1.39941096333352;-0.912383050213624;-0.806366756125881;-1.16041248634082;-0.66720741386538;-1.01968972818736;-1.59021275402047;-1.5476011215263;0.413614865036714;-0.762765866683349;-0.305041104483673;-0.536821238923702;-0.581596512332271;-0.487057882631192;-1.40632246348898;-1.17164399207952;-1.07561918659653;-1.57796305499252;-1.06978526839031;0.100422392700155
5400;-1.57555173936954;-1.09586229192011;-1.33448249222805;-0.941483268130623;-1.07105344781339;-0.731868757132987;-1.14729078470719;-1.12628541024615;-0.652060836643109;-1.11693818642595;-1.41206876449957;-0.906380719954477;-0.794783611946524;-1.13747666676943;-0.659974137133334;-1.01631409564245;-1.56531678695314;-1.54978478682192;0.421075434235947;-0.773581869407032;-0.301820731824662;-0.532102504687125;-0.591397529646342;-0.500636973103672;-1.40343706142355;-1.14320989383953;-1.04423600818593;-1.55639067886567;-1.0670189418473;0.136188383675349
5425;-1.61211649507273;-1.11796405081131;-1.31695934435371;-0.945784167265103;-1.06307735149543;-0.758908734048017;-1.16334285304452;-1.12331324436519;-0.661928491885612;-1.12411049211301;-1.42638535980399;-0.883763707011949;-0.783864390836078;-1.12600061697543;-0.651140009207037;-1.01442588057838;-1.52204200914545;-1.54107699574679;0.427757868024761;-0.784337136320329;-0.296139860662295;-0.533156410559607;-0.598766458141299;-0.519476578840854;-1.39761201106231;-1.12174260533553;-1.02007167003246;-1.54206483176311;-1.06117730927828;0.191457408626666
5450;-1.65179046165325;-1.14245812055449;-1.30611256935144;-0.956542920123979;-1.05490445308052;-0.78617676155115;-1.17024707078317;-1.12007316580675;-0.676659597890829;-1.13014997174623;-1.43890127297769;-0.887341120037415;-0.774091781625634;-1.11162205802409;-0.64100288786375;-1.00938277763042;-1.48033432644937;-1.52442438931444;0.433290325339843;-0.791512537349162;-0.308901996942747;-0.535757850061552;-0.610046896362318;-0.538439799436732;-1.39344837870673;-1.10300042204137;-1.00201235758855;-1.5283198648136;-1.05922707891527;0.252081956703312
5475;-1.69327226045672;-1.16671306787549;-1.29978799621904;-0.974898613350393;-1.04596454187597;-0.807978064414919;-1.17616316600374;-1.1164863975627;-0.694061954617578;-1.13781790045099;-1.44768278097339;-0.897459371865873;-0.762486662042089;-1.10116757390091;-0.626388656536986;-1.0037363303137;-1.44244077004681;-1.50000536080093;0.436681243977013;-0.791799514312279;-0.335881718424101;-0.532325214622356;-0.61711015311218;-0.559094617013337;-1.38925578782353;-1.09310950252326;-0.988788400915614;-1.51986974803084;-1.05573934202761;0.309044122665032
5500;-1.73242890040152;-1.18630100479108;-1.28061392927362;-1.00087523865191;-1.03661371758647;-0.817959193548432;-1.17790281881008;-1.11194854389493;-0.711769889858108;-1.14825541735426;-1.44658322471243;-0.901757209572762;-0.754344222686485;-1.08971743583153;-0.611400423162671;-1.00344259268537;-1.4075167029285;-1.47432750102763;0.43233026253215;-0.783921733999492;-0.361921496130035;-0.528991816279792;-0.618704747850108;-0.575339833250107;-1.38608439909402;-1.0922760438777;-0.979106393909096;-1.51462642109348;-1.05213106845742;0.357477578852104
5525;-1.76274208667772;-1.20183500262931;-1.29235900586756;-1.03378768929951;-1.03073498130338;-0.815148904881977;-1.17653694963783;-1.10576783641395;-0.727584625906281;-1.15313248639234;-1.43991806934456;-0.896776603598597;-0.750073945407472;-1.08791915583329;-0.585337547875671;-1.00354547821652;-1.37713115312936;-1.45096238226713;0.419656945261957;-0.771185929212521;-0.378762388849522;-0.523347491104127;-0.62250085433754;-0.590588928609112;-1.38238563734886;-1.10109331564949;-0.971798693055958;-1.50774219953163;-1.05230599693865;0.391074921940109
5550;-1.8122428129861;-1.20989483202046;-1.31451165378348;-1.06994903677877;-1.02732516903632;-0.802271123534687;-1.17242552497453;-1.10174335278345;-0.73988269557179;-1.1622043742251;-1.4357596910425;-0.875267164736109;-0.751018479272196;-1.09576650840793;-0.564671391395709;-1.00411850671791;-1.35334760236669;-1.42910647497938;0.406985284575722;-0.752794411254975;-0.384459535385522;-0.518677381979497;-0.629214945384023;-0.60328179416335;-1.37971198329578;-1.11655529993027;-0.965962300267542;-1.49501342869951;-1.06196617067116;0.405539861460386
5575;-1.86840711589793;-1.21583245049651;-1.33106274600519;-1.10861691271181;-1.02776076608866;-0.778768044789066;-1.17477649271199;-1.09877739692335;-0.748090792587004;-1.17510979920907;-1.42267573574289;-0.838154727512081;-0.749104927189424;-1.10559282220979;-0.5799445182362;-1.00403086686397;-1.33437295902945;-1.41184596086901;0.376612655972892;-0.733880504101558;-0.379780782072117;-0.511981203033464;-0.636880707665371;-0.614702207980109;-1.3753083274218;-1.13738596051365;-0.961056839895151;-1.47326908186937;-1.07498088435854;0.399973625501138
5600;-1.91672139695858;-1.21330160729713;-1.33057976124441;-1.14534009924105;-1.02860015201017;-0.752357820258539;-1.17859658697524;-1.09531234912934;-0.754430628839597;-1.19115592512785;-1.40339742667302;-0.784836147117059;-0.743025993032851;-1.12104246768672;-0.605649036238564;-1.00167004768298;-1.31831235674647;-1.39902501922441;0.323506464345051;-0.718329424060212;-0.360296007989206;-0.505221180391203;-0.642518924728043;-0.626481724906443;-1.37387970637481;-1.15614106895639;-0.956929045599921;-1.44704851475337;-1.09188964028391;0.375995211289297
5625;-1.94793928012869;-1.20096832051678;-1.30613705497207;-1.18511332506472;-1.03214037815315;-0.719026001591752;-1.18013091426251;-1.08969683422637;-0.758336679138744;-1.2104994981269;-1.38284812403312;-0.721528583335624;-0.732932270283992;-1.13867187033932;-0.61616288522653;-0.99373593963425;-1.30491763576984;-1.38828623619317;0.261399607621669;-0.700563458426541;-0.324321595124639;-0.501713605032111;-0.643683973799735;-0.634269259115593;-1.36909700619813;-1.17352121941854;-0.953728878312806;-1.4184208747922;-1.11603783296034;0.339664225019843
5650;-1.96025358468342;-1.18637038154973;-1.26447053053844;-1.22120768239231;-1.02701666400386;-0.680423808908387;-1.18146590052407;-1.07694487396805;-0.759518743382624;-1.2271694611623;-1.35856653006215;-0.653299974282589;-0.722643079584808;-1.1541081007354;-0.595729713550939;-0.979339462286446;-1.29387435657568;-1.37680654076027;0.204551992042922;-0.680097751131914;-0.27905722730006;-0.496652559290199;-0.642752600231798;-0.636378352952651;-1.36095442066809;-1.18361605812829;-0.951680104406812;-1.38894056986364;-1.14518597826918;0.298229741854894
5675;-1.95555220060346;-1.17482101291454;-1.20185724733299;-1.24800737552733;-1.02165523092794;-0.637845193897308;-1.18266069926076;-1.06246810547445;-0.764419230330621;-1.24157403977591;-1.3301704854887;-0.583836921836158;-0.711131641021928;-1.16971645292574;-0.541990870419655;-0.962391159594762;-1.28480691375089;-1.36374723115819;0.162986200909124;-0.661050631657294;-0.237918889781274;-0.490346834938692;-0.635749470930988;-0.633313215479852;-1.35154016354984;-1.19178422021864;-0.950665813088204;-1.36035566780687;-1.17816880624115;0.256307553078026
5700;-1.93586601945213;-1.16341925152845;-1.13228885356488;-1.2680822526192;-1.01203329403877;-0.595395283459659;-1.18372289783991;-1.04902990639612;-0.768016344414475;-1.25393681182667;-1.30244267290948;-0.517071759910877;-0.698198091322377;-1.18520884462061;-0.457188597940442;-0.942991717648554;-1.27731773361678;-1.34409677696455;0.140687420479913;-0.642381133370265;-0.198551607372195;-0.483676732015939;-0.624955156233348;-0.629822830027095;-1.33620289070098;-1.18848672408744;-0.949587322618605;-1.33464507665363;-1.20347066425638;0.22773233439796
5725;-1.90121774043151;-1.15729594785233;-1.05589927400814;-1.28196577138018;-1.00057522464136;-0.556891334679827;-1.18466008360147;-1.0324321105692;-0.771083402274698;-1.25839256605574;-1.27398541933769;-0.463593769252159;-0.683622135846026;-1.19525344066155;-0.342817499373923;-0.920714648606868;-1.27104518342073;-1.31373975358337;0.14742567812118;-0.626656871163761;-0.156743229624606;-0.481960131012373;-0.613758715590347;-0.619076756019448;-1.32308715954254;-1.17275818838933;-0.946024396018703;-1.31395100539731;-1.22268761659584;0.212834332671892
5750;-1.8553304361424;-1.15436341349801;-0.988821909413377;-1.29113989758672;-0.981716332292973;-0.525290647978654;-1.18547984384364;-1.01053867538252;-0.774088625847467;-1.25497845054628;-1.24751033144399;-0.430518602368725;-0.664480860901153;-1.18637100224935;-0.209266935068546;-0.895502607530626;-1.26572367080155;-1.28201847358023;0.182556179443322;-0.615147288883149;-0.113486340665907;-0.478794083449779;-0.600667682522833;-0.600175811580658;-1.31141051057575;-1.1460542006872;-0.942510679849777;-1.30037700736926;-1.23847799896458;0.214568428878809
5775;-1.80329202663293;-1.1547759340507;-0.93073682689064;-1.29243187391636;-0.960495099019242;-0.502155863339786;-1.18618976581036;-0.982921674181657;-0.777916953964304;-1.24299657825528;-1.21096955778167;-0.422958679158963;-0.641254508570252;-1.19063873679623;-0.0686517584979531;-0.868307853781023;-1.26122826614051;-1.24632329235853;0.236385787493543;-0.605146864629686;-0.0744756522579469;-0.477213328528158;-0.582290432006991;-0.574955342172371;-1.30372553009737;-1.11472242977462;-0.939611932568631;-1.29562116683647;-1.24344827641164;0.232087312750363
5800;-1.75076018959506;-1.15439184352957;-0.890068924738865;-1.29077230131557;-0.937780336661316;-0.487171721278223;-1.18635383583515;-0.950488776253211;-0.779860024209681;-1.22399599740268;-1.1738786623603;-0.438019633422691;-0.615620453928207;-1.1958443456636;0.067770441764431;-0.839901906898824;-1.25758500853077;-1.20567286834961;0.301604072347011;-0.593749660927831;-0.0471075213192718;-0.477189689678989;-0.56839539249559;-0.545872219592449;-1.30480527346762;-1.08554697554138;-0.934585700021817;-1.28325005674477;-1.23836787768539;0.260120457015649
5825;-1.70321332289779;-1.15152325133144;-0.872897948554167;-1.28426320999192;-0.907659256745585;-0.477728582886403;-1.18246262401029;-0.915100110202972;-0.782392780771343;-1.19991057361113;-1.14408766712377;-0.470948345895818;-0.590405995661116;-1.19013924265196;0.19816782493221;-0.810806543104215;-1.25492693550897;-1.16361490758904;0.373380351133723;-0.58215739364649;-0.0227951548392085;-0.467960813019576;-0.554067717558083;-0.515579345549794;-1.31372972107029;-1.06275914721223;-0.928794299077473;-1.2542309529246;-1.22407814754959;0.289048345734657
5850;-1.66525108694623;-1.1435239371682;-0.880351707218015;-1.27408354040941;-0.875463855134381;-0.468589149210462;-1.18307429039977;-0.879182196659274;-0.787324603682674;-1.17261688884853;-1.122270306637;-0.511833022709492;-0.568187898036759;-1.16770739048934;0.292388869918472;-0.78191563368672;-1.25337482551907;-1.12264601975826;0.445375746340683;-0.564925396357006;-0.00150998378860039;-0.457955553738177;-0.539224297265485;-0.486548568864959;-1.33382766024414;-1.04926877408005;-0.924162438899177;-1.22598279439063;-1.22142207897872;0.305838670151441
5875;-1.63995039271097;-1.12353450422241;-0.911502009788248;-1.2575077732191;-0.846734606160374;-0.457410593972884;-1.19357331496519;-0.845346426351212;-0.79434122530577;-1.14036547995067;-1.11093957873737;-0.544405800460795;-0.550950691100059;-1.12494866616534;0.336525179803151;-0.753787245260429;-1.25282015229594;-1.08804700426701;0.509287709888328;-0.54331380308906;0.0191226013353382;-0.447130058456736;-0.525033549713283;-0.460746399062027;-1.35969426636479;-1.0368989178985;-0.919057643444326;-1.19283477579867;-1.19309531458835;0.309625513642713
5900;-1.62828432341799;-1.10578064039003;-0.96253093634003;-1.23545815187924;-0.826410311683842;-0.453215784067264;-1.19942791750344;-0.816019349729466;-0.803905488508009;-1.10262643507171;-1.10948227405832;-0.56571645374976;-0.539744930058807;-1.06503193612599;0.330595065556408;-0.730048307916582;-1.25258704244035;-1.05805607349033;0.560575617350412;-0.51413435350163;0.042983646333103;-0.434464963727406;-0.506386209554313;-0.439367933592038;-1.39096110320391;-1.03008139167189;-0.913879376802126;-1.15940881598727;-1.12622228803117;0.329003202731267
5925;-1.62861310003447;-1.09427900030715;-1.02527146120596;-1.21379893827817;-0.817994886409838;-0.454968824901554;-1.19878535435362;-0.793091834415504;-0.812191803465825;-1.06921200808718;-1.11734730891235;-0.550993232861272;-0.534342764178212;-0.999706364610211;0.273913684209643;-0.71116735783771;-1.24996337204158;-1.0336299851605;0.598674116197305;-0.480730947751116;0.0805984359426634;-0.419905363559374;-0.486976008035159;-0.422635443079903;-1.43505783824488;-1.03087311366352;-0.908693706113556;-1.1213351695072;-1.05360526597073;0.35131515268471
5950;-1.63625782283129;-1.07921441159272;-1.0875535355541;-1.18950890548322;-0.821674244386805;-0.460059810878372;-1.19524834993167;-0.777593936883102;-0.824815857778251;-1.03665875584273;-1.12935780473361;-0.541612033511479;-0.532851844673848;-0.925586009538386;0.182030237874491;-0.694560884101679;-1.24628326283469;-1.01267186884061;0.621866679989756;-0.440531750244567;0.106074940086941;-0.402919470826024;-0.465997694568671;-0.409669086138024;-1.48892001929379;-1.02781546321246;-0.903566698556269;-1.07726657343113;-1.00155627335202;0.371534130928147
5975;-1.64316934344849;-1.0636039861548;-1.13289362801654;-1.16486624707288;-0.835830865041847;-0.466355716999621;-1.1864287216464;-0.769402124894236;-0.837911282249555;-1.00627271958465;-1.14244603236149;-0.528230398173158;-0.531757929729428;-0.848501658010094;0.0745372447798894;-0.68145787276975;-1.24244402476765;-0.997388063452855;0.63802516820067;-0.391651954579803;0.123236224845836;-0.384402945287419;-0.444124081241053;-0.406467998284778;-1.54246370052399;-1.02601054278055;-0.8999738790289;-1.04904991556132;-0.97619967418318;0.391672840538732
6000;-1.63770624403514;-1.04581806398438;-1.14310537657045;-1.14256651598823;-0.858787622954334;-0.470562413614289;-1.18079104022851;-0.766985277329457;-0.851048967405411;-0.990689084443846;-1.1493917194546;-0.507863721742774;-0.535837706353587;-0.770022233171323;-0.023523705762259;-0.672382954601408;-1.23530714467441;-0.989075785515967;0.650931562883642;-0.333744786760722;0.143847482221875;-0.364444763744553;-0.42127650511364;-0.406031828466707;-1.58997723334048;-1.02577239318273;-0.89731971543675;-1.01988370783421;-0.982514313008232;0.412196113126255
6025;-1.61518633965024;-1.02486741854575;-1.16341761255274;-1.12144407318802;-0.887485248545563;-0.473248288068086;-1.17295630138897;-0.769223026793937;-0.85783597495026;-0.974985115897526;-1.15570088054884;-0.486709517749587;-0.545364931097244;-0.702914082455901;-0.0854201404334202;-0.665349984154186;-1.22610084112845;-0.985723664933871;0.674452285240194;-0.269415069707567;0.165143107979619;-0.348543315548691;-0.405310621365133;-0.406127158935811;-1.62476158253156;-1.03305964623588;-0.887350918676399;-0.961103533299585;-1.02158029238893;0.42916686631047
6050;-1.60447813499824;-1.00843538595827;-1.17631430758211;-1.09907782833197;-0.913589020247206;-0.470845504666052;-1.13847836732968;-0.779076296786191;-0.859560297212395;-0.964816242740466;-1.15498578111454;-0.468227767921497;-0.561393854422307;-0.648190698767533;-0.115931492347286;-0.662389250133296;-1.21773158108747;-0.985372183881005;0.714463852612217;-0.197369560693847;0.186563741148094;-0.336899609074924;-0.395603648367673;-0.404200150494929;-1.64531782619533;-1.04756989154138;-0.879540217178006;-0.908955317204941;-1.08878087981049;0.444849524477302
6075;-1.59461187025073;-1.00162600100694;-1.1816909578734;-1.07492442812927;-0.983879985364857;-0.465942894540485;-1.09426949688259;-0.794377438642453;-0.857060703966744;-0.954146109970104;-1.14299738053278;-0.445353867110763;-0.575399291249193;-0.60775882267509;-0.153067833430817;-0.662335545174907;-1.2109776285132;-0.988964671403091;0.755087691654099;-0.122986834801165;0.204277546912269;-0.326701967711004;-0.394571090926388;-0.401576291246977;-1.64923880080917;-1.06289698850526;-0.87668762190487;-0.874746676467282;-1.17982226854102;0.460366742292765
6100;-1.58161613991585;-1.00012600691737;-1.17909866626234;-1.04926102746103;-1.03615960642824;-0.465402400826676;-1.05328310046665;-0.812916098444199;-0.850317051036657;-0.938694605849738;-1.11816212751259;-0.427022026473113;-0.585748947259332;-0.594631435519777;-0.176738482371795;-0.663700396775191;-1.20513019072935;-0.994130384865015;0.794036018330853;-0.0503399293348195;0.21891242264234;-0.315522711244966;-0.400160784724876;-0.398652026691717;-1.64284393858045;-1.07466129068835;-0.875643691723708;-0.856272704575314;-1.28270108523744;0.468781562564789
6125;-1.56294518026774;-1.00571612484921;-1.17128341211761;-1.03033503652131;-1.07353278204251;-0.464397681965575;-1.02475485550945;-0.83103722673781;-0.838080693014469;-0.920406919299606;-1.08147844801001;-0.412423329329567;-0.591530043793447;-0.611482733187175;-0.185284075295455;-0.662827926839573;-1.19967886896649;-0.997208684947879;0.831803385859467;0.02196070052964;0.236490947824096;-0.308885321037127;-0.410239825440311;-0.391129399395582;-1.62275948362489;-1.08874969371421;-0.873497548911496;-0.860329044749203;-1.38190812684406;0.476754882648207
6150;-1.5404121303032;-1.02019540913027;-1.16099544518915;-1.01411348703872;-1.09015528550556;-0.464041218378687;-1.01445154166194;-0.843257035983214;-0.825373696572454;-0.895448375161857;-1.03630497170336;-0.398030167274919;-0.595967584400699;-0.641727064841141;-0.182433434115458;-0.659093595368061;-1.19289595144788;-0.998859846984783;0.864698948030204;0.0957056669174059;0.254599744323488;-0.297242762997136;-0.425175545961363;-0.379066668873188;-1.59399362660093;-1.10369910133256;-0.874441398123264;-0.889636434815596;-1.46909394239244;0.483049987030719
6175;-1.51696671840309;-1.03416683159566;-1.15008114700916;-0.998319178241338;-1.09607721979539;-0.462873896614386;-1.02492615141987;-0.855604535541366;-0.812689640189469;-0.868603317565552;-0.988037928098506;-0.385881928670647;-0.598804848507544;-0.684835257102658;-0.170081749904646;-0.656124795606624;-1.18418408993689;-0.99529928488692;0.890321480611016;0.168288724927109;0.26646402023355;-0.283065299205177;-0.438387472486759;-0.365827615535894;-1.56088511226516;-1.12552544074603;-0.880011846440891;-0.941170727237042;-1.53219721995156;0.486097004463712
6200;-1.49385594964938;-1.06659771264714;-1.1375582605306;-0.978682295657017;-1.08688689338571;-0.461533440354595;-1.05577792044443;-0.870649984810074;-0.800372226166462;-0.843534050103136;-0.943673506144957;-0.364282454587315;-0.602239555852222;-0.730594096815203;-0.150900242930258;-0.653705485730954;-1.17721698274135;-0.997984345219358;0.907649542925586;0.215961455280327;0.271144055270748;-0.268037263403291;-0.45036929663233;-0.358909805904097;-1.5220675432341;-1.14558141830735;-0.890594150335138;-1.00748706007768;-1.5534924527386;0.497571498885681
6225;-1.46937676525189;-1.1293079494079;-1.12419207850088;-0.991273445864584;-1.06908193115191;-0.460008776702402;-1.10391601055359;-0.885745841321699;-0.789375460840169;-0.81891168371652;-0.911249334051289;-0.340812198346179;-0.60751828733049;-0.761723029081718;-0.124988122585947;-0.651762310668458;-1.17323803938304;-0.995473367265819;0.918086244819999;0.276641092697237;0.276986043032187;-0.25179297300776;-0.461200026424835;-0.349751838679224;-1.48760090457497;-1.16367528655375;-0.905923434350901;-1.0833870774429;-1.53333626080656;0.508313039298361
6250;-1.44420318997362;-1.1986487961986;-1.11056982847093;-1.01754125432316;-1.04407394300916;-0.458288832820502;-1.16382566703458;-0.90057834814975;-0.780750298008457;-0.799058560877386;-0.891130047298815;-0.318144353731887;-0.612473754887534;-0.764685628507464;-0.102896229608807;-0.651098749960249;-1.17067231033185;-0.999308847690983;0.921808709244126;0.380198703375758;0.285000975512534;-0.236265177853378;-0.46650827583025;-0.336820346000816;-1.4566070813867;-1.17961795349963;-0.920376599436026;-1.16244466118783;-1.47504194840933;0.516699804005295
6275;-1.41862107531207;-1.25880109124915;-1.09501068476056;-1.04503102653253;-1.02755643092778;-0.456362535951744;-1.22783576060687;-0.912814541141307;-0.775164920192035;-0.785630389652708;-0.87214580719234;-0.294570155017836;-0.617226860611571;-0.772794818252586;-0.0834640382147238;-0.648546309824135;-1.16664418183938;-0.989660908483393;0.917283887682285;0.48621770025672;0.290537473211586;-0.220898443921458;-0.463772022713948;-0.323704150814553;-1.43260802545421;-1.19582165614026;-0.934888435356028;-1.23523017868484;-1.38007955272082;0.524419536863268
6300;-1.39291608571774;-1.29719714490318;-1.07801828186564;-1.07546758616583;-1.02094302103292;-0.453054277441914;-1.28638671304399;-0.927150173948442;-0.769707342136024;-0.781246496279885;-0.861876617102394;-0.275143716198061;-0.621502875495063;-0.780005734214906;-0.0704442367405311;-0.644454426034222;-1.16283721252917;-0.989117033257471;0.907719909831729;0.563121241317403;0.286969422266949;-0.201791527367814;-0.462916551031095;-0.313372413327047;-1.41887137281891;-1.21050138902208;-0.951115865580034;-1.2920207564937;-1.26668511998088;0.531472749778913
6325;-1.36737388469474;-1.30759889856238;-1.05913495042865;-1.09833172193385;-1.01886334809452;-0.450011926088376;-1.33000889327368;-0.94459417915288;-0.766567265516748;-0.786691305609381;-0.861874580883477;-0.261611648052448;-0.625577008020036;-0.778518890416695;-0.0504604582196239;-0.642328649942866;-1.15891516041204;-0.989208316075023;0.898835106935568;0.596707210449384;0.284540604840345;-0.178595104994589;-0.459657184273313;-0.308684754124281;-1.41246143689531;-1.21979634941261;-0.961614517054188;-1.32387967447637;-1.16185465950898;0.54034195357807
6350;-1.34228013521549;-1.2894523640566;-1.04058030824484;-1.11283140796165;-1.02344412632675;-0.447612004787235;-1.36438976144838;-0.958988681720884;-0.766235399382995;-0.801505454769148;-0.868955809958545;-0.250725497651676;-0.629450626153963;-0.77429851343419;-0.0431402282079849;-0.641806009966715;-1.15252949240317;-0.993486235101982;0.892947319789007;0.582550671684368;0.283025937926201;-0.15495298289641;-0.457305708195217;-0.306822465136588;-1.41128257680487;-1.22451652957345;-0.965265712007761;-1.33600703450672;-1.09260457763214;0.54845802429735
6375;-1.31834781238015;-1.24724879134879;-1.01950370935488;-1.11360664938361;-1.03493262908771;-0.448612253096084;-1.39094962435746;-0.968318437725911;-0.767659203872223;-0.826071955698894;-0.883811030405814;-0.241304048551023;-0.633125098150426;-0.771170857409252;-0.0413063043870136;-0.646141465765743;-1.14325268267895;-1.00018562501702;0.888782388614713;0.521488890734697;0.281098948131073;-0.134359858155398;-0.457660929301063;-0.307091803300689;-1.40020029010217;-1.22664706424419;-0.962979883948855;-1.33179807944288;-1.02513792038608;0.554148253771715
6400;-1.30110443884307;-1.18821078263942;-0.9942625058454;-1.09822669852773;-1.05292487677703;-0.449124518704855;-1.39638298244975;-0.977496892864885;-0.770493034687698;-0.853183057703285;-0.905041453518533;-0.237762530880023;-0.636601792492994;-0.753387511682954;-0.0448316299031945;-0.650861112993392;-1.13081086792396;-1.0079858702877;0.886152403319628;0.420252490548909;0.279904511399247;-0.118370626566023;-0.4563385068289;-0.311712996280167;-1.39037471453073;-1.22384022350941;-0.953608473499466;-1.30151010961643;-0.951561770143014;0.555910107863574
6425;-1.27519478870359;-1.11960650525291;-0.968436594244388;-1.07408469664656;-1.07572298598158;-0.446859861238781;-1.38506375235095;-0.982873862113183;-0.772084778455688;-0.882966962858699;-0.932166046501808;-0.232171977919531;-0.639882077842011;-0.731701725876772;-0.0546242556695213;-0.649349361308615;-1.11696181948951;-1.01105044903977;0.88434972932595;0.29233426926488;0.276331613430614;-0.100288345498148;-0.456229656366444;-0.314785961134702;-1.38786368158923;-1.21797901792204;-0.942503304189172;-1.25692505582703;-0.889836779114215;0.556415760155081
6450;-1.2479184601426;-1.04605421227965;-0.941132194597719;-1.03849197295645;-1.09500273194864;-0.440770184705533;-1.36496788661135;-0.983704609443058;-0.779394184319128;-0.904800033728571;-0.960819836252269;-0.226946156024953;-0.642967322984267;-0.712311624032733;-0.0683434557578228;-0.649621703149066;-1.1041282719946;-1.0121698233812;0.878819965196915;0.151254214414459;0.265175829794441;-0.0839011153564611;-0.454822654426664;-0.319491216010371;-1.38747857558902;-1.20612807715494;-0.926425668355093;-1.21321828935589;-0.840345318256149;0.556114115517244
6475;-1.22121720212698;-0.97462587982352;-0.911877341059461;-0.994610018651261;-1.10981786676377;-0.430457734886593;-1.3434291426833;-0.979182137968412;-0.789933941584355;-0.918149169202076;-0.989043723342868;-0.207738750655679;-0.645858896785486;-0.692938747199769;-0.0923800685889701;-0.651381905345824;-1.09456020036253;-1.00606031451793;0.870438212741899;0.0155228355393162;0.252091143128621;-0.0671117015168157;-0.455264739246483;-0.325610035015188;-1.38750496271535;-1.18827297963297;-0.915457120224751;-1.19363382348393;-0.805325586191234;0.5597003256192
6500;-1.20523546817893;-0.906421111053402;-0.881413547334482;-0.957503237883923;-1.10868335751532;-0.415968378416882;-1.33963417027645;-0.967258189148827;-0.80497305253129;-0.933372274004188;-1.01309008146918;-0.172645743520838;-0.648558168145714;-0.676147531675639;-0.112569885998121;-0.648132762926396;-1.0875501233131;-0.996884365360633;0.852398793933138;-0.103381949133536;0.235195465709469;-0.0472585378965274;-0.453350839580552;-0.330991784291308;-1.38858645012102;-1.16365053823234;-0.913726194282886;-1.18255823408552;-0.782378493485789;0.561872851671181
6525;-1.18905407898116;-0.86230610510022;-0.854668388833406;-0.922735721424311;-1.08594540800041;-0.401192638405747;-1.35090823851757;-0.950586294409207;-0.819209055284441;-0.946128106159578;-1.04178704167608;-0.137531116983101;-0.651066505957451;-0.662874087061284;-0.137426315762835;-0.635986387353961;-1.08330522035816;-0.980648406037456;0.824243080290909;-0.190841651084775;0.221157525262061;-0.0329668286754517;-0.457751861292211;-0.331943986366228;-1.38443033255101;-1.14316300723296;-0.905389816744709;-1.15230975095053;-0.770163728583343;0.563679220701408
6550;-1.18654796484797;-0.846679767415215;-0.827281101362906;-0.898710499491226;-1.04782797475693;-0.385861575376449;-1.35011314748953;-0.932282446404195;-0.83460656563639;-0.954161046325818;-1.07119599481773;-0.105247884084898;-0.653385279066625;-0.650980351789351;-0.152622863956121;-0.61688997598727;-1.08158134855038;-0.960147277807079;0.778615583060648;-0.240729656841783;0.214282469870855;-0.0218886863931205;-0.460646013419445;-0.328810038720053;-1.37845228114727;-1.12656880792466;-0.901197118311596;-1.13574744603599;-0.769473918321974;0.569122786002241
6575;-1.19965056410286;-0.831896658948336;-0.804129375093063;-0.884992969643337;-1.04279095401816;-0.366028706494515;-1.35019485638786;-0.909492927830809;-0.850624399904923;-0.959398628286248;-1.10074946205218;-0.074276103564804;-0.655515856236322;-0.632402595815607;-0.164471441046659;-0.599716891358035;-1.0822477313073;-0.935611538134777;0.720463659617268;-0.250262216931059;0.205050123661982;-0.0131050039655863;-0.461627516581026;-0.322719152661436;-1.36900320807706;-1.10730374307472;-0.903136699778666;-1.13257726696511;-0.772621068683572;0.576879705535405
6600;-1.22454136587307;-0.823262968587419;-0.785527733102729;-0.878666312693775;-1.01928627794967;-0.344284538805924;-1.35352740861993;-0.890777831367644;-0.865546967197466;-0.960848202754035;-1.13001814917809;-0.0594523316294672;-0.65745960611329;-0.613508389771733;-0.172071541004653;-0.573020555304294;-1.08639922476308;-0.904261797446089;0.661416791291803;-0.222728418832021;0.196252183168919;-0.00592130071320334;-0.453520322905872;-0.307082002716233;-1.34981151585907;-1.08817349513686;-0.906370165733158;-1.13256078565508;-0.778303534752519;0.584977162609953
6625;-1.253913037654;-0.81790057288824;-0.764847525847614;-0.876876456026336;-0.992424325686382;-0.32175037914833;-1.35653361792945;-0.870093456808395;-0.872926071721494;-0.959673569516599;-1.1469752040468;-0.0604277060207695;-0.65771916628515;-0.602349012370443;-0.174894235278832;-0.538933260714018;-1.09470757414263;-0.889176423440249;0.583382078603051;-0.164779721591876;0.193589392714387;0.000255983223827094;-0.440534162397432;-0.289561203612442;-1.32846942491346;-1.07229515156258;-0.910186591116772;-1.13750195151952;-0.781763938484856;0.592169872546143
6650;-1.28703671170411;-0.798167503816174;-0.748448218939582;-0.869130630692789;-0.967688802660489;-0.299725680328037;-1.35729295575497;-0.852712423872225;-0.884693111084524;-0.955110567317199;-1.18138430092814;-0.0713339828127885;-0.660308570797741;-0.599357584977423;-0.177374132772306;-0.504507452011774;-1.10519663125602;-0.867123075486655;0.476496215113272;-0.0968332956650868;0.184647844115613;0.00820620055048522;-0.427419919462272;-0.266407183347654;-1.30461583684647;-1.05738753750059;-0.914059467897584;-1.14473041111581;-0.785637399245286;0.592633602141702
6675;-1.31834040880665;-0.749454362871709;-0.739139061814666;-0.849911514072618;-0.9488103797421;-0.27896920000147;-1.35655420917542;-0.838982228878373;-0.903007721499243;-0.942839451561918;-1.21730727899072;-0.0979274047056568;-0.664565109892036;-0.603478854771792;-0.180436678491458;-0.464321569177951;-1.11349886191777;-0.844074426381888;0.371829263715413;-0.0540491637868406;0.1778300168455;0.0162216051566226;-0.413337733232049;-0.252460894901704;-1.27516839870083;-1.03924315841481;-0.917308295213812;-1.1598313480278;-0.788330831824083;0.591473708825364
6700;-1.34476358077647;-0.701174936862238;-0.7284074033565;-0.804940516215421;-0.931382251070542;-0.262828712731849;-1.35358658873033;-0.824371137765151;-0.920662179126191;-0.923831756715969;-1.25546899361925;-0.129241574767341;-0.665742612471702;-0.613540116800711;-0.184016451176604;-0.430854955601174;-1.12159581928547;-0.829426669678291;0.285472044290947;-0.0690545635725486;0.176249115336625;0.0235479568866303;-0.396009970065228;-0.242978953997085;-1.24314298507765;-1.01595509585837;-0.922169108788859;-1.17877124212592;-0.777492828646643;0.59031050074433
6725;-1.35867253039784;-0.667209804820616;-0.717706877111608;-0.779337997866023;-0.915939704427373;-0.252557577870388;-1.34490463350069;-0.816533237812332;-0.935918478668049;-0.901686336522066;-1.28154706028851;-0.164399499881693;-0.66591865265044;-0.625449311985311;-0.185010877716534;-0.410791858382798;-1.1299103647692;-0.819505658792289;0.231257107575048;-0.0981735388531191;0.171466626441767;0.0289227695119607;-0.381262275603468;-0.233828083845154;-1.20851534242171;-0.986094352544167;-0.932871674376682;-1.19420628460677;-0.756096909016495;0.590399064278417
6750;-1.35994482822514;-0.641030028878987;-0.711193421875454;-0.751773339982453;-0.904554597010538;-0.246192667436653;-1.33140766029154;-0.804370252343654;-0.946565493209173;-0.877729573243715;-1.30039468045389;-0.196934160795513;-0.664708739229786;-0.635023305040254;-0.188308983347535;-0.395620650370479;-1.13708903474196;-0.818257690287228;0.208056782951945;-0.10975643418013;0.167907637892228;0.0288006518168304;-0.364731128972025;-0.229458240140647;-1.1753571760297;-0.950496802292849;-0.944109078167814;-1.20828395228803;-0.729963878723183;0.580166921174564
6775;-1.34868240933133;-0.621998288345145;-0.705374627889897;-0.719929949224697;-0.899138726044192;-0.2455671063618;-1.31318429149075;-0.795931573055301;-0.948155400059248;-0.85305343752794;-1.28974457137755;-0.220932014609745;-0.664106906760356;-0.644328164612443;-0.187745735717447;-0.388037415815502;-1.1410544634983;-0.813896409775151;0.21824641918455;-0.126058123946363;0.166585937970279;0.0235490465234067;-0.345241890017947;-0.220679216501898;-1.14574289450522;-0.910739575551815;-0.958533522430891;-1.21849928895926;-0.699031500511697;0.571190370003809
6800;-1.32486210226182;-0.612823952292283;-0.701724296547075;-0.689540739784827;-0.894659621088532;-0.247705544093451;-1.28847684985374;-0.793608377481769;-0.939537751505959;-0.823757798552795;-1.27052969638507;-0.235334552986834;-0.662842425418527;-0.655728972302073;-0.185921727517378;-0.392501081459337;-1.14351128405131;-0.823404275734967;0.259920238474067;-0.15161977104637;0.166443716047593;0.01747658919492;-0.319773915517851;-0.214470877428059;-1.11756261032174;-0.867877882062742;-0.977200482349938;-1.21929075794297;-0.663350801526118;0.562170273103561
6825;-1.29320768904285;-0.608782770805215;-0.695578151056893;-0.655781645570418;-0.895836912472293;-0.252633810060021;-1.26013010051076;-0.794036552217721;-0.921000766370798;-0.795259713164734;-1.23632315275338;-0.242916933225437;-0.660636079085715;-0.664342158619743;-0.185698733687544;-0.410930852646208;-1.14547392278809;-0.819127446592088;0.323407390953806;-0.180845221658836;0.169236685738245;0.0117710492169129;-0.299215930430375;-0.21178716896025;-1.09017416112611;-0.825092131402091;-0.995780235275632;-1.20998214009111;-0.63466028306988;0.556867273163319
6850;-1.2624251496158;-0.604564508454812;-0.690685042963836;-0.624823398301885;-0.899179658574874;-0.259801952141617;-1.22913597017194;-0.797603508109714;-0.891735589781014;-0.775044753130052;-1.19447309227387;-0.234257607291059;-0.657929999848088;-0.673116679258767;-0.194798793280682;-0.4405655618359;-1.14519678955242;-0.836893706635094;0.401078767634921;-0.20876722958506;0.176320382955809;0.00441777386007942;-0.287795806091252;-0.212693304364769;-1.06089744076636;-0.784514287809827;-1.0158035382016;-1.20400005891858;-0.606703464609143;0.553787554486779
6875;-1.23648454643109;-0.601980521214928;-0.687950630461863;-0.595870061974555;-0.902214419027901;-0.27566643906587;-1.19564180379827;-0.800415063475414;-0.853682662064096;-0.763236330594179;-1.1497487484041;-0.219931115726218;-0.655431468746083;-0.688081134341148;-0.199292141175133;-0.483602000300918;-1.14023496245496;-0.866581167490406;0.485186925582933;-0.235783671674606;0.186505911030996;-0.00642975547293094;-0.266050850801269;-0.212427459151955;-1.03208006563036;-0.744319673942614;-1.03791207748081;-1.20418644901415;-0.579322031982691;0.551674011184122
6900;-1.22131170838933;-0.603503585141874;-0.685860560560067;-0.568504355380551;-0.908905003196856;-0.29890182987289;-1.16020235619162;-0.811914511231817;-0.812823100286885;-0.757678126044862;-1.10526958319466;-0.202048543934803;-0.655125966533481;-0.693350106450381;-0.202757390869719;-0.528615242886183;-1.13011890824788;-0.900784558673231;0.565577117466056;-0.266700711960149;0.203412718320135;-0.0200544937942569;-0.251608106629104;-0.219101428925363;-1.00928345095584;-0.704135844536886;-1.05449624264343;-1.19924151577181;-0.554689461138433;0.549649867410214
6925;-1.20820849324257;-0.609046550718746;-0.686684191055707;-0.542463145021083;-0.914065034064529;-0.324611690403661;-1.12907777741995;-0.824162680133513;-0.775841216860789;-0.759135059915582;-1.065846332529;-0.19130819043119;-0.65042505398386;-0.699171664517512;-0.201844024388959;-0.569210249873448;-1.11967893209232;-0.933191366367105;0.637301372446884;-0.297442843387331;0.216615233703155;-0.030105195982985;-0.226128359789336;-0.223643283730115;-0.987638986420219;-0.667997618291052;-1.06890279750908;-1.1939450945107;-0.535112000474394;0.546749834360667
6950;-1.20230996940655;-0.610407352814454;-0.687887965464907;-0.522947086926949;-0.917539953401062;-0.357200577078515;-1.10128651413246;-0.833116834334922;-0.729511718073142;-0.768181349373491;-1.03163918240507;-0.190364993685143;-0.646485459189898;-0.709178690567976;-0.195713300495278;-0.612513379917147;-1.10795851870048;-0.967023980023827;0.694233487390637;-0.328268831037198;0.224327833827894;-0.0430756416292153;-0.188376210983958;-0.23497357120697;-0.974318573795451;-0.639382969569759;-1.07471519092146;-1.18622544293323;-0.519112828261227;0.542076150602687
6975;-1.20122801377744;-0.607185169522899;-0.686468086443605;-0.499688641738123;-0.924412721216362;-0.390795763220918;-1.0761990420449;-0.839411449175725;-0.688369476735421;-0.786769772157318;-1.00805156161261;-0.180492912394569;-0.642200121340485;-0.713916287871574;-0.192401438690593;-0.655336743980159;-1.09700892153748;-0.996675195381556;0.734080362411402;-0.359005114061043;0.232514662493785;-0.0560620026941228;-0.159616278598773;-0.249081105490461;-0.963544543224555;-0.616143900792364;-1.08179620186272;-1.17732514833698;-0.511946013253571;0.540393439828069
7000;-1.21018454013589;-0.598144949631209;-0.682467377493737;-0.483945433854604;-0.929009103812983;-0.424477540490202;-1.05732820883855;-0.844123424593326;-0.64698349292916;-0.810357629966677;-0.98923566526512;-0.168668614373365;-0.638472126874722;-0.720439422948979;-0.180370511126622;-0.690325124367347;-1.09064767091913;-1.02537251225358;0.756455147429866;-0.391379967659707;0.234629885043867;-0.0588196620125972;-0.130287438106354;-0.266926744739499;-0.958681468179986;-0.595527988199133;-1.10010661363616;-1.17042659499992;-0.50590796371837;0.536148281269881
7025;-1.21498542134164;-0.600697543221106;-0.677329779685525;-0.463594452904574;-0.930903688699951;-0.456199212289507;-1.04231392148253;-0.848910782873969;-0.610056477817165;-0.842688612893737;-0.980565009088346;-0.159727992161413;-0.634431431899985;-0.729822487991747;-0.167396666597102;-0.712986419503787;-1.08918092969995;-1.04520965474437;0.7673566440948;-0.417518816666849;0.239216605046609;-0.0661893278829185;-0.107132060849671;-0.284802501494241;-0.956612379669902;-0.580238178455876;-1.11443015705638;-1.16776228262209;-0.501774325887321;0.525964084156211
7050;-1.22418868230012;-0.614225624852889;-0.666748367643768;-0.44866571163009;-0.93046207585623;-0.487588639834449;-1.02982153876577;-0.850832843035853;-0.571923952315754;-0.878447810623263;-0.974287872949573;-0.149444215337169;-0.643059271370219;-0.746810519824165;-0.151162551985277;-0.730079234075943;-1.08964490992945;-1.05616046970324;0.775688658643601;-0.445530545428937;0.252559628050051;-0.0742581912944143;-0.0979888444405219;-0.31139483165657;-0.957116715181704;-0.569003613216332;-1.12761634334307;-1.16739891183872;-0.50241811580093;0.516134210314534
7075;-1.24419990149806;-0.619193380705511;-0.654958305627601;-0.435341890784542;-0.928596195698522;-0.512892804292946;-1.02431923735327;-0.85044584306501;-0.537213705569527;-0.914094318646562;-0.967846192222661;-0.139641523947132;-0.657910651430066;-0.754041125158187;-0.134151618249173;-0.748411105575558;-1.09149633625322;-1.05904884962457;0.790128444515154;-0.475864682643744;0.254033881898533;-0.0784299400622677;-0.0948578058022251;-0.341479428248382;-0.957550515087215;-0.558902913586775;-1.14138986002874;-1.16848961161007;-0.498857939607586;0.493470339056923
7100;-1.26746660182262;-0.626902338955358;-0.642873851103704;-0.425538414232496;-0.929284064191606;-0.536089467463422;-1.02318772857094;-0.856025652108455;-0.49466747831679;-0.949860973801257;-0.958272562100207;-0.13705350142247;-0.678099181744738;-0.757022074127618;-0.114290397131245;-0.757782708662552;-1.09329285805572;-1.05522875252513;0.824650208302603;-0.503200881853512;0.254735449585102;-0.082167973751927;-0.0898654560240653;-0.369572036590229;-0.95487575537828;-0.548206425221497;-1.1513831527633;-1.168999035842;-0.494622500568639;0.477506526715361
7125;-1.29484247559668;-0.635624525143997;-0.62787220016355;-0.418788336485454;-0.926236340890893;-0.559342066805957;-1.0224621305992;-0.863033974151417;-0.440686918034664;-0.983796472392021;-0.935004653262356;-0.139307408757495;-0.696961779657097;-0.756262231145217;-0.0913686602952486;-0.764273234774632;-1.09165091539632;-1.06358671696286;0.856470540270416;-0.523742383611123;0.25771401537603;-0.0873042441416263;-0.0871253116665587;-0.396836954427171;-0.9568956442133;-0.540654193393028;-1.15622540704795;-1.1659930632366;-0.490804471814902;0.4696913299101
7150;-1.32470520743544;-0.637882562469504;-0.616620094854903;-0.41457034913255;-0.918915575641675;-0.581068729746439;-1.02466552575299;-0.873052834788802;-0.386789726493664;-1.01385162435676;-0.929987871019796;-0.141301756902368;-0.72530947180753;-0.756845401698065;-0.0654741058540293;-0.773540621470164;-1.09057568550336;-1.06150518651668;0.864617150764502;-0.540716038652753;0.263954442324837;-0.088498307472334;-0.0927884076702856;-0.415919364038771;-0.963961351389084;-0.534152026632459;-1.15585504537541;-1.15770407984595;-0.494807107534556;0.469690021710821
7175;-1.35815457582676;-0.633684359914152;-0.6103028525134;-0.409754253919795;-0.909569088888536;-0.601467181282734;-1.03370180992457;-0.88849037533726;-0.343910049209875;-1.03560806481069;-0.929162854937081;-0.148965935350271;-0.761675181609201;-0.758666641726527;-0.0374290188088541;-0.777336511006277;-1.08790295616534;-1.05560590943412;0.862036073695454;-0.562085350921824;0.270588547891116;-0.0883826063787748;-0.101403946207697;-0.437630189437746;-0.971924896760478;-0.525088701538442;-1.15196112829352;-1.14858798703935;-0.505871565859914;0.478904949746302
7200;-1.39086276772534;-0.622520990774953;-0.604232876882609;-0.40230393562684;-0.896626144430293;-0.62047847263315;-1.0491245560419;-0.900555298765755;-0.311261868903561;-1.05042585948129;-0.944838530529889;-0.155459333909084;-0.803438579003423;-0.756854299423514;-0.0101156596573319;-0.78435636254702;-1.08197565116065;-1.04930854130647;0.845294143804641;-0.580593784356894;0.281190414023885;-0.0901714004405648;-0.112845810595155;-0.455108469930193;-0.981409493822989;-0.512572393672717;-1.14466528027304;-1.13524460123837;-0.518612393524707;0.491002102739146
7225;-1.41871898171022;-0.608865512319464;-0.598219967891853;-0.400441025527184;-0.881950829528062;-0.639172556173692;-1.06530037553728;-0.917037725706717;-0.289493775783869;-1.06104532270248;-0.969207213056292;-0.165135417809222;-0.849472351041097;-0.751479350816449;0.0168710586690948;-0.79753713579874;-1.07413159144416;-1.04250442268647;0.820366984239154;-0.591722592537387;0.288025083423466;-0.0889275335321694;-0.132806995827558;-0.471455061211304;-0.991337094195278;-0.493157903926029;-1.13612686279853;-1.11642045594968;-0.540160790598984;0.512127634420462
7250;-1.44401837513406;-0.591204635910054;-0.594643898488269;-0.400421755188865;-0.866937792841679;-0.658080909282927;-1.08161104138325;-0.929398056742856;-0.278404687785024;-1.07021236982405;-1.00953699883601;-0.173524770885111;-0.894681727644463;-0.743879241324832;0.0425459217957756;-0.804445147308258;-1.06891883956346;-1.02445335826029;0.787346664179167;-0.602231688946613;0.292012409716833;-0.0812710129438397;-0.153330072635659;-0.484790124242429;-0.999589589686482;-0.471027523973528;-1.12432126674888;-1.09609459951292;-0.567014762616788;0.529274521787757
7275;-1.46628269668031;-0.568841748091642;-0.589025686790117;-0.397741706450723;-0.847281009179128;-0.67870879350669;-1.09768044851972;-0.945931538307753;-0.279590415782205;-1.07522152276211;-1.04504503091792;-0.179990047216329;-0.942410551620868;-0.736113478307393;0.0652466966861847;-0.810260946975197;-1.06640623088849;-0.996268523215083;0.749445843480329;-0.611568603028369;0.293336092786886;-0.071852399419363;-0.169220112288863;-0.494385892698049;-1.00789190407772;-0.448400480160195;-1.11137228686575;-1.07756980061426;-0.595141242549683;0.551959012991386
7300;-1.48385590795956;-0.551467098197878;-0.581384285288079;-0.392005313719784;-0.821319635086157;-0.699495992609224;-1.10634796999081;-0.958260659446488;-0.289648269457403;-1.07291819221064;-1.09825468895837;-0.187219846282352;-0.979986712141261;-0.731043063086878;0.0852923732371472;-0.815692773306342;-1.06401168724043;-1.00516053125484;0.715151128583991;-0.61914941847907;0.293503159763751;-0.0544768677374011;-0.180129623060065;-0.500312577169557;-1.01467649404195;-0.424787309574118;-1.09214774889935;-1.05598332925667;-0.624142695233861;0.572210387871079
7325;-1.49846117667557;-0.536983554902575;-0.565027857004746;-0.380017126930758;-0.795978084009378;-0.713662107402766;-1.11951631568504;-0.958069549994805;-0.302003431073935;-1.06945748474719;-1.14669662893815;-0.192617165046985;-1.01741461054818;-0.723649849860164;0.0996930872450641;-0.817766587077382;-1.06260259782937;-1.0098065918036;0.685078314812626;-0.624006502133177;0.295346005973038;-0.0342322438767935;-0.194275597417082;-0.502268135903485;-1.01763713391789;-0.401739952739474;-1.0615018327991;-1.02905195824197;-0.656192326308537;0.591231159333961
7350;-1.51226759520943;-0.51941256655346;-0.543981463567892;-0.367848488787722;-0.768871867821054;-0.718569725047258;-1.13226304388485;-0.970792337909118;-0.311695664076821;-1.06851462290269;-1.19163637223569;-0.195175007044181;-1.05569151200951;-0.709804446008241;0.105618180857258;-0.817031118888206;-1.063321850354;-1.01746472656264;0.660484309217239;-0.626500803347296;0.296487527558453;-0.00731644743518771;-0.214455586381771;-0.504341590761185;-1.01950385284562;-0.37536235882661;-1.03227436485911;-1.00215765085816;-0.689831334581471;0.610550374013641
7375;-1.52040325151535;-0.503098232299007;-0.52336823841332;-0.354115748053297;-0.739832752205658;-0.718769594459754;-1.13971125743593;-0.974953608801115;-0.32289544969045;-1.06471251548631;-1.23261616883106;-0.200043401336464;-1.09676175863504;-0.701307856111331;0.108353774568735;-0.814819680276504;-1.06181206957259;-1.00141123531224;0.642011276023858;-0.627945773000085;0.303399684913733;0.0225580757862522;-0.227352328397317;-0.502476932535778;-1.01874228444167;-0.349409965778498;-1.00354695433912;-0.978090258113327;-0.719387377933332;0.626420470260852
7400;-1.52091346152797;-0.489060698840466;-0.501048477120345;-0.337479938087487;-0.713955165644811;-0.712007674677833;-1.1460792625646;-0.979199597911583;-0.334278335216404;-1.05897708003191;-1.26592734959728;-0.203709349937126;-1.13924031998661;-0.695474831532235;0.102685782860698;-0.806322703469104;-1.05507822617486;-0.95350076270242;0.628842058733637;-0.629468295966402;0.310139502081651;0.0521616282724413;-0.253087085787844;-0.494519352665547;-1.01492714359156;-0.323745718011398;-0.969975850573423;-0.958850918245473;-0.737405710696299;0.634617181690739
7425;-1.5164877527387;-0.475494602517593;-0.476581131804933;-0.321717817612307;-0.68577123654023;-0.69616780640405;-1.14312164215081;-0.976283939172472;-0.347326222373016;-1.05337718215154;-1.2922338413249;-0.212269181847465;-1.17488899604263;-0.692911692354074;0.0911733007798648;-0.792481502894841;-1.0483754003968;-0.876609509613386;0.620675785448183;-0.62701110736684;0.311650681745217;0.0773611374686249;-0.268764176976309;-0.482165464803957;-1.00612024949589;-0.297461995249623;-0.936169342209733;-0.941666396338714;-0.745098677351478;0.644647760227647
7450;-1.50201570472549;-0.459721341110386;-0.450094550302812;-0.309181163121803;-0.662013978019592;-0.676635077636356;-1.13189084792212;-0.964315887850339;-0.353656125644764;-1.04596458890324;-1.31191617396404;-0.225199183509369;-1.20714977394036;-0.691307820168937;0.0833519059256356;-0.776811319535868;-1.03879712979848;-0.780497361879462;0.613354242134355;-0.620491639803269;0.309899398026871;0.0905313475602327;-0.27774029309576;-0.472756481269291;-1.00212610883646;-0.276777583444059;-0.897645523779499;-0.924771383228178;-0.746265892349113;0.656887972201509
7475;-1.47609109733244;-0.441872586944585;-0.423288574909802;-0.298678334672537;-0.646756946633251;-0.655378838070043;-1.11465922200087;-0.946339664666892;-0.364758400640297;-1.03237233968792;-1.33056769578629;-0.239959984202549;-1.23324002302363;-0.682114573988725;0.078456177378673;-0.758595231510651;-1.02585423635347;-0.680738509805499;0.605015305186538;-0.611660787152518;0.310815134498611;0.0991375769174827;-0.294886111501223;-0.464185501289265;-0.994127034630169;-0.26159754630405;-0.8543467545194;-0.906199078676643;-0.741228495160226;0.67633266931446
7500;-1.44179058614082;-0.422556115693103;-0.399360723923884;-0.293963161447371;-0.635155435567779;-0.63881101025336;-1.09452736248046;-0.927736592616321;-0.374428615670216;-1.01441283768312;-1.34125985940276;-0.25739221374845;-1.25181735801702;-0.673127070956265;0.0784030521926511;-0.736137489538146;-1.01058232615487;-0.595789219506273;0.593138108487702;-0.604716681786171;0.312520890343142;0.106474228132128;-0.306492285521127;-0.449838738241091;-0.988288204182395;-0.247661085949546;-0.815761264053192;-0.882027545970039;-0.723089600860449;0.701618172860949
7525;-1.39877112526433;-0.398694733792468;-0.377800146833885;-0.286166185594932;-0.623723786669143;-0.62099446444832;-1.0721249495703;-0.904933188915966;-0.390000899692014;-0.997368071309654;-1.34956662275242;-0.281885613540384;-1.25905431483124;-0.666120148524763;0.0832340672265277;-0.70744588976373;-0.992681252740882;-0.52818002390336;0.577079653367742;-0.594035402685063;0.31118905435437;0.103253837525235;-0.312593046547896;-0.434872302475818;-0.983521753370581;-0.231140890794029;-0.775156962391532;-0.860643794365258;-0.696768712774045;0.729196859362093
7550;-1.35021718770055;-0.372031286111738;-0.359651630569323;-0.282577580985418;-0.614424020726455;-0.60657430183029;-1.05222281986466;-0.876536309330579;-0.407333595865845;-0.97948805548586;-1.3535832164142;-0.299617779271535;-1.26762122820943;-0.663797360269638;0.0881996117076736;-0.685019960254143;-0.970230131636053;-0.483362993749857;0.557779874963795;-0.584473598938307;0.313541567397773;0.0942877346764998;-0.324696134291564;-0.418119404020415;-0.975094051240594;-0.21909102930263;-0.735055812657496;-0.836071106610978;-0.665361767354891;0.760826598394001
7575;-1.30309168037455;-0.346927727687939;-0.340492208000141;-0.277032007756981;-0.603304792305927;-0.593101870877567;-1.03475162012678;-0.846284449972731;-0.435470474222972;-0.960027290028319;-1.35302838612525;-0.31722436575824;-1.27412834402602;-0.657825682547217;0.0909412832486097;-0.66486320537825;-0.951161052391152;-0.467749201704299;0.532887412547871;-0.57938551467169;0.307142323075118;0.0782662382894801;-0.334299471546759;-0.395440530710383;-0.963029361703414;-0.210541789695898;-0.691103404827822;-0.811033407835739;-0.629655578050035;0.778096780323842
7600;-1.25553826507909;-0.319500248486677;-0.320986970249298;-0.274241315857348;-0.593444603436648;-0.58259669656957;-1.01621554545152;-0.815472473728303;-0.45640062513978;-0.942620856430388;-1.3580817961872;-0.338581666792764;-1.27231912022996;-0.657031834368831;0.0936828433872752;-0.640374932767607;-0.932665439688823;-0.481198704937318;0.506621914610861;-0.574011253511827;0.297844142045995;0.0623227153003658;-0.342703365353799;-0.370859468714518;-0.944761963479766;-0.201942437574402;-0.651558391780858;-0.788497182713007;-0.602470922999603;0.790551025316886
7625;-1.2148956529644;-0.293512694772467;-0.301753939751679;-0.273048221119536;-0.583945605020473;-0.578791069153782;-0.996685253543048;-0.790778100906371;-0.466047177119421;-0.925675856239383;-1.36491505373332;-0.360726418041031;-1.26622325567512;-0.656968260542889;0.0946796083406254;-0.614908386559029;-0.910750368530101;-0.517620582404195;0.481673088298347;-0.57078908733437;0.290231938074217;0.0462862101306529;-0.349178804689899;-0.345505207740491;-0.922024652076103;-0.200826721027125;-0.630055593870177;-0.770097230332712;-0.581939996715437;0.804916328073359
7650;-1.18615598627189;-0.271967383225979;-0.283127843192724;-0.27568900119394;-0.572325388369557;-0.575115240489619;-0.978093794968342;-0.764457043578526;-0.471803830506285;-0.910488274689187;-1.36909760734182;-0.377087264974434;-1.25825719789307;-0.653708724873754;0.0952279137763113;-0.590848134636862;-0.888546806196227;-0.596782551064155;0.457730231028805;-0.569429719899886;0.29040012076021;0.0338592281416707;-0.357373320584149;-0.320653927320513;-0.901259281065506;-0.202437824728734;-0.598045118097713;-0.755335002905419;-0.563885807236901;0.820834316056424
7675;-1.16834460680089;-0.254776364981991;-0.268049530732657;-0.274368153022712;-0.55593110161825;-0.5724462937743;-0.962140156598521;-0.743806278002104;-0.477021868362197;-0.897301511064177;-1.37302396506774;-0.396985820906699;-1.24901819133589;-0.654057932101294;0.0920399578335378;-0.566160851913025;-0.863254530996442;-0.671718814792339;0.43749814347954;-0.567631628668374;0.286736234381535;0.0188118177641281;-0.358908875110326;-0.297067113100742;-0.878212525438315;-0.203310261017163;-0.55918617499459;-0.737428000204411;-0.544505144748404;0.833107306694978
7700;-1.151602074441;-0.242135490117136;-0.25845904949733;-0.275027421549979;-0.537743842667446;-0.568947494914991;-0.952942427378947;-0.721179324326499;-0.482031175991223;-0.88400966728299;-1.37397968843388;-0.412246634277527;-1.23955394404533;-0.658480987576983;0.0864925837347628;-0.538637778533625;-0.836551212720152;-0.750231173908219;0.417790789251714;-0.566490640226621;0.291209707761165;0.00165350353825673;-0.359923339303077;-0.276718507893663;-0.85501577148803;-0.208102114547517;-0.521277626693542;-0.725650624817773;-0.527046843656428;0.840605184740945
7725;-1.13889314627064;-0.236733017285448;-0.255042309497362;-0.271383469961653;-0.517518483263178;-0.561150399156843;-0.946421589737274;-0.692061243879758;-0.486444873763371;-0.870134787611546;-1.36608878881061;-0.418810282137721;-1.22775246135219;-0.671220871763792;0.0804681022121605;-0.512102768543107;-0.809533146014838;-0.802126670332928;0.406177733171972;-0.562254494237899;0.298820672660174;-0.0134744087364343;-0.360763066513309;-0.261918082486458;-0.831747348630297;-0.211818648109456;-0.48603322188039;-0.719739582440341;-0.517965600970501;0.84859701559346
7750;-1.12338968365797;-0.235941450438286;-0.259494322441995;-0.269380293702342;-0.497564562766472;-0.552185473922734;-0.93623022668842;-0.672214000320708;-0.491493062214163;-0.859348204289872;-1.35996923296168;-0.416225633896347;-1.2187030178948;-0.68377914703792;0.0741986942875291;-0.485593955732537;-0.785352537645343;-0.809219864022004;0.399465461947919;-0.556769830260668;0.307180863859013;-0.0264684171112977;-0.363921250822624;-0.239886427618594;-0.806744920287772;-0.215608781172054;-0.452440140339405;-0.71781866774689;-0.506179841647938;0.851933121996712
7775;-1.10407708970163;-0.236124575894717;-0.269404341969843;-0.26641156298463;-0.475862046065031;-0.539659832415699;-0.926653870071881;-0.660147669909702;-0.50416308302528;-0.846688985321226;-1.35102761796121;-0.410480859289066;-1.20539780057121;-0.698913611459358;0.0657848979442906;-0.460607692974261;-0.76470725166201;-0.77353456144703;0.391656921339147;-0.549216137118302;0.312406207090365;-0.0418304265794934;-0.378180804447046;-0.224367740877848;-0.783906383795779;-0.220613437906596;-0.424360277688873;-0.720982743742642;-0.492356132157242;0.856497509494731
7800;-1.08205147134337;-0.241682020578041;-0.283959244398493;-0.260552644397862;-0.457226925140589;-0.521767738962407;-0.909860140945146;-0.647170736627495;-0.518724694502066;-0.833394091649679;-1.33918008485145;-0.403633635323688;-1.1805100308008;-0.717813797944488;0.0540260311282597;-0.43800131591919;-0.74558661453255;-0.755254445941969;0.386371709924015;-0.534714167239905;0.31290981435699;-0.054733243750081;-0.385120055436714;-0.209193208272225;-0.762596880385484;-0.227102893411054;-0.39885299459693;-0.719599981866046;-0.477211624058368;0.860491236579494
7825;-1.05618684822774;-0.247190320607344;-0.298118947549801;-0.252705467700045;-0.439915193431554;-0.499373774893304;-0.892486348733329;-0.628638384758102;-0.528445530766155;-0.822007431788594;-1.32904394733893;-0.395674207683899;-1.15756170108188;-0.732891223483023;0.0449290523953024;-0.416219507620985;-0.725580913714424;-0.738125791976588;0.388247201672719;-0.513083410288216;0.318782056144863;-0.0738685301225084;-0.384626926727801;-0.199683834024228;-0.739791640761733;-0.236337038456032;-0.369417886681224;-0.707986176281007;-0.453537964663133;0.869086238475915
7850;-1.0247823109273;-0.248420414388396;-0.312742197324325;-0.25040648771552;-0.424072503129404;-0.47641763288612;-0.871371504655456;-0.619234199182623;-0.536915463989652;-0.816458390590348;-1.31307660145909;-0.388760612504373;-1.13191682205404;-0.746905123804648;0.0385485995045472;-0.399257029922355;-0.70539355976299;-0.725455603329571;0.389636001730903;-0.490241150187776;0.323602509411879;-0.0926271741012712;-0.374692900130033;-0.19404771727773;-0.716209239887057;-0.243033290959133;-0.345133172280229;-0.689605154134733;-0.424941006942115;0.884140257928633
7875;-0.992512341157607;-0.253234568462778;-0.331642773544317;-0.251226003223164;-0.406433627293751;-0.458241490818427;-0.848775358923571;-0.593380293901685;-0.544130627661105;-0.811648734673505;-1.2942419402259;-0.381884676151551;-1.10215077385251;-0.763154882317081;0.0316499821350418;-0.387916172203505;-0.685967898554857;-0.71897204522877;0.392333566068819;-0.468787294432118;0.329858029670932;-0.116155327471096;-0.361385171371588;-0.192941249915033;-0.68988471627817;-0.24938708483152;-0.319212581632355;-0.673962618088233;-0.392243059556587;0.900510819079746
7900;-0.96182773206899;-0.257134360932711;-0.351727830870971;-0.252421340694166;-0.38773673858629;-0.441734450683999;-0.835619290647213;-0.577009700438255;-0.545569788535294;-0.806454313670068;-1.26647068642574;-0.371875591286114;-1.07283361895848;-0.778058334576772;0.0224168215019234;-0.382082840116144;-0.671833306533455;-0.720091503774227;0.398861112954871;-0.450349817524337;0.335220376958742;-0.133992400047797;-0.344965050907659;-0.192838680836791;-0.661200524062558;-0.252645327312478;-0.293044408209616;-0.65507392621803;-0.357026979273613;0.915047883218837
7925;-0.93289648442161;-0.258535610679134;-0.370031765501989;-0.258693794240945;-0.367115711498748;-0.423025470474857;-0.822113699898102;-0.558729134748227;-0.540221470945423;-0.804451087519091;-1.23891252842795;-0.363263361842934;-1.0440267243042;-0.795555426342036;0.0130366409456049;-0.383153564285347;-0.662102913316683;-0.718510454311039;0.404523866614002;-0.436140297444386;0.337590022020214;-0.153452064761888;-0.316121003655542;-0.197187674273152;-0.628975715225874;-0.253350047394136;-0.274495122164079;-0.630730628114268;-0.322842234341847;0.936325155608669
7950;-0.905415989528861;-0.257915259891737;-0.383351605240563;-0.262807854694789;-0.349478934618839;-0.403410766534009;-0.80958327782279;-0.541638112175148;-0.531825791260391;-0.801321678138524;-1.21005891040391;-0.356443941303792;-1.01374035780476;-0.811398627802954;0.00761416938820973;-0.386883146261113;-0.651691150837718;-0.708874136601871;0.411065606527545;-0.422557295178077;0.335032764901001;-0.167179487973603;-0.289432009936424;-0.211299152656987;-0.599478007977;-0.255896116878682;-0.262345876531627;-0.607811371122887;-0.292444875111799;0.959649068709476
7975;-0.884554301837667;-0.253986955056672;-0.391448496198158;-0.270401936887111;-0.336420220650815;-0.383517516831689;-0.794314234581006;-0.532427080475168;-0.518473392453195;-0.793380157207854;-1.18402974571032;-0.344120366175026;-0.980436603160772;-0.820656578677167;0.00964435396009415;-0.383250226843723;-0.635410517940548;-0.704285196081666;0.417223258691136;-0.403145492599108;0.330898332951325;-0.181581437305467;-0.263743016866113;-0.227311842356036;-0.569924604417656;-0.257957828776775;-0.253764283814101;-0.583604329463889;-0.267638271490742;0.987266786654351
8000;-0.862051594413033;-0.249439234360238;-0.395873258865741;-0.281111627321163;-0.325579884668512;-0.368836271784478;-0.773919187171872;-0.523348124139068;-0.497408472223856;-0.786946488068545;-1.15638572495614;-0.339385011913808;-0.950476405296863;-0.822959761469184;0.0150306285746258;-0.371974740236603;-0.612200897223366;-0.705633762859082;0.422544119731183;-0.384003102567828;0.328921633347528;-0.19697206938278;-0.235695886753876;-0.242571981673327;-0.541847157784679;-0.249972943124908;-0.250522989064543;-0.56027484628853;-0.246645952804585;1.01463283076353
8025;-0.837660491494804;-0.241678918742832;-0.398002561354102;-0.289991294191318;-0.318064996452798;-0.354949755381548;-0.749177702388301;-0.513153765719887;-0.474759514718556;-0.785922822549754;-1.12703276156744;-0.340202883106449;-0.918615792159195;-0.817879146167969;0.0214475698601658;-0.357222886132902;-0.587529757445189;-0.712083059744437;0.430395966313631;-0.367439570716907;0.327221889509069;-0.207844483953989;-0.210670337195868;-0.26766035084015;-0.515229770952041;-0.240868623907674;-0.245131830803735;-0.546616920006509;-0.226969190396429;1.04436974078079
8050;-0.822376892019941;-0.233088336401313;-0.399043846407086;-0.298849136416107;-0.313698787204239;-0.344933509596908;-0.728989116007339;-0.508597336385597;-0.45570174050653;-0.78732989832775;-1.09812683429681;-0.329134028520141;-0.885145500390942;-0.811103964348184;0.0309628303555585;-0.349666183395734;-0.560747080754593;-0.72321382224153;0.441782498490569;-0.348544906700343;0.322192276717002;-0.218538996661309;-0.184110319874249;-0.296588808904963;-0.490974872195615;-0.235029222437339;-0.234387046521636;-0.537052032050437;-0.208526941655228;1.07521934487261
8075;-0.809527891251752;-0.230100677085541;-0.398260257767024;-0.30069076644598;-0.3089230605791;-0.334460028317214;-0.710421655328591;-0.503946077262481;-0.442155731405683;-0.785893087555464;-1.0638966491756;-0.312868111737291;-0.854159908588093;-0.800496205213944;0.0414197267699177;-0.347215634881203;-0.540891697656984;-0.735840586130039;0.451321875464908;-0.326950670652694;0.320036410412034;-0.227235811612044;-0.164350613264527;-0.326779534170932;-0.469361331677214;-0.226403582021659;-0.21012909743428;-0.53478214903765;-0.188513049004995;1.10422807839813
8100;-0.795940736220451;-0.227449263308403;-0.399269082832379;-0.302649491922372;-0.305432651802704;-0.320623050088591;-0.691614480403195;-0.498816293020402;-0.428859170009993;-0.789097067799586;-1.04116133671557;-0.299697516229147;-0.812620178628664;-0.792145869335679;0.0516597124781868;-0.345543498326999;-0.519842113326591;-0.743865043449484;0.462320906438482;-0.299500956714096;0.318228899435944;-0.229701443310985;-0.145956091753744;-0.354027558714148;-0.447928934722688;-0.216730913639414;-0.186310478155887;-0.541134936090131;-0.175947533650313;1.1280659638967
8125;-0.784494916609453;-0.221880771587749;-0.402306247489403;-0.305499280644647;-0.305187227574563;-0.306373040724808;-0.674653862532476;-0.494864112693713;-0.414721717938123;-0.798075227220633;-1.0209475031012;-0.288957787601999;-0.775740259596991;-0.789323824868771;0.0607529887657122;-0.348288085963094;-0.50103161481271;-0.75078804089148;0.479581408413014;-0.269583595487247;0.318003470495811;-0.229133586192964;-0.133490693748816;-0.384757659230242;-0.432684669867415;-0.212160601843767;-0.179871287580118;-0.547711883020388;-0.173365838661218;1.14869640422091
8150;-0.781256425338432;-0.217076194773288;-0.406006550181469;-0.304612988340719;-0.306663924208217;-0.288701567886674;-0.658279693881322;-0.490084933202847;-0.401083790117502;-0.804434616311107;-0.999317315613402;-0.284331012409972;-0.738054138827699;-0.782678166750581;0.0673309649332857;-0.353418527280348;-0.483483813507377;-0.775318232106053;0.496732001656531;-0.238640304652822;0.31382071733262;-0.228008103145189;-0.121758604928948;-0.413880487816291;-0.421869392139399;-0.205572138404004;-0.161858685574111;-0.552645293112245;-0.180666138352918;1.17146011561508
8175;-0.783099538534949;-0.211899799660477;-0.406003510947967;-0.303768362823498;-0.306569110470398;-0.268740335156367;-0.639841208604899;-0.481355120939219;-0.386462460581774;-0.806873840722128;-0.989476498088163;-0.290986716748613;-0.701863439282434;-0.778206043697104;0.0742169276280909;-0.361817645392079;-0.464681276630828;-0.789195928000747;0.512028677103616;-0.210000010950835;0.309531440730261;-0.231927393288429;-0.105379237167555;-0.441921395405774;-0.40922203082215;-0.196599730030254;-0.138596564305837;-0.548650893640102;-0.18380992214792;1.18895063867517
8200;-0.786510041642197;-0.206911664299631;-0.403588955713072;-0.306330396763512;-0.304492120808439;-0.245462241675356;-0.625013249110463;-0.462553046369411;-0.369990146416691;-0.810018761271419;-0.967545499401387;-0.301915389234105;-0.666615725052525;-0.778767084226134;0.0831274111874907;-0.371725498945741;-0.445101414478176;-0.801167679409631;0.524659273827574;-0.183752003327416;0.310637950769609;-0.229666317682841;-0.0823018354056719;-0.465210636905512;-0.399608526456959;-0.192866350041862;-0.115243524041438;-0.545454353016627;-0.198731218468574;1.2030190923606
8225;-0.799395073695776;-0.202135276824069;-0.396704056249288;-0.304380503876999;-0.301777663657201;-0.22057617574318;-0.610837035135303;-0.430733227426369;-0.346768979729008;-0.813209977472261;-0.940149397138986;-0.311999873713256;-0.63550680067895;-0.78605829859164;0.088791554775286;-0.38336988741176;-0.429224333523128;-0.803120187442788;0.54192402293576;-0.154173471259707;0.313129179620885;-0.225780937791617;-0.050907337140182;-0.484479352813007;-0.389518321777305;-0.189768359895633;-0.0936642471279102;-0.54116289571934;-0.221502063241977;1.21311099694074
8250;-0.809342724914386;-0.198856030055025;-0.389142898779828;-0.306212877326832;-0.2962424878656;-0.195614838691475;-0.591230507441487;-0.39947597734252;-0.323131469266511;-0.814137631421939;-0.916496068012883;-0.324175375824622;-0.611355287823173;-0.792752076898486;0.0954338426377073;-0.396160868085181;-0.420613959487038;-0.80861060950306;0.563150490259969;-0.128673235593093;0.31713673675601;-0.220239389300869;-0.017646137389141;-0.493840541155356;-0.378335346437889;-0.186887727624707;-0.0709896624167913;-0.538308834852209;-0.238630327111266;1.21750294822918
8275;-0.825637370994754;-0.19745936331745;-0.381418737623169;-0.304533863209459;-0.28686831954132;-0.170181626883824;-0.576971695350019;-0.374140632567568;-0.304594699768926;-0.809036209560698;-0.885577077559925;-0.337520489669313;-0.582499483377431;-0.801038744037198;0.101376003166051;-0.407061619302637;-0.417718590143299;-0.812619624044899;0.579623294196934;-0.108265291336499;0.31640692578545;-0.210898770314368;0.00678836884953782;-0.502916973757896;-0.368883953702479;-0.183350377056795;-0.0465291805614238;-0.530429483631644;-0.261940159145324;1.21580213674996
8300;-0.847539503624998;-0.196954712786569;-0.37214210224056;-0.29849847639444;-0.279939406602713;-0.137075778843044;-0.56495061331971;-0.349434255376059;-0.288368953408714;-0.798617635198676;-0.858245960177975;-0.347860374349044;-0.558363995390549;-0.808755458328179;0.107915414992199;-0.417876079848702;-0.414615010021049;-0.81229881713114;0.592457276559562;-0.0860548536004609;0.308746966715426;-0.202242150277959;0.0365564535869529;-0.508634228680313;-0.361048488399904;-0.178306687831456;-0.0245670793609195;-0.515853029800907;-0.286241088955931;1.2119485493131
8325;-0.866701674789094;-0.194653654860661;-0.358641825919645;-0.285826748754159;-0.271177249505797;-0.10690821585538;-0.547765690370086;-0.339607207908936;-0.274519072138446;-0.783266207607045;-0.835417174932741;-0.354150654880873;-0.539240302631768;-0.815601931154659;0.118445572326788;-0.426732042258178;-0.414922521794057;-0.812168290606825;0.609654667792609;-0.0660830695021688;0.305257629940692;-0.195616630276158;0.0599299760673935;-0.506758136854623;-0.35437322653341;-0.173332593428949;-0.00912959612812494;-0.496232143215357;-0.301390887167795;1.20573297266074
8350;-0.880399591425285;-0.192181682585628;-0.342008258943498;-0.274329537848852;-0.266964562903327;-0.0868970179455478;-0.525031086149526;-0.329686569326588;-0.26437921635718;-0.768137047790001;-0.812006323450791;-0.353364181070186;-0.527090954836235;-0.818802712550233;0.128443043647844;-0.431968957784093;-0.412964620757509;-0.811267559208604;0.623377907118091;-0.0459640710441911;0.299799735436035;-0.19379994319112;0.0813931714291032;-0.497313741212301;-0.353340254786033;-0.166638282674754;-0.00128408370212942;-0.470844934080542;-0.311911311472818;1.19624778042906
8375;-0.891994583407222;-0.192000343855575;-0.32788978117678;-0.265893420247839;-0.265945937068652;-0.0700715265797466;-0.498115256436539;-0.311227796337072;-0.254092593211595;-0.754985283842375;-0.793716178835256;-0.351246729428032;-0.51840251904666;-0.815876556876992;0.134062951632659;-0.432478617838813;-0.407321953955635;-0.808381443936765;0.629669591706265;-0.0232283694289764;0.292096818724929;-0.194687480180342;0.0979563264757362;-0.478928953913006;-0.352999316597222;-0.157408872440888;0.00722225607636004;-0.453416354493172;-0.317385956565795;1.18152200665832
8400;-0.900954644519052;-0.192158762308911;-0.318113539835067;-0.257703392033588;-0.268244320073054;-0.0606834080820732;-0.472166540530812;-0.308848046708231;-0.247430304365128;-0.74263417789434;-0.768395030733329;-0.340834529991281;-0.51147803196589;-0.81202938197534;0.134286491606344;-0.432595214334401;-0.40506794260134;-0.811086365127627;0.63232535857284;-0.00955167364435776;0.290354323068929;-0.191559478166063;0.11158168327323;-0.459923117290714;-0.351785938923536;-0.14972702718824;0.0154891216915812;-0.438626330030059;-0.321817259314736;1.17219221167022
8425;-0.913138771093528;-0.191183361963321;-0.310946148377047;-0.254356484755058;-0.270821729907782;-0.0488537725771839;-0.452360001471572;-0.300685633327646;-0.242135114737103;-0.729931205611341;-0.748010189599144;-0.33019399679763;-0.505561917310486;-0.81356501567863;0.131024661244862;-0.437389018751358;-0.405197794109954;-0.81909607690427;0.63531830876312;-0.00336760191473355;0.292795620592416;-0.188604462571027;0.128545166434946;-0.441274037079305;-0.348900043849643;-0.146450548920291;0.0168111523377477;-0.42784072577629;-0.319466592151873;1.16223305239939
8450;-0.921412221504743;-0.187921892030472;-0.304970258990088;-0.252900995509248;-0.278000168189437;-0.0360613312218848;-0.437302889535576;-0.294697062592071;-0.238412880662728;-0.712678922255726;-0.730263166544154;-0.3145041714268;-0.505271812465621;-0.813562357913405;0.133083947785204;-0.437839253115457;-0.408451503950854;-0.813610074927629;0.637991416351058;0.000300576908144956;0.296566634755517;-0.181624979171894;0.141723345417478;-0.427663345229556;-0.343786389388348;-0.143950908361805;0.0117472750635453;-0.425088782600759;-0.317618534949349;1.15111094949882
8475;-0.926431818874642;-0.186370975717242;-0.296830611150213;-0.245822893289832;-0.285703649706992;-0.024591333797055;-0.424789724432713;-0.294745027045887;-0.236942305745926;-0.690300875212214;-0.710480525463382;-0.288262335534034;-0.510214940950378;-0.814611502643623;0.141402480860806;-0.431951330027928;-0.406429230728254;-0.812331657345865;0.636701452725425;0.00613039616767659;0.296720812183725;-0.180998642471135;0.153420158728749;-0.406696224818815;-0.335319081346813;-0.137954174145594;0.00685363677155624;-0.4217899652473;-0.31611652805731;1.14203153983838
8500;-0.930267308362621;-0.187569729025229;-0.28722468600711;-0.237068144722978;-0.292416218422605;-0.0128037487963511;-0.41227254562862;-0.290530738065882;-0.232151640754506;-0.667979522571715;-0.69299597407309;-0.271756933578291;-0.517053593723243;-0.818428475534226;0.146621780008106;-0.421308362439795;-0.396740726736799;-0.808611661153525;0.635652829057475;0.0114615410329324;0.305071917566141;-0.181696045541089;0.165321352941315;-0.383853001091011;-0.324993060319055;-0.129414021702352;0.00288166725926717;-0.423401976807594;-0.316802651537954;1.13166199067837
8525;-0.932629766181132;-0.185419805045676;-0.279179851911145;-0.233651681168927;-0.298130286043382;-0.00275520946211225;-0.398574458229236;-0.284923585353936;-0.225669791094457;-0.651271253166349;-0.672608114671926;-0.25463020427316;-0.529790318078545;-0.823683305697611;0.150765142403976;-0.406093186950624;-0.385616054060519;-0.81102455540235;0.637134909089852;0.0101063717606693;0.318394295438254;-0.186328697988554;0.176892828358136;-0.360990292588162;-0.316622152678277;-0.127826870360294;-0.00225563049937763;-0.428899850343602;-0.316857861890555;1.12587905939741
8550;-0.937481318026213;-0.181728721831605;-0.271109201182339;-0.228980278206728;-0.30106164677325;0.00478920246888217;-0.38987881257263;-0.280001229304353;-0.218785593884635;-0.63325344985558;-0.653447464803025;-0.233857133339701;-0.544418352388374;-0.835991470241059;0.159812966965644;-0.384435456942578;-0.375327990348996;-0.822162371395941;0.63982959067127;0.00189061302597033;0.326239877653141;-0.194439319855162;0.190535017478378;-0.343441176663504;-0.312139856226575;-0.127836167861349;-0.00806781600673525;-0.425090949163506;-0.322732951699204;1.1207697467738
8575;-0.942674208161665;-0.18561534869474;-0.261288155490935;-0.223104146008501;-0.300310486839926;0.00799909033617299;-0.382421452129022;-0.272411254131257;-0.206884989375946;-0.612622988820738;-0.629760569479064;-0.208255865050929;-0.559646448576889;-0.849706632666833;0.165729137348955;-0.364274510642507;-0.359513716656129;-0.842293341957322;0.640778334733881;-0.00967895878317431;0.341053557791342;-0.191615449238612;0.202647849095279;-0.327166719832153;-0.311556519753265;-0.123905047204158;-0.012558455478939;-0.422699311520256;-0.327259921715505;1.11829366128664
8600;-0.950391986858647;-0.193152042912619;-0.250593905185374;-0.219588410929009;-0.299575265976032;0.0103535662624149;-0.375337420830256;-0.260371559118786;-0.198221545624723;-0.600524427462693;-0.611570643582361;-0.184166704308486;-0.576798821312596;-0.867604173537456;0.162744876007359;-0.351048781633415;-0.340492515626853;-0.872176208299816;0.645788596738974;-0.0183139571608355;0.359008695420377;-0.184770428465912;0.216871151194448;-0.311100897528832;-0.314470241646193;-0.121099800854654;-0.013072456006929;-0.41790262710175;-0.329144866257891;1.11703509753575
8625;-0.958424668389305;-0.198720755998624;-0.240505931917062;-0.21696998726266;-0.296940929054436;0.00931847977045655;-0.370771244379952;-0.244792179069037;-0.192970082275413;-0.595535570915061;-0.59090380111078;-0.158455914458026;-0.594261458723458;-0.888733332567618;0.163347073627168;-0.337787987159831;-0.325942172340563;-0.904328671770551;0.658418684098129;-0.0297611505170897;0.374930221028906;-0.18371386268931;0.226015693378209;-0.300333072695109;-0.321433356643707;-0.120329798177383;-0.00842094976901699;-0.413120531622008;-0.329586944079882;1.11692611184025
8650;-0.969127986659344;-0.205448757221692;-0.228894433077475;-0.208113795472127;-0.290549453813149;0.00428697526832957;-0.368225590453656;-0.23174173944285;-0.183361971602127;-0.589927316788857;-0.573598112531812;-0.139054506539848;-0.608487960876037;-0.90993355849047;0.170427022832646;-0.323312335999345;-0.315805066020517;-0.940364161820206;0.667770178081695;-0.0397732023745996;0.382006727232123;-0.182419423236292;0.238422158696673;-0.287494950780189;-0.322006260203311;-0.114427098048536;-0.00513397342202251;-0.405244797794698;-0.329551311225409;1.12085749191116
8675;-0.979890857476361;-0.211072933834251;-0.217656077639924;-0.198263572260892;-0.280946562927046;-0.00337842752311888;-0.363833495283647;-0.217357218058941;-0.174194353258231;-0.581573188391817;-0.568242766519032;-0.119590465685079;-0.614462703568496;-0.934384914049679;0.172480520977504;-0.315788931785715;-0.310487123290192;-0.982092131774848;0.675318813989395;-0.0453397471054076;0.389950529517603;-0.184228797203318;0.245997832906919;-0.277873993740907;-0.318234868897105;-0.105915530605742;-0.00360971629164166;-0.392879758728196;-0.321817387302673;1.12420227616891
8700;-0.985554091134737;-0.216779247315415;-0.2079328962628;-0.188510858596938;-0.269639000503679;-0.0132986576206974;-0.358439158653716;-0.199909043622824;-0.166092457119484;-0.574046427671245;-0.558289678100778;-0.102658033084933;-0.621754537846548;-0.95830820196206;0.165250560009702;-0.316301029675143;-0.310532396593732;-1.02118822793443;0.685281571686214;-0.0484597328094627;0.394985363963708;-0.186162903538098;0.250140641478672;-0.261743498677765;-0.317524875685805;-0.100179672784168;0.00246302978093857;-0.370352544440491;-0.32653408232053;1.12930893638574
8725;-0.99336730507842;-0.219775615003158;-0.198233950396066;-0.177101249036433;-0.260383614587118;-0.0270441705425633;-0.353675644112017;-0.188679836026331;-0.153595764645395;-0.566451674725221;-0.547773939607718;-0.0895784292045327;-0.62563051940431;-0.978444774537247;0.149402811192532;-0.31452638963277;-0.316911622527487;-1.04982923796115;0.69228750336389;-0.0520070698135764;0.393487156345956;-0.187375391530901;0.249641472651852;-0.249246335610264;-0.313168899740202;-0.0960608729400335;0.00639931793552093;-0.353124780114252;-0.330066761188291;1.1341020982535
8750;-0.992450419562671;-0.219766278824541;-0.189429760877273;-0.173806520047937;-0.25216148593286;-0.0419975121533317;-0.345885703262272;-0.17340863219124;-0.138861624704915;-0.55801783133838;-0.537593696224117;-0.081309900577974;-0.622227251730276;-0.996170544696679;0.132259826945481;-0.304132186863472;-0.336258375776036;-1.06491122749926;0.698482972616446;-0.057607163190641;0.38014508241775;-0.193509392051737;0.251463350882179;-0.248816874905524;-0.301775821748708;-0.096892963678055;0.00535844234239788;-0.341465710985528;-0.332641492029129;1.14237473712882
8775;-0.994473633582418;-0.21844798015547;-0.181504254484104;-0.17406746492402;-0.246437345829432;-0.0557591919217782;-0.339972881362917;-0.155742430743813;-0.123689206740155;-0.5480318151556;-0.524247280293668;-0.077225381168902;-0.612979369155012;-1.01102583463497;0.115823280025205;-0.290289528488768;-0.365471830488095;-1.1042217607216;0.701312404453823;-0.0590284509498065;0.366757204881972;-0.197116152782625;0.253515852528261;-0.242278478773544;-0.285810102321822;-0.0961431054634881;0.00878837068599689;-0.327636538787392;-0.339876820044626;1.14981369183263
8800;-0.996543914755814;-0.213832408684764;-0.177016407983162;-0.175639400880689;-0.239494351950884;-0.0624383704175574;-0.337520488906545;-0.138314641877506;-0.107815363007742;-0.537576506883881;-0.513187432181379;-0.073778475946554;-0.605015762354229;-1.02337411137453;0.105439685276563;-0.276343380880241;-0.395285696632836;-1.12531838750129;0.703787383926984;-0.0613621460528769;0.353261988634082;-0.202349011386111;0.259661586996653;-0.232585966310663;-0.265126325912171;-0.0963678573385901;0.0130876496045541;-0.319501973722234;-0.346521758799552;1.16140291195866
8825;-0.995817583217594;-0.209396479684821;-0.16851602618273;-0.173999806419531;-0.230425189989458;-0.069972189530784;-0.335648938913197;-0.127276316055539;-0.0922799205927093;-0.525753802097597;-0.497305813423506;-0.07322168048701;-0.595418269815273;-1.03466182766397;0.0990604447525468;-0.25915888101995;-0.436938844291652;-1.13273760425758;0.715277573147668;-0.0683171960938265;0.342129322511818;-0.217205327793516;0.26196838220209;-0.213030258397588;-0.243892430352977;-0.10230463321128;0.015651475887862;-0.319021835886287;-0.351876543948771;1.17340499550373
8850;-0.992153317110611;-0.203702670608805;-0.161011775713637;-0.172057003723433;-0.223375107993192;-0.0734182200162437;-0.332679792151043;-0.113258624973865;-0.0771997514042929;-0.514282484273324;-0.480143860563044;-0.0727260014073775;-0.589717139854871;-1.04345950004027;0.0954507816076078;-0.241285724276333;-0.482605653214997;-1.14019873761022;0.725778413717555;-0.0728296738269889;0.331407736150627;-0.236828403358443;0.267645213117957;-0.19603718214958;-0.22750293824135;-0.104765036728508;0.0190021484724333;-0.315489179637618;-0.364151434532371;1.1820880312842
8875;-0.984177922035299;-0.195684860671996;-0.155951358428758;-0.168198279407113;-0.217327370306945;-0.0716299973112965;-0.329773538280789;-0.096051006517474;-0.0644923216253091;-0.504829942872782;-0.467820611150528;-0.0733167021342113;-0.587637768086949;-1.04952673049643;0.0962506132387236;-0.2216676470095;-0.524526437844719;-1.13951569597237;0.731886589053044;-0.0755455110406334;0.317165162306474;-0.245135463103234;0.276452775180839;-0.174196450918324;-0.211534184399981;-0.103459548848073;0.0255170925099163;-0.31814245807384;-0.375233765042114;1.19154353225302
8900;-0.977905916046717;-0.18857520362591;-0.152228662855192;-0.164085162141539;-0.210417436487051;-0.0725541960572596;-0.325676686803037;-0.0818366406820019;-0.0545673050736505;-0.496785696337749;-0.450658869050238;-0.0717702198829126;-0.584401735613064;-1.05477010566397;0.0977903325094743;-0.201552437551735;-0.56089800407657;-1.13352582204383;0.742479998892054;-0.0827356164734395;0.304242484060489;-0.243454750177703;0.285479190876273;-0.155166768197153;-0.202832353235005;-0.10320945137326;0.0327162553589163;-0.325489282225927;-0.389610012962682;1.20220652617552
8925;-0.972338150773708;-0.183235286239126;-0.147679481251927;-0.161559359222485;-0.199188036965973;-0.0709365823232969;-0.326290436907308;-0.0589659377298661;-0.0454261989893531;-0.488456023933589;-0.435687033161217;-0.0706303264234717;-0.575706599035038;-1.06236499781015;0.0972934507518695;-0.186169873737451;-0.589484600720664;-1.13650809593806;0.758242717906394;-0.0928997556800533;0.294637031698953;-0.239369734633817;0.294585031293844;-0.136107102644189;-0.197085806054337;-0.0994741109242597;0.036389700042608;-0.333617736785856;-0.400705422856056;1.21559552872629
8950;-0.964502995988328;-0.177037958080109;-0.14344990025695;-0.16100294817172;-0.18805321809655;-0.0669068091961772;-0.326648357325184;-0.0398320175456208;-0.0365345738412995;-0.477329431716445;-0.425085053815528;-0.0660918549219359;-0.5669443149925;-1.06661935867616;0.0997622650570745;-0.172303394807579;-0.621938134058033;-1.13167531893677;0.773670970823803;-0.105321796360145;0.287635218553136;-0.237067592316395;0.307357910994448;-0.123500702475751;-0.195962867928767;-0.0895721388285143;0.0341793349939884;-0.340993349650092;-0.414134158163923;1.22444143216953
8975;-0.952036817642974;-0.170910685828805;-0.138300578325623;-0.155627865946888;-0.177218417251391;-0.0700639680515734;-0.326577317005096;-0.0224362749358404;-0.0264638292984439;-0.467687828223665;-0.409334046739817;-0.0574806646416998;-0.563490005754366;-1.06836135490144;0.103253607387408;-0.162214611704042;-0.640815076624607;-1.12924249272058;0.793586939625225;-0.117119307066651;0.27833191940375;-0.229184295966542;0.320054517501037;-0.114100637986319;-0.195244764823185;-0.0736725271108306;0.0331126618606955;-0.346817113588925;-0.426075482355643;1.23557961486221
9000;-0.945073340008699;-0.168834579277793;-0.131533718650244;-0.145196752966862;-0.166033826424545;-0.0674362579229389;-0.326204675573031;-0.00471414028588786;-0.0171130633075452;-0.460241772990962;-0.400048801121064;-0.0508182793829483;-0.550159960277587;-1.06871895279995;0.104988253944547;-0.157039520191161;-0.653742294147603;-1.12595812724641;0.813564909748443;-0.123354166614419;0.275900022580435;-0.217592666901264;0.333799439344956;-0.106142971288433;-0.191934235242523;-0.0597937804055285;0.0329416092581706;-0.357935399347136;-0.433421766954622;1.2423900975445
9025;-0.938283620677843;-0.162231829503365;-0.122250840592855;-0.136783969715008;-0.1518907252151;-0.0648780179788445;-0.325357246285924;0.00900093168824938;-0.0105274963553655;-0.455922805576288;-0.388197662036864;-0.0407121830152412;-0.539651004909865;-1.06718670765307;0.105397763968983;-0.15337508992893;-0.678127089557389;-1.12657450428076;0.830448743491272;-0.12863748773076;0.271833226629664;-0.209902392283977;0.349583652771225;-0.0992879135439711;-0.186470991469125;-0.049497238026121;0.032458672836927;-0.366457881198287;-0.435715427998118;1.24200697831726
9050;-0.927298087446603;-0.149826831052092;-0.115279864871755;-0.124369468726862;-0.136204988806075;-0.0544016081070603;-0.324252260123863;0.0214531144966211;-0.004146160113467;-0.450462775612423;-0.381016151800738;-0.0308577381510861;-0.525773058605628;-1.06475362604809;0.103939835850724;-0.144247251953687;-0.687072969670586;-1.13776967240415;0.851295304177238;-0.134828989572125;0.264450626379667;-0.205146385302822;0.371335823022521;-0.0947261092971262;-0.181664455779079;-0.0412248435627792;0.0375188075997913;-0.362903674266557;-0.445271331585611;1.23471370131389
9075;-0.914985802546947;-0.138873147502665;-0.109862124342581;-0.111264550187652;-0.122053265362875;-0.0480207721850451;-0.325789272605595;0.03482207750271;0.0028863265763154;-0.441820375014655;-0.372612912591498;-0.0224502946071609;-0.506768395610563;-1.06366709936552;0.0926594237192007;-0.137564732237967;-0.674622346140501;-1.1560600993633;0.873751872041167;-0.147823332811556;0.256774137372983;-0.197202730548645;0.395306273835028;-0.094659859792953;-0.178984976377296;-0.0372883290602502;0.0408210555507725;-0.359305950030625;-0.454577877614247;1.22586354863244
9100;-0.904789497448705;-0.125257939741351;-0.103001111758123;-0.102899542615581;-0.111365318124995;-0.0386979546659988;-0.328399515995945;0.0488678939466681;0.00685920553131938;-0.430303772479694;-0.364428639533098;-0.0125941302343858;-0.497845994154492;-1.06015546708362;0.0703622670845337;-0.129563821121463;-0.655133346935118;-1.18502604852836;0.900785222679389;-0.163932883001837;0.249971354836767;-0.187693323402642;0.412089524205548;-0.0960836834230966;-0.17910962784787;-0.0383060537232146;0.0438637606987203;-0.348276325809779;-0.465224451652117;1.21571510016482
9125;-0.892207709081801;-0.113270282371295;-0.0949917476354494;-0.099318718077377;-0.100996440596937;-0.0298041131726797;-0.329790470748982;0.0640148018313587;0.0111618719234982;-0.420486634072629;-0.357367498283294;0.000379562653586607;-0.490514366683726;-1.04805291780874;0.0532734382488933;-0.11266337502142;-0.627897011291703;-1.21082006693589;0.931823785293872;-0.180617380348822;0.241896042710133;-0.185856456360099;0.425449673357461;-0.0953697487039996;-0.178755056108448;-0.0423752285685433;0.0499027280073244;-0.337944798240128;-0.476910534608186;1.20655226199816
9150;-0.884528987016099;-0.102548866713511;-0.0876204477904827;-0.0957837657968771;-0.0880607177839177;-0.0210458548169222;-0.334597812902226;0.0807886314749105;0.0180477119902926;-0.412675204119119;-0.351617574769519;0.0146065006224499;-0.485995598763495;-1.03255158261462;0.0486008331364832;-0.0936313332614766;-0.591539587194916;-1.24030866704936;0.957534434976947;-0.194354141342843;0.231497680887122;-0.189023052724807;0.436676005232873;-0.0906801332667278;-0.175358182516064;-0.0469771616765565;0.0514930213029266;-0.325903649131386;-0.490442130949284;1.19401132582683
9175;-0.872487559707083;-0.0923546330370879;-0.0809175185581394;-0.0920769862625163;-0.0752318365844151;-0.00972728447039382;-0.340839709127577;0.0980944868451406;0.0263393790755727;-0.401446573371814;-0.348846946805823;0.0307384744489819;-0.482985882231358;-1.01637699149967;0.0453995147180442;-0.0783047029380387;-0.549131620360796;-1.27732365969042;0.976987621601303;-0.201280010188309;0.223160283141718;-0.191457695768677;0.442196275302327;-0.0815491708209587;-0.173956404343034;-0.0514113224248794;0.0522486686136568;-0.315374231148071;-0.502587558887855;1.18077734343197
9200;-0.859011535959969;-0.0857741806929067;-0.0719274270762429;-0.0881023180624082;-0.0608850914359853;0.0030056494512837;-0.342005910614436;0.11537335754763;0.0322458502590334;-0.386581621528941;-0.352889116163779;0.0437357828610177;-0.492767961629863;-1.00151016201305;0.041224899719172;-0.0672932522038014;-0.509385041153921;-1.30724625050386;0.99327675289986;-0.208419636390282;0.215005134754012;-0.19650552392611;0.444228790753254;-0.0611395761188206;-0.177446291129251;-0.0568512557804953;0.0587455918601364;-0.298673709187029;-0.516879114776064;1.16749233992101
9225;-0.850537140615519;-0.084256552454515;-0.0643873337700644;-0.0831273318295637;-0.0431140970369763;0.0203555707979896;-0.341771485036495;0.133063780199178;0.0367531146867747;-0.370461074269325;-0.352788087839936;0.056030118169928;-0.495608609540108;-0.984625094932185;0.0422391302301651;-0.0551024476093211;-0.470291737343828;-1.33294498388805;1.00481083810038;-0.216685094547372;0.203239260276382;-0.203948029194038;0.441303105616227;-0.0432380760215901;-0.180119051708054;-0.0625694361053835;0.0621286377996511;-0.289406066397675;-0.529457101532311;1.15429384830415
9250;-0.838903837166367;-0.0855402071038745;-0.0538868924720961;-0.0821890288166844;-0.0271643539139474;0.0395057531324613;-0.342695116162978;0.153707489862838;0.0438139423344558;-0.356164428909674;-0.35539038481485;0.0682524317304908;-0.490508309692468;-0.961057637784956;0.0478390576262096;-0.0356527988767638;-0.437271241549694;-1.35304847607674;1.01597922353533;-0.224111853449461;0.185555473379016;-0.216640309329477;0.436255885443233;-0.0320521877344358;-0.182978169414815;-0.0638241934841675;0.0601181654529762;-0.291503640012579;-0.542504722634817;1.14372451766236
9275;-0.831831809639869;-0.0879672715776741;-0.0453994625321941;-0.0815163612919309;-0.01433118207617;0.0593394941435469;-0.34731986036453;0.180758748191444;0.049405727583994;-0.340657457823772;-0.356561718775724;0.0798262215436028;-0.483135917148129;-0.940235104900453;0.0602128928710511;-0.0240334873942826;-0.411300532396975;-1.40806580325944;1.0288681076199;-0.234271633202166;0.176080377410706;-0.230003255907269;0.425874129818843;-0.0116563542622133;-0.182330504103641;-0.0565906454962713;0.0624657007259145;-0.299505895177825;-0.550396742516718;1.13590676436393
9300;-0.827094501916759;-0.0918646391292084;-0.0386043163670204;-0.0802138533268565;-0.000538202610713245;0.0762116387436906;-0.355377293593134;0.194806058372632;0.0569586274129134;-0.322771001007196;-0.360739796244839;0.0894868622032519;-0.470795475816256;-0.92209161075034;0.0801444730275043;-0.0157113525645586;-0.39135083484526;-1.44709609904115;1.04022113428287;-0.247915630642924;0.168256849384347;-0.243310118402651;0.417848283496157;0.00112115118694192;-0.179703005191448;-0.0504535236364577;0.0632840341148645;-0.307786102479786;-0.557550885688152;1.12778459013098
9325;-0.823483890027899;-0.0985860194414557;-0.0299038645207061;-0.0800783356020457;0.00946574528628252;0.0882817102684123;-0.364000601216673;0.208931470514379;0.0656852598657761;-0.303015988974228;-0.369236863757884;0.0954251521754089;-0.456814443250783;-0.894590056131549;0.102858985251526;-0.00427018247018487;-0.377095952757716;-1.48411567102966;1.05237602233363;-0.262937179630053;0.17516944856766;-0.259925940506631;0.409992037074899;0.0187153235308969;-0.180040893054766;-0.045835915986184;0.0637074671227221;-0.328529610051598;-0.561852291678689;1.11774391980067
9350;-0.820649320848593;-0.105101781057036;-0.0260633657991733;-0.0783040465040387;0.0143375078997292;0.103255980240497;-0.371990835806733;0.220400036565968;0.0708836164423151;-0.283736657838113;-0.377559903667606;0.101415679214253;-0.44128036869868;-0.866397417189495;0.123009560288713;0.00630060091135651;-0.365803726294048;-1.5295705356787;1.05174232126428;-0.279465089957782;0.185350541117332;-0.277717296788506;0.408968305508143;0.0292453735851041;-0.181612273000048;-0.0390594294489145;0.0672017816865885;-0.347707530516736;-0.578904578447741;1.10331279633378
9375;-0.820093721651336;-0.108440590274502;-0.0226831379308527;-0.0713439769094558;0.017345322645054;0.115171788086938;-0.379735298001355;0.23451065454535;0.0738432582338539;-0.269405886071988;-0.389582538087517;0.106627781349049;-0.421997265113675;-0.837178708268276;0.145966434781832;0.0146288120050001;-0.350075505925007;-1.56933938955384;1.04464637395103;-0.299789574918523;0.189583662803815;-0.288336289984223;0.409274077763273;0.0426295853756299;-0.184206360515699;-0.0378687126367633;0.0727361598464403;-0.376990117953752;-0.598093910562897;1.0884049580342
9400;-0.818899524869285;-0.1075262970566;-0.018146639617473;-0.0657762961385823;0.0186531953092151;0.125882733044507;-0.392268758057444;0.248796664178952;0.0753439693928185;-0.256467167773718;-0.407417231030412;0.107826054540805;-0.407006650288398;-0.809087574465694;0.17163591882346;0.0240072314955365;-0.330828075567127;-1.59961050273693;1.042862044038;-0.321291096889445;0.196300697983566;-0.285628926640558;0.41124682225654;0.0550968277448213;-0.183182024557364;-0.0393996391944692;0.0813685939927889;-0.410438641503639;-0.626619366685808;1.06796445395325
9425;-0.809958735803903;-0.104432083700577;-0.0151069731649911;-0.0598623727154332;0.0185705138253094;0.134739973511788;-0.410767752855361;0.263688138780301;0.0736044654796587;-0.245058258461975;-0.420154975574527;0.1109452926291;-0.391971552049471;-0.78945360082611;0.191438785544229;0.0294086836851236;-0.305811160355998;-1.63131066595201;1.03557898418975;-0.348696979438416;0.202876908103533;-0.283387278184532;0.413049258336587;0.0688647268540365;-0.183083032745278;-0.0376602441903139;0.0921633792091553;-0.44863159783723;-0.662812686471145;1.05023826374716
9450;-0.80041133619906;-0.0969125716087307;-0.0128428795503202;-0.0531409663331536;0.0175479219825179;0.138030047448646;-0.427411974857994;0.276728562818936;0.0714850297172846;-0.235569845172969;-0.434073874742917;0.117063820238657;-0.377867933877612;-0.772144134008625;0.212905953676798;0.0362688000719496;-0.27683049308092;-1.6573535798445;1.02530301102499;-0.377095643689378;0.212071291993555;-0.280135539213217;0.413277504516356;0.0764727323279319;-0.190437352924676;-0.0372322444259197;0.0999143707917799;-0.481036093876493;-0.704080548032341;1.0334698834557
9475;-0.792541864153819;-0.0874473911100449;-0.010054878872086;-0.0460911608278926;0.0110861067091848;0.139272650508661;-0.441846665724773;0.28433699361803;0.0725435019579805;-0.228268772767032;-0.444811353703415;0.123324259106481;-0.373609249399644;-0.75007074817048;0.238317880129072;0.046562581285971;-0.238201273231392;-1.67201535977648;1.0274765968025;-0.403629302944593;0.218083001353984;-0.274513471317269;0.407670970685418;0.0807586767673122;-0.197004227504862;-0.0350628454245071;0.104829823195255;-0.505356901155299;-0.748529230186965;1.02433368409422
9500;-0.784649583946634;-0.0793944428602656;-0.00804330943542686;-0.0403799138459388;0.00349459777174799;0.143747909862524;-0.455436098050046;0.293604321981386;0.0719489833962327;-0.221480533142019;-0.455711202500721;0.13334519246053;-0.369371685342068;-0.726780514075916;0.262236274933138;0.0503473923708498;-0.20191564565001;-1.67819324296857;1.02797356723299;-0.424242967113359;0.224354220170078;-0.264259014701164;0.39841677043071;0.0861675884708223;-0.199435688011312;-0.0325035968198744;0.106424521264589;-0.523252149728024;-0.793051022389648;1.01222504778463
9525;-0.779083202512783;-0.06837951211502;-0.00570674231810875;-0.0349952442265386;-0.0025373211398434;0.145420706357544;-0.461850401045678;0.295762511441531;0.0689365091758986;-0.216647039802171;-0.465001428997298;0.147840253413081;-0.36810711253125;-0.710644340294608;0.284791221386852;0.0543495337546681;-0.179847261465039;-1.68077517237642;1.0219804837655;-0.44207922306598;0.229926624018457;-0.254137850923246;0.387317357230306;0.091698417610861;-0.202516366770385;-0.0312476704259631;0.107646757151924;-0.535789197526038;-0.830262413112518;1.00991968315278
9550;-0.771009786808467;-0.0559684162205834;-0.0059209130935538;-0.0276282757670853;-0.0128223587959764;0.160009418606449;-0.462697543999188;0.288962908585858;0.0669829296338235;-0.212716820736085;-0.472186199820833;0.158678239549619;-0.365811955369618;-0.697151868309398;0.309318113580717;0.0605557024692834;-0.148329597625463;-1.68594445286184;1.02122335395886;-0.453954145177708;0.235129700879399;-0.246913145953331;0.38135220440522;0.0973856811019584;-0.204054605420632;-0.0268115662124087;0.111295712556703;-0.544760041620367;-0.864013737887459;1.00511221333775
9575;-0.760318507326847;-0.0483296983970254;-0.00820089967086046;-0.0175755232279397;-0.0279405487376754;0.174006612070769;-0.461267154181506;0.279916576377509;0.0643077310219508;-0.204374914730297;-0.481424179158669;0.161606954539227;-0.36116501417025;-0.688445162347148;0.328855506540468;0.0665673152401184;-0.118292997336349;-1.69393575856915;1.02153563064311;-0.465806737714072;0.237280833902054;-0.241407448694102;0.375722350974176;0.0998545564450083;-0.2043154880066;-0.0196342783527504;0.114016091350938;-0.552032146927623;-0.893434258549752;1.0014422778426
9600;-0.75350596812086;-0.0350945366633156;-0.0155050859744148;-0.0106517737461834;-0.0454907457586695;0.192737964399122;-0.454782276011412;0.263208093902428;0.0652035620838553;-0.191708356469807;-0.484109686727778;0.165178570803427;-0.354452448681807;-0.679948923356092;0.345145916073876;0.0742384872547105;-0.0909925688528354;-1.70649207969419;1.02910185132842;-0.47405700694096;0.235685414838246;-0.23404851043672;0.36899338508551;0.10350484119633;-0.2036189908738;-0.00923013303736462;0.116285122417039;-0.562015369627652;-0.913856013148399;1.00285519171791
9625;-0.751658498960332;-0.0228972146513318;-0.0236380776369427;-0.0047947516268231;-0.0626333823556178;0.21092831647022;-0.444159488399851;0.243195991502313;0.0719429929912908;-0.178443818435918;-0.484008610529941;0.171796004905663;-0.345434444139921;-0.674338867154968;0.358239848381291;0.0827354294012971;-0.0658410546876067;-1.72100296872147;1.04642068975458;-0.478326067141851;0.238743472566163;-0.226495485113093;0.369095154659864;0.108695600459229;-0.197726103134907;0.000828570131477546;0.118187460713515;-0.571331205081826;-0.932164191791392;1.0066645398295
9650;-0.751626106316792;-0.00947628219511736;-0.036662752620662;0.00344845531791314;-0.0787470923025375;0.230467289930572;-0.435837057060045;0.214871830071086;0.0795476327864177;-0.162708155599184;-0.479804756493369;0.181141895320929;-0.330699954323815;-0.667199439337992;0.366741849837541;0.085422512797601;-0.0393770853926827;-1.73843365137938;1.06325196018498;-0.475950645060658;0.241980004244244;-0.225611714466802;0.368425186865049;0.110358192528976;-0.187776619848423;0.00522163040477976;0.118806945785931;-0.590425024263066;-0.947668180901146;1.01032430674976
9675;-0.746993381200839;0.00351704961462125;-0.0472872933375155;0.0122387541029306;-0.0968554987931483;0.244444531240453;-0.428005609555884;0.180210378005765;0.0897915863047024;-0.140920004301143;-0.474933691326583;0.188158104968342;-0.319904893587209;-0.647904510341949;0.371147486167076;0.0877192529110705;-0.0144188847097281;-1.759924195441;1.07382911928211;-0.474932256701356;0.246476045691954;-0.224065132548553;0.366157155064276;0.109646378829093;-0.175261775568795;0.00408666849175368;0.123306973371966;-0.606204848815098;-0.964652540060493;1.01275354161561
9700;-0.743255330242933;0.0155457254983062;-0.0595790483167549;0.0211523900215663;-0.11276100660172;0.257210872151738;-0.413022851011713;0.140884076112013;0.104260929169599;-0.120400629973478;-0.471109456082957;0.192851076515797;-0.312775942961736;-0.626108069753847;0.367448399297361;0.0925749435423774;0.00321930142073827;-1.76846132476373;1.08051009143497;-0.473057434369002;0.250201739902198;-0.217772001689961;0.366294800942121;0.108525843057835;-0.163098399403282;-0.00430244471396688;0.12953425745789;-0.61164125569509;-0.984344401988076;1.0158913754718
9725;-0.736962789345591;0.0224641475334532;-0.0708380453966355;0.0312880568885946;-0.126336217428562;0.264847233318489;-0.395710541521409;0.0997729604701723;0.124535652199489;-0.10501852715106;-0.464513687558159;0.195621659745867;-0.300188534748077;-0.605530886513518;0.36324439833561;0.0949886556707556;0.0166464908280611;-1.7770632312658;1.0818874708546;-0.456999567550864;0.251053370766138;-0.210800837656816;0.368482683870215;0.104989908658953;-0.154100356109143;-0.0188785831909815;0.136134701049053;-0.621143883030885;-1.00655804286246;1.01898709982103
9750;-0.725690195482701;0.0263272937915548;-0.0820959015612277;0.039709266501751;-0.13984471941689;0.269753394405826;-0.379449037118091;0.0594220959460017;0.147605658505633;-0.0960624780443103;-0.45322900981707;0.196814319082863;-0.283070656498514;-0.582931341246838;0.355707020304951;0.0994924281488768;0.0296518733948417;-1.78524689757475;1.08329732218717;-0.44227377026531;0.252359346996713;-0.202758364311275;0.369298408576036;0.104926689683483;-0.147198488762153;-0.0355996508477617;0.141447214473584;-0.628484153178388;-1.03106095658893;1.02320773206553
9775;-0.71879088333321;0.0307879532319494;-0.0941688929666866;0.0488760426119036;-0.150891860349644;0.282903536705546;-0.368455451952235;0.0285816977777971;0.168689944842769;-0.0909278510224697;-0.440121330551878;0.198162075036724;-0.268709606713264;-0.569390874417622;0.345130914410625;0.0998881630630296;0.0400061146215936;-1.78757727511051;1.08681889644166;-0.427005943218872;0.253758996596233;-0.198175195730992;0.367139966491406;0.106237704963343;-0.138015275453716;-0.055507909544599;0.150074720175981;-0.624984493193559;-1.05315217541325;1.02809582042411
9800;-0.711235787171057;0.0332051079029289;-0.103182812009019;0.05714123187875;-0.159265836422321;0.275534513627607;-0.358086268100378;-0.00686021461467785;0.189261340409097;-0.0863130093845386;-0.429222246681353;0.200160416253575;-0.246800574007119;-0.564831235453716;0.339453534905573;0.101772603291804;0.0468514111903687;-1.78460730472238;1.08784013904097;-0.402626145910803;0.250862924388069;-0.188446796774537;0.363273537711889;0.103571344578349;-0.128914701922274;-0.0765290657515319;0.159958744266544;-0.61365387707513;-1.06781972872583;1.03307457246414
9825;-0.702975536948592;0.0355134904090475;-0.11217284142512;0.0621623460379282;-0.169363033382903;0.275669024635928;-0.345671704007533;-0.0404217169009231;0.210623652562298;-0.0803682740717516;-0.415008664808497;0.202482353437044;-0.226947942946315;-0.554985501781344;0.337250019185978;0.107529546967078;0.0564637174383065;-1.78325688488301;1.09094595295181;-0.380433995239909;0.259230754192557;-0.176994051816839;0.356197034461041;0.106439686868974;-0.121619541504491;-0.0949141582534406;0.16820637441459;-0.60125241221502;-1.06906792303751;1.03577031456175
9850;-0.696546155436893;0.0389946212792216;-0.118007514825389;0.0643526266754642;-0.181342178160527;0.27901830202547;-0.330812679726896;-0.0673808642238607;0.233971256757933;-0.0733367511019219;-0.403515102583982;0.204944170857745;-0.207440624034876;-0.546319700441104;0.329675624314223;0.112004562763268;0.0630254488369065;-1.78319637937661;1.09222688389608;-0.354848976715962;0.267007252982013;-0.172123057135714;0.349111100438633;0.108636795092148;-0.116182470385379;-0.109798024834812;0.174703655020277;-0.580820355916607;-1.07283631948258;1.03571962181219
9875;-0.690499759594048;0.0425567247385503;-0.120205301277869;0.0688008617987122;-0.1897008605416;0.289759941021931;-0.314582455283985;-0.0848666997328673;0.255866189071526;-0.068167284636616;-0.392746915953015;0.206121852311835;-0.186732428329827;-0.537161261483275;0.320806226312074;0.111549766601289;0.0706681046028322;-1.77465325984126;1.09059395873493;-0.319688495106944;0.271402234637166;-0.168123534489098;0.337304925967606;0.118437695293204;-0.110389791326971;-0.122117243561125;0.181829015188787;-0.56844220793861;-1.05999831230341;1.02716940186428
9900;-0.684877584659911;0.0508953410016648;-0.121829824287261;0.07150524531372;-0.196157773764309;0.301335772214196;-0.303694302082851;-0.0980812299130609;0.27721120726185;-0.0589708587783036;-0.387186839442573;0.205176138634141;-0.165446584453761;-0.530707801357707;0.31477962635569;0.110908077680986;0.0733289842617891;-1.76095098266067;1.09483450047216;-0.283155323868215;0.277143103199863;-0.158086038354067;0.316912565367843;0.130118021653983;-0.100971067432699;-0.130193822481095;0.191225670086796;-0.556227657670778;-1.03340063865946;1.01676446569922
9925;-0.682452288281563;0.0583049992008337;-0.121930432100623;0.0697660442301412;-0.202796443700016;0.313038466628196;-0.294880200762375;-0.108203716015572;0.297177906465722;-0.0489668426265167;-0.380164401988121;0.205576368299791;-0.145957670985341;-0.529487366436472;0.302737276312549;0.103074313700775;0.07428957469241;-1.75093279020805;1.09212063701971;-0.252003169062772;0.285143063101961;-0.155516665994829;0.293256882702636;0.142393228828097;-0.0935529082114532;-0.130955064529894;0.198119548419631;-0.557143764576074;-1.00452486801519;0.996924670941078
9950;-0.661639444145914;0.0684045197698344;-0.122974137703489;0.0672883624809704;-0.210477093951364;0.320734159356284;-0.288774162565774;-0.113014897460422;0.316487357814589;-0.0408008926131128;-0.372540406560666;0.207221478358424;-0.127340997399223;-0.525186276873767;0.288306525057046;0.0947125784797807;0.0723535570315473;-1.73909132819049;1.08096043182116;-0.221934331556657;0.293963288362208;-0.160061142129206;0.266278305859385;0.152450356066389;-0.0927432824601976;-0.126723284982055;0.20492031944449;-0.558263385237407;-0.973050130989661;0.974210851832365
9975;-0.648083240491031;0.0766755055410888;-0.120014687663802;0.0615877125115428;-0.217915892460021;0.331355119519762;-0.285254656817239;-0.114316432730294;0.335065839911911;-0.0339545988313891;-0.369909822185119;0.206797402044815;-0.108509633097048;-0.516286495847523;0.273351462401936;0.0926939816900319;0.0661622059969154;-1.72899717726037;1.07525738388582;-0.197733130606512;0.299286220326821;-0.165026774097479;0.23116089596496;0.159981309512836;-0.0885275798297741;-0.117899856820997;0.213046149468228;-0.555071492506642;-0.943199171944508;0.94891045028659
10000;-0.64112431440298;0.0873801855455846;-0.116852130496003;0.0482412662703678;-0.221721416688711;0.339501365108059;-0.284881324509975;-0.109110227286094;0.347068952412928;-0.0245623576651038;-0.366175506806755;0.206120644373178;-0.0953133111173405;-0.506038070845137;0.257729719744764;0.089491080415394;0.0593340299203616;-1.72139725787514;1.07274778255391;-0.175739725165994;0.30609638321015;-0.173405037409347;0.197083980752729;0.16966878273108;-0.0827246258671585;-0.105881500063162;0.220347171715466;-0.552797159320419;-0.92046858982051;0.920702665864441
10025;-0.638085757431129;0.0970629262819295;-0.119535505451979;0.0300848928953069;-0.227202483032858;0.343900924481932;-0.281928568365146;-0.105983411399938;0.359296145865507;-0.0140582906141816;-0.365037969451328;0.212060816011608;-0.0829837484391153;-0.497996965967072;0.242691267410061;0.0941020039868466;0.0478656974628709;-1.71109543217435;1.06916823503331;-0.163071854288587;0.31371848071737;-0.178836072098482;0.165470200165712;0.178506623548465;-0.0788060694089487;-0.0935967370566687;0.227639910047697;-0.547668123725787;-0.893945316484159;0.903730132978982
10050;-0.634280953358556;0.105547435501493;-0.117575807219734;0.0098345949603956;-0.240486732906696;0.354185739492483;-0.281418681270704;-0.101813960922046;0.373044914701573;-0.00346336422525582;-0.364749997093819;0.208555881510165;-0.0745635882857402;-0.484704416145046;0.226892175850727;0.10475364948823;0.0374946011979636;-1.69718437733862;1.07090094864084;-0.167045577044307;0.321072546857285;-0.182642597030075;0.138702811039636;0.182262139914898;-0.074068771856816;-0.0803372100207599;0.234222186124664;-0.538574405509739;-0.875977797622132;0.883414322553817
10075;-0.62952911781963;0.10941041381822;-0.11959074627581;-0.0132009612779115;-0.255933431091381;0.358874615133005;-0.280854572769632;-0.0963681917532339;0.383803248838809;0.0102405410204328;-0.369478225158446;0.196728348653837;-0.0674737920743255;-0.47295192701574;0.208379658725461;0.119671002260359;0.0226567704711882;-1.68109082946109;1.07751910861607;-0.175682115892772;0.329403286986194;-0.189254093468044;0.11454374402679;0.181282241516842;-0.0709655598953735;-0.0645707591067531;0.238285511187526;-0.526321884204383;-0.862445180952994;0.86553296451742
10100;-0.624526045410675;0.111630403865729;-0.127222237499007;-0.0387021877634913;-0.274074538442737;0.361732494777431;-0.279335726340088;-0.0956404302624254;0.395093965053874;0.0226261609600899;-0.375181424272935;0.185993787210483;-0.0580697850442432;-0.464065990058486;0.193366651809656;0.135540169960143;0.01041469785523;-1.66526389069006;1.08962560196504;-0.188995757807597;0.335435873136549;-0.195604293947848;0.0948791510358378;0.178374760085034;-0.0702866071909828;-0.0492532149651284;0.237445255854095;-0.505504283585952;-0.856480836486536;0.851518702307513
10125;-0.623197454082879;0.112145957511052;-0.134933664717924;-0.0638879328313472;-0.299051252461424;0.36425246188934;-0.276045903270282;-0.0874821940075591;0.406776670315103;0.0319142515710954;-0.382942286553895;0.177516199874738;-0.0503013117427737;-0.462810112926094;0.183498277368415;0.154379709057389;0.000749325983681315;-1.64911699736897;1.11119095583412;-0.208123245635307;0.342596478544637;-0.199350283211672;0.0872741832312389;0.173915704793772;-0.0722790446032603;-0.0382574325269419;0.236440655152229;-0.480736483835991;-0.856189982237523;0.840672879161603
10150;-0.622264095626368;0.10960655330147;-0.143475828551033;-0.0877658569873502;-0.3283121566214;0.370186254538106;-0.273689557971615;-0.0835604375202934;0.411399592351019;0.0383415653339808;-0.394135794016343;0.174257636942904;-0.0363002547390995;-0.46117764323027;0.176248000860847;0.17311154200793;-0.000685055757671593;-1.63219058140591;1.13642280244762;-0.215449501764927;0.347928345064735;-0.199871672859113;0.0813456847681548;0.168764889652751;-0.0760509046126098;-0.0325681673598764;0.233716151614232;-0.459051809187768;-0.860864668672146;0.832972561654841
10175;-0.618578588563023;0.105273011350486;-0.146169290490483;-0.109121544309744;-0.35918712323671;0.373825447394798;-0.266287494806309;-0.0773627531724978;0.412177348363402;0.045268583586973;-0.406998977252373;0.17186058962039;-0.0263695573014641;-0.451441533097151;0.168731578438936;0.193428855044324;-0.00134886123273898;-1.60832369108787;1.15981997154484;-0.220651342550349;0.353496569951343;-0.200239712381038;0.0733074938863387;0.161955640998619;-0.0797337567184379;-0.0314001745216002;0.229884520884092;-0.428422433820665;-0.869503479366054;0.826366245219848
10200;-0.615570868044357;0.0987201141581302;-0.14821395422171;-0.12595165618448;-0.390611027143546;0.380316556939935;-0.250508483202444;-0.0670740891024517;0.414787061482247;0.0484812404184284;-0.42160625173131;0.169323621520291;-0.0204474521037362;-0.443749706480267;0.159938325198942;0.208662839616307;0.00350512030805876;-1.57176449977519;1.18950714771479;-0.228669408906047;0.35892285096179;-0.202810865592957;0.065215412166638;0.151666831926445;-0.0819185388594234;-0.0355998155928948;0.22122075532543;-0.398425532522017;-0.874445452842138;0.82371590724586
10225;-0.608475617132847;0.0903597433649521;-0.143422058965565;-0.137438549538036;-0.423453281674103;0.387060280372805;-0.231175259860091;-0.0593107209821275;0.419495215927431;0.0482455880466558;-0.438869941422224;0.1651008452356;-0.0178605617592714;-0.439409404241049;0.156270479604434;0.215576770994906;0.0101033308193493;-1.53931387798054;1.21659182037318;-0.225813339346335;0.361148496734214;-0.206026580602422;0.0548492313608353;0.136766599199373;-0.0858531887113744;-0.0431566147438572;0.210125045954578;-0.37929082711685;-0.881756003437141;0.824038319423802
10250;-0.597409643333419;0.0829124029165875;-0.138958943639885;-0.144559171120102;-0.455088676406612;0.396330708408152;-0.209961682822153;-0.0529156729534279;0.423728742005155;0.0421719819515797;-0.455829195470733;0.163221267937795;-0.0161599471411519;-0.43874767495928;0.149516136705698;0.214204922065595;0.0217053115429438;-1.50789857211025;1.23723085741491;-0.22387074888379;0.36635377554511;-0.212232018135059;0.0429349052162618;0.12284664893999;-0.0870846855691433;-0.0536014247764188;0.197306886895821;-0.356887745456375;-0.890738943691417;0.823416296974686
