;1;2;3;4;5;6;7;8;9;10;11;12;13;14;15;16;17;18;19;20;21;22;23;24;25;26;27;28;29;30
-500;-0.0671228432723724;-0.171363426915317;-0.0287851276646983;-0.0920490905123437;-0.0781949625686903;0.04551401478749;0.0894485166304676;0.0539594382783381;0.000461757822851805;0.0175359254354719;0.126153604250659;0.0461263038431633;0.045229747637594;0.00375378269977564;-0.17438208316851;0.107869159060027;0.138692448161669;0.0593477416088015;0.0160873753935043;-0.0746758494922404;-0.0156225242535086;0.424047396155341;-0.067505622484039;-0.0417214635101726;0.0468697918009662;-0.00475637904146744;0.0132748818542938;0.107011995254186;-0.0237101399743335;-0.100975147608741
-475;-0.0735838349338592;-0.106757360032709;-0.0185945482104309;-0.077401014819654;-0.0442926424795464;0.0227918382712928;0.0426191711566041;0.0318191902809428;-0.00692151056489481;0.0319590087912954;0.0714405138167598;0.0522576445367814;0.012474818858839;-0.0146335006818818;-0.0537152303528191;0.0903304005351165;0.0146415445181853;0.0287920250714133;-0.0301960760895598;-0.0633718664711023;-0.0661612222610195;0.380927368670787;-0.0293686097110583;-0.0101857611583693;0.0712977818411957;0.00564318261198125;0.0166362081178272;0.0802492036835892;-0.0095256118727824;-0.118937733001987
-450;-0.0725514850451106;-0.0955493052111289;-0.0049437340949011;-0.0779117213931704;-0.0431694389458838;0.00422435411081135;0.0535759181063419;0.02020682783275;-0.00768801135308399;0.0262855099103057;0.0549759601629081;0.0397541630514936;-0.00340472820737907;0.0157008201424088;-0.124147324164905;0.080007751545749;-0.0145502043437693;0.028974658572302;0.00582032964078558;-0.070397052415528;-0.043939596519083;0.26033356127377;-0.0192316449645204;0.00665608066315193;0.0408113347721759;0.0237219417016364;0.0284603178123659;0.0591227795297227;-0.0314695606303459;-0.117400937470652
-425;-0.0349897069248454;-0.0713532330917794;-0.014201823285071;-0.0655592832136014;-0.0464822330474774;0.00220894435843433;0.0228618120292786;0.0445514814363214;-0.0336938489837178;0.0138142066585019;0.0392260551815778;0.0434403536703078;-0.0108573773133443;0.0324759989558235;-0.0570185964726902;0.125892133506544;-0.00316899290521011;0.0705306451484826;-0.0546745926003861;-0.0785014818095633;-0.055527073243276;0.157787870720935;-0.142407525071194;-0.015174949805058;0.149482019833424;0.03815955561968;0.0145028760290888;0.0583054481407144;-0.0298936832980547;0.0728508313270895
-400;-0.0193763010235895;-0.0698730559501874;-0.0398620051103532;-0.0712345946148245;-0.0498244542540593;-0.00729672703186179;-0.0833530415401796;0.00283412577083926;-0.0378157645943349;0.0528933936786551;0.0530114729159692;0.0241039527596289;-0.0468551502908406;0.0278398620458658;-0.0688009747794736;0.0996950273127487;-0.00658157055872977;0.0244551574843379;-0.024174585438658;-0.0941235994195744;-0.0705735012751285;0.148761759950769;-0.0265725397659605;0.00866221243187737;0.0828963128856017;0.0409725279483594;0.0215419685087054;0.0377576935138373;-0.00627058450021307;0.0979303003684906
-375;0.00597502210054026;-0.023242623176206;-0.0578423838352585;-0.0223420313414922;-0.0303578514942905;-0.0116272949134884;0.0513603463712643;0.0678249421147925;-0.048922191911369;0.0268062529052573;0.0161546625331193;-0.0389035625583646;-0.0399875996593173;0.00694836668771601;0.0458659380546117;0.155675487731815;-0.0136564787788789;0.00656379753858856;-0.00732080037806973;-0.0634541068064369;-0.0496651813045244;0.0548082551712888;0.00985537043601701;0.00870770372725871;0.0392468285922574;0.0343353691316445;-0.00163120331376181;0.0375614640044891;0.00120189828154986;0.135432388384672
-350;0.0241199279523395;-0.00871478088345734;-0.0157155751765473;0.0195221942332786;-0.0265606333927487;-0.00422445819311368;0.0511099169941071;0.0232953801131021;-0.0322196242953459;0.0191744742595104;-0.00976644006315115;-0.0403172581790371;-0.040353226515395;-0.0255916316141988;0.0108691447906634;0.144732689579028;-0.014190979399471;0.0265239601069324;0.0269808761304525;-0.0595808515135057;-0.0257655408935156;-0.0206823812052576;-0.00480815126880421;-0.0276341338569746;0.013978311026082;0.0429892303220539;-0.00444004081016551;0.0326181618220092;0.000415107424028438;0.186442697094528
-325;-0.0125856229702076;-0.00535612848107681;-0.0140606145768654;0.0291537097144374;-0.0196322971796378;-0.00687373517718304;0.0106681937630432;0.0137711671340172;-0.0378012976213776;0.0236187632069474;0.0258584634930852;-0.0289335304165491;-0.0393099333966176;-0.002329617787333;0.0234351918716679;0.0276831601826407;0.044039390864091;-0.0251455981902951;-0.138217689208445;-0.0412046476878694;-0.0283226475507163;-0.0405719536714264;-0.0149040664696053;-0.00924546040845198;0.00582149444569158;0.0677185019239156;0.0170790264231206;0.0588124483350983;0.0343762971688222;0.19345851902283
-300;-0.00916896132622478;0.0225924279643803;-0.0234063362826865;-0.0275789834662374;-0.0180055249078252;-0.00492353831517378;0.021357900266333;6.79986202325011e-05;-0.0304858805414468;-0.000679567364112854;0.0573236610128874;0.0114468065345347;-0.0204898389302737;0.00796231970296355;0.0197577396821814;0.0800917218050868;0.00906686106609644;-0.0146097156228076;0.062378689482009;-0.00198780013606759;-0.0241204658181395;-0.0748758996376974;-0.0161079729030663;0.000469758854753755;0.0310315927623339;0.0217700014435845;-0.00309296661948792;0.0339459830828986;0.0304348537676165;-0.0135744435875147
-275;0.00236643873497746;0.0279283180305447;0.0210057356682151;-0.00817792255701288;-0.0293298467471822;-0.0132239685747078;0.00561987341579009;-0.00433295348569533;-0.0102210726764851;0.00207731094302681;-0.0246751162596279;0.019834973307412;-0.0349939469312939;0.000309680960503522;0.0106818516603012;-0.00488153717249009;-0.0231671420298696;0.0131435894175007;0.0293622243778698;-0.00916904944489461;0.0176943041230713;-0.0780811588401209;0.0325555649937153;-0.0145536952976386;-0.0244199495197428;0.00359195513142616;-0.0115696049988816;0.0144377033023229;0.0101930522152379;0.0325468578772792
-250;-0.00243561495629239;0.0315035345330776;0.025970867442653;-0.00308285789632201;-0.029571470726319;-0.0129745880018934;-0.0300080088666755;-0.0144350156527338;-0.0106773889097689;-0.021146164591113;0.101246476184046;-0.0146599024663406;0.0235703298873608;-0.0607202699613697;0.0395516476806365;0.0484113689711704;0.014981380543011;-0.00818481782093654;0.0656294345612415;-0.0226852337701946;0.00691429796516996;-0.0581246882511676;0.00450617025020525;0.00502378466156972;-0.0104494281522607;0.0212854667191481;-0.00734880967831035;0.0198320878266703;0.0427183633573878;0.0898670911196422
-225;0.00571647088503715;0.0391367081912102;0.0371250155916646;0.05562914364031;-0.0270946065022634;-0.00752844845906897;-0.0164920512278922;-0.0239122969979693;0.00974330876657943;-0.00189281654509084;-0.0132086779462845;-0.0194790328197721;0.0321237554657325;-0.0457339148997146;0.0318787772797381;-0.0794232669553873;-0.00107966679215288;0.0164942295256886;0.0481492957899626;0.0343978394878854;0.000405932751714744;-0.0637801129050432;0.0072278655608403;0.0316331311907116;0.00803823911772206;0.00154833618806691;-0.0133909311262766;-0.00793146633699511;-0.0273525157746916;0.0343189139190396
-200;0.0594065790732293;0.0499216636663342;0.0514426538490175;0.0361333857971369;-0.010039859456115;-0.024309407026901;-0.0102899968565092;0.0229666374271941;0.00904210247257327;0.0258019376590628;-0.0285380271120852;-0.018361349155043;-0.00118362009762456;-0.0306720111427562;0.0114557180837584;-0.0306504047207875;0.0247714812387185;0.0133508894736473;0.0574050407945953;0.0428588387937585;0.041257245076582;-0.0623486738566987;0.00924263994446415;0.0377441430153771;-0.0166121936019392;0.0269331364417488;0.00850209685058374;0.00683762573483886;0.0206410991776134;0.0252613860721327
-175;0.0663383852532506;0.0636748890936452;0.0107979314977299;0.0282397528670835;0.0228770270495612;-0.0253499128365349;-0.0143869001104951;-0.0123201312075965;0.00472908641910648;0.0180041892327854;-0.0659805347545425;-0.0162009524824772;-0.022401206122964;-0.00879846640485673;0.00939742923875189;-0.103629625369181;-0.0199087002564537;-0.0187975506135285;0.0384437427356959;0.0455516319953693;0.0216884398472414;-0.0740495397402372;0.0561834133633258;0.0104271221949543;-0.0143885563756294;-0.0174473715422593;0.0244575001755109;-0.04455240482426;0.0179409357208685;0.0159233961256093
-150;0.055813548081911;0.0744868854245051;0.00488509663502881;0.0283055212316699;0.0611388026767107;-0.0142821159794961;-0.0286556037820219;-0.033939936177952;0.00954233039615522;-0.0236875590293248;-0.0133432443423098;0.0123755469434733;0.0181925767343229;0.00635506800057137;-0.00404007766744305;-0.0684741249690179;-0.064331341399865;0.0169720745684214;-0.00426073401135709;0.0390811997289571;0.0398741238806464;-0.0822122304334549;0.0387639025339591;0.0255387220235377;-0.0703459101660382;-0.0116982031076164;0.010311786638905;-0.0635502063220221;-0.00731794658162572;-0.124902973259249
-125;0.0537400831672813;0.0729010353197874;0.0207890218293719;0.0592364494200694;0.0731686555664278;-0.0092747342878774;-0.0275108207586309;-0.0211150431763032;0.0397491231529822;-0.0224747812218106;-0.0475785916238873;-0.043013304025928;0.00348053134721078;-0.0441525307860779;0.00625197565164095;-0.0657530773573564;-0.0215698967558104;-0.0373056857889547;0.0215638495313034;0.0651070088274179;0.0360309388001108;-0.0653649160218929;0.0171632356616814;-0.0198504494880674;-0.0814817012048836;-0.0110521970677938;-0.0216505842962318;-0.0870753280804212;0.0101943181909079;-0.0306477525217856
-100;0.040125490735586;0.0366305629070474;0.029163721065742;0.0387214493456387;0.0510155361282028;0.00706557544301645;-0.0157879032210039;-0.0531030583768073;0.0461014746794628;-0.011119597374301;-0.0770002195809977;-0.0190913074090763;-0.0150987466433299;-0.00148766821741133;0.0943877689097014;-0.0951118267806605;-0.0148980619174051;-0.0601916221346255;-0.00121600422463888;0.0779606819236773;0.0547880040596977;-0.0795878031741186;0.0182805290583144;-0.0163050529593936;-0.0475037826384561;-0.0614820975228193;-0.027579742310026;-0.0571660507882978;-0.000869218596431143;-0.0889518601917481
-75;0.00840424290261579;0.0377572746273018;0.0382224429514066;0.0609040418863289;0.0844497820221282;0.0209216520935687;-0.0401726784535677;-0.032858550810168;0.0442032202063849;-0.0352016883871684;-0.0982775204231618;-0.0117756646554444;0.0360662346064626;0.0471940799760649;0.0762464680194003;-0.131303499983172;-0.0183532107386704;-0.0389986119879063;-0.0246240379127781;0.0717509198230795;0.0657572816826546;-0.163553786983327;0.0528793869050298;-0.0599388411122119;-0.0484904077187478;-0.0531382970061371;-0.0255304037377895;-0.0985349393802714;0.0244624920877102;-0.0721102164947143
-50;-0.0178362680904148;0.0526440103610022;0.0103263139773119;0.0593525165865536;0.0861737712380003;0.0164768119703946;-0.0571243222884231;-0.0359320121693843;0.0495688907310938;-0.0645614363927595;-0.0859786993399396;-0.0160657692388407;0.056583759043979;0.0400070033695464;0.0437223118777402;-0.189679240476403;-0.0114829016703393;-0.0460978806512025;-0.0485752193829649;0.0967589930229698;0.0377325102532549;-0.259938810023512;0.0408497771181332;0.0237179506193568;-0.0784909800372571;-0.0667620171154194;-0.0436281123071989;-0.0910313056037879;-0.0237076743360356;-0.103521418182273
-25;-0.0123555503438518;0.043032603623026;-0.0323166522713291;0.0301393350921515;0.0737322470210079;0.022685737762292;-0.0248403216278309;-0.0493481909539202;0.043305296804635;-0.0772073617751392;-0.081043798105024;0.0174618887600781;0.0472136205268785;0.0455726289543604;0.0586023238050481;-0.191482296445471;-0.0192539588451464;-0.0558172857058595;-0.0385611191905621;0.105684425363862;0.0575546746787676;-0.303494257198936;0.0333982768125623;0.0560291982137888;-0.0972907976624953;-0.102332642779733;0.00509573678772863;-0.0966508928943208;-0.032461481827229;-0.113009898992648
0;-0.0281080694357049;0.00370017844762272;-0.0106946950623995;0.02126781254732;0.102947639652213;0.0486511065832207;-0.0689532483335743;-0.0802880762063099;0.0573642353166492;-0.0351031436002431;-0.0761888630550364;0.0112306205765914;0.0558388757450019;0.0381193034510579;0.0212324319009046;-0.173848539306275;-0.0622060705211389;-0.040454966742755;-0.0635934083439135;0.115447251444392;0.0344087126782515;-0.33464468769866;0.036934324469483;0.0412581826491045;-0.12480740089842;-0.103739242674712;-0.040651763759074;-0.0902754564517913;-0.00752550400651737;-0.00604051831054631
25;-0.0293675788483228;-0.0236720249308475;0.0286754377214101;0.0654337469929862;0.114962778487858;0.0621128366575172;-0.0295596599322533;-0.0790523627258917;0.0711318028505771;-0.00854495383105376;-0.313004716552149;-0.0382608001059735;0.0526686994507783;0.0602977977708566;0.0452197010340808;-0.132711013618631;-0.124260085921777;-0.0509930218740664;-0.078043652354345;0.13852098212822;0.081130452865076;-0.396213747344263;0.0676458940305454;0.0300748740259793;-0.105663119904419;-0.100155448702948;-0.0953744092993858;-0.113843292998406;0.01810004076925;-0.126614063851796
50;-0.0740611738722548;-0.0193722532306713;0.00676305589187467;0.0429051305842281;0.120022432223734;0.0868815340482241;-0.0425640985625343;-0.119618854703294;0.0655075747751909;-0.0381275162166812;-0.0655463349316791;0.0447664582481863;0.0661098861115232;0.0622078102014124;0.0626814896114158;-0.181928367981837;-0.0786234497045379;-0.0512768319538142;-0.112976687582112;0.123002131006742;0.0706333177107172;-0.484936637942696;0.022255899005514;-0.0474496903320303;-0.121143506572409;-0.110621999525984;-0.104105723298422;-0.129475015460042;-0.0309460673194406;-0.0900790617921212
75;-0.0970296692109366;-0.032540873338522;-0.0203411863280446;0.039148221179568;0.156350902371242;0.101062088590184;-0.00379876006020083;-0.108230982028253;0.0495419954545439;-0.0683627469782752;-0.108146767912699;0.0240958130478691;0.0775465831523418;0.0561079573815187;0.0452891711314053;-0.183697994034256;-0.0309805269703949;-0.0511650010203042;-0.0855571091605684;0.121736333883047;0.0538067837978948;-0.494788550498376;0.0323799351280912;0.00530760950122988;-0.190904252728384;-0.13760689111359;-0.114104623443273;-0.101712133743205;-0.0493954780207415;-0.0180351390638356
100;-0.0779133299518807;-0.0288332599725556;-0.0632850208986414;0.00737017900340398;0.144160391471707;0.111826546133916;-0.0185248419708662;-0.0834571252516046;0.0609688912916188;-0.0877379084419809;-0.144124054043336;0.04639456218953;0.0816172696278374;0.0258421205543814;0.0657498477914266;-0.199367486625087;-0.0706690004206267;-0.0975570606026406;-0.082057840752814;0.163704391994649;0.0580923164750571;-0.526611639700016;0.044284101935892;-0.0168835925594364;-0.174112391873565;-0.107624893115643;-0.137326923952749;-0.144072162932044;-0.075561567619087;-0.015356384719966
125;-0.0777339205798127;-0.0728918811298809;-0.110433853900427;0.00126795011920944;0.118386750898536;0.104942553010084;-0.0347886004131071;-0.100939011876193;0.0800832366907771;-0.0905024500571674;-0.165865011585753;0.0475480524912203;0.0883381417288755;0.023060998938705;0.0401532087710431;-0.254571459208022;-0.0787244605516753;-0.0757467930155767;-0.144051256069505;0.136584636319747;0.032252553810836;-0.502818324337032;-0.0121871103371615;-0.00700819359981542;-0.16347055811483;-0.114495227401858;-0.102478830424178;-0.166032337451736;-0.0878063077585407;0.0167653896649005
150;-0.110275177895308;-0.122492441412829;-0.10630887497966;-0.0324503196909287;0.12240268627618;0.11033289537664;-0.0294199126784914;-0.143026120884938;0.103599819842505;-0.0980438255081841;-0.15503132982651;0.0719332672220877;0.108021250773951;0.0789606382043989;0.0293223690879029;-0.214435129908183;-0.068214382617831;-0.0605735712823361;-0.152392793695455;0.252330057154135;0.0978534263927964;-0.584824811316833;-0.00797008781440303;0.0317871867398558;-0.19406594645555;-0.134831533001626;-0.140083719846765;-0.164973071218772;-0.115685685072681;0.0305561566249357
175;-0.183310596530267;-0.121304057811709;-0.109959149256456;-0.0342747847234488;0.100689273659053;0.120187051496272;-0.0529069807066614;-0.225977212351038;0.0807541143115899;-0.137674704178342;-0.175277332647941;0.0917038274780923;0.121696970453009;0.0641548378204753;0.0146267102976533;-0.298438156689732;-0.091991207345794;-0.0732366694116362;-0.145416473260523;0.149209438613646;0.00615797306867183;-0.599995385982256;-0.0491627965618679;-0.00216044945082605;-0.243535980327288;-0.0870190288519432;-0.16609790977617;-0.216666014691035;-0.132198100465953;-0.00740831609928816
200;-0.3217575193063;-0.189977833532878;-0.218612128035686;-0.0954217933532275;-5.5523389336809e-05;0.0901314215682765;-0.0868768918805266;-0.389404246432226;0.0115834463129498;-0.219252552526021;-0.20771820404496;0.0123505515673223;-0.0132271158333395;0.00756119988760049;-0.195891462337457;-0.307167103649959;-0.159406321342627;-0.194640801079778;-0.204695517063241;0.0895104508861191;0.0758305884866282;-0.604786064697551;-0.145365204602911;-0.0806649353552349;-0.416956202925055;-0.215711892636667;-0.210664078455296;-0.223008451473298;-0.156894284457266;-0.184303720560531
225;-0.526737376623993;-0.318151199594757;-0.419159291553573;-0.225644954323592;-0.134258376959149;-0.0179787277439039;-0.236435816504742;-0.588734736961521;-0.0493535183876841;-0.404319594395318;-0.304557497614384;-0.256800651096055;-0.209837395033456;-0.0862981117328074;-0.372294231463596;-0.49876017116518;-0.265479760002388;-0.350658615599785;-0.284837049451906;-0.0186595823653548;0.0370520229981457;-0.688340349056645;-0.344322262811239;-0.244847658655751;-0.52669923466687;-0.312922658748303;-0.355467807804364;-0.427673617669437;-0.298463546138136;-0.406307679825749
250;-0.707154708238846;-0.482806438148584;-0.57278741455788;-0.440978101690092;-0.31351843093574;-0.172885600017657;-0.412213381753059;-0.7214041823627;-0.220273905395786;-0.621907419001642;-0.46998341365819;-0.457365206439876;-0.430442447458515;-0.282958038430661;-0.532289251069805;-0.779452502031189;-0.4622519458779;-0.386439867606958;-0.496138907174553;-0.215760375799263;-0.18087731851736;-0.835905064211782;-0.521391209265284;-0.644245086349349;-0.659089587527534;-0.372526774322658;-0.528419075934803;-0.668159133615362;-0.467782323244609;-0.62369047290181
275;-0.895310303451458;-0.632222708915316;-0.739903382639675;-0.611776988941557;-0.443937513260528;-0.306770097333815;-0.599664240833386;-0.903783926940662;-0.472384134676254;-0.866371698319607;-0.710084380553909;-0.715935689139017;-0.636033594687945;-0.360959606638011;-0.718390184910266;-1.0081708182555;-0.60106655884125;-0.520424380899604;-0.72725445994987;-0.417483215569211;-0.351930278313744;-0.920483946002121;-0.748266827185795;-0.872739256867152;-0.85891754474423;-0.845097818967815;-0.664966891237442;-0.815982743325638;-0.685212838665255;-0.82766882714755
300;-1.05310540695196;-0.881286435256928;-0.931888665036155;-0.79636881107146;-0.68019213452399;-0.474438979232837;-0.769678325637816;-1.18925499360729;-0.573407576213168;-1.16725138152201;-0.780069918080668;-0.998549550227076;-0.904934660278916;-0.574905393931578;-0.920096561177934;-1.27603232145727;-0.692554448813186;-0.652393950360205;-0.927024767725322;-0.558821959244176;-0.529065715089325;-1.03831101580258;-0.978369898531309;-1.14992201335115;-1.10221094550537;-1.02581664756504;-0.759058626347565;-0.997891200476396;-0.949154695096932;-1.0775208852899
325;-1.15782052760768;-1.08356587414548;-1.08933845818103;-0.993149771574539;-1.03409620310693;-0.658469545247835;-0.960109038098118;-1.39677382855586;-0.712719863576157;-1.3659156516304;-0.891901719392202;-1.13359106037247;-1.10958285321752;-0.819969267482335;-1.14379524584149;-1.53459467241558;-0.832018606831167;-0.868595036805793;-1.19097473940167;-0.735603900695853;-0.715425425228976;-1.23368764737332;-1.14645898406052;-1.33211638328028;-1.28982417116616;-1.15197427289321;-0.998864214966269;-1.15554938360978;-1.18194333719937;-1.23137394575961
350;-1.28100436407551;-1.2674551172101;-1.2563547591219;-1.16731095446145;-1.22539092576949;-0.790654249230694;-1.13949063474781;-1.55778430737352;-0.90298751326546;-1.64428906353329;-1.04011798022873;-1.32848881250515;-1.33013604361924;-0.883826623749695;-1.31603570265893;-1.68610382070736;-0.948340622746462;-1.02693962157658;-1.34389124238146;-0.926005508474965;-0.869433587314838;-1.36929888693828;-1.23757998422934;-1.4740658526363;-1.37215999655227;-1.35904572189677;-1.10533417957994;-1.30236969335571;-1.40622877656302;-1.39205345213854
375;-1.53303538630168;-1.38820778370298;-1.45704983289406;-1.31199766231629;-1.38101145238857;-0.970914360877076;-1.24231955348933;-1.67315769442883;-1.02118499988256;-1.78223682788446;-1.21053519931749;-1.50348499482345;-1.49128181579037;-0.991450694399066;-1.49848506078217;-1.94770217180371;-1.05472926159417;-1.17203088311107;-1.49871226179018;-1.07547550493644;-1.03281653413255;-1.44730893102759;-1.43183712736567;-1.66251341822169;-1.5486203696751;-1.50527120847102;-1.17781253201411;-1.43079079759772;-1.53671659083878;-1.58160439115174
400;-1.72569458421725;-1.57191629822294;-1.55665557949178;-1.45210881704374;-1.50036131390222;-1.06409637203091;-1.30834125266905;-1.85761146250246;-1.19830272025647;-1.99768618274418;-1.31822519045437;-1.70557840203397;-1.69145607040062;-1.15871863739212;-1.67097276248533;-2.04651980603274;-1.17962894162058;-1.26567092400347;-1.6618009406958;-1.22096554590327;-1.17679868998515;-1.62606119339811;-1.62030703123637;-1.78301621000435;-1.7234772868844;-1.66649547936962;-1.24127402292824;-1.59295191886518;-1.71951055411625;-1.69027580158348
425;-1.85336704994358;-1.71816043520943;-1.64837052345807;-1.5596791217859;-1.61177574040935;-1.12552982095078;-1.41642876122433;-2.01623114577547;-1.24542164435352;-2.15806079173532;-1.33416248064368;-1.85944895293892;-1.79934606851871;-1.22633410227551;-1.80832957217017;-2.25680253768721;-1.1684240866881;-1.32083422632363;-1.6523795491842;-1.28627601329178;-1.30495120511449;-1.68295340147792;-1.6814738782626;-1.90030050433221;-1.733697174581;-1.77269876046482;-1.28210653301216;-1.68592425831948;-1.88396038454264;-1.85257345925033
450;-1.95176948194387;-1.82847313836703;-1.67425778523711;-1.66774062868213;-1.71756821100575;-1.22494902134024;-1.55197373039525;-2.15620123644831;-1.31816257496914;-2.32996301749595;-1.45778626334676;-1.92781585892147;-1.8629222390134;-1.31013292352766;-1.8369245789947;-2.42934486279418;-1.35102526291997;-1.34332053721046;-1.79024775191896;-1.35722336931772;-1.41559711271159;-1.77518068566816;-1.84774835650682;-2.0221978761582;-1.95353262684992;-1.85961594360903;-1.4189398699832;-1.76132039302048;-2.07029777435911;-1.96197506808197
475;-2.02871047938534;-1.92054931551698;-1.75914865557716;-1.77331328117587;-1.81971150239184;-1.33438837278785;-1.6992988622865;-2.23125004163829;-1.42159309764677;-2.47471834534154;-1.54255300084626;-2.05009705098031;-2.02115415635046;-1.381814907637;-1.95033616298457;-2.44434932220295;-1.35681306312702;-1.41641405219625;-1.84653828329009;-1.42801661077079;-1.50374976525313;-1.82168660833132;-1.92060817474182;-2.1356499778329;-2.06892171225179;-1.95121124507741;-1.45007313026253;-1.86901109554712;-2.11161920968833;-2.05510530925208
500;-2.08190037972934;-2.05124738863671;-1.89253355974872;-1.87006352369678;-1.92017839126806;-1.4155684713386;-1.84272277359719;-2.2475137010298;-1.49607003836621;-2.54273892461029;-1.62092622821678;-2.24778769901413;-2.1133374666637;-1.4306201432563;-2.05196172668443;-2.59467642230327;-1.36441571100926;-1.54631050928605;-2.02107877778551;-1.54859563334123;-1.60939838124971;-1.88415668980932;-2.04912833538733;-2.227598887248;-2.14322804425646;-2.03671682347259;-1.50487949590795;-1.96022938678616;-2.23153492407388;-2.1185966929554
525;-2.25015374862312;-2.08035264162091;-1.93226209056393;-1.95249202793823;-2.02094165433481;-1.49588570698085;-1.96656532517889;-2.33617546330248;-1.5555988050388;-2.62698833763997;-1.58998744313036;-2.21801811277117;-2.16054847157292;-1.46557224696072;-2.11357053502112;-2.68185812781218;-1.37077135883892;-1.61185469204724;-2.03711019895756;-1.63375280972329;-1.67721396999621;-1.95356916972233;-2.07383528845693;-2.28498668229519;-2.22381896291825;-2.10006211035887;-1.58454123501318;-2.00029568434029;-2.36264587626266;-2.23634981575852
550;-2.28615472588873;-2.18377432029734;-2.01906960583349;-2.0076354842769;-2.12691952303023;-1.53277294611869;-2.05552237122977;-2.44629456669621;-1.58646048485761;-2.77861955444051;-1.71611965600336;-2.30768537252287;-2.18910956510685;-1.51974829485802;-2.23559503277392;-2.7004719017757;-1.43585937200713;-1.5901910340704;-2.05516724431922;-1.68401402247212;-1.76494912412614;-2.02294225004931;-2.14180467987043;-2.3094279427175;-2.21191597856648;-2.078392414941;-1.7235886636637;-2.07609943668577;-2.39267177350232;-2.27725535077944
575;-2.35860840710491;-2.32897270380079;-2.06340514800074;-2.03650800495988;-2.21116658529615;-1.57209594000266;-2.1127343968368;-2.47590886869951;-1.64051303461726;-2.85936848918555;-1.73168779496112;-2.39518173688383;-2.31584610839265;-1.70272774137714;-2.26014241316132;-2.77906656174901;-1.48770823343415;-1.575946166507;-2.07279275103653;-1.68571466707026;-1.82502626352944;-2.0259150022989;-2.18092727575523;-2.36123866622833;-2.24277438558766;-2.18236075329819;-1.69956060228469;-2.10493736052651;-2.48636326468572;-2.34582417398522
600;-2.37057237474648;-2.26208803347671;-2.09176787028547;-2.10633126468393;-2.23031467258385;-1.64395298783664;-2.16713648547755;-2.480176020214;-1.70271388992725;-2.91730086096356;-1.68547190822127;-2.43028195367931;-2.40246596247174;-1.61411644939828;-2.2804828536163;-2.81984497996099;-1.49937914445852;-1.63802238687458;-1.93437954440118;-1.68021931574012;-1.85968871219733;-2.11259567206963;-2.23444520438632;-2.35769036525215;-2.32679014593514;-2.22715410976439;-1.63210883678845;-2.10376222975679;-2.55248836465627;-2.33817015920215
625;-2.42832162205102;-2.29327644923802;-2.14071718931111;-2.16690937655108;-2.25732194166918;-1.69408810989563;-2.24707369341397;-2.60005352143702;-1.75471841711572;-2.90645016963454;-1.75833603776551;-2.44807953944661;-2.36816773413244;-1.60204007992144;-2.34307568712093;-2.95910679006995;-1.52426830655954;-1.64638467774887;-2.14062947873244;-1.78465093459541;-1.90572330871069;-2.1263057308503;-2.2637822469764;-2.38126245262692;-2.36277464560177;-2.26614423954257;-1.66942557600617;-2.17685378393274;-2.58133609962919;-2.41369736678857
650;-2.49389846664268;-2.36241602959665;-2.18473445856892;-2.20302984668501;-2.32897593558044;-1.72310426112907;-2.30060728380478;-2.60962970833883;-1.73030952660733;-2.94828863905745;-1.76602880660269;-2.48901660669931;-2.355726942866;-1.60501943449354;-2.37993164090221;-2.92314396670398;-1.56132637526283;-1.64237143902573;-2.13785534401291;-1.81646099223813;-1.91743265088872;-2.1566052657288;-2.1955478814504;-2.43763862376528;-2.42102288244625;-2.30993629097918;-1.68681013879267;-2.21451612506769;-2.72822399762355;-2.43745927610314
675;-2.55855640652886;-2.41279448793917;-2.21787450614426;-2.18481273242238;-2.40114669680858;-1.74324826759903;-2.36962602397691;-2.61482404126145;-1.80068437173398;-3.02544631671523;-1.77127019154517;-2.53854108180832;-2.40107954544653;-1.64766546948898;-2.42647242436824;-2.9296975256864;-1.57965798919893;-1.64583264353508;-2.1076686065848;-1.78824378396446;-1.99551465162593;-2.20691417020058;-2.29440426891572;-2.4261114309939;-2.3734595732146;-2.33153384631731;-1.70295735925967;-2.23859012611483;-2.70528154973385;-2.51103088342507
700;-2.57298999520383;-2.46363247316856;-2.22176874729633;-2.2555362863106;-2.38916724646083;-1.7604122674324;-2.39133848425564;-2.64018344080992;-1.79913607357499;-3.08861727550987;-1.74621648353663;-2.57079164161923;-2.47368184064442;-1.62529943104729;-2.47996017963306;-2.90535351193354;-1.55667685010346;-1.69727259602466;-2.23433462448998;-1.84139762914187;-2.00717648435653;-2.2011475626766;-2.35709937419618;-2.47709813266972;-2.38907856745014;-2.35529022524084;-1.69538515040976;-2.23547074283734;-2.8337997401273;-2.54589678821093
725;-2.61224728359044;-2.51108683537772;-2.22143166477686;-2.26041523777486;-2.37600951524635;-1.80713008496645;-2.40158250026948;-2.64241208670801;-1.83738117609519;-3.07890177314593;-1.82755088656964;-2.57480986576047;-2.5427275825684;-1.66414555972336;-2.44535270390234;-3.00280200364754;-1.55856096142048;-1.70468193225764;-2.22990846911878;-1.88055011199903;-2.01398819036756;-2.26160272451131;-2.35114269861164;-2.45343890639765;-2.47137773105659;-2.29522935485384;-1.74819210041858;-2.23150122310176;-2.81121703968757;-2.53351691093747
750;-2.68918362865722;-2.54028216337559;-2.23810330389571;-2.30949553213012;-2.44890345287165;-1.84176209882655;-2.47404636599398;-2.74204862420043;-1.83793383227529;-3.13929770551449;-1.8143053753322;-2.6427775188163;-2.51494537527709;-1.69490798291816;-2.48049278910286;-2.99210012479161;-1.60710566710223;-1.67915830515547;-2.25826216806442;-1.81998549864731;-2.0550230185381;-2.27001728490965;-2.3303787762056;-2.48775064789012;-2.46389095261214;-2.35017585967223;-1.78427851085645;-2.28332379832107;-2.82228001389042;-2.52202985857136
775;-2.70661516295982;-2.56872369737875;-2.24639396927498;-2.34544950263474;-2.51049378928372;-1.83897147479055;-2.51799763575959;-2.7187540900626;-1.84738949435388;-3.16299885933155;-1.8245936702466;-2.64687375535993;-2.52060383031036;-1.69722099480781;-2.514435446775;-3.13581384447116;-1.61726670118112;-1.66539411268842;-2.23289412193876;-1.82766378511489;-2.09083287297829;-2.22166297280408;-2.54071352058804;-2.51793122963953;-2.45519982115248;-2.3475178039467;-1.7808308946189;-2.30430577552689;-2.8457236740924;-2.58297508788216
800;-2.71512925514926;-2.63549771866744;-2.26257282675581;-2.37403330223296;-2.55749606906892;-1.83200107948567;-2.51683736599982;-2.69851783239528;-1.88006937221999;-3.1552191880173;-1.85571935819188;-2.59917923458676;-2.48609333355763;-1.69978709533551;-2.55612456844851;-3.12647898698211;-1.63052656704348;-1.67283764347473;-2.27173060765633;-1.79890211829107;-2.07470108829439;-2.30643975006233;-2.46200779056565;-2.57513444445331;-2.46844424806722;-2.34517849325806;-1.78112075656384;-2.33913376616358;-2.86699775910465;-2.58873294896684
825;-2.76078577128335;-2.6084008031657;-2.25372539593636;-2.36976149090888;-2.53934986050821;-1.86145270548384;-2.56911113788714;-2.77410038215239;-1.85203702287893;-3.15046918128143;-1.82277902480678;-2.71074657741552;-2.45924047200057;-1.65896850514535;-2.57994075835623;-3.16146449323425;-1.54442150579406;-1.66634685254648;-2.29237005652577;-1.90740217554426;-2.05119634268784;-2.28894799816908;-2.43368704965558;-2.56990808621857;-2.56546576696743;-2.40923600194293;-1.78855280571999;-2.37880478649069;-2.87714812625114;-2.61355933688585
850;-2.73728489176631;-2.57771250282314;-2.2364778261706;-2.36191526722245;-2.50796167757955;-1.85467448316005;-2.57943064541592;-2.77583806290992;-1.87715357855069;-3.15187072000275;-1.82528370649517;-2.71434315718838;-2.53918952566725;-1.69965362519337;-2.54627951384555;-3.07958258305487;-1.57491843511474;-1.67533416284366;-2.26608357354327;-1.8672167676815;-2.10673668647863;-2.27842725397076;-2.44152657693136;-2.57387474262664;-2.50098156084842;-2.41940776901505;-1.75641198252985;-2.38274725565714;-2.90549683495876;-2.60674143870202
875;-2.79423501507841;-2.6292219237367;-2.27861668816397;-2.36506553490667;-2.53074629613075;-1.83830509564208;-2.55761832139973;-2.81746014223497;-1.85859402685989;-3.15009506040028;-1.87125798424812;-2.73255793224495;-2.5287268884908;-1.70328701610649;-2.52886913622887;-3.16216946329732;-1.58254559590164;-1.74234316715059;-2.27035738558845;-1.86478292996235;-2.11962390794214;-2.28669305448188;-2.40337683758463;-2.56396757658684;-2.51305091131336;-2.34000101011252;-1.72949510663417;-2.38343967305088;-2.93001166705365;-2.69004141461626
900;-2.83477181838203;-2.66993302330179;-2.32265503832046;-2.36184567359915;-2.58476612841384;-1.84232890680499;-2.61988073792543;-2.80554888375143;-1.89313556388169;-3.18731038711059;-1.88881868262756;-2.72855887226205;-2.51931184467594;-1.73265958863295;-2.59661558001641;-3.17827896626596;-1.63678131227282;-1.73388788206064;-2.22235100522181;-1.92195298736338;-2.11608201103031;-2.32992984345741;-2.49646391178962;-2.58814739142344;-2.49987900511301;-2.38116643831836;-1.80155341682273;-2.3888526594952;-2.98513987152124;-2.69531829721496
925;-2.87550536208406;-2.68770421196903;-2.32456489541549;-2.41126204892045;-2.54167507877396;-1.86080571381244;-2.65068487935784;-2.80605086148741;-1.89165143323442;-3.24201629378072;-1.89619305280563;-2.6901135883076;-2.56029014011683;-1.72330484688601;-2.60509641327539;-3.1224721621688;-1.62045091563681;-1.72378953261006;-2.29121117808901;-1.91604647302136;-2.13431386639078;-2.31415468675852;-2.42191227190618;-2.48239092968801;-2.51595966333814;-2.43507266663832;-1.83136011564776;-2.39676088969676;-2.96841921622071;-2.66640737054629
950;-2.87567870749937;-2.66957606767249;-2.31821136541595;-2.43138022830946;-2.5319348960095;-1.84086859847342;-2.64698231976369;-2.80855653736541;-1.87068698210804;-3.18571389276653;-1.88795715617256;-2.72080957571839;-2.58437819857279;-1.70660446756987;-2.61596626113418;-3.124070657172;-1.57774971737136;-1.73536865305152;-2.21619362546056;-1.92596210872927;-2.11553038609237;-2.33478668886429;-2.47323944545194;-2.55969283984425;-2.48047678024128;-2.40617229196712;-1.82969543452452;-2.44293895023243;-3.07197531698683;-2.64773631339886
975;-2.89970248283902;-2.67928762803228;-2.31041946191255;-2.49116034260236;-2.58535378260696;-1.8481924133008;-2.65554485415138;-2.8060788183986;-1.87920320068459;-3.21258723611603;-1.90717189503272;-2.77845280690166;-2.54413955158683;-1.73539789178248;-2.6453983278369;-3.16310449127469;-1.54824666582722;-1.74541424593766;-2.26250389734322;-1.97687170869367;-2.15374385985477;-2.38196765734486;-2.50607933981042;-2.54477392416073;-2.50460332455701;-2.39808337442805;-1.82238044223794;-2.42406648348063;-2.98040228586032;-2.75004084156796
1000;-2.91612673927751;-2.71055545787906;-2.33932612730892;-2.46526897594985;-2.58471395054448;-1.83094188483837;-2.67078219624139;-2.83900524899946;-1.88070493301252;-3.23169904404541;-1.9224944607571;-2.77272537398519;-2.54739402149272;-1.69585141051521;-2.63111447645945;-3.17572958058772;-1.58669786001847;-1.75028652447862;-2.19190069272321;-1.9682773132657;-2.16982017583441;-2.34670155934611;-2.56239291275083;-2.58190558108785;-2.51002078742528;-2.34552120844196;-1.80243019575169;-2.40832471155695;-2.99721135292445;-2.6801619206291
1025;-2.93403440513716;-2.68619344304271;-2.32958214218526;-2.47981331234375;-2.6086010322876;-1.82084393790227;-2.69514585528977;-2.7462072670731;-1.90656758178397;-3.23097459065847;-1.86051566767686;-2.78270114072856;-2.59371382067674;-1.71193316032881;-2.62176342858106;-3.18762635373946;-1.51178217555097;-1.73717504645373;-2.17305281837003;-1.98393949673001;-2.16285115054338;-2.35063607645195;-2.48920351850044;-2.59053997873229;-2.48402082357087;-2.46269735618546;-1.8081673565372;-2.39028002208335;-2.96948564850488;-2.76981518570263
1050;-2.89633974490744;-2.69149342382274;-2.33481051012517;-2.48696353429115;-2.61771082437548;-1.84958837940484;-2.74508890104939;-2.80005362081037;-1.89120170204334;-3.23005814489031;-1.89319700855567;-2.82035258936795;-2.64757788512494;-1.68829454627137;-2.66540978228706;-3.12529003742482;-1.48351556208812;-1.76592430505616;-2.1705374104356;-2.00178381626556;-2.19089295778095;-2.38154224700509;-2.51904797827135;-2.57561476104698;-2.49164046421551;-2.47859811181738;-1.78595703371966;-2.41255506867698;-3.02112498601306;-2.76030240186917
1075;-2.91751047783412;-2.70416918358473;-2.3662207910996;-2.4594448626933;-2.60170988665267;-1.83641340495744;-2.75878049955247;-2.87769441179432;-1.85749439851409;-3.28527856090756;-1.90570875779079;-2.77608222218987;-2.67967906861385;-1.6943071732658;-2.64385288841454;-3.06347288675568;-1.4809901921886;-1.77489263759891;-2.17512486891968;-1.96202248975667;-2.20811905419717;-2.38061255668135;-2.53310804982778;-2.57782744409988;-2.56325184407755;-2.42278290980334;-1.77480671931808;-2.36140006547557;-3.10519420732989;-2.76630420869548
1100;-2.98177671921477;-2.71265028943106;-2.3572601579423;-2.49819762585362;-2.5819367702528;-1.83053040969312;-2.75309831849273;-2.83822493464298;-1.87077927268575;-3.31177047559544;-1.84097008564531;-2.83782026549424;-2.59933166558567;-1.67585621345226;-2.66303340884253;-3.14540407207214;-1.52666423564278;-1.76875249113687;-2.17463992322459;-1.96415440531631;-2.23117825135011;-2.34898587204976;-2.53288430629191;-2.6173396330668;-2.61480682093787;-2.41145475280209;-1.81174677081438;-2.38510260609556;-3.15791115419701;-2.7702909215504
1125;-3.01666452249271;-2.70697784984468;-2.31652356642975;-2.52985145408422;-2.57174467040823;-1.87559638725014;-2.76915164394104;-2.87493358391878;-1.86735362867059;-3.32051524366714;-1.8514580833243;-2.7948428303894;-2.55880736918106;-1.68152722916865;-2.6623246399564;-3.07081067664981;-1.49156187807031;-1.79044879266031;-2.17701840616296;-1.97229116027841;-2.23961466096568;-2.40245218265467;-2.5603724024207;-2.58763238511446;-2.54287549264729;-2.40089311144174;-1.82172929360821;-2.42535452465826;-3.05893362592964;-2.71038670768971
1150;-3.01756437605111;-2.72132670847453;-2.3142489542603;-2.54193876947299;-2.61781518633513;-1.87739363899265;-2.79076440874921;-2.89576565025041;-1.89246340225903;-3.34454298700442;-1.93209958820584;-2.75109151348976;-2.55410022647125;-1.66292126163863;-2.66435117096332;-3.07338937580532;-1.48632118095663;-1.78341154371329;-2.17872357676705;-1.97539257375347;-2.19886262769195;-2.40061199135156;-2.52963602307999;-2.59913084495522;-2.59938353701723;-2.40105505190083;-1.79054588154305;-2.42844313828775;-3.11328064729399;-2.73892039442934
1175;-3.01400542543508;-2.68969175494819;-2.38078960248828;-2.49819653524907;-2.62173516170019;-1.85959131041872;-2.80080127712154;-2.86728538952796;-1.92571050524509;-3.32379129476743;-1.80018536921381;-2.81121874890849;-2.597114073647;-1.69975835299274;-2.66507856598297;-3.1561872954176;-1.42579294721556;-1.75836147242982;-2.19209333900913;-1.98482341761549;-2.26371363172639;-2.38713903044673;-2.54223858268847;-2.55256515962029;-2.55075039328494;-2.47975309496682;-1.78124156031874;-2.47001295197675;-3.16083897118521;-2.77081972533491
1200;-3.03491087516348;-2.69149614977762;-2.38683369885469;-2.50653105617633;-2.60291788439573;-1.87970181688964;-2.85883127092225;-2.88602871857498;-1.90722399745772;-3.37239206814161;-1.84959601398252;-2.80919372851771;-2.61889874262279;-1.70213442982345;-2.68743564226812;-3.09445781190395;-1.48682363478858;-1.74064744041427;-2.16945129084631;-1.99832193171389;-2.28228217973022;-2.35799186036488;-2.62463228736825;-2.58687044696502;-2.49785229632038;-2.44559692749343;-1.83623399350369;-2.44714288340778;-3.13907309039232;-2.61714688276988
1225;-3.03915510746002;-2.67421484366056;-2.37714428536313;-2.525864783795;-2.58006641569703;-1.86385845771505;-2.84840872234453;-2.88720524490004;-1.91873806977364;-3.43471338925531;-1.88057729945375;-2.76852089258968;-2.60071374493471;-1.7366616446227;-2.7180612118021;-3.08189149349784;-1.50302827084773;-1.72598255349408;-2.21654931141649;-1.99791908970014;-2.34038626096364;-2.38173632080049;-2.59601117143211;-2.57065467599624;-2.54095943276142;-2.39187507819143;-1.83960083894546;-2.44917481429952;-3.23547222307999;-2.67720485226112
1250;-3.02043195762975;-2.67673705826361;-2.40559392385907;-2.46888139157795;-2.57944109445249;-1.86101595108619;-2.85364336958044;-2.84113201284962;-1.91015957814527;-3.43547046305616;-1.84266652999124;-2.84563300395391;-2.59428574288808;-1.73656839054044;-2.72966826897654;-3.17830901935673;-1.47152307212131;-1.71340992167641;-2.13000217701691;-1.97970576889918;-2.34146131074656;-2.37221687649217;-2.64341278606039;-2.61386752564983;-2.55966448317169;-2.46599922387391;-1.79534778293111;-2.4405117316806;-3.13594253387909;-2.75198207242518
1275;-3.0200848173326;-2.68527395094493;-2.39364959804869;-2.53605978428351;-2.61489066460055;-1.90195061812597;-2.84964228398806;-2.79176898852805;-1.91395447969597;-3.44323135513827;-1.83663287641153;-2.7601654939935;-2.57994936490257;-1.70688070663154;-2.67439778113568;-3.1205296197582;-1.32960335592057;-1.64841891522275;-2.08170332961254;-1.97406923573027;-2.33065670436814;-2.34309792266853;-2.59877868656641;-2.55428567081563;-2.51504857547708;-2.47118012307784;-1.88572052856555;-2.43499615639508;-3.13750873465677;-2.8305835972519
1300;-3.07164771527879;-2.68836018555502;-2.39185966119715;-2.52222635430335;-2.59063463761903;-1.90766226030627;-2.85906276197445;-2.88130097772094;-1.9081731758168;-3.44756017052126;-1.83014938956421;-2.8083058407281;-2.58173522777355;-1.73167023296047;-2.63933478261328;-3.08052321437999;-1.38105060133042;-1.65171551903973;-2.06711955107529;-1.98590348459223;-2.39795437101855;-2.3489616099918;-2.6418069912217;-2.53635735821262;-2.57518685461504;-2.45761224180764;-1.85386285123558;-2.40596113715034;-3.1899330133328;-2.81560034085409
1325;-3.04832946245902;-2.71072118833888;-2.39219313780586;-2.51939834757149;-2.5966876160164;-1.90898274678309;-2.88197914971239;-2.82212409064963;-1.92971590642893;-3.44821846507101;-1.84053836254425;-2.76511837285885;-2.60444995454699;-1.73811124159365;-2.65400070971622;-3.09811597034123;-1.38450186715964;-1.68507380753188;-2.1077373650657;-2.00459679175355;-2.32435558624639;-2.35887148115175;-2.60695333306213;-2.54804870419902;-2.61460574061878;-2.46221025884178;-1.77582032030699;-2.40969450710057;-3.19219367037655;-2.73751792853506
1350;-3.04765490080239;-2.7003139935932;-2.38185980089859;-2.57731476444769;-2.59627454082353;-1.90273675110095;-2.85478564567839;-2.87826339987957;-1.90519534290905;-3.44142611210402;-1.86546149449685;-2.76932740734182;-2.67674261559849;-1.73462556773719;-2.67597090130252;-3.16042926381118;-1.36910595102061;-1.59999995838791;-2.08164520358177;-1.99886884434833;-2.42270915483514;-2.29647544855614;-2.65982716823367;-2.6329735401729;-2.58713603091372;-2.46944276524547;-1.75088408053825;-2.42256932425642;-3.18056616869268;-2.68736517380333
1375;-3.02714589666977;-2.69960456643599;-2.39733793853323;-2.61299133578615;-2.57441748922632;-1.92369969871102;-2.86371803745297;-2.85045579979873;-1.90614478531547;-3.45336014640587;-1.80430799555104;-2.78734213210799;-2.69506543258673;-1.79416584419263;-2.6459382502423;-3.03714054931601;-1.34867080742919;-1.58072331512912;-2.08380765825782;-2.00798318954577;-2.46745003090449;-2.26464422721199;-2.62207559045853;-2.58678175053176;-2.59434517404148;-2.47013763188764;-1.7866599249263;-2.40296067168855;-3.15470408665203;-2.69423777358478
1400;-3.04236214852984;-2.72707559412201;-2.39537777471531;-2.58749071044819;-2.5745304559167;-1.93374430582332;-2.89766262095568;-2.66443004489466;-1.90992553414685;-3.48442945804192;-1.81156051815909;-2.77312089939447;-2.69472297989647;-1.74025806108853;-2.65561997122665;-3.08026956395999;-1.36108138151684;-1.55812109984936;-2.0689100004379;-2.02977588768803;-2.39983523434809;-2.27507363056681;-2.63793853653937;-2.57774564616298;-2.62790979265342;-2.44686837131086;-1.73505764389699;-2.40256993753813;-3.28956540004661;-2.76323190098627
1425;-3.08538967896532;-2.79452062894507;-2.36959050737317;-2.60007815167533;-2.57404031732631;-1.93381651028837;-2.87458875289436;-2.82236259109889;-1.907677144223;-3.49520350319145;-1.83203818769408;-2.68831149456232;-2.7091607587666;-1.71473588463275;-2.65667691664527;-3.10264381667822;-1.35137469888618;-1.57413068885373;-2.1085901144075;-1.98096988300536;-2.42463981663083;-2.27199897575166;-2.6337024586808;-2.59051553409734;-2.61574380033149;-2.43878807387191;-1.75931749215316;-2.39882928825862;-3.16312619855915;-2.6272228453684
1450;-3.03045522892912;-2.75901014598898;-2.38425621712905;-2.61073642148566;-2.56923824458739;-1.9658915707669;-2.88741657781251;-2.79598810924995;-1.9280867274458;-3.53698631992697;-1.83561828038972;-2.68024646459337;-2.68614824937031;-1.684266195454;-2.61530801110463;-2.97506279870316;-1.35879270999087;-1.59242527325259;-2.01953265293429;-1.98326513483613;-2.44743396842734;-2.18848262798999;-2.64037734111826;-2.62599922099424;-2.69266165082867;-2.43143100738844;-1.78406622492212;-2.41912254463544;-3.2302246998622;-2.66646002864864
1475;-3.12495804279643;-2.73818507352821;-2.395619538643;-2.57067294107932;-2.58083130408459;-1.93590714344667;-2.88641881517325;-2.79552559446122;-1.94816164873138;-3.54480139161032;-1.82724648214189;-2.70147565572811;-2.59860985082476;-1.72804295255863;-2.65235426580427;-2.90652184046068;-1.29963518654966;-1.39966361226147;-2.03989120770732;-1.95892076881534;-2.50749989111214;-2.20417578275912;-2.54157317681414;-2.53957820629083;-2.60446905538263;-2.51119368229544;-1.78896640041331;-2.43465313445671;-3.23303037484938;-2.7043377502917
1500;-3.03661329828272;-2.73998428162866;-2.35763538793366;-2.59236932880377;-2.54128507802682;-1.9189977473965;-2.90167097355233;-2.82260381860413;-1.94067400753439;-3.54905408538975;-1.82063333291337;-2.72564756294389;-2.61866200752817;-1.78945382967487;-2.67737960892423;-3.06142281365366;-1.16708147726067;-1.43782893247229;-2.13020756925419;-1.96209056315591;-2.42982451132998;-2.24715934064219;-2.58340559631156;-2.53672374550412;-2.59785222338687;-2.52587310323955;-1.78079320079668;-2.42068926851028;-3.23487268873263;-2.66519935888916
1525;-3.03154072315699;-2.81158486417704;-2.3535726649058;-2.60656300318758;-2.45916384441136;-1.91104147616172;-2.91826375324202;-2.82567649330128;-1.91462597921087;-3.5318556753886;-1.79299100212821;-2.65680475688832;-2.64948473385151;-1.73178165844978;-2.69176794325341;-3.0716121083415;-1.22349711446035;-1.53022271586517;-2.14272359974271;-2.01333149199624;-2.47536516825384;-2.1788110086368;-2.57980471860793;-2.61311532687557;-2.62871063331318;-2.42130731941519;-1.77763705508923;-2.4120614222823;-3.15685853938692;-2.70307751880179
1550;-2.96456195071309;-2.81416475662171;-2.37250070072651;-2.65368959843791;-2.45612303825442;-1.9069006365803;-2.91488697210247;-2.83168123023414;-1.93666943328334;-3.50081515138154;-1.75408288961591;-2.61208965007611;-2.59895633614866;-1.67921678031802;-2.72277312064473;-3.03902520543231;-1.22905819460348;-1.49531984658354;-2.03591824109087;-1.98969984379142;-2.48117834750626;-2.21127534652947;-2.61697807043068;-2.53246890756325;-2.64536576710177;-2.42398712261661;-1.81068706042756;-2.44767953684296;-3.26472648192398;-2.70971810500083
1575;-3.06103783298605;-2.80310592214324;-2.38205842056623;-2.59044299150253;-2.46051397920354;-1.89502126877996;-2.94208275282388;-2.74910658768218;-1.9058142627044;-3.53358659274138;-1.83033761461551;-2.6620175768871;-2.59381517151713;-1.73621046145177;-2.82463251206977;-2.98755542521445;-1.17292790721917;-1.50341649050035;-2.01941894891211;-1.97236749692514;-2.48235783655166;-2.14443467214187;-2.53799741053769;-2.5323831968733;-2.6322587069194;-2.45462669687457;-1.79643741507637;-2.44219573875731;-3.24318810257807;-2.74279253888796
1600;-3.01962349615806;-2.7978436724966;-2.38288577075355;-2.56939426816205;-2.43756034648513;-1.89604524536809;-3.02488626286242;-2.80940716676607;-1.90899743146179;-3.57798551139437;-1.84850176324373;-2.67604602443823;-2.6289849219831;-1.70855560756504;-2.79587685739416;-2.97898346021837;-1.24722750338323;-1.48868106150835;-2.04323335621436;-2.03693712145866;-2.50121411779727;-2.12366352691185;-2.5777097504526;-2.52842676214026;-2.63468470234872;-2.46160776812161;-1.78708109062654;-2.44322393788735;-3.22365845685811;-2.71343432918915
1625;-3.00831193855856;-2.82953468966845;-2.38213131344779;-2.63092561802728;-2.44619692851659;-1.91441199423156;-2.89733072869695;-2.79526872971689;-1.91821385722926;-3.5737813764106;-1.81751744450652;-2.68466029272365;-2.58847027892634;-1.61708446760607;-2.67530821263923;-2.91755492046612;-1.23012297677315;-1.49012420033674;-2.00678365206949;-2.03998948787843;-2.49350154226465;-2.10701871032854;-2.51774049243856;-2.59274622238418;-2.64805673009961;-2.48998053925686;-1.81978500693975;-2.46519622848954;-3.25006285218161;-2.71095215412439
1650;-3.03405433772047;-2.83166931395615;-2.38963315456904;-2.61074369141087;-2.47877423286782;-1.92135056929008;-2.93619055456061;-2.78385084656939;-1.90371501006254;-3.5708423764177;-1.84090776030265;-2.77817500468494;-2.57806998498933;-1.57282059597075;-2.68862660949424;-2.91079538380688;-1.19584931871348;-1.47958031267009;-2.01925231049538;-2.03552205658917;-2.49019037087536;-2.12567241401115;-2.51108258261089;-2.52973341887176;-2.61365169475689;-2.50432911514621;-1.82009166946982;-2.45956569129373;-3.19171542165456;-2.70219494942455
1675;-3.01255294623725;-2.8452890752367;-2.43136366524334;-2.59079752290393;-2.46825255045116;-1.92806535843655;-2.92081354042462;-2.78241515563936;-1.90340581341856;-3.52533083382946;-1.82528245784493;-2.69814350304246;-2.65006713670675;-1.58055493897206;-2.68858756192214;-2.95098924422756;-1.12888367771493;-1.43953053083253;-1.97959911550227;-2.0391768850754;-2.45769735930215;-2.19767127779981;-2.50028587292184;-2.57835843714159;-2.58395544823734;-2.48342340093313;-1.78857406778114;-2.42738309952794;-3.26567311846763;-2.7086819799339
1700;-3.05594907278409;-2.88233748093898;-2.40819924092462;-2.60317441602183;-2.46322391512668;-1.90491244392817;-2.9207941166629;-2.82041718656383;-1.86705359240591;-3.5110934012795;-1.81493575957701;-2.70053374349171;-2.61863304222773;-1.57585929797016;-2.72977501547734;-2.87381941454342;-1.06940027465461;-1.44067858477615;-1.95877898825868;-2.03965487027761;-2.44291235354309;-2.11594664839376;-2.48201606116635;-2.34333278011862;-2.60584770925581;-2.4492875722476;-1.77873086675843;-2.38253787227209;-3.21471439540819;-2.75727046686331
1725;-3.05136082709287;-2.86689985456504;-2.36876802516938;-2.57142897510146;-2.46606540801929;-1.86132491381465;-2.93683644117017;-2.78292932797695;-1.89990507939206;-3.56432053659856;-1.83158140369896;-2.7625350896799;-2.50035175284217;-1.60229027732018;-2.72647635955751;-3.0555586998482;-1.13254921791086;-1.44329945751442;-1.95470222652735;-2.07973694766418;-2.46165448276236;-2.10477346914009;-2.49511804152108;-2.45964699766225;-2.5819434566318;-2.47570077047573;-1.78201573107447;-2.41837046098137;-3.18467628755734;-2.78089523485168
1750;-3.06972326506089;-2.85328215924763;-2.418756478462;-2.60128050739335;-2.42225655484759;-1.90340023106441;-2.91810005602699;-2.80632959268323;-1.91860698926624;-3.57507361280431;-1.86381920788611;-2.71768010188152;-2.49435395571727;-1.56633210487123;-2.68708802905215;-3.06786250641458;-1.05514377555271;-1.41926210690025;-1.96156027862311;-2.08960054110737;-2.46814066955117;-2.13234142268018;-2.45887264498433;-2.55710828277834;-2.55758235540268;-2.47548534354473;-1.82884291444628;-2.44939315481093;-3.18239000256818;-2.77135823987552
1775;-3.0330205109642;-2.893595941453;-2.43772397024778;-2.5979138077714;-2.42748212571916;-1.86945936367639;-2.93404615035138;-2.80357423788798;-1.87778072151644;-3.51954177361149;-1.8119329041609;-2.7465557017794;-2.50528947536788;-1.57329180693093;-2.70433424758646;-3.02948456758621;-1.10645562454032;-1.40225499171475;-1.99853777834553;-2.05224476663627;-2.4479351722546;-2.15718937710834;-2.46366601258491;-2.55093906106367;-2.61077276661127;-2.43883385473913;-1.79553719877089;-2.46321801109881;-3.15134250959048;-2.73354699919544
1800;-3.00515147440187;-2.8912735351696;-2.42298686303108;-2.61020762178207;-2.4014484404903;-1.89523356207044;-2.94030480916516;-2.71439229749825;-1.90933138883575;-3.45907752399424;-1.76949005096071;-2.73130691701537;-2.48267331095306;-1.55513213946932;-2.69141406387708;-2.9977612601963;-1.02724836835786;-1.34154410483703;-1.96125583514239;-2.02418239382923;-2.4429573325553;-2.11431417559015;-2.43095562616352;-2.55678486579647;-2.66599246713645;-2.47512615785212;-1.79242945198209;-2.44981536458511;-3.20162442035638;-2.71911402811597
1825;-3.02763481830286;-2.87673670780871;-2.38432948231146;-2.56249817882563;-2.37909630649367;-1.89012465507607;-2.91776349530539;-2.81845098021101;-1.88758690575869;-3.50279222540167;-1.83491559618927;-2.68190422126799;-2.48390631208878;-1.55796397149359;-2.69059237253947;-3.00382674664895;-1.08161795518008;-1.33848835794778;-1.93344725037356;-2.02501816179293;-2.44257711405385;-2.15853642360383;-2.45124410942246;-2.5789481304325;-2.62611730527474;-2.49458514940193;-1.77508097710687;-2.43566984954281;-3.22755046143724;-2.7846395811284
1850;-3.06020681941954;-2.90668459081384;-2.34040058855077;-2.51059069505634;-2.40847480512651;-1.88934346424606;-2.9191024182471;-2.69776866149786;-1.87460751119818;-3.4887515222166;-1.7705497293778;-2.70648047747189;-2.4868974032671;-1.51537686008062;-2.70781659159568;-2.96787648863589;-1.09970975807367;-1.34288940347181;-1.93733106049599;-2.05009727004435;-2.43561657832373;-2.19023087555806;-2.42064353163287;-2.58797681735235;-2.41584098925744;-2.27663218139003;-1.81214929040074;-2.40797032574594;-3.19159622885754;-2.77976255842109
1875;-3.05683849688577;-2.87994132805813;-2.33581748889145;-2.51329703369893;-2.40046392461035;-1.89102994368088;-2.92025618168128;-2.82158688473325;-1.88287067291958;-3.39209329180311;-1.80994001941557;-2.69369369272158;-2.51692931081847;-1.53745348047253;-2.69316614814024;-3.05559512464002;-1.12981314977728;-1.30910809634379;-1.86850372986251;-2.04431107668308;-2.47166163968634;-2.19453862174523;-2.37997271274109;-2.54001670298745;-2.57966622329114;-2.28104262493658;-1.81293614987781;-2.39674246721973;-3.2157614205441;-2.73298124362865
1900;-3.06911086445348;-2.89584271791111;-2.37799359605065;-2.56223176500883;-2.38380526390566;-1.88238236422757;-2.94676274812534;-2.82141300836242;-1.85640249462477;-3.38189602423527;-1.80456482829503;-2.6804636880249;-2.52987339532862;-1.42419500861072;-2.6261989058692;-3.0299440543589;-1.10832557009025;-1.29114894528764;-1.90706236397175;-2.00898539140262;-2.40655748577971;-2.19989518887138;-2.44638351679203;-2.61593666493265;-2.56417946764132;-2.43692027553146;-1.80645217798378;-2.46674308253016;-3.21853971065982;-2.8015834802668
1925;-3.02890534764165;-2.92538867210445;-2.37650080458259;-2.53857812913063;-2.37621943964796;-1.86067394573361;-2.90634652345308;-2.79606693715789;-1.87403589170139;-3.41742183097784;-1.8107156905062;-2.73332748697679;-2.50462441144484;-1.56236525380198;-2.60243044302104;-2.96645417133866;-1.07306055054105;-1.15582300449776;-1.84682310397166;-2.02281129508276;-2.36320122773442;-2.20004457235842;-2.45429821043026;-2.54570207210235;-2.52205839854338;-2.42981413417888;-1.7885648821624;-2.45131228596999;-3.21209642771199;-2.60511877829011
1950;-3.03164577498914;-2.93890760571638;-2.33025355939016;-2.58848734435943;-2.36812146980501;-1.85741056504986;-2.91409516852105;-2.77600834837125;-1.85823620662211;-3.4216263946496;-1.76113302086387;-2.75158337604173;-2.48856438666717;-1.53659412713346;-2.59525850744047;-2.96546375274899;-1.03343256606975;-1.18065298117521;-1.86284627753348;-2.02077307018547;-2.34671029549405;-2.21634324336597;-2.49211407640716;-2.60179888799499;-2.57904702016239;-2.45036155549795;-1.75118042144352;-2.40842103341255;-3.19536856494961;-2.86782192366283
1975;-3.07451500995824;-2.90926542027675;-2.30603163274296;-2.60011769498517;-2.36103244650021;-1.87239775079635;-2.94413490609348;-2.83411598561348;-1.87013758849427;-3.36818701346147;-1.788861350483;-2.73625567917719;-2.4931045744385;-1.53310214766063;-2.59474127630356;-3.01930725596504;-1.12359751902917;-1.28195434180257;-1.8501225326753;-2.02398311382351;-2.3644413504911;-2.1647754264784;-2.49419264629657;-2.60261879756171;-2.51956065524903;-2.44449365977;-1.78979483497495;-2.41498229941662;-3.25477623434791;-2.76886556922526
2000;-3.07676253074012;-2.87537401981702;-2.30540098040501;-2.55805686878369;-2.38039141615583;-1.83958662694933;-2.94657841878008;-2.76647265880984;-1.87182087836487;-3.36191739704099;-1.77449460281077;-2.77156192621333;-2.53269795386825;-1.53835191391444;-2.67192072180121;-2.91123861280185;-1.10760004878732;-1.25875574464124;-1.82277139618002;-2.01759688391327;-2.36349571232917;-2.24999422530553;-2.47159815721836;-2.56921484912696;-2.55453820082799;-2.43278694645684;-1.77936336846518;-2.42500359557503;-3.28169640305226;-2.8486050571047
2025;-3.06009321143474;-2.93809334500862;-2.31780058697636;-2.54232137261157;-2.35320500367156;-1.86299784492812;-2.94984503282494;-2.78075979613912;-1.84394656269826;-3.41907073964686;-1.82944910030447;-2.74340959955454;-2.44667742586558;-1.55286320968895;-2.66704090234707;-2.9585787307756;-1.09378019027969;-1.24655417072079;-1.81972426743498;-2.02166642371544;-2.29737842179004;-2.20315178366561;-2.50419422775155;-2.58878201739363;-2.49806713972355;-2.41320619405085;-1.77959999378658;-2.45744684436076;-3.28552320891576;-2.86111132154008
2050;-3.07955181734065;-2.95292550112849;-2.35450869321249;-2.55933688148389;-2.33151538646549;-1.82400285713607;-2.94891207559727;-2.82024905671021;-1.85250553039773;-3.41442224047058;-1.77149890201675;-2.73695875687331;-2.40995560114415;-1.51374588316758;-2.65733554682607;-2.8937945637175;-1.07504199055354;-1.22388404402818;-1.80487576754286;-2.01877954711646;-2.25625707531433;-2.20654092183317;-2.55302477967778;-2.58664734391592;-2.46444682915477;-2.40598653399065;-1.78334778786007;-2.45346873382691;-3.28837676074931;-2.7581861092422
2075;-3.10963322087488;-2.95964570803558;-2.3223247154183;-2.5914385553029;-2.32265393809934;-1.83460966299154;-2.93067987066683;-2.84906769046979;-1.8719805597127;-3.39481215081996;-1.76529860704035;-2.67519636693947;-2.41137011123389;-1.45622431832795;-2.69499333557726;-2.94198501179269;-0.946289727850177;-1.20601634129645;-1.78071507206633;-1.97654647958699;-2.22809369671843;-2.15698732415921;-2.50962191813756;-2.64253706397797;-2.48311072331932;-2.39318957066962;-1.76319621841732;-2.46597246579786;-3.24109046600551;-2.80611083174711
2100;-3.08197237557122;-2.95742420437144;-2.3006753810384;-2.55119515215747;-2.30478888573379;-1.85008052155159;-2.92784292215808;-2.76926677021461;-1.85537215605227;-3.37889415962204;-1.76741718707288;-2.66100580757934;-2.38897830726078;-1.42337622980335;-2.69663408448326;-2.90262531672952;-0.9717371977692;-1.20769299392743;-1.74711947409224;-1.96397211991599;-2.21592899571111;-2.16870624794714;-2.56771175236738;-2.57716413450659;-2.49122241873792;-2.38726902937429;-1.79621442257298;-2.47159353203737;-3.28638399812306;-2.80457987925181
2125;-3.07318863487814;-2.94373564240676;-2.29523050229671;-2.48281147227206;-2.3010766380419;-1.81747055332751;-2.97951200300808;-2.81952952154807;-1.87122392154481;-3.39319544590052;-1.81725103840081;-2.73852111132859;-2.40460395056885;-1.43355292047769;-2.69071482699436;-2.93538319765591;-0.901237060413965;-1.21924604635331;-1.7342970069301;-1.99542316823656;-2.1842502866085;-2.18884813781266;-2.45970546248;-2.64139899550426;-2.50215558929864;-2.45764065129697;-1.79769506738471;-2.45495158064661;-3.27205404677835;-2.85070778677799
2150;-3.05226350921816;-2.95411419599195;-2.28290033482176;-2.47357030491814;-2.29752433214982;-1.80993476437262;-2.98718029697752;-2.77514504694517;-1.86489758457003;-3.36344434614965;-1.80082607917228;-2.75089617771278;-2.4178601279049;-1.45218462505035;-2.69059283872964;-2.8865435747671;-0.781609307523781;-1.22351618466091;-1.72762083345223;-1.99299833251195;-2.22325200143387;-2.21953148350206;-2.48906896909115;-2.73158588114987;-2.52281769137678;-2.45676391978596;-1.76323332390835;-2.469428816308;-3.2917140515439;-2.66399176233231
2175;-3.07409936578125;-2.97974763825486;-2.26489594875654;-2.47929967102349;-2.29106389657951;-1.86072079427812;-2.96580678944107;-2.81646177659498;-1.84224524433517;-3.32142088632276;-1.79968585332656;-2.72513348179622;-2.49522807474277;-1.42882463176192;-2.69363994564964;-2.87473825135912;-0.946653358793341;-1.1649487053544;-1.75632438800102;-1.97657926974226;-2.18013261970484;-2.21029373765119;-2.53315435209599;-2.64082832141201;-2.41727382338929;-2.43011386579936;-1.77748610243204;-2.48355509860928;-3.26401143296497;-2.6191378475447
2200;-3.07890885284255;-2.96933583452695;-2.1938039844047;-2.4979961176358;-2.27429437817567;-1.85250988510537;-2.95788680922621;-2.81769241406216;-1.87975589021148;-3.40036814752255;-1.80194935805788;-2.76269073087502;-2.46170797644443;-1.40204024726335;-2.69397635562001;-2.88815403006404;-0.949316327500031;-1.17910343415345;-1.70548846812584;-1.99020325006689;-2.15521753154303;-2.20719246963086;-2.53144974648479;-2.65367324404807;-2.49222824409395;-2.42799435583901;-1.72906050111939;-2.44643955408572;-3.26648640367101;-2.84276695793726
2225;-3.04438522335115;-2.93464024223107;-2.16625217061732;-2.5490260771108;-2.26485388853466;-1.8176066740424;-2.9515399775836;-2.81828827781885;-1.80585475786179;-3.39720530532247;-1.75511729973032;-2.68266126644945;-2.42502819766615;-1.42265301759827;-2.70639156588948;-2.86153060546222;-0.982218395332841;-1.24194960502452;-1.69924453109187;-1.98840749544097;-2.15455365587791;-2.17387929395066;-2.53519270786584;-2.70910244551904;-2.4492487560292;-2.44807847699077;-1.79889019794739;-2.45299651778953;-3.33997867879878;-2.79401914413047
2250;-3.03467278322564;-2.94850106352886;-2.20540128912148;-2.51561764050338;-2.25426869954275;-1.84926220446516;-2.92512624416002;-2.764493038165;-1.88162980293492;-3.36877110970059;-1.77596362476802;-2.67196785205787;-2.47800230996024;-1.4553871125782;-2.76001424859667;-2.87396203506091;-0.979055680597582;-1.20625866927017;-1.67957328217933;-1.9723111991645;-2.18881596387387;-2.1538147401091;-2.5546782876545;-2.7112437600275;-2.38402583709647;-2.4982107570056;-1.81005399602918;-2.46367557257642;-3.31723497775435;-2.83459401112482
2275;-3.07380024753146;-2.97240398898029;-2.18036761252684;-2.54322353951071;-2.20778173753383;-1.80507965501982;-2.90606162218749;-2.75931872798737;-1.8424125067575;-3.37907702092581;-1.76685294132751;-2.72000665866624;-2.40846771150665;-1.37072589240091;-2.71164609719278;-2.93451313388693;-1.00172498704697;-1.19134153810814;-1.68154966679589;-1.87860562365879;-2.20635324336872;-2.20644860287352;-2.5573264415105;-2.68700331307329;-2.37885094286595;-2.50207323972565;-1.73905126457323;-2.45121238754881;-3.33196537426628;-2.73411912651532
2300;-3.06547886952191;-2.95761385296914;-2.22079235330803;-2.48311092655787;-2.22317144070039;-1.77821047592246;-2.90046986816776;-2.81392439985679;-1.69953032619105;-3.35451815739129;-1.77378032868849;-2.70386644988191;-2.3682401138436;-1.34961106692406;-2.67399616014153;-2.92846088319161;-0.933411429840533;-1.21878148160621;-1.65156713676323;-1.87164658838568;-2.15088861956442;-2.13996235121151;-2.50734651564134;-2.67458716400527;-2.38262438177752;-2.51363713102468;-1.74544819262022;-2.44577140684782;-3.37225811653865;-2.73553411793366
2325;-3.06717908149687;-2.96666013811491;-2.28016382802574;-2.48822741930285;-2.20615241431738;-1.79521105868398;-2.90712688560668;-2.76273864151228;-1.84773363628045;-3.31819152898358;-1.81116421199426;-2.6595021545988;-2.39704402982669;-1.36094956357194;-2.69898747907512;-2.99428303704228;-0.954138421695046;-1.22141988878647;-1.65051334201533;-1.94420496966113;-2.14144482260105;-2.08306317727766;-2.58693216533294;-2.72381276168951;-2.40045027732201;-2.47038144718034;-1.7670968700969;-2.40535052642561;-3.3908284185272;-2.75404747509357
2350;-3.07475407453295;-2.95911476919522;-2.25932587778673;-2.54395177632561;-2.17755712953335;-1.79002570784199;-2.90114420186722;-2.74397961175512;-1.84298201251533;-3.31155720732659;-1.7509748547584;-2.61856207784511;-2.39175285256867;-1.34829795402974;-2.69615289112759;-2.93210556551517;-1.05548857159517;-1.20849887272504;-1.71899107115351;-2.00182614841842;-2.16100372664923;-2.05919186198688;-2.55321367462491;-2.64879200951425;-2.43635181225581;-2.43243531786931;-1.77613469699753;-2.41162013070511;-3.36657710244097;-2.75623452686025
2375;-3.06982877694989;-2.97598544405779;-2.22209184600234;-2.54951760880757;-2.16922390575909;-1.77848364746789;-2.88953563798232;-2.80139909216578;-1.8694448324241;-3.28933133967677;-1.81181123729281;-2.62526811743492;-2.39116557782681;-1.37616804985167;-2.71652404341469;-2.88120625926838;-1.0402684248722;-1.24812308773589;-1.67061044425277;-2.00592109532583;-2.14711754280867;-2.04807151560337;-2.53986963509176;-2.76066556520857;-2.41046951624967;-2.43917966086838;-1.77167348385134;-2.42789989512516;-3.34812484043101;-2.70553520735026
2400;-3.05448511653213;-3.00785883374271;-2.24981042706783;-2.54726965126276;-2.13712236289853;-1.74561356630955;-2.86586927699747;-2.74545664515307;-1.81850371081441;-3.27648126389418;-1.84612261688614;-2.4950624783031;-2.38312517108748;-1.30225341406369;-2.69270734895673;-2.89328115437265;-0.916917861471663;-1.24151771935447;-1.6947197614527;-1.9477718027635;-2.14452973205696;-2.12004458902501;-2.48910813500078;-2.68072357024431;-2.39289801407084;-2.44960805591686;-1.78643113941145;-2.4361428833935;-3.32119067743232;-2.90506504463216
2425;-3.0656909406791;-2.97479839159067;-2.29611833491831;-2.49896091878671;-2.13553504473201;-1.77539271082837;-2.88388891693327;-2.82757488386092;-1.83246603829804;-3.24087135024555;-1.81846944922063;-2.57411493219519;-2.41705216823346;-1.35997208758317;-2.65638608654079;-2.88330790312178;-0.957977295299221;-1.23324962218979;-1.63670278978097;-1.9420053421574;-2.16233112419548;-2.09740785508375;-2.47314765362236;-2.69437016176524;-2.3083917438815;-2.46252196382986;-1.80639514517594;-2.43295176879452;-3.3061027572877;-2.75534297541823
2450;-3.1024617299566;-2.97274843441849;-2.31172939720874;-2.5049641357115;-2.11874226674075;-1.7523025256864;-2.89386971338312;-2.75063815494933;-1.78353968852705;-3.21616486488966;-1.79393349861067;-2.56404894095589;-2.42205428034793;-1.30574458737568;-2.63926960121722;-2.95679532687459;-1.02009311680768;-1.22066479039293;-1.63360828904299;-1.93602434510272;-2.17013721821193;-2.06854937880814;-2.46073051627924;-2.70602231366089;-2.35455208741573;-2.45251985483973;-1.83188187039387;-2.4153086701831;-3.3033654967046;-2.69465080592943
2475;-3.08804447750621;-2.94934701138963;-2.31210738227448;-2.50183202775832;-2.12401523026949;-1.74886365905002;-2.88954017511709;-2.72675709972071;-1.77322661749246;-3.26647040182719;-1.80953671430862;-2.60802884308721;-2.37019169617278;-1.35017129059889;-2.68145585982616;-2.95293588778838;-1.01675215675392;-1.2446596496901;-1.67229236465224;-1.88915974242715;-2.14749965789879;-1.95293750688572;-2.45148769980721;-2.85337218349411;-2.37956137104767;-2.44697566330547;-1.71473310346017;-2.42058058968646;-3.31280416512415;-2.72993443166126
2500;-3.08703302122431;-2.94401519286516;-2.33970548229638;-2.51562963339932;-2.12768878577563;-1.73706292972674;-2.84580321787505;-2.70608686784219;-1.77183031815941;-3.26853315530966;-1.80182530173686;-2.62780351971488;-2.37877175640097;-1.34984832313709;-2.69514378222146;-2.87481293207034;-0.97359840855457;-1.23675144608251;-1.66430302164835;-1.87048255649077;-2.15725163270863;-1.98388915267436;-2.49651926631914;-2.70622630651397;-2.30759654315402;-2.43224217919081;-1.72813987541091;-2.42620700057533;-3.2719443028981;-2.68535602721893
2525;-3.02296322185154;-2.93743110906593;-2.2986444770057;-2.53393673985135;-2.14185288351727;-1.73375153243716;-2.83079793491992;-2.68029860605068;-1.72919784577254;-3.2217234195467;-1.79831284721626;-2.67943272410419;-2.36279711083326;-1.37017179135278;-2.60983932196861;-2.83363475507883;-0.928612117829098;-1.23210380434395;-1.67742672095877;-1.88280202453495;-2.17208015509466;-2.03187426625666;-2.49316491984866;-2.66104682714038;-2.41271488563461;-2.41691571884792;-1.73182030484078;-2.43089158004893;-3.25093529560739;-2.69371898450239
2550;-3.02314413483138;-2.95846124688368;-2.29230503344009;-2.49378945389636;-2.10273856667058;-1.76467123516454;-2.81571058844629;-2.6773002337968;-1.75745736829134;-3.21750749396523;-1.76934512942526;-2.64144607497772;-2.37070739392236;-1.31898175275625;-2.50337487535429;-2.87336811353969;-0.932903505851743;-1.20149372619711;-1.7368690686864;-1.84051980158858;-2.16503106791161;-2.03833087983365;-2.48528366758365;-2.72452879433011;-2.32821574113429;-2.42924114615801;-1.68460966193234;-2.44714337466034;-3.2855943344609;-2.70010382803606
2575;-3.12869957260385;-2.94973430770618;-2.29853992750295;-2.42579560445449;-2.07276078906958;-1.73073810704871;-2.80388798394228;-2.7062827817959;-1.74790140264929;-3.22793489042828;-1.82528655778252;-2.59491155039012;-2.47050623521796;-1.34594583275541;-2.51323177630115;-2.89188282380773;-0.912915421956304;-1.15968189677705;-1.71058007054277;-1.84814831092919;-2.17185045566058;-2.01853818502939;-2.46455731689711;-2.70105167281806;-2.37148913810559;-2.48441912956975;-1.68012935339527;-2.41720897308406;-3.28470654680265;-2.60648607648017
2600;-3.10337324902759;-2.92971519076533;-2.28659828227338;-2.55506901125569;-2.06815760470903;-1.68725518949774;-2.79186285682133;-2.71647659410655;-1.68321685637854;-3.2136193497762;-1.81598409389921;-2.64857814610841;-2.42431051612048;-1.35940347109223;-2.60818655278895;-2.90187810563201;-0.903447345868035;-1.11664612288637;-1.67201879976586;-1.85866407495493;-2.21463572361133;-1.95630652116367;-2.46087881554475;-2.68146451660871;-2.35649659323418;-2.43284070682748;-1.63547118007837;-2.36929415462079;-3.26793584489054;-2.72221137904859
2625;-3.10276531383421;-2.91537903366639;-2.33745747848726;-2.57646223390854;-2.0698158725778;-1.72400008908873;-2.82767274464934;-2.67722940288905;-1.71434652499261;-3.21723207331973;-1.82015692616853;-2.68950932391564;-2.30758319624545;-1.31287398883857;-2.6076684501166;-2.90396474334122;-0.97272480366323;-1.13723148410911;-1.73488615778532;-1.82802209758661;-2.19195863976738;-1.94747569014717;-2.45219192454276;-2.70325111925885;-2.37134766269438;-2.41455087077404;-1.68320463675621;-2.35889885531759;-3.25918093135009;-2.59454355443489
2650;-3.08000477959487;-2.88380197379326;-2.31645850817903;-2.56727794451081;-2.07840556514219;-1.72073475466949;-2.80118681467359;-2.69567167952554;-1.63340442037863;-3.15785134220248;-1.81882705101229;-2.60570545612876;-2.34312332915399;-1.35862936682683;-2.60861891196463;-2.96813304349589;-0.912957179512677;-1.11533373193954;-1.74111482374137;-1.79410674093269;-2.18572400404238;-1.95235072732772;-2.44084454686808;-2.6938828540498;-2.33407606562453;-2.42223441624738;-1.65838894181274;-2.35561668976161;-3.26939171725851;-2.59504858804935
2675;-3.09439207588388;-2.86099339587098;-2.32313311152207;-2.60098748587227;-2.05706148066102;-1.74258911383464;-2.79377502683588;-2.66273710382629;-1.71395225469762;-3.13841944001783;-1.80472537144571;-2.63119356690996;-2.31979074197574;-1.3187610532622;-2.59103617443848;-2.85956921374703;-0.891289013527235;-1.13350054437929;-1.74293614054479;-1.78313169624011;-2.26583468966658;-1.93673800985148;-2.42766194287195;-2.66042373710062;-2.38252831956854;-2.40114409743844;-1.63944365184618;-2.39396020438142;-3.21613501909223;-2.63017588849449
2700;-3.09767158348684;-2.84405442233012;-2.34396434315507;-2.60942701233545;-2.05445864573344;-1.74925441007144;-2.79800838443843;-2.64864338136389;-1.70636709452334;-3.16578470384705;-1.76388283317568;-2.64695781470912;-2.31954178348684;-1.32086136168967;-2.56078832094861;-2.82897199872405;-0.894489124570432;-1.13057542692757;-1.84207812864366;-1.77382588045518;-2.28251635395843;-1.94358434078124;-2.37670460921845;-2.61812636857074;-2.39668263198459;-2.38380703159211;-1.62569174912867;-2.41058767374018;-3.20508351694132;-2.64573917637382
2725;-3.13829138026351;-2.86118603173966;-2.30703295863933;-2.54766702557118;-2.06562680848333;-1.7545947160864;-2.78286152184421;-2.66156035631593;-1.66309472186131;-3.1769301943191;-1.76302872128185;-2.60875010248827;-2.32736062526545;-1.37730509534538;-2.5285269215755;-2.82214670065794;-0.838083181163493;-1.06177496417168;-1.85925288966565;-1.80269120872019;-2.28255078256008;-1.93140792607745;-2.38565036313699;-2.63846748755326;-2.39228564137709;-2.31928961582876;-1.59998601995189;-2.37332349915733;-3.19222795863055;-2.62454451870628
2750;-3.10083195639758;-2.86397176356987;-2.27618791668165;-2.55076629910749;-2.07860724796374;-1.74326816831178;-2.81021652152253;-2.67921678041144;-1.81804855684344;-3.16002038178975;-1.81729326220297;-2.62516068424148;-2.30589849648651;-1.35035097133678;-2.54380718898542;-2.88634687100228;-0.864002923523936;-1.06948711624416;-1.81010752461672;-1.82964557484411;-2.26872174227306;-1.85450217153188;-2.39573831419985;-2.64989989190407;-2.34864212587772;-2.31835535408158;-1.63535853013202;-2.38402253059694;-3.17496199245149;-2.65098815041519
2775;-3.15954789418279;-2.85593778824609;-2.28471757280406;-2.57235614131325;-2.10288981370949;-1.76189497744548;-2.81404396639788;-2.61853592331669;-1.64541418710156;-3.13053710716033;-1.83180184232013;-2.68133284669965;-2.25859501648675;-1.28366362957988;-2.56726338093338;-2.84544651355884;-0.845136500992196;-1.06718884708362;-1.80340854040531;-1.85718283296857;-2.27412171540003;-1.89245511185203;-2.40587912308851;-2.62428696110733;-2.32198606081795;-2.32623246192546;-1.60132420196052;-2.37841178685132;-3.20419302791833;-2.63443478896417
2800;-3.12354621361862;-2.8509688899228;-2.31008188478344;-2.5667407022659;-2.10173528149218;-1.69951747060142;-2.80956924559549;-2.63221722633413;-1.65601199740722;-3.10328989520581;-1.82309703823599;-2.6772575092733;-2.26948304986441;-1.32497865332474;-2.51387982489601;-2.85337290001399;-0.849701203542899;-1.06667236665137;-1.80471658804845;-1.83677101973298;-2.24935784373767;-1.90881688914083;-2.3711555504987;-2.64949532023406;-2.42348253820486;-2.35492730096188;-1.63879111032329;-2.34624803632109;-3.13886612866444;-2.6683312326695
2825;-3.16152617713736;-2.8239257511335;-2.27134549480359;-2.56233510170241;-2.10224342341282;-1.73869458125099;-2.7680907929175;-2.59357649877208;-1.63054894362361;-3.09240351258228;-1.84530042427552;-2.6795781096432;-2.30484888980706;-1.30409876333767;-2.54116386696142;-2.86111784023294;-0.892479167902172;-0.977798824845849;-1.81710334716143;-1.82263392031561;-2.28879021923626;-1.93084537877209;-2.37828144008332;-2.64459783813367;-2.30653058248597;-2.38568799250424;-1.6530565687204;-2.36265136712001;-3.17438861170876;-2.59884851792008
2850;-3.15900010597898;-2.82010527976239;-2.27514282605836;-2.54445783329091;-2.0913908852637;-1.74196614249785;-2.76688330768257;-2.58159435003678;-1.65498008604618;-3.15232812627828;-1.8443583478947;-2.67840707779844;-2.27337949844576;-1.28931107903289;-2.54976521109312;-2.85904487387831;-0.818261352605263;-0.961466971844041;-1.80282231227773;-1.82433533642932;-2.2727823089187;-1.91011785125675;-2.35885065130564;-2.63328865489707;-2.44307788708122;-2.30594999405594;-1.64186770038693;-2.30492735405756;-3.1156776329752;-2.57611353146883
2875;-3.1692706494985;-2.85863672748458;-2.2390040481897;-2.54107138756182;-2.10212987334045;-1.75589533060152;-2.76746769152913;-2.56674241449848;-1.65208773550744;-3.14017567609452;-1.77698201249555;-2.57692670865256;-2.22459331412421;-1.30772636716478;-2.51951567760376;-2.84569613638044;-0.853805177306498;-1.03467502155827;-1.77200074917576;-1.80768052319647;-2.32231538841743;-1.85265084094809;-2.41248978231758;-2.6366768383361;-2.36314257992572;-2.29938562487152;-1.64012701045983;-2.27235961155982;-3.1056194998489;-2.56588572997262
2900;-3.15079009339578;-2.84619537706062;-2.23631510573185;-2.52122510191477;-2.10553999694651;-1.75258697845715;-2.74916764564084;-2.58293254919536;-1.62513408690003;-3.1295380910362;-1.83520544274308;-2.68268031100974;-2.19258897541424;-1.29834734233011;-2.51927176619465;-2.82786540092601;-0.746217059906008;-1.07416814113381;-1.8116618774292;-1.7869535777934;-2.31805584188047;-1.97835405865172;-2.36934537227225;-2.66293893327098;-2.37104999033474;-2.3339823233922;-1.70551632426192;-2.34385672593322;-3.13850375413165;-2.52093591767758
2925;-3.15235099650579;-2.84555327490365;-2.24979629243822;-2.57803475760687;-2.0968865781574;-1.75858164993869;-2.73383302618037;-2.5851683137266;-1.63943631056899;-3.15597497321802;-1.83374777843696;-2.68161477844081;-2.17287038117844;-1.33986082729584;-2.55062007013425;-2.81241025837342;-0.740226100841018;-1.07189479672036;-1.80425115113811;-1.81395170954165;-2.33922405561468;-1.92175607056496;-2.34087758389376;-2.63358985269574;-2.33241400098508;-2.32499607662231;-1.6797047801124;-2.33247528027767;-3.11313198553115;-2.52728435436617
2950;-3.15019958152245;-2.81430327159591;-2.25524757707973;-2.63948654924913;-2.10187936663976;-1.79570038834757;-2.73570593195919;-2.59098376171563;-1.65195220994862;-3.1432787689871;-1.81017959891912;-2.68078116968134;-2.09195396941497;-1.24004168752025;-2.5315637142738;-2.8082609645828;-0.718801668613591;-1.05003049770622;-1.78715254349752;-1.82030323656741;-2.31930881979569;-1.95386848379727;-2.38529292175607;-2.62427443969455;-2.46539268959872;-2.27345290975798;-1.66584681880298;-2.3330781902472;-3.09087983378421;-2.60171171761603
2975;-3.13958074128228;-2.78505561863489;-2.25976829552159;-2.55021975312049;-2.0927937447144;-1.77526009018511;-2.76999699865738;-2.63758840518978;-1.66554236227708;-3.17266487267277;-1.80431661259195;-2.71102904910424;-2.10744443698011;-1.26044723119996;-2.4763382209464;-2.79742097076335;-0.765576973030664;-1.0442650163094;-1.77402902653958;-1.79632202545596;-2.31718030889422;-1.95885611705957;-2.37643564062557;-2.62024978013199;-2.42526594103766;-2.26841116528532;-1.63671913480906;-2.34602600378391;-3.12793268577324;-2.56006420169836
3000;-3.16507472239806;-2.83989501462085;-2.20103707625782;-2.54127097809109;-2.08598306347096;-1.77166332965508;-2.76892372782982;-2.62000935709715;-1.66037887655781;-3.13360029248528;-1.79606973351144;-2.68052414081246;-2.13361295795936;-1.19672950693599;-2.45413574426049;-2.88926428570764;-0.699250825121006;-1.00808597029674;-1.72522112907366;-1.78396860661705;-2.33454575657316;-1.90707910722865;-2.32973909611457;-2.59277306224678;-2.37780170634713;-2.35198633504572;-1.62367841309841;-2.3129477838129;-3.11874386698752;-2.51129697654218
3025;-3.151386880389;-2.88014844186471;-2.23984403921415;-2.50587755487544;-2.11128910068549;-1.80144529361077;-2.76392404287776;-2.67447714523885;-1.62049340900616;-3.10488548969211;-1.77718942735367;-2.68177494005904;-2.18322088264502;-1.29475174617799;-2.3854514590427;-2.82417376328629;-0.755772151617073;-1.01757716438456;-1.79620881424759;-1.79579897944741;-2.35181012366955;-1.96512324562283;-2.32179084729669;-2.54938088303357;-2.3927300753565;-2.33516556978864;-1.64386083296475;-2.34587134346409;-3.09905055699386;-2.55485369284005
3050;-3.14216796577306;-2.90399338851694;-2.24070570171701;-2.51798062013262;-2.12083013634819;-1.80978876084725;-2.75525708190204;-2.68532968756337;-1.6213312075384;-3.16731152396375;-1.74315018125913;-2.73346001310016;-2.15709653790189;-1.30515699878404;-2.40408195503861;-2.80060369501015;-0.591615825398413;-0.994915603104738;-1.69753673558556;-1.78453017969704;-2.35998671871835;-1.97465393207752;-2.37219812551238;-2.60297230155097;-2.42403062534528;-2.29879729127527;-1.59585135409862;-2.34885677754518;-3.11722773374857;-2.61657391318214
3075;-3.15514532667082;-2.88670847816375;-2.15445037444609;-2.55930993499368;-2.09495368324448;-1.79371564145903;-2.72054897452153;-2.64605235565374;-1.65061851948351;-3.22670828929438;-1.81018655126375;-2.679814388799;-2.12812432410739;-1.2494567564118;-2.40429903875734;-2.77808829877978;-0.731712092863234;-1.04096097401763;-1.67160676955153;-1.78515221131059;-2.33501541736082;-1.99981722397017;-2.36593777101457;-2.61470777907724;-2.41934562816119;-2.3280543828547;-1.63115545806232;-2.33130599799704;-3.14188226363186;-2.58553524122692
3100;-3.15056987604848;-2.86932588089981;-2.19663849792601;-2.54508608853127;-2.05900694038334;-1.77212665529955;-2.7177509227224;-2.68881376480065;-1.64021440748394;-3.23847783767511;-1.73757771308466;-2.65504393730401;-2.14281038185532;-1.30797153621028;-2.38645310152695;-2.73922581923053;-0.725212379965524;-1.0454766260313;-1.70504953122639;-1.7855734351234;-2.37266064249522;-1.91338541706151;-2.34986908367892;-2.57080157872098;-2.42623937232689;-2.28164715503668;-1.63997252039137;-2.35197684189047;-3.1617484532067;-2.52874455002133
3125;-3.15856659701363;-2.88589234570714;-2.11851628289749;-2.51101003399271;-2.04914590316576;-1.76171402999234;-2.7241099120891;-2.65099702864361;-1.62432404100506;-3.23806150300411;-1.74315605318643;-2.70174968611137;-2.02084699282292;-1.24236839736602;-2.37008767211551;-2.74473282761259;-0.691986030823529;-1.05517381682697;-1.63808320772897;-1.7808159968332;-2.33095201495345;-1.91352471733028;-2.30174604279912;-2.53876769602556;-2.42567621864793;-2.22578738230508;-1.61285819285983;-2.37695765698043;-3.11938819136938;-2.50848615988296
3150;-3.15893534964672;-2.8938409671292;-2.18731872120276;-2.52789280218764;-2.07275974353857;-1.77844320569044;-2.79232406582332;-2.58400202178863;-1.61464496946676;-3.21700791493693;-1.79724263253278;-2.58878777808485;-2.0733463398169;-1.22934360604812;-2.35466582890934;-2.78850509461025;-0.735891466167233;-1.01951090063745;-1.62723573004271;-1.748042800237;-2.3219358626136;-1.92422664420147;-2.32574725918482;-2.56757724376067;-2.38793990258227;-2.26001425357038;-1.61306284159006;-2.36693380215533;-3.11751504489995;-2.55823574510135
3175;-3.16194228724833;-2.91095049684435;-2.16662241403686;-2.52207520423962;-2.04619528679658;-1.75086268967935;-2.86004029784898;-2.7453088228662;-1.55170212750404;-3.22109262347948;-1.6971013700575;-2.62043682407254;-2.08808844549887;-1.20727865582926;-2.40557351351446;-2.78253150760178;-0.740483604219264;-1.02264329289894;-1.65901674284051;-1.77245992931526;-2.29433926862124;-1.88951687172963;-2.35732914183341;-2.56156269094564;-2.28179149993826;-2.26353765655728;-1.62734061634152;-2.35232442270996;-3.06562933202829;-2.52725009059141
3200;-3.19713548151791;-2.92311102708552;-2.11470247769178;-2.48049144619923;-2.02483465508638;-1.73879212864019;-2.72207280173795;-2.6946356580556;-1.63824277733442;-3.28657578106792;-1.79296170528553;-2.62082057130291;-2.13406940964943;-1.21024276163141;-2.42243373458841;-2.73663150273299;-0.72275531131566;-0.997412048887546;-1.61071652958399;-1.79154903267783;-2.29002899683923;-1.94022815286209;-2.3233087242128;-2.58799147006134;-2.60147792072405;-2.28794871802368;-1.59573992728938;-2.33480805968995;-3.06108116992212;-2.55920736223358
3225;-3.14225480489759;-2.93916894585805;-2.15100722250579;-2.4682719838754;-2.03931768360163;-1.73187993249345;-2.69428876884234;-2.70804553925707;-1.61474127172376;-3.3166249003486;-1.75665122211166;-2.57277556726341;-2.13127782558111;-1.21559654296759;-2.40397472971951;-2.7547675758107;-0.788352873540092;-1.02772192185557;-1.58546739063629;-1.72720237993389;-2.3058702425141;-1.86449574646018;-2.29391690103268;-2.57551083674801;-2.33940499604223;-2.33011016176074;-1.58529534912433;-2.34441065027873;-3.08889880799773;-2.47035096818729
3250;-3.14939660128399;-2.91383092551085;-2.20338447612067;-2.49848298589332;-2.04935892737252;-1.84939923709046;-2.70520441983782;-2.71337062412052;-1.61345524936935;-3.34537978293808;-1.75201053529308;-2.68970472081329;-2.09295343244374;-1.23128323964148;-2.38906264740637;-2.78835395287428;-0.732643983783501;-1.03205078925417;-1.63602223229706;-1.73402408364552;-2.31448203737173;-1.8336669473762;-2.32089154367019;-2.64142085573865;-2.32015152943438;-2.20978112067573;-1.57719920596501;-2.35349242300299;-3.12803155463224;-2.52922991048182
3275;-3.12694749485246;-2.90034516827868;-2.16048345805115;-2.47871804572063;-2.08768579116581;-1.71674225077256;-2.71883163441567;-2.74024492903811;-1.63002053942042;-3.37363647973337;-1.74941346911508;-2.69712977742795;-2.10244440963369;-1.20410738821331;-2.38429065560563;-2.75595466036871;-0.806131929283118;-1.04493687695134;-1.64008928234903;-1.76255107238574;-2.30697036412281;-1.8998755347093;-2.31907343905774;-2.52481667345895;-2.27190675822809;-2.20823126181084;-1.57059044859713;-2.33372484054669;-3.10873002305837;-2.38312530754107
3300;-3.11426032460466;-2.8838738490065;-2.15259401079216;-2.43797842512727;-2.07958160847153;-1.72307392544157;-2.70782341966236;-2.72117144983722;-1.59645179538149;-3.41005693868384;-1.74588976627105;-2.59126775961683;-2.06397690653832;-1.31184485918218;-2.38470910181999;-2.75391382025317;-0.727753163725105;-1.04883961606236;-1.60517479045178;-1.75926743237866;-2.26931937717093;-1.83074890060843;-2.3277253828713;-2.51430965476042;-2.24023188805795;-2.22983450213959;-1.59320407252876;-2.32308235509827;-3.05271513411447;-2.48019613371773
3325;-3.13515525657418;-2.88273249816191;-2.16065767005218;-2.48305274171886;-2.04500127449094;-1.69509374040373;-2.70305946571974;-2.53555610411162;-1.56158395666766;-3.41025884827846;-1.7082454029991;-2.66139759150518;-2.04991403921494;-1.22395417974523;-2.39557078462032;-2.75681221179605;-0.753909094696373;-1.04993001302036;-1.57612735057448;-1.74869789564494;-2.28838597018155;-1.90849529187023;-2.25823555972723;-2.58055781393516;-2.31682938352915;-2.24544934296473;-1.56793621021491;-2.34881571603165;-3.02609528367322;-2.53032059667173
3350;-3.12850550552328;-2.90618766130338;-2.15564426798123;-2.49782234271929;-2.09882347305993;-1.57633319350306;-2.68688272888485;-2.66330378874679;-1.58135247977557;-3.42062905500235;-1.68137275602589;-2.60836569835301;-2.04387855551504;-1.17531188251847;-2.41113763091151;-2.735173569661;-0.707480906564074;-1.02867887448855;-1.55934867796473;-1.70873978651516;-2.24611154462595;-1.90978214715385;-2.22176251926804;-2.57995996348144;-2.32023085353094;-2.24181889672292;-1.54023501639303;-2.36922045078046;-3.05007483366687;-2.57332285812188
3375;-3.14137743502558;-2.91814426945888;-2.15833747362622;-2.48061293208704;-2.11720756460549;-1.64216446995642;-2.66895236134084;-2.73746956854044;-1.6158876986353;-3.38214208165779;-1.67751811815789;-2.7675451871083;-2.05228045005044;-1.0892285167881;-2.43194388307038;-2.7121254877482;-0.70802688366297;-1.02179101474009;-1.52349964853512;-1.70271568614047;-2.24385351889186;-1.87674804264115;-2.33906699573178;-2.5435109189879;-2.24315175778972;-2.22315212955115;-1.55641438149908;-2.36431661060525;-3.03643217183269;-2.56786376806263
3400;-3.13545183786925;-2.90623757776156;-2.19884012981045;-2.45533418771805;-2.05799467366807;-1.6698474866208;-2.68603146412483;-2.70752359571388;-1.63438535325516;-3.3983533491832;-1.75273783804174;-2.70042218658387;-2.03471110388431;-1.18971822387503;-2.44022981735302;-2.81432564680488;-0.728435909395677;-1.02039137379;-1.51774274271649;-1.70961056511799;-2.22688211208375;-1.8795939460692;-2.27670105790055;-2.5895439479227;-2.2806608618316;-2.18250283308221;-1.58952919757409;-2.34666296747271;-3.02494828128755;-2.55976720710657
3425;-3.17400768762263;-2.88176244396999;-2.17701024893428;-2.42673599428211;-2.0355199627593;-1.64421994524753;-2.68066436766384;-2.69786504759165;-1.61967004546584;-3.42463810018049;-1.70090541659777;-2.57530705566537;-1.99564935645471;-1.19658727082352;-2.44245523935433;-2.85205240719391;-0.68592124048611;-0.974934925746538;-1.47980680884823;-1.64836214296949;-2.22543807107805;-1.90253921583308;-2.32420002354853;-2.67343353233618;-2.22306654335707;-2.18112622103368;-1.62202653302029;-2.34613845367512;-3.0323770412202;-2.59029331113059
3450;-3.09553223432998;-2.87760736681923;-2.10012102014416;-2.46290518070665;-2.07234166698097;-1.66462254476124;-2.71679886384381;-2.72253833990027;-1.46071945674397;-3.43503496229599;-1.68682233374022;-2.62500487381545;-2.02951208732256;-1.17614100129966;-2.42456922403213;-2.78964175033109;-0.680295160194477;-1.02825779714139;-1.54215556809741;-1.65213586521514;-2.23050644673027;-1.92594118038943;-2.33294334017052;-2.51533786675156;-2.2559103635486;-2.16635054781587;-1.60601982666094;-2.36690802937537;-3.01102888974395;-2.62781125731889
3475;-3.13584350013393;-2.8641239058442;-2.18064527702803;-2.46357351762847;-2.05858358731037;-1.65849764898888;-2.75172846591412;-2.73930443101819;-1.58526813875524;-3.48851748856099;-1.69665640489968;-2.68127016269123;-2.01242915885779;-1.16731542038257;-2.41315406908263;-2.83891956196284;-0.66070857379578;-1.0078908177132;-1.52221048746558;-1.67629406126465;-2.24447846589856;-1.92732761962834;-2.34726419041039;-2.53254232695038;-2.23883583622202;-2.10526239001346;-1.5619368632736;-2.34183171960298;-2.9529716855561;-2.56317084757434
3500;-3.07842824610965;-2.85747060177354;-2.20602677525872;-2.46096100997288;-2.05137675155283;-1.60755575485521;-2.67274748323615;-2.71880906740515;-1.67639040814912;-3.52903073990302;-1.64490128950384;-2.65908866144479;-1.98683815517431;-1.16116501051464;-2.42487417669711;-2.83928572859118;-0.690386421220619;-1.01163425825671;-1.47984878518855;-1.69057947836002;-2.20785333037641;-1.94502859916936;-2.35887596032857;-2.6376558721308;-2.34881160199737;-2.13896158552751;-1.54257072787152;-2.31907789530078;-2.97888303305591;-2.65279080250739
3525;-3.1377903938887;-2.83427523329634;-2.20966760730064;-2.46054921571887;-2.04025538842834;-1.58021688417953;-2.660007523574;-2.66398303267733;-1.68659549626444;-3.58278980183572;-1.6692698505662;-2.66485524363234;-1.9979556770117;-1.10084956329028;-2.40309757145448;-2.86087177809074;-0.709163169857668;-1.013055938606;-1.49385886834091;-1.81260554224074;-2.22399087919623;-1.91898062209246;-2.44212677788637;-2.54836931938028;-2.19524334517387;-2.19036920463336;-1.58860129139298;-2.34298090214239;-3.00572006418417;-2.62964583037688
3550;-3.08791153185103;-2.7906257187402;-2.21661983363456;-2.4629027535996;-2.07539002219246;-1.57436600988404;-2.66969920870407;-2.6473816283635;-1.69053051849312;-3.54317220619902;-1.69545750724616;-2.69977292703542;-2.00936156908554;-1.16375333317706;-2.40161117535662;-2.91574959836537;-0.634058756213663;-0.997644598766739;-1.48409750026072;-1.79593003189008;-2.20232063851509;-1.92524247593721;-2.46860763516889;-2.62927053144276;-2.15808251045141;-2.19330889283134;-1.58332647556966;-2.33253207389916;-2.96333312228575;-2.71418634190882
3575;-3.03099651159716;-2.7782754452025;-2.20200035989497;-2.48597407535976;-2.06922958798724;-1.57161705300446;-2.6727104526101;-2.65044605819996;-1.64407805997986;-3.51207109444945;-1.68636893994574;-2.61944461597849;-2.10922633013412;-1.08601493118529;-2.43192459090153;-2.86741363498421;-0.644291245084205;-0.997725491121335;-1.47390643030982;-1.7028149756105;-2.17731595615314;-1.87484892864273;-2.44951223952574;-2.58919120834179;-2.19884695103424;-2.18727571309347;-1.54260108501847;-2.34898846782898;-2.96965224981488;-2.70727865570373
3600;-3.10308114042335;-2.76321850739495;-2.17350057286394;-2.47482405509993;-2.06218172781781;-1.58815501027825;-2.67507903774719;-2.62884874279124;-1.61850184572819;-3.52523680753013;-1.67903235418119;-2.65358832099048;-2.07852490444457;-1.05536040367959;-2.43600655943118;-2.88506794529334;-0.65053973693051;-0.998273661365386;-1.50444165329494;-1.71783583570187;-2.14823470344158;-1.92720520349194;-2.42521594145973;-2.5521673570745;-2.24434383580615;-2.23212478253805;-1.5653145802565;-2.37468603471287;-2.95893063295676;-2.68522078038407
3625;-3.0932000723546;-2.77728499056908;-2.20087244011325;-2.45933948346702;-2.07689435245762;-1.59149769488728;-2.67467051045855;-2.64626355156082;-1.68576400063564;-3.55007934859777;-1.70090428279172;-2.59189837817548;-1.99447709170046;-1.06205560964352;-2.43846926205386;-2.92605349512325;-0.646942173444026;-1.00258691506491;-1.52987810355232;-1.73716616364437;-2.1732782109446;-1.97791373840337;-2.52236053347706;-2.55809631392753;-2.22056308084696;-2.22407396188205;-1.5300051457674;-2.34974186060648;-2.96215937403727;-2.62166870701785
3650;-3.07918978525663;-2.77740044674176;-2.16843001394151;-2.47552875981251;-2.05822181969753;-1.63459322029679;-2.66067714635278;-2.63740419926933;-1.67154535713564;-3.55748173357645;-1.70135620918524;-2.61963765040903;-2.06333135541422;-1.02551831403491;-2.4339441179464;-2.900153490668;-0.627469105166958;-0.973999716394326;-1.54627498902132;-1.71906335507834;-2.14915776018313;-1.90413225878147;-2.46763194052193;-2.58803722984022;-2.2509754518399;-2.187887441603;-1.57181126166918;-2.36741442417227;-2.97276398677988;-2.64999289269699
3675;-3.06967726651865;-2.78186468024866;-2.18679102896217;-2.46036283098333;-2.05518243151088;-1.60618646800214;-2.63099304549757;-2.60705474379531;-1.6934859437245;-3.54622951180842;-1.6452400175307;-2.5927580462904;-1.99963355470301;-1.02518107640994;-2.40602864878024;-2.8875615561459;-0.63623341331141;-0.983458890376807;-1.52377402960222;-1.72470007752444;-2.13977534936757;-1.92095648989462;-2.57138747522377;-2.61272123834968;-2.21598522958473;-2.16890674580594;-1.51984669655758;-2.3874381088987;-2.96655743414091;-2.70552797053264
3700;-3.07928223685426;-2.77217460157248;-2.14556668202803;-2.4722662884089;-2.08627842704796;-1.59697890980636;-2.64665195224369;-2.64734609246089;-1.73996940419727;-3.58810507740984;-1.63104081179876;-2.57686042483015;-1.9130464382887;-1.03954490543665;-2.43599169323975;-2.8191667405021;-0.589617615561673;-0.993429974355206;-1.5384986731847;-1.73360936011908;-2.13448032966906;-1.94852332527579;-2.52133959806846;-2.6187824379584;-2.18470023810217;-2.16253994101414;-1.48749897309331;-2.41300013440643;-2.96187568533848;-2.69018748713976
3725;-3.07646795355836;-2.72194273697209;-2.14347699222077;-2.48738917936353;-2.06664844170222;-1.65536580883346;-2.64928820486123;-2.63307766641096;-1.70675045901126;-3.63182554766198;-1.65443762942611;-2.64362349178574;-2.026475748749;-1.0746755740143;-2.4149271674294;-2.789867841684;-0.633498214907484;-0.966987740974038;-1.54413266948978;-1.71774141900623;-2.14534462168218;-1.95464240678528;-2.54117328625003;-2.58586186317289;-2.22779788860775;-2.17036799714879;-1.53590245055997;-2.38434950194239;-2.96290382594935;-2.65711165319672
3750;-3.08085175685215;-2.74125822122302;-2.15810081290052;-2.47250730501808;-2.06435926915551;-1.66674527408337;-2.61483891670706;-2.61494632114355;-1.73836911797954;-3.64755642683753;-1.63605564754767;-2.59322862748272;-2.04525608337615;-1.11935833663828;-2.39691138755815;-2.7359093600445;-0.520857316204666;-0.930922935587302;-1.56980350450936;-1.66340424380063;-2.11961659143379;-1.97581101848451;-2.57762532355561;-2.55740217530457;-2.28458132352018;-2.24415366693909;-1.58250387672312;-2.41850450523008;-2.99501621641661;-2.74569211119529
3775;-3.08949976506343;-2.78917798574548;-2.13793117467015;-2.49702881928783;-2.09821894294504;-1.64413244857968;-2.60578000952904;-2.66759654302453;-1.92397470593835;-3.69414020726687;-1.62281531955349;-2.59703640162307;-2.06605803712395;-1.11104571063931;-2.41255681415371;-2.80291769719904;-0.626621099614892;-0.913909883764709;-1.5594418267194;-1.64941082822846;-2.11422455298914;-1.95262911964665;-2.56290387076782;-2.56119931122143;-2.24608048891031;-2.27101353212533;-1.49854905907155;-2.07770175102966;-3.01388581626996;-2.69115891979137
3800;-3.08321245657159;-2.77499191290245;-2.13639774452511;-2.49321084560047;-2.07616773805707;-1.67664321967031;-2.6383446140744;-2.71978230974202;-1.71866564681677;-3.70074859310843;-1.64240023406247;-2.59953494293651;-2.00755258965822;-1.10044353296713;-2.39485735157315;-2.86962160857635;-0.621693169745744;-0.859306288489418;-1.51382586750296;-1.68025624016676;-2.12035578648359;-1.96196579009737;-2.54005444183543;-2.60233900881253;-2.23884112983691;-2.23332752666559;-1.52856578100914;-2.18448628624487;-3.0393460700242;-2.64476869308095
3825;-3.10311709499823;-2.69788355435678;-2.18600692554112;-2.47356341055418;-2.08528638229814;-1.63931534907677;-2.62043048148146;-2.71794180084099;-1.84228417956665;-3.60742474416521;-1.63895148229723;-2.6086735634507;-2.02988084010415;-0.934432413609518;-2.3838413868368;-2.88006182459831;-0.609197079919122;-0.847594574893718;-1.55379667999941;-1.66904467809874;-2.10694797270194;-1.92704559918745;-2.57033263959936;-2.55198875506741;-2.27743386656016;-2.15820421526992;-1.5280658386752;-2.39338530814944;-2.9512429960206;-2.64541835677625
3850;-3.11271304315786;-2.72962485910453;-2.16322909655249;-2.47855563229419;-2.09749083589027;-1.69085586966898;-2.56728792852448;-2.67046713889667;-1.78114760199488;-3.60111973606922;-1.59560474740395;-2.61782219617655;-2.04537603599748;-1.0460576720512;-2.39665582509086;-2.84363745018246;-0.638216084905026;-0.907002240903779;-1.52407734784054;-1.66928337446161;-2.1037124121617;-1.96449715935408;-2.59526515391468;-2.49014523365857;-2.26922668700619;-2.19744732008067;-1.54757875179836;-2.40772211583531;-3.029163685311;-2.61836528571598
3875;-3.14734781711942;-2.71577453225728;-2.08436490112091;-2.46557960035897;-2.11923376527286;-1.71148780523865;-2.58263024471871;-2.50006887359439;-1.80364094140168;-3.58590382530331;-1.64200331636689;-2.58681226990862;-2.01737547245907;-1.12973527808555;-2.34613882618997;-2.79765677126392;-0.63063600226309;-0.874708657825064;-1.40729653042714;-1.7028328377365;-2.08068361416722;-1.96681669441916;-2.57948465858448;-2.49916245945955;-2.2766384451385;-2.20138742261559;-1.52323340632743;-2.40057874142467;-2.97979777788742;-2.63096343334729
3900;-3.11102221815202;-2.70088912470964;-2.0914181299858;-2.45838383598422;-2.06475700935052;-1.6083385826547;-2.60665373082565;-2.63657512825418;-1.81419097342351;-3.5296809446257;-1.64726134796459;-2.53798458046006;-2.05216664307706;-1.07666450620187;-2.33137098390965;-2.80038992937614;-0.630682542613221;-0.88164969899497;-1.43577865798905;-1.66961859215332;-2.08475660359807;-2.01981499320668;-2.57526068762861;-2.51318656107032;-2.24146161895579;-2.31508292593431;-1.59004463924123;-2.43718041419858;-2.97756749138185;-2.65446996177357
3925;-3.12096797849805;-2.69521659806378;-2.0625703832687;-2.45969040189734;-2.15160969071135;-1.72676508416342;-2.59874083646101;-2.67388638008525;-1.81322318110143;-3.56444607347441;-1.59592894667026;-2.43637819824119;-2.13428770318475;-1.11522290175381;-2.39173793022293;-2.75993563544614;-0.641915922352884;-0.829298753948416;-1.49921057038661;-1.61389079123573;-2.08592267407608;-1.95408694196188;-2.50299016675258;-2.48265611147526;-2.25087044283061;-2.30042054020277;-1.52847948074962;-2.42653026118763;-3.03946211267144;-2.61971402540071
3950;-3.15978817572138;-2.70312615940767;-2.11240891286563;-2.46620682157045;-2.19835952061916;-1.77942585670271;-2.59693756660356;-2.60469445413933;-1.82251533463939;-3.58660462866912;-1.58468461459804;-2.57427813021097;-2.10360041424039;-1.14855247130768;-2.39682691750874;-2.75631285889495;-0.627318835019056;-0.862340341286229;-1.53854000055896;-1.6329104233877;-2.09634704043281;-1.98878886658156;-2.52804587837047;-2.44759551098636;-2.2973987674478;-2.27563693828875;-1.51914500631266;-2.39957590766239;-3.01929827923077;-2.65178237678448
3975;-2.96409248756689;-2.70009384184453;-2.0351097901473;-2.46573185710681;-2.22653802792865;-1.79870780285398;-2.62447537776792;-2.70627648591094;-1.85486405130394;-3.578464257656;-1.59554471858054;-2.51524063053618;-2.14334021468982;-1.17233986139575;-2.3746743669511;-2.80006876692618;-0.647277600642993;-0.85055632592078;-1.51412063511665;-1.64969322186577;-2.10666932058623;-1.9749378082042;-2.53059944175741;-2.45061989115884;-2.30609163382718;-2.32417628307354;-1.52716602428825;-2.38015754219604;-3.03073493411212;-2.64929202429223
4000;-3.14882746463943;-2.67744794882357;-1.94934994051773;-2.43821753588921;-2.2381311576248;-1.81208519795702;-2.62572887961639;-2.67368442682304;-1.85413436244025;-3.58048311886072;-1.6384864236034;-2.5477060509138;-2.15370960681353;-1.14174317587775;-2.35334626894612;-2.76615082572372;-0.643188258481485;-0.743440140801835;-1.50106189182156;-1.66231116358581;-2.13429344773837;-2.0008375327904;-2.5215745178191;-2.48881846517666;-2.28091791854226;-2.31370795044005;-1.62120573869663;-2.37613195586115;-3.05073054703882;-2.64280799078006
4025;-3.1468196640622;-2.62602497426815;-2.0151463981771;-2.42995175653564;-2.29973990102122;-1.79202847192286;-2.63390812304699;-2.69589369934187;-1.88157136265754;-3.60733909567691;-1.5784524743183;-2.48843948710935;-2.20430846776725;-1.19924202532817;-2.35049090048332;-2.7986779013162;-0.637577620674314;-0.813755185395108;-1.50923430589104;-1.6395913408343;-2.04151484483717;-2.02011615135495;-2.55704530761038;-2.40252765217701;-2.21536370026564;-2.25200993856502;-1.56117453338201;-2.42441368996961;-3.05817958501289;-2.62391675386029
4050;-3.11953867669389;-2.61318034084596;-2.03878271745251;-2.45580191217252;-2.31003880436325;-1.8423543084069;-2.63723067772587;-2.68943656328877;-1.85918884004793;-3.61192820164425;-1.6037823176621;-2.55409917148236;-2.15382832925442;-1.23426405853923;-2.35174243638717;-2.74696631056972;-0.632720248346265;-0.833097212701467;-1.53543857921403;-1.6176518985416;-2.11555466170236;-1.99335799391847;-2.53180839916387;-2.36558958027942;-2.26915648630791;-2.33771843541268;-1.59566170048035;-2.41560517765695;-3.05666191306095;-2.59357599300422
4075;-3.13688230017231;-2.69708700384151;-2.03831228066861;-2.45566049081492;-2.28857738319841;-1.83338148165533;-2.67533644748506;-2.70755233962183;-1.84383526507237;-3.55818186649673;-1.61187694092303;-2.53121306090282;-2.20592067904382;-1.24584458091104;-2.39923273321056;-2.75328794533835;-0.620881814155923;-0.811263865113924;-1.54162462374197;-1.62816823553492;-2.12037348670209;-2.07396041813252;-2.51785634131471;-2.35661026678589;-2.21814346166679;-2.36463040007997;-1.58442291059651;-2.39883236285199;-3.05752845172743;-2.50234245292706
4100;-3.15448114942134;-2.69039958184075;-2.04940080632681;-2.47566032077892;-2.31823042805125;-1.84371537341151;-2.69954927300817;-2.72227405917724;-1.84637986368941;-3.56940047723785;-1.51306438891377;-2.56982163970817;-2.21566304310414;-1.28776018269479;-2.3736078528272;-2.81252604680795;-0.644652495560337;-0.867892289525066;-1.5330066045504;-1.62102213796384;-2.10324915446513;-2.09247571291887;-2.52381019144061;-2.34621239254268;-2.36690643935626;-2.36888720698517;-1.62978294065837;-2.42735593795224;-3.0901532006818;-2.59203059166913
4125;-3.13389911347215;-2.63419323915277;-2.02691532492345;-2.49076346172047;-2.36579074470101;-1.83628089824685;-2.71118524332237;-2.7244082185531;-1.85182607448747;-3.57327112911728;-1.47157630785795;-2.52117561797334;-2.19283196641069;-1.36833544547555;-2.36127941086888;-2.89555986027318;-0.666155066731654;-0.890571818841411;-1.55700810209226;-1.60299104720417;-2.1094123926057;-2.07991045624335;-2.34676031330588;-2.34380847102584;-2.3615522250012;-2.40512830787266;-1.59635514764566;-2.43817738520768;-3.12723464109752;-2.51678679761512
4150;-3.17364225157186;-2.61586505364109;-2.02940216514352;-2.50433949654186;-2.39598243918718;-1.82371555908724;-2.71980501816117;-2.71631209826228;-1.83657151845303;-3.59264669082226;-1.54660905679249;-2.52119659208467;-2.1987531707032;-1.35139464220543;-2.38559095319137;-2.88605223157084;-0.614062516196122;-0.916458149688171;-1.55116351038473;-1.58755168829538;-2.15431389991169;-2.09886898819803;-2.47728329618159;-2.3114535345845;-2.35084181266314;-2.37235322905764;-1.61583360611969;-2.42674190360907;-3.04765852346371;-2.53042876679078
4175;-3.1517729143264;-2.63044710927482;-2.00121354469983;-2.50722283377436;-2.36241924790161;-1.79286992500816;-2.70930849964461;-2.78439917123877;-1.82130395343685;-3.58167281764862;-1.57054740911583;-2.57692270214996;-2.1293867932753;-1.28514999434258;-2.41736308945421;-2.82878121382164;-0.621521104010204;-0.910194412178897;-1.56758357717621;-1.58874449408546;-2.14213510774622;-2.12314988457235;-2.44615463410736;-2.32830939762359;-2.32531633985755;-2.42590333207982;-1.60433497968104;-2.42640386581944;-3.04850152834705;-2.54025012781816
4200;-3.15577630911075;-2.57500985728867;-2.04636978039244;-2.47804915123401;-2.38546319366573;-1.84186491513678;-2.74563905957157;-2.78592240732174;-1.85186050963278;-3.56896813637863;-1.59005378746479;-2.52194613296698;-2.06257839120442;-1.36249108819283;-2.42705885487296;-2.85812978989556;-0.563824779095188;-0.930783811554392;-1.54372552094958;-1.58332759639417;-2.18271988337631;-2.12639121053071;-2.43933269826349;-2.35300716459087;-2.32507481077726;-2.33033752618665;-1.61495644727068;-2.45255763301734;-3.0529094177562;-2.521231423871
4225;-3.20711722149695;-2.62233670097563;-2.01605875095182;-2.47144405310328;-2.39152518188094;-1.86481585059491;-2.76148668017257;-2.75607835191018;-1.81133589645225;-3.54713699846511;-1.61399329366911;-2.52423681146853;-2.05807834145656;-1.29619292506453;-2.44172932235948;-2.7848671797619;-0.58286300953106;-0.893140842827199;-1.47467221116084;-1.60603405953803;-2.12668918395618;-2.14297379855554;-2.46129632936599;-2.29537710564313;-2.32295196664745;-2.34299237951768;-1.58396922639575;-2.447968453572;-3.06228083691596;-2.53027708473394
4250;-3.24475601965807;-2.65990295970969;-2.02825635464914;-2.4907163923991;-2.41477924732967;-1.81162353628072;-2.74671809523498;-2.72878344798642;-1.79962814858066;-3.61580616254657;-1.5377801392167;-2.52117335256832;-2.12740359556564;-1.32401027368509;-2.45141856129301;-2.7643932826613;-0.577579769195709;-0.887921320944714;-1.48894503695449;-1.61089154116126;-2.11484079534841;-2.15596400531175;-2.45771384222502;-2.27514318022976;-2.33548487737032;-2.38163533761344;-1.64417403382548;-2.45598261933169;-3.06606938304736;-2.53324679305475
4275;-3.14988863213539;-2.65949641468948;-1.99230122145385;-2.50732824832916;-2.37401949272988;-1.81155293830979;-2.7368527384332;-2.73966766870857;-1.83554148038032;-3.58867932319028;-1.52434443370756;-2.51996415803607;-2.13474036956953;-1.34331403396596;-2.42697833138063;-2.78490711293814;-0.563598627743408;-0.905931926165651;-1.52628509360527;-1.60006382846827;-2.13691240484169;-2.16387208025678;-2.46152132994532;-2.27760013092497;-2.32022246800533;-2.4105951247433;-1.63734593561995;-2.4384139348526;-3.06759005385486;-2.46549826221233
4300;-3.19321396777058;-2.66389731902193;-2.00713525908036;-2.4703797956059;-2.40127458430898;-1.79619993198498;-2.7799386937653;-2.65414152528528;-1.82152637210012;-3.52453695318372;-1.55510197124434;-2.47966543443724;-2.15643668895295;-1.36777198555839;-2.36355815905287;-2.837202869685;-0.529394676587795;-0.969883190187976;-1.49268010464086;-1.53722390561087;-2.11174308750786;-2.157096945505;-2.44381996543787;-2.3344077445949;-2.31818205616819;-2.39170097017794;-1.65505730198235;-2.42216438696419;-3.13438862636351;-2.46235444868745
4325;-3.14364320692641;-2.6228838145772;-2.00168693829727;-2.45329797117954;-2.37276848393445;-1.77795013958143;-2.75011163327819;-2.66150863289779;-1.79717475095362;-3.53277329892414;-1.52462506311343;-2.49062016048265;-2.07791253773405;-1.23217950138574;-2.36310271042265;-2.77115100702627;-0.53792319443324;-0.950554922046831;-1.4942848860302;-1.52335120055103;-2.11952436757323;-2.16103222534043;-2.44286749580582;-2.27285588500438;-2.31630265212075;-2.31994543140501;-1.64022116446425;-2.38751781368805;-3.06687155208521;-2.46646320783229
4350;-3.14651375596922;-2.60337072523179;-1.96127634001907;-2.46246873361567;-2.35008163324417;-1.79265870852556;-2.70833173563408;-2.70918391696167;-1.76947573195102;-3.52611280479123;-1.44084099102876;-2.47872075019599;-2.07517193417335;-1.30618842629022;-2.38687873049685;-2.73795987997324;-0.633195093507467;-0.980100069829472;-1.4765820401005;-1.56218394365107;-2.08012230616183;-2.15095540334761;-2.3589160811621;-2.24405706331685;-2.25304808116478;-2.33415724606549;-1.57868263202261;-2.41779385069886;-3.02674123385219;-2.41798588992422
4375;-3.12075947764549;-2.59070184663344;-1.88958146806428;-2.43944807871689;-2.28305540904724;-1.74132539131491;-2.71883946395727;-2.67193837306395;-1.78520053226086;-3.46216957400268;-1.31621025639686;-2.43714190781415;-2.02322681338556;-1.28437284722276;-2.37714001602251;-2.65983530797806;-0.494244334034315;-0.949576365300655;-1.42971158848037;-1.5413550593428;-2.04725889685651;-2.07650450269522;-2.31133979685854;-2.22034933422569;-2.23187096426277;-2.28196021290516;-1.57481082799053;-2.38331420559928;-3.04552218769726;-2.30836137477183
4400;-3.09868265100641;-2.56191657567362;-1.90421043481391;-2.3894952684076;-2.30447586752132;-1.6823934861045;-2.67081833435498;-2.63469861680258;-1.71911050610039;-3.38497013076509;-1.41141584273194;-2.45578445309729;-1.91372205216443;-1.25344324672979;-2.35217527449549;-2.65821744182179;-0.54306804644134;-0.863442534656451;-1.38278836054958;-1.513119175392;-2.0382243938748;-2.0922037478139;-2.29862640743229;-2.21713801576616;-2.18568114698046;-2.22465479285032;-1.50914834645119;-2.36435754353414;-3.0360154346666;-2.22782323966911
4425;-3.03807493064714;-2.50476706908871;-1.87767400832121;-2.35933219498244;-2.24858744777076;-1.70283518540622;-2.62798125580394;-2.57519421130018;-1.67657457963208;-3.33436505800211;-1.40042760193312;-2.37388791223278;-1.95752768247271;-1.22067261512329;-2.30921084921452;-2.65767453094112;-0.497044903611058;-0.774420442248581;-1.30549670616653;-1.4459411667259;-1.95546068820954;-2.00425522943827;-2.28086740099104;-2.15207168947378;-2.1008016643291;-2.20170513127291;-1.50297097873933;-2.31179038726153;-2.95434587388402;-2.27425718014442
4450;-3.03470793611613;-2.54194179533874;-1.72270354766003;-2.29330810873352;-2.15438044131458;-1.68213037003812;-2.59588491495889;-2.54347244716711;-1.67749089744612;-3.25964309520036;-1.3327940282732;-2.29954175428805;-1.89947069655041;-1.15892203483072;-2.25492025618131;-2.57487608749909;-0.359577833623105;-0.866496266224937;-1.31167807147504;-1.38644727959532;-1.90909122721798;-1.99345653860019;-2.22488426877905;-2.08151959876548;-2.06403489262613;-2.15112861909412;-1.52786478937337;-2.28119194634565;-2.8804072220722;-2.24112454194886
4475;-2.97616116071746;-2.56215998320042;-1.78338012264251;-2.25119683033451;-2.15158509387338;-1.59514961419881;-2.56838097166878;-2.4735003070343;-1.61652879940619;-3.18267436181868;-1.30821901732895;-2.32757607217835;-1.73117138081903;-1.12089663036501;-2.22966399722916;-2.46603706995005;-0.403393375239942;-0.7851062246865;-1.29276531515606;-1.33355527364521;-1.91415791638638;-1.95317211917272;-2.17002373315924;-2.03945058106129;-2.10686306956745;-2.10460193761677;-1.42952279593172;-2.24951555324321;-2.87288785724395;-2.12472067938283
4500;-2.9133229929942;-2.53889214505364;-1.70348236495573;-2.20716164186942;-2.11392095897254;-1.55874936737769;-2.52612067364419;-2.45908493120407;-1.53386658391617;-3.14148819903874;-1.22972152737988;-2.28880439214159;-1.70842425884814;-1.06535741998258;-2.1849489122078;-2.4709011961664;-0.34262654298237;-0.78854908195575;-1.15279394132591;-1.29702459971671;-1.84483726531522;-1.89742260914003;-2.12514174558483;-1.95406313049221;-1.97130871633626;-2.00692364623861;-1.3997568762652;-2.1905467272679;-2.78201998877643;-2.11026711678666
4525;-2.89255157668077;-2.49873507359692;-1.69128414554049;-2.17410786821287;-1.99310357388018;-1.52327436179222;-2.47389134037045;-2.35442745761072;-1.47970146283134;-3.08912880539164;-1.2099346533644;-2.1809450402166;-1.62170874796335;-0.953638871659837;-2.08728075497168;-2.3990709152323;-0.282460433257083;-0.677551144498121;-1.10685518793093;-1.25464685278651;-1.79999370185698;-1.77885600451145;-2.06840256768656;-1.89837010990342;-1.98543616925332;-1.95575309901188;-1.37547715435233;-2.11700369635846;-2.76033451548201;-1.98589342107056
4550;-2.94477039433858;-2.44529349600655;-1.65946733384101;-2.14002545199668;-1.94189080764649;-1.4827658375586;-2.42629123074382;-2.29963923896221;-1.44897206926282;-2.9840830361485;-1.15270786718853;-1.97300904581353;-1.60805843945238;-0.955067044901304;-2.00050836267306;-2.35181287338084;-0.199145692559948;-0.604953920561646;-1.09018758474839;-1.23303790481798;-1.75108861730483;-1.73683284861966;-2.03836411744359;-1.88014905716049;-1.8609801711412;-1.86433522236247;-1.35140709194938;-2.07838534575803;-2.72917795419537;-1.97880185138138
4575;-2.77467540076845;-2.38217213945883;-1.55706885544908;-2.08358365321882;-1.89531690123809;-1.45042281892318;-2.38958099016862;-2.30986288763602;-1.40051825367386;-2.92194292837836;-1.06911938890032;-2.0342237960153;-1.46313407379489;-0.897729412528376;-1.96128731744692;-2.24978236126067;-0.0732116030310452;-0.573696793577735;-0.948084311988412;-1.17179103097442;-1.65941118020467;-1.61662146158355;-1.98672320416438;-1.79995772437894;-1.79919833033118;-1.83923373591877;-1.32764222825725;-2.05030037044382;-2.60719937300125;-1.98251429139617
4600;-2.75804462527433;-2.31297573113005;-1.58495078018829;-2.04403587152181;-1.85297137509772;-1.40091875970422;-2.34537642371625;-2.21128480637742;-1.35891434970133;-2.8947186762295;-0.99808772126132;-1.93642010033157;-1.42173365065442;-0.809953979011686;-1.8971177090982;-2.00358067907841;-0.0470938840943438;-0.534275411856133;-0.925957281727863;-1.09741588935043;-1.62761473543223;-1.57980129403757;-1.96962671180579;-1.74368428954223;-1.77630135399165;-1.80538748107248;-1.30416360985569;-2.0028023196923;-2.62160956302497;-1.92538240907055
4625;-2.6616144767186;-2.2413089981965;-1.50535783527081;-2.00892233788383;-1.81704983810685;-1.30021318060463;-2.28735890883268;-2.14504852650234;-1.32183322566593;-2.79539701589034;-0.946372354240255;-1.93182052081973;-1.40151777628993;-0.763247728160994;-1.801174375739;-2.07530140738608;-0.0686608398477428;-0.4749254973751;-0.91005942678365;-1.05999599342301;-1.58089347095098;-1.53444778174601;-1.90204014272262;-1.77312117552368;-1.66093421492627;-1.76328722956357;-1.28095228332441;-1.96518294615662;-2.51522145175419;-1.82207391329612
4650;-2.57463398822216;-2.1707766678345;-1.44470973581028;-1.97609770361901;-1.78509336731726;-1.25057464715295;-2.24740946255633;-2.10444747960854;-1.28776046409533;-2.70528173638821;-0.893725371789641;-1.78294628461116;-1.4090524844342;-0.703652837924452;-1.7443772396351;-2.06901076153682;0.0489228147999663;-0.394869342530251;-0.838504734409183;-1.04953794628763;-1.50835243299262;-1.46234776691768;-1.82701967325637;-1.75187081916926;-1.71071905280477;-1.72429242155573;-1.25798929524316;-1.8910092074956;-2.45079508964657;-1.77792264774653
4675;-2.48673056968512;-2.10498346722032;-1.42127306057998;-1.94524734689009;-1.75568819921618;-1.25061400813968;-2.14217905049581;-2.08830480824464;-1.25519334628074;-2.64267853288661;-0.865986376693579;-1.80140666874207;-1.32652895903342;-0.708514417065294;-1.71397946351802;-1.91577343197469;0.0880794465159012;-0.294271227942444;-0.766613650131755;-1.04146216287566;-1.48848901318633;-1.42828167582711;-1.80669841400684;-1.70880415881078;-1.71694557974565;-1.68505368986017;-1.23525569219165;-1.8825271119764;-2.39805243414239;-1.65062962181615
4700;-2.3993718141572;-2.04753412353027;-1.36109670064817;-1.91605664585985;-1.72742057029081;-1.28891155680964;-2.04612286816399;-2.05485487860362;-1.22262915351338;-2.58999842553601;-0.829233989207712;-1.67474661700948;-1.24056907931409;-0.653798943285202;-1.69439567063878;-1.91089906047237;0.174486307861309;-0.31275953004059;-0.715614988223959;-1.03035987617134;-1.46049386271465;-1.31654507933288;-1.76990911365753;-1.65068515765708;-1.72200813006515;-1.64608272764407;-1.21273252074962;-1.87248830568519;-2.3510508567773;-1.61278042021247
4725;-2.31513605351498;-2.00203336394065;-1.30428408088579;-1.88821097869102;-1.69887671702837;-1.20122854565673;-1.98799996806365;-2.02496988194027;-1.18856516708449;-2.54521208066377;-0.775655064402628;-1.61845480395441;-1.22115588616005;-0.575452460150789;-1.64350261204307;-1.85774192283841;0.210419743784118;-0.268101550418449;-0.682755291622749;-1.01657614628263;-1.41169784805431;-1.0607890797002;-1.72000884595671;-1.58427777891699;-1.72616811198676;-1.60789122807465;-1.19040082749679;-1.80168046769982;-2.33192783594038;-1.60066814827343
4750;-2.23660074656062;-1.96717630130139;-1.25902667148437;-1.86139572354638;-1.66864287591609;-1.14789093599609;-1.93667709616519;-1.99716329212572;-1.15149866828527;-2.50629016459728;-0.748240510458829;-1.61910796943596;-1.14827693183622;-0.540208825004426;-1.59084790098101;-1.8096518938011;0.262304150095378;-0.164827010153207;-0.658253388933519;-0.999898353745072;-1.34306421509205;-0.984347844478781;-1.66069587141455;-1.51634598579935;-1.72950745602214;-1.57099088431913;-1.16824165901291;-1.74710258164404;-2.28286040095207;-1.60225272616027
4775;-2.16634335209632;-1.95557510342288;-1.2619198291675;-1.83529625858869;-1.63530528344116;-1.12091515364963;-1.8923038895091;-1.97013017870124;-1.10992693840695;-2.47120334366391;-0.721063048925277;-1.62730924331558;-1.09136090515383;-0.493341732653963;-1.53912485167514;-1.71271542605984;0.299520238800147;-0.231177835964828;-0.596841444616967;-0.980113879094216;-1.29233136135635;-0.91625746088748;-1.59566845054122;-1.45365374151301;-1.73210809268294;-1.53589372975905;-1.14623606187769;-1.71617706009255;-2.26549596116641;-1.55725869487991
4800;-2.10694132892425;-1.95628949098492;-1.17733887659835;-1.80959796198068;-1.59745017609081;-1.07183929988269;-1.8550299851359;-1.94256561120814;-1.06234725874075;-2.43792228419105;-0.650475176803942;-1.49282722403066;-1.08513229683267;-0.413294950558721;-1.49488814491985;-1.72973506583953;0.315024637887238;-0.122198766972735;-0.555723697058108;-0.957010102865604;-1.28546878199646;-0.856179279829387;-1.5286248438469;-1.40296500926679;-1.73405195248083;-1.50311075143215;-1.12436508267087;-1.70377252653662;-2.17483344144559;-1.47590750806695
4825;-2.06097213584658;-1.95172153386193;-1.13981984769558;-1.78398621188514;-1.55366379035225;-1.05823745004259;-1.82500528356103;-1.91316465918771;-0.997388902076763;-2.40441765250607;-0.637356863278763;-1.46708247352135;-0.804712884390547;-0.413472061936409;-1.43355531032903;-1.66324132582096;0.39306307227696;-0.0874185952869458;-0.547809359241875;-0.930374405594782;-1.23979720363986;-0.803774652207594;-1.46326331184175;-1.37104375226955;-1.73542096592746;-1.47315400330445;-1.10260976797218;-1.70491793511364;-2.15087347474661;-1.40948429203764
4850;-2.03101323166551;-1.94208959065151;-1.12269111768242;-1.7581463864648;-1.48872735390219;-1.04218051401725;-1.80237882015018;-1.88062239218122;-0.957328877691569;-2.36866011493635;-0.6252928426149;-1.46341111208508;-0.76710402115737;-0.393863288612206;-1.39826452021574;-1.51221559533704;0.365994229189957;-0.058222259419851;-0.522504161548985;-0.899994167817296;-1.18610469717918;-0.758704928925185;-1.40328211503594;-1.3719266438308;-1.7362970635345;-1.44653517854315;-1.08095116436134;-1.67287295556662;-2.13144352969518;-1.44198121148397
4875;-2.01964207518319;-1.92773748723903;-1.08656018085213;-1.73176386388244;-1.44565027551287;-1.00666780078599;-1.78730056864756;-1.84363387972999;-0.929175812354528;-2.32862033780928;-0.585223366161062;-1.44468596026931;-0.783548845592373;-0.371213565174915;-1.39606472980712;-1.52033835393428;0.439757274524437;0.013545445828903;-0.508987450933383;-0.865656770068686;-1.16881701262285;-0.720631807726196;-1.35237951393964;-1.39533656091748;-1.73676217581359;-1.42376597031547;-1.05937031841809;-1.66502012074681;-2.06340200212049;-1.42638551740146
4900;-2.23902548294756;-1.90900904950986;-1.07579524092967;-1.7045240223008;-1.41701582736138;-0.965740752378811;-1.7799201660937;-1.80089465182222;-0.888330162441652;-2.28226898745222;-0.519520090361135;-1.39339301204505;-0.810056872076814;-0.363687058908576;-1.38252679742272;-1.54971439445347;0.469328087990973;0.00973905205381405;-0.499414053154007;-0.8271495928845;-1.17664575055565;-0.689215880956775;-1.31425376906302;-1.34119896540272;-1.73687074279087;-1.40535807178862;-1.03784849168594;-1.62620310420619;-2.03484500374125;-1.40215696697718
4925;-2.15991985077482;-1.88624810334935;-1.05716946796866;-1.67437868508812;-1.37324412562474;-0.921070038620276;-1.82117000358113;-1.74353848641012;-0.834736243568872;-2.22415796640855;-0.435562632078766;-1.36901365509493;-0.84404505592836;-0.320266611758448;-1.33255179209269;-1.49105086524761;0.483305078793423;0.088664642649263;-0.5064463729737;-0.768969313431422;-1.12894565588401;-0.66411891462209;-1.29260314091626;-1.34847996942214;-1.3189564924474;-1.3918231761298;-1.01636630051334;-1.62263667027786;-1.98783818592783;-1.35644950850878
4950;-2.17699710838914;-1.85979847464289;-1.04976352655039;-1.64931272720305;-1.31969354935152;-0.911198692917109;-1.85665093207305;-1.6934088269716;-0.775296034667425;-2.17564314674787;-0.340730608177607;-1.30565566689343;-0.882929947784974;-0.288238608629349;-1.29411736289793;-1.500310642858;0.53681084819821;0.0923748271908484;-0.499599597650996;-0.700542314342706;-1.08970055986082;-0.645002259625228;-1.3642672774835;-1.2501377965799;-1.35665185589012;-1.38367297650622;-0.994905006937035;-1.63230496134262;-1.98039228589001;-1.33233665923417
4975;-2.1728542039596;-1.83000398927582;-1.05291298306753;-1.68848478411393;-1.26072838136306;-0.961799279198691;-1.83586425008552;-1.70021936663166;-0.716909429689763;-2.1497201839845;-0.242403635521302;-1.35140291741612;-0.924129302099368;-0.181021224735645;-1.25627239279269;-1.49534588763644;0.531703521293089;0.0981699973863932;-0.484830153186186;-0.716826666372679;-1.08513517834081;-0.631527266869276;-1.47475677696466;-1.24209924556723;-1.31891874178372;-1.38129829943132;-0.973445657536744;-1.58486406456193;-1.92546330480886;-1.30795050542993
5000;-2.15993383879557;-1.79720847313352;-1.01263633716584;-1.66127450806302;-1.20071290448071;-0.947166241559867;-1.79275969839648;-1.66308825803025;-0.666476322588342;-2.12539764583109;-0.147961330973501;-1.26185549124112;-0.965059705561212;-0.224837150025684;-1.25944036476514;-1.44828083777825;0.538735212508666;0.13625962826732;-0.467231755306773;-0.712590644661593;-1.05179562685978;-0.623355287257325;-1.43207141783257;-1.23703287050655;-1.43161853128198;-1.3807064642577;-0.9519692988922;-1.5738087819739;-1.90134177512385;-1.29446722352246
5025;-2.1400941259066;-1.76175575210136;-0.965841852950654;-1.63884482519802;-1.14401140152579;-0.898561941317639;-1.75735388149971;-1.62527396773266;-0.630896607315615;-2.09799021385951;-0.0647833113978517;-1.28982859712867;-1.00313811348817;-0.194016643793154;-1.22777896728041;-1.41246049826866;0.588631425652854;0.245259014318277;-0.443926947172781;-0.699343243296298;-1.00559771300188;-0.620147671692462;-1.36943905142945;-1.19976681933619;-1.42678399768068;-1.36699731205202;-0.930456977583132;-1.57526299910965;-1.89979834170217;-1.26264910129025
5050;-2.11504090395377;-1.72152316846479;-0.997624440360225;-1.61580900556112;-1.09498815531966;-0.855085649178377;-1.7232694335243;-1.58306073923896;-0.617070184322907;-2.06869788447275;-0.000249193658001756;-1.27936413882796;-1.03578148119791;-0.19389069922729;-1.22598974981957;-1.47691983911622;0.614109389985348;0.21142395649295;-0.478677229844058;-0.675708937162171;-0.948424129852241;-0.878924676106156;-1.28149555883012;-1.19325433251422;-1.41332514074579;-1.31940058667206;-0.90888974018927;-1.52679303856205;-1.8716741676471;-1.25642614169647
5075;-2.08648001159812;-1.66718271763417;-0.957147527394866;-1.59304408145021;-1.05800744868365;-0.837611103584527;-1.69242143678355;-1.53955941324786;-0.788632519796904;-2.03816813941929;0.0382614053823991;-1.21000001306971;-1.0604067640081;-0.174448010161607;-1.19023242617685;-1.39286381109187;0.632906147439158;0.267770983721372;-0.536494669068906;-0.644521789014352;-0.914334029900172;-1.02190043697208;-1.17647475386975;-1.17973586976843;-1.39265338394898;-1.3718449263496;-0.887248633290344;-1.52658091029346;-1.84414600779626;-1.21956173584439
5100;-2.05611728750074;-1.71285742116455;-0.951353961599095;-1.57142686684259;-1.03743356443909;-0.811141491958933;-1.66672497359078;-1.49788083045808;-0.712558840045532;-2.00704846044764;-0.0797134157162196;-1.11088203781604;-1.0744309172364;-0.137188406857903;-1.17652274862185;-1.40149045188969;0.732206619374368;0.311092933209251;-0.507260259316135;-0.608615861607985;-0.872057721980201;-1.02958949666494;-1.06261045038353;-1.20152570784268;-1.36618015076196;-1.36426807504638;-0.865514703466083;-1.54802987524245;-1.79364296129992;-1.19536016104234
5125;-2.02565857032268;-1.63913010892504;-0.930560810856152;-1.55183417571556;-1.16057859925228;-0.790613845218638;-1.64809512625932;-1.46113583156831;-0.682985322814363;-1.97598632930628;-0.385675080981036;-1.15556369526931;-1.07707429390995;-0.140016229027475;-1.13342751204987;-1.37286059753225;0.679373932012239;0.256236217125657;-0.49669035403515;-0.570825217698213;-0.81900110156428;-0.99934436816526;-0.948136462206623;-1.08321699786817;-1.3353168646564;-1.34719956534242;-0.843668997296217;-1.51697034945507;-1.80413945264359;-1.15997103887312
5150;-1.99680969872501;-1.62684242629845;-0.953469516254601;-1.53514282204644;-1.26401347447805;-0.779665872534667;-1.63844697710248;-1.43243525727728;-0.684340278672313;-1.94562952559564;-0.393580690279249;-1.08919240022978;-1.08486217316793;-0.133791866925051;-1.13175936360188;-1.38552567447064;0.710890246502368;0.28831494698657;-0.60104592986795;-0.533983920040176;-0.809241457130338;-0.968959454547498;-0.8412866031742;-1.04195385038119;-1.30147494910402;-1.32202721502574;-0.821692561360477;-1.5146777106367;-1.79653282003531;-1.11500611369608
5175;-1.97127651136879;-1.58142942262083;-0.893749714823958;-1.52222961981252;-1.22562003554301;-0.754570481208006;-1.65981335563782;-1.41488994828368;-0.620971567327217;-1.91662491859988;-0.414535069137522;-1.06406731285286;-1.12648654504488;-0.0992768862099426;-1.1088558112486;-1.35553838181548;0.662293638483241;0.328193724970804;-0.60134952168977;-0.500926031389018;-0.789211891353834;-0.951844897949702;-0.750294687121436;-1.04135809050366;-1.26606582757648;-1.29013884188434;-0.799566442238591;-1.49876723933469;-1.72912702199697;-1.06283662498687
5200;-1.9507648469151;-1.55213753014996;-0.908121100685093;-1.51397138299111;-1.25071478398278;-0.675659368276238;-1.64438535799128;-1.41881401726925;-0.649543237192577;-1.88962029820585;-0.403709638182782;-1.06188209167684;-1.17656915088606;-0.123776204633738;-1.08449824539615;-1.38621825124232;0.757853777466042;0.372678767650959;-0.574031354135086;-0.474485836343664;-0.800497602723585;-0.895743933477726;-0.683394527883502;-1.00163721115644;-1.2305009235455;-1.25292226370622;-0.777271686510289;-1.51686888023876;-1.70204123806051;-1.00583381222111
5225;-1.93698064253369;-1.52528629930876;-0.895725266050896;-1.51123786401596;-1.18081194389341;-0.667556515766856;-1.59931524796311;-1.46200279931829;-0.648341431459245;-1.86526314616206;-0.404213495580413;-1.07290144834647;-1.15143067971158;-0.0805642519519038;-1.04164327526355;-1.36008153296399;0.686592103884747;0.373283066710629;-0.605942392378;-0.457496845299213;-0.787890385034311;-0.885630976329978;-0.648819939295571;-0.941384221341704;-1.19619199255272;-1.2117652982794;-0.754789340755302;-1.51553485130676;-1.71460459008519;-0.946369513857833
5250;-1.93162944701827;-1.50085193290544;-0.850111630491915;-1.51108625176458;-1.13204081789106;-0.658176847567402;-1.56321365169844;-1.45927650711038;-0.644667412417915;-1.84279223659572;-0.413021350314334;-1.02791470173996;-1.20683054354352;0.0115213600078511;-1.03019024394296;-1.31161337104734;0.729870128210413;0.383938968475368;-0.606123030540617;-0.45295203656509;-0.715722326858535;-0.868039084089448;-1.05339086724753;-0.917276849543124;-1.16454821472299;-1.16805576339186;-0.732100451553358;-1.51999708978898;-1.65087720458443;-0.886813760459582
5275;-2.03530849831742;-1.47881063374821;-0.820639066978249;-1.46242648074233;-1.14719362732255;-0.564288423649568;-1.5287534987816;-1.4194926654872;-0.638296432283276;-1.83788681266727;-0.413658268893847;-1.04943552194609;-1.17708060853233;-0.0036330043771883;-1.01560041728515;-1.26885770606648;0.782024431991742;0.377471460576124;-0.638460089906583;-0.453966200772436;-0.690353585206839;-0.853199077830656;-1.2239364029534;-0.904626538160675;-1.13270539394035;-1.12318147683163;-0.709186065484188;-1.48503416463661;-1.61452531900683;-0.829538377722139
5300;-1.92393210029042;-1.45913860464528;-0.884691994742229;-1.44995125801654;-1.12795930232463;-0.637098117568814;-1.4971547409775;-1.42065395811562;-0.62900374327001;-1.79415080583818;-0.347732621137498;-1.04828780517636;-1.18694454818007;-0.00413660673634833;-0.988960330767135;-1.25700702873065;0.797592593625489;0.403762975238482;-0.666522605112786;-0.38629520623317;-0.662605932184007;-0.828039292796279;-1.19878557781808;-0.880875930887795;-1.15392618914683;-1.0785302563867;-0.68602722912752;-1.48743256956571;-1.56919435862009;-0.776914605121141
5325;-1.87768861161929;-1.44181204840486;-0.889154003475065;-1.4318278719057;-1.10579121985816;-0.539670777839502;-1.46963733005103;-1.39150945874102;-0.6165645975928;-1.7574471463534;-0.337894210835942;-1.03874512652536;-1.19345119693646;0.0121331823954164;-1.02963114857496;-1.20009330913403;0.777248964588171;0.416238439897541;-0.607286043423555;-0.363013690242762;-0.596036229997296;-0.766184094894396;-1.17836242113005;-0.864636830610657;-1.05528633480492;-1.03549033751799;-0.661497262507077;-1.48895494690032;-1.55735495844064;-0.731313682132216
5350;-1.83762716044842;-1.4268073063384;-0.888512751234205;-1.40952592402234;-1.07356026003082;-0.543578717742818;-1.44742121776711;-1.37668370843428;-0.600754247466329;-1.73764089416733;-0.321193189387517;-0.939153607909327;-1.13939873834775;0.0550605665606659;-0.991132206213493;-1.21378858934524;0.835807560899621;0.410960939778548;-0.58958024052715;-0.349532733720193;-0.580656411963099;-0.772383952056095;-1.11652004368213;-0.83346254608576;-1.00732911091473;-0.995448665746079;-0.637942906702049;-1.48371095409706;-1.54042504470851;-0.695106848230999
5375;-1.80369436742239;-1.41410028139057;-0.887184770509953;-1.38480334552633;-1.0573055081538;-0.551572836116082;-1.43172647615245;-1.34788347044175;-0.581347945105284;-1.72222415272832;-0.304664294038376;-0.955911601803443;-1.09942556330521;0.0265797702441749;-0.921530164493739;-1.21148969233551;0.864820099477102;0.431888993113683;-0.607943554700501;-0.340558501880121;-0.520403460668505;-0.760534559359025;-1.07677694617135;-0.828102679866998;-0.970042462506399;-0.957866876053163;-0.664853992834534;-1.46653420743208;-1.49112437873523;-0.670665342893125
5400;-1.7758978841978;-1.40358936194436;-0.884986566280242;-1.35941806757756;-1.06020416650809;-0.504207904688675;-1.42377273294663;-1.36803289644127;-0.558051656756402;-1.70988157638921;-0.281652736888062;-0.932653391327225;-1.03979795119968;0.0541390152379132;-0.924840146990935;-1.11976699023033;0.902480525471582;0.485165317017692;-0.626623930545582;-0.334406939071268;-0.486921071858368;-0.697855515995489;-1.01657390173142;-0.826122192338109;-0.907282286919619;-0.937853257959516;-0.617438812152787;-1.44838817976041;-1.47499468537114;-0.660360405594227
5425;-1.75424536243121;-1.39868799802783;-0.881734643523007;-1.3351280213359;-1.01320847821598;-0.549371013643096;-1.43225307291239;-1.3338756161442;-0.470957248743691;-1.69907029736348;-0.221614871011056;-0.91953059651054;-1.00353173480704;0.0617742279233465;-0.885900555634961;-1.11274393435803;0.919148354230091;0.420001952352617;-0.643176429182669;-0.329393989642355;-0.477493661583636;-0.673456854210885;-1.0166235604949;-0.751166097222142;-0.89526365577459;-0.956251989795849;-0.617361772930151;-1.42691148729206;-1.4488551372286;-1.08053110188395
5450;-1.7387444537792;-1.41184016985913;-0.87724550721618;-1.31369113796125;-0.93815207805752;-0.418667763056325;-1.38633282663294;-1.29680843672755;-0.462068337107473;-1.68824744786462;-0.216939343966452;-0.877253528436404;-1.02083279746297;0.105723465566916;-0.834669326866735;-1.11772732409464;1.00053749766386;0.458005110223846;-0.637483797318645;-0.323835597942104;-0.351392400573513;-0.553724398659863;-1.01753701664559;-0.752231431362066;-0.852130655961187;-0.918270352693407;-0.607404382260453;-1.39372662646432;-1.46544499102892;-1.24837828237446
5475;-1.72940280989835;-1.39650926139098;-0.87133572914324;-1.29686534861349;-0.991302804303776;-0.492320204518633;-1.34615036326495;-1.27012886762911;-0.446538547908748;-1.67587016010613;-0.188147334740995;-0.8181788085384;-0.904089445371848;0.11361797604524;-0.807794980646699;-1.07186765495018;1.01125266172134;0.450644413132917;-0.630005889260326;-0.316047708319236;-0.225016035757817;-0.53539641547517;-0.962574596947118;-0.731878164874648;-0.787133756853764;-0.875413590346059;-0.580312981531164;-1.41252748242784;-1.40568968725011;-1.26172311849438
5500;-1.72622808244523;-1.4066801399611;-0.863821697628498;-1.28643709868137;-0.986397928830131;-0.484551057240199;-1.33723467159017;-1.24608918836891;-0.441779625625318;-1.6603955663015;-0.13888613422558;-0.811515693212925;-0.84282822224045;0.117745517733854;-0.772628272607251;-1.05201311106568;1.05838559183081;0.481086281034122;-0.63134898019766;-0.304346265122471;-0.354983731501741;-0.559716086850991;-0.946698034903571;-0.698361289301713;-0.762218465089603;-0.863581985586744;-0.540964611703293;-1.40672456802806;-1.39879809772809;-1.27214313999913
5525;-1.77497114207553;-1.42123125282657;-0.854519969332696;-1.28021308530829;-0.986752423025781;-0.469480528018203;-1.29261747502935;-1.22474368470536;-0.394132403977441;-1.64028079866423;-0.0782715876168236;-0.781292842125088;-0.839661305053232;0.140354519581211;-0.736528307031511;-1.03596905211772;1.07147808229879;0.481106140095826;-0.631020138904153;-0.287047212700531;-0.351185832320494;-0.489195051729629;-0.955694211432074;-0.73317371326273;-0.713488732670005;-0.89790743256221;-0.494238538010879;-1.37036766197698;-1.44277783350502;-1.289534701144
5550;-1.75593771860312;-1.4056667671893;-0.709139907865644;-1.25177777337277;-0.954004370115792;-0.450050928474157;-1.30920593290768;-1.20614664239692;-0.417270765049373;-1.61398298940779;-0.0599016852991267;-0.758660764628791;-0.81464322631339;0.140642985378216;-0.706561873759817;-1.02776814753789;1.06377228876967;0.472754936547444;-0.650368322185024;-0.24474660743047;-0.283547333204307;-0.486269482984497;-0.911632899973135;-0.74420727075015;-0.680728730533071;-0.824222232275356;-0.445014025687964;-1.33842149039272;-1.43509546966189;-1.24966042942809
5575;-1.76997948811533;-1.37366986468175;-0.641431426587817;-1.27788573625195;-0.923057372254794;-0.427423531502337;-1.29564863770799;-1.19035234720203;-0.383985202404416;-1.54428042077797;-0.0300812680044435;-0.752113671812252;-0.839070410129826;0.169506753886433;-0.676428701195373;-1.01346955526394;1.21911966099816;0.491470684789898;-0.64357422335098;-0.082526924593646;-0.27509962450567;-0.51977077122459;-0.916967161696147;-0.745223630707074;-0.634263927528625;-0.823562574561154;-0.398170339968586;-1.35589237488421;-1.3861607238466;-1.27507901155876
5600;-1.76838973323262;-1.39554074431171;-0.723678533143571;-1.30562328264018;-0.852942864321759;-0.402824308550574;-1.24189076326191;-1.17741508487912;-0.366374550481015;-1.57508292632879;-0.0161369687990493;-0.705904410803662;-0.814203367895136;0.108530230430707;-0.69468464397028;-1.04059265927094;1.27724679674779;0.54014811308387;-0.604266418295139;-0.142708656424428;-0.26751041782683;-0.500883719696391;-0.925956013814421;-0.775362768723077;-0.666879702446463;-0.809280419288812;-0.358586746086786;-1.32581494919046;-1.35625007141102;-1.24619006632032
5625;-1.76409341523185;-1.3551009100965;-0.721170541668544;-1.33719534871831;-0.611877123975482;-0.377479231066699;-1.19053280430282;-1.16800590173664;-0.352514055102305;-1.57714084805314;-0.0150281635081013;-0.691976612581135;-0.799042375279442;0.176968731667596;-0.674675995038522;-1.10756146238237;1.3024294196459;0.518872239382292;-0.585957357510576;-0.217686371827178;-0.193326753124357;-0.482847215577319;-0.905661310961091;-0.790660763387945;-0.623490615157285;-0.796597772353405;-0.331142509276606;-1.26251901956281;-1.33157338452001;-1.24083188640229
5650;-1.75799391724286;-1.37737666321909;-0.702813592765707;-1.37023100041494;-0.659008456614325;-0.352614270498546;-1.1964554643927;-1.15285773488378;-0.339464741655951;-1.65793668239843;-4.09863606698035e-05;-0.681747050276372;-0.719954988486021;0.220635685708701;-0.635051689286185;-1.05682854556723;1.34847808217484;0.607929010440869;-0.594434212419236;-0.217542197769023;-0.12614210092087;-0.476307781083523;-0.863351018690671;-0.773957044043851;-0.640619964091595;-0.791186954882903;-0.320716894772083;-1.29791395882785;-1.3302939274342;-1.2039540772991
5675;-1.75098677170968;-1.37659045903146;-0.674800465831849;-1.40235930365866;-0.753070888223111;-0.329455398293941;-1.24123674048254;-1.11380612503375;-0.342344611645189;-1.61078994971563;0.0255560937475164;-0.647274445335179;-0.646800254479662;0.212854645648659;-0.582866600799243;-1.02714993527959;1.30636322415171;0.60090359224626;-0.638236955061271;-0.217195664856807;-0.21264590898905;-0.493435610142965;-0.848509238446996;-0.77209004226999;-0.572635922106896;-0.825642533503366;-0.588617320075443;-1.27921237295056;-1.34449255447924;-1.21701419129864
5700;-1.74396751107634;-1.35499172677358;-0.640231160793907;-1.43120932437805;-0.87612613891375;-0.309228585900719;-1.24467439996509;-1.12090667543356;-0.321722384580179;-1.69684265547568;0.0517826672204267;-0.652133352347107;-0.643969718220595;0.221106034414189;-0.565194492524717;-1.00054798884233;1.27329911057819;0.62295998239732;-0.61074948271608;-0.216650630784154;-0.270726135533032;-0.495622263899454;-0.873057562017735;-0.782249106205006;-0.606113625592597;-0.79274957854956;-0.60147792217694;-1.28825900596049;-1.30645672033689;-1.20694762406298
5725;-1.73783166778689;-1.37988296934185;-0.602205677578816;-1.45441012850173;-1.01023985467697;-0.293159804766711;-1.22289932656308;-1.15769303289271;-0.322800075360489;-1.70713227915087;0.0472719695237283;-0.645889585876615;-0.658147033706727;0.207713402170082;-0.557246005336718;-0.968143247871854;1.40630794117972;0.611525665380078;-0.557264928317914;-0.215910953244684;-0.325945964017873;-0.502650719408864;-0.873742234034468;-0.804413921995377;-0.613534863832649;-0.842357737754165;-0.679301409138013;-1.26878311593994;-1.33130990675628;-1.13235388609146
5750;-1.73347477428534;-1.39105486328094;-0.56382401611351;-1.46959078195828;-1.13747395585809;-0.282475026339749;-1.21952808367138;-1.1022751956662;-0.301437271576267;-1.72020746593285;0.0165578919612388;-0.644318609686315;-0.624564292765488;0.232446431462171;-0.525829522656506;-1.00012630548792;1.48387972977387;0.643867398328682;-0.49865721361375;-0.214980500176482;-0.377084350480101;-0.521382220472005;-0.869121843915207;-0.832473550055604;-0.598421760923455;-0.863517266278512;-0.667612910142589;-1.23771135678893;-1.33791122677634;-1.20674711613025
5775;-1.73179236348245;-1.38336787803026;-0.528186176324925;-1.46688397549172;-1.23989147815704;-0.277031552921733;-1.21336628847066;-1.10245240519569;-0.303675275048395;-1.4877475899235;0.0447600369520576;-0.614520233035202;-0.677329496493;0.228651982610066;-0.489195840172423;-0.952100583661055;1.3043005509603;0.649042267573493;-0.478070554389409;-0.213863110634013;-0.422920250956247;-0.536631728421363;-0.858482236767684;-0.801334812487;-0.610955863085417;-0.816502564756707;-0.652895202320767;-1.25784891027611;-1.31484025215819;-1.17326316501602
5800;-1.7403475267406;-1.39962450822568;-0.498392158139998;-1.17586658777738;-1.29955545727376;-0.274431754003285;-1.1899737900313;-1.11966619880434;-0.30762415798398;-1.45679328562736;0.0502222931775611;-0.645329010979199;-0.7032944275655;0.218612779596311;-0.485517950595008;-0.978918059867168;1.43026593200389;0.659776674036628;-0.528792329731823;-0.212562650667014;-0.462232621482838;-0.541415917153933;-0.854189340186591;-0.817759429152974;-0.56215369210956;-0.790563601488487;-0.699864695280103;-1.23086127737821;-1.33056396343391;-1.10279334018549
5825;-1.7134876880623;-1.43265273809251;-0.47754196148566;-1.24421893435581;-1.16853378737437;-0.297916286342295;-1.22904109591047;-1.11655532776496;-0.321794579866894;-1.50628408614316;0.0215513142733093;-0.59098115905865;-0.685931555031906;0.203725120914535;-0.494248793070855;-0.986278120407946;1.49231008853783;0.703804784461195;-0.538736433075098;-0.21108297796911;-0.493800418096402;-0.564830114842856;-0.858079234008572;-0.824198143057288;-0.651936954696992;-0.871663990820723;-0.716560639779936;-1.21568389595925;-1.31483847543643;-1.09267698095663
5850;-1.72008372022032;-1.38512709476386;-0.468735586288852;-1.17649610122892;-0.991987572714739;-0.26285630030213;-1.25382119209057;-1.11611584741485;-0.318275663936059;-1.58186221559202;0.0468477533836227;-0.590575995941763;-0.730689075891061;0.185385305058363;-0.451157278774574;-0.955187415730317;1.40567250394503;0.716884875560771;-0.489922968092564;-0.20942795023392;-0.51640259683347;-0.549762680465834;-0.849924550135411;-0.787657450563802;-0.681244673089592;-0.876156662955103;-0.681037868296386;-1.24901936153026;-1.32025126284906;-1.07165499590999
5875;-1.74808038070928;-1.39126420840448;-0.716778038880137;-1.16805072996469;-0.976598686921139;-0.248025077173942;-1.23681507728579;-1.10433255852224;-0.307335622526997;-1.67116059314492;0.0568075081295634;-0.653615388595003;-0.671286568231367;0.164989630521426;-0.494036432488913;-0.943255800835423;1.42574613514115;0.715365085411767;-0.529548631830816;-0.207601425155065;-0.528818044586583;-0.569906265510508;-0.853362396543991;-0.786442859820017;-0.779393428565379;-0.878399489273157;-0.658955991923143;-1.19346321003495;-1.30340445657558;-1.05030824563137
5900;-1.72423646890457;-1.37370306992807;-0.718148941161294;-1.16033308490409;-0.993673637348888;-0.245126421485493;-1.20776593186616;-1.10480226357559;-0.283114846610931;-1.76181213797287;0.0651099641151359;-0.593712846958581;-0.677471796063161;0.143934395797352;-0.468862717519621;-0.935173757311173;1.46123193704759;0.771419754282981;-0.564205322073934;-0.205607260426165;-0.30743108630838;-0.58246349979888;-0.912980427251334;-0.798426096516251;-0.701818003133201;-0.903239166995096;-0.637993216650316;-1.19838979358953;-1.23887690137012;-1.05665906691918
5925;-1.74932047805042;-1.40971210450366;-0.727934009636608;-1.15331140303047;-1.03099461616297;-0.241684868886357;-1.21197577825111;-1.0969747991952;-0.264819157995256;-1.84144976924686;0.0627069161196668;-0.58205796827604;-0.692706424824036;0.123615899379768;-0.467253085584953;-0.940378393671111;1.5037329758243;0.77828182365896;-0.561987339324339;-0.203449313740842;0.0027523839499457;-0.541830942140819;-0.921052956803949;-0.785413192022787;-0.760785940238438;-0.911923009102199;-0.618548291945882;-1.20332975984741;-1.2200423940107;-1.04562242299104
5950;-1.72852607127012;-1.38612641919385;-0.773815478655865;-1.14695392132719;-1.04410097258443;-0.261548356631476;-1.23232237062197;-1.11698775202622;-0.252222347756685;-1.89770640613789;0.031743684497152;-0.607485543561273;-0.687717696615319;0.105430439762304;-0.479738374857954;-0.902073481211679;1.51067034325051;0.789979474830973;-0.568249575902207;-0.201131442792717;-0.129215138533779;-0.582450483985658;-0.944541051509163;-0.785474347614043;-0.817971724849113;-0.9372613898359;-0.601019967277817;-1.19523703630481;-1.22651038440504;-1.07055621157343
5975;-1.67687244591309;-1.40793194082407;-0.769710565361817;-1.1412288767776;-1.02797816895935;-0.217746109301787;-1.23008394341768;-1.12405436953753;-0.254495499449926;-1.9177075095763;0.0383831758651417;-0.600554004907012;-0.731865604182056;0.0907743154385868;-0.503431519487447;-0.845101790906351;1.46912948885759;0.84359906550365;-0.579164512540158;-0.19865750527541;-0.139723732244575;-0.607282579820289;-0.95805232358319;-0.767405635127088;-0.862199957089314;-0.967611398137002;-0.585806992114094;-1.17076927993787;-1.23906463216693;-1.02378619175026
6000;-1.60684349163436;-1.37870128986932;-0.752265320871861;-1.13610450636505;-1.02968876463375;-0.195810937348761;-1.228211725588;-1.12674793134256;-0.279234059293182;-1.7309415352877;0.0449972160383077;-0.573355994191371;-0.761841001670981;0.0810438249022452;-0.456234124487976;-0.861696445036673;1.48058846938258;0.791727700495685;-0.593427180259533;-0.19603135888254;-0.127190371901249;-0.585050143592169;-0.97231786381805;-0.779868930321281;-0.870180605432295;-1.03002259378069;-0.573308225998739;-1.17575295123013;-1.25690028273902;-0.981921986533234
6025;-1.53092309808897;-1.39970086817754;-0.726131889499233;-1.13154904707289;-1.03758150080874;-0.17915059675988;-1.23893615422942;-1.11220106785258;-0.256331693605325;-1.73696403401003;0.0351060827314278;-0.528557805348845;-0.758574699077748;0.0778317926589337;-0.487632827264744;-0.891838048880962;1.61969499733596;0.818501821020573;-0.60973261008168;-0.193256861307731;-0.14004795026284;-0.575403187333104;-0.965344404612964;-0.818704847786529;-0.883286914108101;-1.01191080419166;-0.563922165129393;-1.1865889785243;-1.27921248156394;-1.00286780474727
6050;-1.46159515493193;-1.39992101846113;-0.694660104962312;-1.12753073588448;-1.01105796624108;-0.162327881709112;-1.25494909842383;-1.12341365633188;-0.223416207310452;-1.77272843527689;0.0262635990404983;-0.57481641024526;-0.725920231743336;0.171513577173488;-0.48948556374615;-0.869458094703992;1.48866599122151;0.805444611820046;-0.626775833027942;-0.190337870244602;-0.190744136765709;-0.595189746915627;-0.974762586746815;-0.787400966694939;-0.910135583053247;-1.03104515255324;-0.5580476981813;-1.11537316899165;-1.30519637408435;-1.0030665002827
6075;-1.41134355181829;-1.3760379780635;-0.661200574958652;-1.12401780978316;-0.968132157645853;-0.146320158685593;-1.2693218590623;-1.11784849336041;-0.179783307643223;-1.83107824609338;-0.0267870449940472;-0.562972269042717;-0.741959714469912;0.185966948562009;-0.488162013271492;-0.862805632348205;1.42985802766129;0.817995468897794;-0.643251880119665;-0.187278243386775;-0.182618092993723;-0.606137497544269;-0.993732874541845;-0.794773599414341;-0.897614489758204;-1.05228439711469;-0.556082606254208;-1.12316580592335;-1.33404710574287;-0.978773261494747
6100;-1.3933466479774;-1.37749792458712;-0.629103683734232;-1.12097850575229;-0.964745245845666;-0.13210706592116;-1.27865786375153;-1.10691432678648;-0.157765780074193;-1.84881134671806;-0.0431097673542204;-0.564479408770502;-0.726490797090189;0.192016025212688;-0.485973051658016;-0.860211802102924;1.41562603721017;0.809570392319368;-0.657855782378195;-0.184081838427869;-0.22063144110845;-0.607579144986586;-0.979094046459082;-0.806792777919827;-0.946167854220124;-1.02272367078609;-0.557342993642563;-1.05589201989985;-1.36495982198217;-1.02542723614863
6125;-1.69084154662467;-1.38083975848146;-0.601719815535037;-1.11838108464341;-0.966398432565447;-0.120668241647645;-1.32515152187282;-1.08825377227609;-0.192376508232039;-1.87022988790706;-0.0064423627480394;-0.548932692817324;-0.77330291039596;0.161400581987218;-0.481794382280999;-0.849107388080177;1.38708977304746;0.828974430039295;-0.669282570824874;-0.180752513061505;-0.206810382018745;-0.66415900358398;-0.982558663810196;-0.755151460986617;-0.922024607071201;-1.05774424076465;-0.655836590608533;-1.09083853333519;-1.39712966824487;-1.03287746009631
6150;-1.69108934208417;-1.37712305706594;-0.582399354607047;-1.11619373176181;-0.945910998065367;-0.112983324096884;-1.49494476591817;-1.1213654012819;-0.2102700159598;-1.90243304148183;-0.0173496018227696;-0.537632561435681;-0.746231946589677;0.164744976529502;-0.470206285491582;-0.82919347535493;1.38536327310133;0.974223386469114;-0.676227276481048;-0.177294124981303;-0.200458150582252;-0.703996686414559;-1.02663590390721;-0.750051446808169;-0.914641253636553;-1.06995606974057;-0.580600785625671;-1.06284622613292;-1.42975178997363;-1.09511737201038
6175;-1.65853032072579;-1.40287016888674;-0.574492685196242;-1.11438471221832;-0.962925078245121;-0.11003195150071;-1.72517772556409;-1.11926294993855;-0.172196387315752;-1.90026272109797;-0.00227552183282849;-0.622567413240348;-0.685793126066236;0.14862087393489;-0.471211158159352;-0.789756382701771;1.37520116978067;0.807376231584068;-0.672239896007682;-0.173710531880886;-0.194334411688465;-0.713029504374916;-0.960030613944074;-0.722575008045158;-0.908840936988834;-1.04110712969664;-0.558613686432911;-1.0740365115916;-1.46202133261109;-1.08343529172224
6200;-1.68101410737008;-1.39698398251399;-0.57565771024767;-1.11292226299627;-0.932865692064039;-0.152342144457023;-1.94211381946127;-1.05928497493666;-0.174918830361415;-1.90031301664828;0.00437495945825188;-0.589617995516914;-0.700001542939275;0.158191102266686;-0.477724405515836;-0.776563855436449;1.39668603766983;0.797298309109104;-0.657813647157243;-0.167092307050762;-0.168240787620034;-0.732316673665476;-0.940606045490381;-0.656691397165234;-0.950749990206178;-1.06570868930772;-0.56462207192521;-1.05957846321747;-1.49450417934258;-1.10687702589596
6225;-1.62267408193611;-1.36315435170633;-0.545645636298484;-1.11177462107903;-0.934537806186507;-0.118780737166062;-2.0720164662604;-1.05157896959226;-0.154806655920489;-1.89558284202353;-0.00143327697390823;-0.639922457132981;-0.708321379569179;0.124244078893352;-0.504383456958729;-0.77036394379402;1.38446419323168;0.810582819002696;-0.675032391441421;-0.197494088324764;-0.0907886106657374;-0.760422456303555;-0.947029661525208;-0.667270085999368;-0.956359631268013;-1.01600441655505;-0.512764438182075;-1.01018719700184;-1.54067746009906;-1.10436280289212
6250;-1.66031332858564;-1.39285434546251;-0.543027632962735;-1.11091002344993;-0.860953407410347;-0.122580827656684;-1.49539671666794;-1.06395249597378;-0.108006085743061;-1.89977502540872;-0.0316369534489178;-0.689536117579767;-0.684276863003998;0.192530500880502;-0.488913236633128;-0.765550656774395;1.33179465267327;0.878288466269328;-0.655142698949159;-0.185442326566601;-0.0667853145532717;-0.780468134610868;-0.93960915222608;-0.659480389864528;-0.914498616256282;-1.01562355989315;-0.543075869647952;-0.9907200415117;-1.60729019532501;-1.11108864851414
6275;-1.67174175762517;-1.36803438262156;-0.537059985137642;-1.11029670709234;-0.867619191428087;-0.106100186382124;-1.21956156503705;-1.09483903652841;-0.124393247531475;-1.90238719071765;-0.0600081369034111;-0.67299082013567;-0.689304544869575;0.207292795424324;-0.430646762838701;-0.736004915186505;1.37426116598005;0.816966137685988;-0.713039962287948;-0.210216879153507;-0.0678428962260238;-0.783402966497545;-0.925548412285723;-0.6499601535405;-0.832591614110402;-1.02011793594437;-0.523468313719675;-0.968248092018986;-1.68541280251067;-1.09764068663318
6300;-1.65072974322049;-1.35954320979628;-0.58340394765631;-1.10990290898961;-0.90095253985482;-0.116712194413906;-1.21495729887729;-1.10489036292834;-0.129303402543745;-1.88571304858691;-0.0528645866212471;-0.661406997384001;-0.645198869292896;0.229917377349145;-0.399598938685667;-0.748534513936574;1.40794976700946;0.819169976452825;-0.712167065355418;-0.187815840830588;-0.116822301966025;-0.767901233092108;-0.900092964223745;-0.636578781217946;-0.936580564094157;-1.02747468812398;-0.491160545671625;-0.95783980569911;-1.74862963119774;-1.09649927107277
6325;-1.6608171977359;-1.38496191528786;-0.579498482169057;-1.10969686612509;-0.904568785320106;-0.105368119049065;-1.18404854211428;-1.04067111120092;-0.0934832137211193;-1.87932030753418;-0.00718837187520811;-0.738276040129891;-0.632584919666559;0.22051275010581;-0.402591172031098;-0.731568244387046;1.49050225969073;0.801627145939168;-0.693434657979909;-0.137962465090576;-0.070699035328504;-0.756003517406855;-0.910259158010711;-0.616141579096992;-0.929753271517082;-0.958725038867854;-0.4797471478714;-0.942915452977006;-1.75763682801536;-1.13182581869805
6350;-1.71087714992239;-1.37131871416956;-0.565801557696223;-1.1105753379026;-0.881269219296973;-0.108877469311788;-1.15798340888486;-1.03715786851435;0.00830800168248098;-1.84663347728073;-0.0208557677890679;-0.707052698162424;-0.623429752272464;0.240586560177731;-0.412501955422411;-0.734308892895683;1.49838104800052;0.788454115235831;-0.651103976431506;-0.169680237442795;-0.0647729584748333;-0.76795420376881;-0.878584261151879;-0.593803440415286;-0.875045512830745;-0.91525397300391;-0.505095265230716;-0.914357361116154;-1.75846325939508;-1.15804477018791
6375;-1.67588057677456;-1.34589836283458;-0.545537441763948;-1.12619135100065;-0.892875897762221;-0.12998810189279;-1.20940720065734;-1.06691985263393;-0.0730777996754013;-1.88445897806672;-0.0372987195400114;-0.718754972084171;-0.611402240015356;0.27469303020669;-0.406249385560474;-0.717124358551519;1.32500476219135;0.818137659852868;-0.594976499552172;-0.117340452996949;-0.0477246673754435;-0.717246457788539;-0.884478958219972;-0.527990629280635;-0.829126476101177;-0.92109978787221;-0.511504564065714;-0.864109155361972;-1.77074023820392;-1.13739227132431
6400;-1.67674994777206;-1.34875433940632;-0.521259860585496;-1.09068380733838;-0.919682097804683;-0.119967605965058;-1.14851133675511;-1.03985307849039;-0.0452152530769728;-1.88334599019532;-0.0361743983918172;-0.736540757566324;-0.627476340883866;0.321550418097925;-0.41104031603193;-0.677262041682171;1.31514663788876;0.783785335213971;-0.534853706183871;-0.130613726345034;-0.0226071685209392;-0.647044013330053;-0.850666701783832;-0.527601959927094;-0.865455446906246;-1.0325457872032;-0.542782345903387;-0.889902598990405;-1.76238418587966;-1.14388993348117
6425;-1.62114982598162;-1.33088441944409;-0.49552254037413;-1.07822559219214;-0.864055458268425;-0.0972217033828529;-1.12780358503499;-1.00281226107201;-0.0384154608843972;-1.90191721742974;-0.00690274326804903;-0.743213000770936;-0.590996147156553;0.360529977315037;-0.453586737940628;-0.730219525858215;1.31003452199631;0.780177610347267;-0.480537075168562;-0.129060616989226;-0.0552586830802797;-0.60487967949498;-0.817146338189325;-0.534435018268572;-0.845328746700181;-1.04669085358716;-0.480138919878967;-0.889615238042081;-1.74729327439744;-1.16911171365744
6450;-1.61571986734399;-1.34212953726135;-0.470879207343112;-1.0437110605895;-0.891385612877629;-0.148471800095061;-1.1223013908906;-0.965232192514073;-0.00952580531962104;-1.92569744997417;0.0184296117085605;-0.757850681023242;-0.624966753100539;0.378690308531134;-0.44769330437432;-0.738993876865221;1.16931558783666;0.744751604441617;-0.441828085348208;-0.130756574617753;-0.0538730543457797;-0.604196751013261;-0.76085931220067;-0.528260665590597;-0.860778682747901;-1.03806277736341;-0.434862354257277;-0.850445518687526;-1.71466083567049;-1.20501948164322
6475;-1.63739676305609;-1.42745974669222;-0.449883587705706;-1.08563032793054;-0.879919686780494;-0.0734128186930445;-1.08990417711929;-0.915819818545648;0.00728321870071254;-1.89518721540224;0.0358687555895934;-0.729779141066864;-0.582453304577578;0.401529613424047;-0.462176429129469;-0.747324739682596;1.23876423384332;0.792695670951661;-0.428447526274428;-0.153899196353703;-0.0151643881905548;-0.605218146485927;-0.784854143473941;-0.521342762528733;-0.830951624191997;-1.04247543847514;-0.442031212709503;-0.827906482680685;-1.68771057134043;-1.20907063011345
6500;-1.64902310379351;-1.25187759563542;-0.435089407675177;-1.08544798155552;-0.924872596878058;-0.0898915408732484;-1.06209613484295;-0.923961036068479;-0.0105765114694807;-1.92344591402215;0.0257584678025298;-0.782577895576074;-0.556771618583579;0.411161428499962;-0.45513354255352;-0.726596563290644;1.14077985439025;0.744345046833177;-0.428180735387461;-0.138755920680273;-0.00932920543131299;-0.586625932564463;-0.727913172281551;-0.506812877909933;-0.811825721091307;-1.03865124483629;-0.438442692866682;-0.81433653843973;-1.68252770505264;-1.20864734488752
6525;-1.686174912564;-1.26003078343619;-0.429050393464784;-1.03476932442841;-0.88061472673358;-0.0518936135554011;-1.05034734916718;-0.916347194623322;0.0565102252806573;-1.87932342587831;0.0282481156679824;-0.740204065760122;-0.511659510842415;0.470696398454235;-0.501741030126967;-0.676012760842469;1.14055140716715;0.749135485774145;-0.339226084329694;-0.0833823419381752;-0.0352914382281604;-0.568988857362386;-0.664761334180581;-0.48980401269492;-0.798768646231638;-0.996659941887859;-0.426501506335099;-0.804862866578682;-1.68637810615615;-1.24659370044131
6550;-1.66632484074595;-1.26288176344266;-0.464220808841943;-1.02743368606171;-0.85755818737714;-0.105695489932014;-1.02822620648505;-0.892446178747208;0.0590796012967256;-1.91491211724738;0.0305883992021699;-0.762359754984353;-0.484405530945387;0.42871331900777;-0.554424080882707;-0.675916372360019;1.11323700532529;0.732790075321135;-0.351038494881571;-0.146434895033148;-0.0897653492878012;-0.554429404353188;-0.6525134240932;-0.474539247197654;-0.815507777445035;-0.997530435512594;-0.390724158756488;-0.798149643508922;-1.67197000056268;-1.14916999404594
6575;-1.6833954573988;-1.20650523702425;-0.461560202146065;-1.04566223842668;-0.829054866837376;-0.0779949425555728;-1.01264953627521;-0.888229247419654;0.0559812565035693;-1.9321636993106;0.0461621782914304;-0.74368475975062;-0.426399914315784;0.506415216495554;-0.604578390553884;-0.67609597571443;1.15676174523019;0.719843343255284;-0.351786736179086;-0.14243820606245;-0.18897297075348;-0.496420902192926;-0.585313591027461;-0.490141982750058;-0.693797993115984;-0.96011390075039;-0.37507102910584;-0.792861045641835;-1.61637691440725;-1.17247014927202
6600;-1.68453471374909;-1.2048681840167;-0.440350125215944;-1.02748868837574;-0.817801305060619;-0.0743372001627727;-0.981638386735665;-0.878486455353199;0.124619418978088;-1.92690109845305;0.115325626156889;-0.784636772425769;-0.400898190994226;0.442860222176574;-0.64541118875255;-0.70190274598813;1.15091012424894;0.758798020340815;-0.352376983345642;-0.166187221396423;-0.192493354738573;-0.487935256978125;-0.643892070706291;-0.514632023954367;-0.766993561788091;-0.969456485094731;-0.350854984876288;-0.787661249388802;-1.60576572122843;-1.18550146786722
6625;-1.69251914147602;-1.22269434356539;-0.470580022769299;-1.02853036540825;-0.797511410969253;-0.0836822354152906;-0.938744724665783;-0.803546979242123;0.0861217589746716;-1.89183520313046;0.116832493952965;-0.811795382874883;-0.359401346701188;0.467058505209216;-0.713830803767174;-0.740793060982673;1.09614605177735;0.757121686747874;-0.352827075125867;-0.164710711063746;-0.159981307298757;-0.508217481834823;-0.601516418842201;-0.500229498042524;-0.724256355251267;-0.9777924399244;-0.369370275102678;-0.78121443116121;-1.61612102660498;-1.1968817185512
6650;-1.65242084148161;-1.20148861062032;-0.494179875331779;-1.04353954515887;-0.793949258649305;-0.0754637687615978;-0.934502907688253;-0.789472693872563;0.12272079457492;-1.90625648422104;0.0921092716761712;-0.805361579645869;-0.352784607376973;0.450256905810088;-0.717757738828695;-0.696120811378761;1.08352331829212;0.79612105576113;-0.353154850264392;-0.0711238794382718;-0.185208267350127;-0.501514056765374;-0.562100515423549;-0.539046326131021;-0.748728996300333;-0.912996980333392;-0.345026736171271;-0.772184875020937;-1.59478015166876;-1.16869689196346
6675;-1.66301390943941;-1.14745485558877;-0.426099746779305;-1.04358299899155;-0.739234232520792;-0.0876634723655567;-0.904928928692855;-0.806190501468355;0.153514125245955;-1.96647019470267;0.122920457146838;-0.780073173232615;-0.23810532403649;0.424426327138445;-0.737334054047724;-0.684957646511234;1.10363750095685;0.753404736923889;-0.35337814750584;-0.0820183991813421;-0.216458217599755;-0.486727987641783;-0.561051786911476;-0.544050508516229;-0.677951911726655;-0.934106258865138;-0.310972346906419;-0.759236587938613;-1.55783920285544;-1.16035942467379
6700;-1.65599909853263;-1.13778974827127;-0.445643377835468;-1.08423878669039;-0.712034936013937;-0.0667997169489614;-0.886137896472802;-0.744176352014988;0.184576038186542;-1.87845097376934;0.143812558000124;-0.769483964270448;-0.277922962612208;0.409039796907119;-0.753062136783801;-0.689107274692101;1.07765026060586;0.814720326049746;-0.35351480559484;-0.144214352516182;-0.203745984406211;-0.487889034940411;-0.516728389816005;-0.543077607578449;-0.701296364778949;-0.907543996119871;-0.284202058211869;-0.741033821472511;-1.54174772180336;-1.08598985865104
6725;-1.69078693596912;-1.15306171612034;-0.432708598543912;-1.07580066473605;-0.672267036426391;-0.113588222905215;-0.868485132153035;-0.689764518289093;0.193038574342235;-1.86801562673441;0.159112536075514;-0.834376897702474;-0.260239914348841;0.428763848540669;-0.800944735981616;-0.651507498877963;1.08216933803038;0.78912926299419;-0.353582662882027;-0.199566639464529;-0.226126980600291;-0.476540087306804;-0.558566718538395;-0.575132030613678;-0.665373442502967;-0.890386931389873;-0.263603823775518;-0.680090191127543;-1.52585629763676;-1.08237671782319
6750;-1.59280680459061;-1.15563343723138;-0.45245292475981;-1.04370921779003;-0.636810709741393;-0.0839999364311999;-0.888763587316551;-0.672283156492863;0.219229770384592;-1.8703866044313;0.174695694944296;-0.825264379995951;-0.284990152693317;0.411901960467;-0.886614326708353;-0.608985236102592;1.08750178178309;0.971494008556134;-0.348151676530403;-0.197099842068382;-0.234581831325746;-0.477864945547638;-0.506834884500818;-0.559287636824772;-0.658861913612621;-0.899458554392223;-0.257960772575463;-0.656478065170198;-1.49779376404788;-1.10474994622394
6775;-1.60960675624504;-1.12116104881008;-0.418072628786386;-1.06104653147456;-0.629646924210429;-0.0465560993104257;-0.881594863939974;-0.688727233871386;0.215514021908543;-1.85626910466992;0.173531780997164;-0.800743433745037;-0.238711093862895;0.372588208520712;-0.817686171836544;-0.641648951626215;1.08963397115348;0.802991949155458;-0.0227975101489727;-0.212214366257448;-0.226878960237027;-0.455227084545513;-0.492348136909031;-0.561830418590041;-0.684384700090027;-0.870668802648317;-0.230822122020282;-0.643038188929469;-1.48174339474552;-1.06157829872463
6800;-1.6402295219202;-1.11244805745474;-0.481294132528151;-1.01797695206827;-0.62855800952795;-0.0873663213149458;-0.835810133391161;-0.661239372819413;0.249416112318986;-1.85954426001192;0.179515539489987;-0.778360864207551;-0.205991458951614;0.381321249083143;-0.824327463845394;-0.690929452336716;1.0914069073897;0.799114850259244;-0.00277277614007967;-0.222629409480329;-0.226108014998869;-0.453621536173959;-0.523820710342544;-0.568909289789061;-0.70157512825764;-0.855942319437963;-0.167409789328299;-0.688899353949689;-1.49476508816891;-1.00820335390079
6825;-1.68733924583755;-1.10595242722698;-0.450569287769706;-1.04163164331867;-0.604162715755803;-0.0692962321495705;-0.806080158733603;-0.620516160554745;0.256275751319662;-1.86019828190522;0.196072691565443;-0.845310093326578;-0.197603954508052;0.501054084081995;-0.814227011768147;-0.670776045397335;1.12260855015899;0.813355995202422;0.0113165067347783;-0.1768837408014;-0.22000153108204;-0.467101860252546;-0.473118782990107;-0.603396900675168;-0.635304553509306;-0.857039282209432;-0.217587619148713;-0.672032088876656;-1.53255405623069;-1.07833132727948
6850;-1.63509024958401;-1.10662883552046;-0.465885223916178;-1.03251016020586;-0.61923559925894;-0.0798559573470874;-0.823073522252343;-0.610739036491205;0.256907549593223;-1.87691680542948;0.200843816561626;-0.805880277942114;-0.198528179363726;0.36219381187241;-0.826436572011956;-0.712159740331564;1.07875871801015;0.827654845409643;0.0191124719866077;-0.191019571814738;-0.230694422683384;-0.444481819455084;-0.422192318244895;-0.612120338606272;-0.594186201148792;-0.814353666434327;-0.206391983223773;-0.660799451409749;-1.52581706017657;-1.03194709671275
6875;-1.60604988337319;-1.08327800796134;-0.417691799574136;-1.00668857975301;-0.568471284127115;-0.0929539707865106;-0.812059877899456;-0.583546485740295;0.295660914814483;-1.82075888533454;0.183075036718485;-0.835663697210969;-0.199084919104217;0.359258281287695;-0.829308795074236;-0.745541252994652;1.10062999781458;0.80791556475242;0.0407318594782698;-0.192063978183247;-0.221972170418447;-0.374060089115779;-0.480495872510329;-0.663744324715709;-0.650904326266705;-0.819613504219268;-0.240302928850553;-0.660532688850341;-1.53104716107682;-0.962081000989766
6900;-1.57291380583124;-1.0867393996962;-0.444685985311154;-1.01162906524999;-0.529200062886139;-0.0817342193335018;-0.823957958927196;-0.566410331231636;0.318208645600784;-1.8146337660945;0.209411618376347;-0.824462051818257;-0.203008361395269;0.377311876394737;-0.857423651926735;-0.833165945455888;1.10336050254705;0.77984346418139;0.0346373886727099;-0.196892860876966;-0.145263722202685;-0.42040066781447;-0.451036905833056;-0.648433995461019;-0.614182236829762;-0.797855293973609;-0.195133719451866;-0.64284230392196;-1.5319230011178;-0.931892050774033
6925;-1.6160662693981;-1.07362696407752;-0.42268122757301;-1.03963667566204;-0.519441153163349;-0.0618734806698529;-0.821023819222595;-0.56192137115462;0.322047538652925;-1.83711885194418;0.227026559997698;-0.841962828287394;-0.243251298213765;0.502750307494955;-0.835448864038311;-0.845972150863479;1.10632515213806;0.831005618885548;0.0324288698201859;-0.194246752040451;-0.111102235460685;-0.421400685242324;-0.441478897726277;-0.623187152398153;-0.631579798060022;-0.779006176067024;-0.215683684979626;-0.640858252318672;-1.49731562479503;-0.935224170034964
6950;-1.56165409178029;-1.08260146243732;-0.449053922131223;-1.01782651686363;-0.504884572286311;-0.10754269369422;-0.811763818659303;-0.5290674978929;0.353105505264335;-1.79701032106095;0.218378109617249;-0.856328008187353;-0.217739155448512;0.359020641696562;-0.815805153607094;-0.807231579001651;1.08597737521688;0.804737317665796;0.0854912988729993;-0.206299427291753;-0.120782505349633;-0.412016164062323;-0.483792852483229;-0.64634604469387;-0.628535734434467;-0.802689032728876;-0.208796290362045;-0.628990391588221;-1.51457688513979;-0.950762626012912
6975;-1.61189153345394;-1.05368467223186;-0.484704003063041;-1.04620532665445;-0.462138668838605;-0.08158918276855;-0.803988798875641;-0.532553069603312;0.319331709303446;-1.79228584497919;0.263314622443383;-0.852746908833382;-0.166871575342133;0.333043984968946;-0.838780280028306;-0.806651410882512;1.09181925755078;0.89036383274667;0.110754093094022;-0.218420964260348;-0.134476022192695;-0.422701946402739;-0.430462929151599;-0.646853153565774;-0.661568331967845;-0.796534911861532;-0.16706667289169;-0.583536244830126;-1.57402752843325;-0.939838132205635
7000;-1.57132724193304;-1.02920749896798;-0.429207121828127;-1.01661862849062;-0.416386922470386;-0.0630880429706748;-0.833910607858201;-0.507340405211185;0.32522402378802;-1.85700389236834;0.278419852938917;-0.823933088129378;-0.206191976379311;0.310046679229677;-0.871170963891877;-0.852605770687477;1.15191943786485;0.865956528187515;0.145784111213171;-0.20577717198959;-0.124379943475073;-0.451879410883994;-0.455054525669423;-0.634936516846867;-0.607730677661444;-0.754750271499285;0.0256975799850451;-0.583199285545783;-1.56973639853013;-0.921695974177332
7025;-1.54371975253608;-1.01766789189103;-0.457823205560849;-0.991147762515236;-0.360990360186737;-0.0662055093249496;-0.830354955975409;-0.465946586413075;0.342625013138919;-1.81639588440066;0.273838328761125;-0.833098317494245;-0.160174705794104;0.381006337604481;-0.836036779038785;-0.88591107061709;1.17355582781488;0.94867768261461;0.117044830216545;-0.234949578334207;-0.126524666094948;-0.432058379476208;-0.475907488295236;-0.644112073778731;-0.608810275283876;-0.716354981509672;0.142803932383972;-0.596634562257565;-1.56891239532972;-0.927555955440435
7050;-1.58330595563356;-1.02290226082437;-0.445462098947363;-1.02658824621888;-0.470627842133987;-0.0582946667312314;-0.829976203161774;-0.453921602034794;0.326405330416365;-1.86079011811952;0.28213160496386;-0.844988814553577;-0.19776639154906;0.349206721965657;-0.838949718287398;-0.90624380202172;1.18344901939973;0.895909041802666;0.112798674002906;-0.20524864249357;-0.129816832040738;-0.425685672129739;-0.463153054315294;-0.643880250114022;-0.604509417902114;-0.698851775018249;0.250775561809333;-0.580320919650365;-1.62437450305657;-0.984251350117928
7075;-1.53531506736399;-0.994992119043843;-0.52031622373411;-1.02311240932827;-0.415889744606848;-0.0105627044768462;-0.867992205724879;-0.411020038115037;0.340183295079613;-1.85737626829362;0.298535102605906;-0.860064236862958;-0.182098181136772;0.41731526987119;-0.797180366361745;-0.942189450722826;1.1733429133442;0.968180403799501;0.133235036219944;-0.224432108261839;-0.150980514471099;-0.444261060576337;-0.444245033283008;-0.635127217844275;-0.592555986760255;-0.692345362964223;0.34618570061264;-0.574441036936111;-1.62696004735308;-0.971047159619293
7100;-1.52877871521481;-1.00296242019017;-0.539085135522817;-0.968476319899641;-0.407547924500303;-0.0282958205926811;-0.873681351760325;-0.37831012932839;0.354868687380987;-1.88650657327699;0.286025054437435;-0.824916098214294;-0.166868336065754;0.383398827351166;-0.780410344332435;-0.937758696880878;1.17204820633609;1.02909150275382;0.152374831659609;-0.259393472777188;-0.167323313784515;-0.476472081573293;-0.395597269163975;-0.65881672148302;-0.586467854969697;-0.606173508964564;0.425610397466619;-0.543621753981636;-1.62321315233907;-0.985120816316155
7125;-1.58864706493211;-1.03638210847791;-0.555670243651511;-0.937869341401438;-0.355409840611638;-0.0284578260169808;-0.862807380114941;-0.377049637361344;0.338175011994282;-1.86135831629824;0.305601809087669;-0.816399708719329;-0.157582345912457;0.413209797547604;-0.750179980840605;-0.921570492965316;1.20187416147597;0.984778954691402;0.174124421925687;-0.201580878474192;-0.0829673802316497;-0.480457187355625;-0.387216640621185;-0.648476422007823;-0.569082451095177;-0.622714631351771;0.485622742004531;-0.571815724067709;-1.63682198109638;-1.00616226493631
7150;-1.55114144398233;-0.970082971099325;-0.559100800607109;-0.940478046829916;-0.323825570359122;-0.0418862154679431;-0.895116353327932;-0.393494618370401;0.362985866900356;-1.79013299677201;0.322102463439856;-0.816121068344513;-0.179754027845011;0.39565999939628;-0.739335343322916;-0.925229768260813;1.17208319560621;1.00499420002661;0.200689531924291;-0.189525021768447;-0.0443932565829881;-0.446748754830466;-0.403182821415441;-0.659846017752253;-0.566436654496156;-0.675418908030315;0.522796846360622;-0.54124209581083;-1.67929798540472;-0.969332929524084
7175;-1.53310087522067;-0.94689722293082;-0.567198371408434;-0.92608769783699;-0.305682926398474;-0.0398222241987896;-0.903195987011136;-0.360984045899642;0.330093055763821;-1.86128459196177;0.28248745648221;-0.797039413170759;-0.171317459191841;0.428841138859433;-0.712252841373585;-1.0165281873408;1.22762921028149;0.929767059620793;0.181571483763405;-0.153633018632944;-0.135454717062935;-0.472593933922132;-0.394894954246917;-0.678717243376905;-0.560950270696635;-0.667924550058884;0.519804238757558;-0.581138395944802;-1.67319873538134;-0.997415491013241
7200;-1.51030092022091;-0.997919859496453;-0.640238230521433;-0.829906162960262;-0.296803730608539;-0.00972861775967648;-0.881498845468061;-0.329980921285533;0.332588819512523;-1.87549578309124;0.272500811853289;-0.815897541316439;-0.122188426939799;0.398841180142798;-0.640849517847626;-1.0012053166535;1.26676192081293;0.979625075361258;0.230880421954955;-0.140718015178425;-0.115569420256007;-0.467608535627232;-0.376881334264331;-0.648814036425738;-0.519785273028734;-0.619620436900042;0.0479744090183553;-0.593961508454349;-1.66091345479565;-0.960277604000345
7225;-1.48409466101081;-0.946328345403062;-0.609328171418654;-0.71503585591604;-0.270646207937857;0.0149442802855793;-0.880000586215097;-0.293201041519971;0.357707046299717;-1.8993331190997;0.307309484492617;-0.818158984888931;-0.14267973840947;0.452660901320651;-0.66627870575163;-0.951721343157767;1.26664960535146;1.01856464599015;0.234482034380715;-0.121441681542853;-0.0749685744306188;-0.436159681972512;-0.338962806975271;-0.634273500995268;-0.528452169406218;-0.641805265884104;-0.0712523699295787;-0.59993917071357;-1.69646253819394;-0.926234319912847
7250;-1.49118301939806;-0.946979572816641;-0.659676000895662;-0.792149461543654;-0.262189036972654;-0.0225814044323231;-0.880876106910227;-0.311116062757872;0.350877017315756;-1.85775606449909;0.316811662854665;-0.830763149821783;-0.086284390918411;0.462847739430095;-0.652108764459698;-0.973498553955761;1.29417087508831;1.00393190220512;0.212081833496419;-0.0723056772061892;-0.0555773569535809;-0.409100815509139;-0.305421263466091;-0.61566953345833;-0.513154988900498;-0.600500549542234;-0.0600385694959112;-0.566311837623527;-1.68687567486731;-0.924579134558877
7275;-1.52509834190701;-0.944370976778729;-0.67579171749721;-0.601195757058545;-0.257747579641736;-0.000106808199419328;-0.892978884604164;-0.318036433384897;0.380002036565511;-1.80300077746231;0.279122060585806;-0.801734730581026;-0.0723851634319082;0.470970672043087;-0.60596557357905;-0.971023632570913;1.30642196331286;1.17743475940077;0.210036393497799;-0.031944232050509;-0.0579514352102173;-0.404122073646052;-0.357966886848914;-0.624682897849243;-0.490127403458148;-0.576550718886378;-0.0174393367227291;-0.576662358959833;-1.68683251710094;-0.958472611041857
7300;-1.4564266841129;-0.968109427857557;-0.638350273479287;-0.524891104718638;-0.238795768808647;0.0333426905860026;-0.895346540242593;-0.287994968107745;0.402328761027753;-1.78396654999971;0.256682828996393;-0.808552759303913;-0.121784125965716;0.525151688215938;-0.532440009577283;-0.958061284967156;1.31831915063957;1.04871294088084;0.151867496113134;0.2369361788466;-0.0702435519152367;-0.433819499747537;-0.279052394853092;-0.622585070279673;-0.485172549600648;-0.536256508790971;0.00468402977513023;-0.545759593725809;-1.69397586247354;-0.98259497460338
7325;-1.48664421458651;-0.901982519031419;-0.651665260127003;-0.540618782176389;-0.227341099644339;0.0370857931097921;-0.878923221630864;-0.280264491498432;0.434890654404515;-1.75660599114797;0.232849354610245;-0.789137853038528;-0.131874901818045;0.552026261309254;-0.514135519908605;-1.00596257399094;1.35397884122072;0.989814486954987;0.224375656566555;0.0206020862028404;-0.0565103441668162;-0.446544676313908;-0.343614234533305;-0.620176330873;-0.398337347857136;-0.527371408901166;0.00911205344255901;-0.368104520591945;-1.72899189443374;-0.982600956645542
7350;-1.45408585093884;-0.861549698041578;-0.619736166926951;-0.52514661641336;-0.232303460754099;0.0843011865306316;-0.86206250345464;-0.261415515654804;0.434051670157262;-1.65605421064505;0.196553741891496;-0.771417596209137;-0.101274682854079;0.569257501572495;-0.498989930076865;-0.963513819164351;1.34656480219655;1.14143093133577;0.183025461426112;0.123916261028459;-0.027176396361515;-0.402821276760107;-0.315629458605126;-0.615507637125781;-0.394853959339549;-0.525715808968966;0.0437473982410037;-0.3137664312845;-1.73081391758298;-0.922674909014655
7375;-1.45319799665031;-0.885995632304982;-0.688579893021843;-0.483363296726079;-0.212195406549657;0.103184912256564;-0.836596354501275;-0.253894376337184;0.452451781954662;-1.73724278218588;0.228975842779601;-0.775639685616254;-0.0863045779854459;0.577051939526637;-0.46542308449687;-0.97330942353999;1.36293023585443;1.26267843125273;0.21549554930137;0.240228113321701;-0.007531801745845;-0.372397888383139;-0.271839385943062;-0.610899537573382;-0.430779379511011;-0.494625712911689;0.130968340850112;-0.507072540359368;-1.67968750639806;-0.943759043226045
7400;-1.45149403178736;-0.869774539822;-0.581547257146387;-0.433024340131919;-0.213849154658431;0.119486178053487;-0.83213641001552;-0.245016329423168;0.451617996745519;-1.72929234343659;0.247524669645786;-0.756007801963123;-0.0766051962994827;0.567016136866657;-0.440542610097929;-0.968387789916421;1.34960038699852;1.20588483875192;0.248515948508481;0.226686845768209;0.00663804642230303;-0.370442826961006;-0.270779148031926;-0.625499416630106;-0.441056619178;-0.471562493771677;0.105938612097665;-0.56630436018701;-1.68707960223148;-0.910638971875939
7425;-1.37425353791187;-0.852808168189493;-0.622292913492251;-0.480981455496969;-0.195688022976121;0.126493427822767;-0.815124027837689;-0.237404906768333;0.468820317687052;-1.70595793946676;0.270875682512932;-0.755397392480338;-0.0613813157420764;0.610096604765535;-0.431505516956537;-0.91977407117526;1.42453675381616;1.22399914206976;0.284810802069677;0.236286076828107;-0.00719640000711319;-0.341396741498386;-0.265013129714817;-0.590522027344739;-0.353217017953785;-0.473897021039428;0.23943818664587;-0.509650670780664;-1.69799927277474;-0.936701808101698
7450;-1.38254641816702;-0.894251235352559;-0.605912683194432;-0.39602718229344;-0.215136625634401;0.150693345424944;-0.796175695901231;-0.229514315840839;0.482972952888057;-1.66092172465176;0.307171696784089;-0.708955964374604;-0.0141970880714362;0.676424242007416;-0.35097538568318;-0.901021071028003;1.38610987411919;1.1895800642703;0.258479771029306;0.266752762060058;-0.00546409536665227;-0.334542374162452;-0.321612609827189;-0.591481920127862;-0.289974731784997;-0.398019109379866;0.301908982326074;-0.507321378620843;-1.68221586489961;-0.848407680325442
7475;-1.38081324627632;-0.808477100079188;-0.546682716084691;-0.392854669243556;-0.197565274131667;0.15279851431683;-0.818800190070774;-0.236050028533581;0.491417648016294;-1.60717618586349;0.281893116653113;-0.732267516562822;-0.0404063168191331;0.808493461407409;-0.328401484481183;-0.865718422116462;1.44816441385106;1.12445572454686;0.229206131162887;0.33473503241083;0.0145618838714032;-0.309332771028844;-0.313799278564983;-0.595371306919584;-0.335819242228655;-0.390878754465325;0.305502398957573;-0.485905555444371;-1.59544600706701;-0.89697932268
7500;-1.3589400000564;-0.76265012628867;-0.52706354886844;-0.388487860458276;-0.185766304887484;0.211745766193861;-0.779657308129242;-0.211329156366564;0.493317503126081;-1.59817315650002;0.265869309489887;-0.67843078399629;-0.0248251570140945;0.893062644580816;-0.306754705264935;-0.807677628965802;1.46202561190108;1.16964491780207;0.210683137511874;0.294504598603795;0.0104852418463324;-0.35338966805215;-0.307391156054134;-0.544782653180572;-0.31155575528162;-0.448265034159431;0.297356266294586;-0.491199640790897;-1.61601207179403;-0.870533422564724
7525;-1.33596580970871;-0.844009497589497;-0.541373413775486;-0.356048252479106;-0.177884495598088;0.207808094562844;-0.771522572705986;-0.222151633095293;0.516956445745903;-1.59014763591304;0.251370097832541;-0.705797729382608;-0.00347120183627285;0.792202090635897;-0.304753259505099;-0.807298398622735;1.44333406114322;1.23473403172979;0.261911506609097;0.337655375346853;0.021055323624191;-0.349462140290645;-0.261962647155137;-0.558146627803014;-0.222096595708083;-0.38308323304483;0.366481521011382;-0.51724727528482;-1.64472957561318;-0.836687983035146
7550;-1.22855946515643;-0.8186559608465;-0.485567296315454;-0.339295619444752;-0.167322165656537;0.237508092176259;-0.795993883089811;-0.237198504846075;0.498327757640446;-1.55375126754032;0.245305906260888;-0.704634629850013;-0.0163692107830458;0.990057176457619;-0.327887022427101;-0.751377480294054;1.46721689228374;1.19224316653178;0.229366669724592;0.371376496293218;0.0212240304863682;-0.289236713572668;-0.322941441468643;-0.577135831416109;-0.263669190769749;-0.328774037167199;0.373600804320634;-0.486670699750907;-1.6028665759718;-0.86287244700795
7575;-1.24579187484608;-0.830425926026267;-0.472981941402962;-0.353010014755651;-0.145713739612223;0.272054391153048;-0.757989095000578;-0.226179520710802;0.497972913750426;-1.60481122532675;0.237356185047283;-0.764834913324607;0.0148717503771522;0.83422764133264;-0.308385856746035;-0.714370316708679;1.45111221502511;1.28404773849948;0.230342433694816;0.426625472678738;-0.00305587883288094;-0.282904710410166;-0.310893403932908;-0.589049437679539;-0.18254414649198;-0.335974516475427;0.36516051467684;-0.454078936101291;-1.60948304972897;-0.856880111572513
7600;-1.2786688031764;-0.806742786838547;-0.473650430039209;-0.31033326571048;-0.162194018990665;0.28553471069933;-0.771969821727324;-0.227688386763461;0.501636392458112;-1.58967885153395;0.256757809846188;-0.635708422188466;-0.017100615444067;0.905071753628209;-0.325856691505067;-0.675585591309458;1.3867128840139;1.24103986795575;0.173323453228663;0.405729003076816;-0.00711429044293688;-0.299570805169784;-0.304955102570963;-0.629626472521809;-0.219273332430773;-0.335863889354739;0.388570623376487;-0.402746597532891;-1.64443344893169;-0.821849880221705
7625;-1.20681259894812;-0.800079822355555;-0.458852666024622;-0.27825779221349;-0.142299675385673;0.277920251082537;-0.777468998325517;-0.251494344536646;0.476133831514993;-1.5334458687454;0.281136180583768;-0.674873575071723;-0.0534658169710878;0.930621203036992;-0.301702277919155;-0.629220133652214;1.40989511928607;1.25032581814728;0.219661568604279;0.414490351407139;0.0174930725712246;-0.27566485468158;-0.305715140345875;-0.595296850940887;-0.277302890391844;-0.307898333104875;0.432124483544701;-0.446466262075683;-1.65012937652673;-0.840635950787347
7650;-1.24377738907217;-0.792341657626001;-0.463599899344233;-0.29362183289249;-0.131308031743841;0.297134755001711;-0.760907208826188;-0.318270775177272;0.469048178548322;-1.53534622499404;0.258891213380123;-0.648227012027446;-0.0789000449240711;0.871855869034917;-0.292675713608229;-0.658855738351647;1.45703403669382;1.23192244342559;0.233705121782858;0.462674891570795;-0.00883361455702047;-0.286632362296357;-0.303279477724311;-0.532557752534287;-0.188856232912082;-0.343559032038877;0.474394838755176;-0.446681435329704;-1.64442118820444;-0.786284190341224
7675;-1.24437619542394;-0.799232869091804;-0.501702521410295;-0.26314208566166;-0.134696865595218;0.313296761825255;-0.762053376999692;-0.32940127646513;0.488118769656012;-1.55301488232155;0.257632451242539;-0.688906091755004;-0.0565559830070535;0.91632473095443;-0.317796831260489;-0.651900168456439;1.41055527133372;1.31619593921436;0.192430021921478;0.498159374941956;-0.032735449659822;-0.234542838769157;-0.302354635536144;-0.560640583380027;-0.218223582160756;-0.281363630851052;0.517043426669371;-0.485990994476734;-1.62287852215242;-0.805998733275445
7700;-1.19501087226044;-0.787201468577259;-0.414804876163441;-0.263789605619128;-0.111189752691818;0.321516682257227;-0.784813661438152;-0.32112834864713;0.425974562909192;-1.49713896223035;0.255587794530589;-0.687012587045546;-0.121459356109805;1.0536931352268;-0.321351808214991;-0.648663338728704;1.39102438570796;1.53558723402358;0.176474133090386;0.531964561112497;-0.0285429582716157;-0.182346257615351;-0.312502516509498;-0.603350833877169;-0.177211483113097;-0.258390781468961;0.494525884789474;-0.421704607312335;-1.67171123012278;-0.77076128669155
7725;-1.24388844009517;-0.826985423645044;-0.409119839457642;-0.257122073395668;-0.123255710969713;0.30687908010013;-0.799100685174946;-0.360865943010815;0.411215953841996;-1.5398963781653;0.250597357342401;-0.743520200036445;-0.126544268935702;0.923084029353811;-0.335176489919824;-0.694413770431756;1.4333672948016;1.29547695065402;0.132810317701736;0.554705556735494;-0.0351786912764105;-0.21070558259486;-0.331743878438556;-0.586598415905318;-0.182564338644636;-0.22638034801846;0.518363579459726;-0.477078713231521;-1.65743282620784;-0.782261863290276
7750;-1.21172692887248;-0.808492568042082;-0.390597924834667;-0.232869059096401;-0.150757121152911;0.33411632237506;-0.799161173146649;-0.396690563519648;0.419504599064352;-1.54070755875347;0.277791347153859;-0.663858935037982;-0.0880966868472562;0.823789326033494;-0.387674805384119;-0.708993836614439;1.42705196680077;1.2718020780059;0.176873392053469;0.543446697122053;-0.0661784685769788;-0.191743777545446;-0.294553866987025;-0.577654989375436;-0.214266603937388;-0.195421455055735;0.548679428816599;-0.452925857841903;-1.65232924578517;-0.8360952441103
7775;-1.23543529832394;-0.76653169168857;-0.441720445885269;-0.240752665626137;-0.186016546245685;0.325042611000339;-0.786980167922069;-0.438928275972009;0.407374239849736;-1.55538223574907;0.264418967852636;-0.654811079492346;-0.102030950013562;1.00079266712437;-0.388950724053702;-0.740455250253654;1.44522981261208;1.34012150370802;0.132490588157219;0.567686444884088;-0.0557814963548626;-0.196888226960825;-0.28945155651706;-0.600738367265994;-0.221851752507806;-0.216194777054382;0.577745466143641;-0.459607634314057;-1.69598855513009;-0.807676813622636
7800;-1.14240375706054;-0.750227958235528;-0.411219296493071;-0.241187251314152;-0.17138285063991;0.31456326528694;-0.79046709353115;-0.515717795817836;0.40233255855535;-1.55809885443845;0.273918542613912;-0.678822352418303;-0.0822951156369683;0.97148972052727;-0.370964935870774;-0.713889123508886;1.40410860349716;1.2183319481586;0.11254149341581;0.583278703049079;-0.0384320539692062;-0.166447246399361;-0.283066398879884;-0.582644730425375;-0.163116995588814;-0.183969466689861;0.591396332747079;-0.463760634863384;-1.69555146914672;-0.80442600842782
7825;-1.21622208452472;-0.748490715649683;-0.321258509758218;-0.234416595769595;-0.20145168786849;0.339808878651944;-0.811131179758357;-0.567566911033849;0.370862533279048;-1.56298451104833;0.245261072628139;-0.655591747341015;-0.075553766096602;0.93171677136376;-0.339192215315066;-0.757622015799242;1.32196707131261;1.21940413668572;0.125058358476131;0.590082427518936;-0.0933524153775762;-0.10664849407673;-0.347490841220073;-0.58303720272337;-0.183459320791917;-0.174103449374523;0.571605294261918;-0.437681757411165;-1.68805039743187;-0.841769309707079
7850;-1.20771865066583;-0.767657909302104;-0.401697891812374;-0.223252398328385;-0.240146707662007;0.337896202722865;-0.812881312199018;-0.578144387546881;0.37021898244737;-1.536866117542;0.221739165236389;-0.640815727258335;-0.11789712766773;0.931643202199386;-0.312994212659854;-0.769439211041269;1.39412876202975;1.32882777791398;0.102092817809838;0.633940525199898;-0.110742053205432;-0.0769056551903377;-0.305261150988589;-0.575476666291678;-0.167426215338082;-0.16778960248641;0.647097689228478;-0.434254063579267;-1.64709964391793;-0.799614679613586
7875;-1.2768867011165;-0.69140086988215;-0.394336703151023;-0.227082686164661;-0.239421870390665;0.332005649396964;-0.801656860990142;-0.611660036955313;0.378334669765968;-1.52697625626435;0.275326125801996;-0.632878064535331;-0.118146373535384;0.918513838206153;-0.345237187124433;-0.781538127902779;1.39235730686509;1.30054254242317;0.171883605415303;0.649464122177511;-0.097586970168634;-0.0738143239416484;-0.314008619598265;-0.54523131321271;-0.160788165095593;-0.179298404553134;0.642190529328185;-0.395162209920652;-1.66829841749936;-0.809076694078476
7900;-1.23840207195476;-0.655448651651713;-0.409545472793042;-0.241749511598035;-0.240738939857596;0.359870746274532;-0.789489030291283;-0.647994085283036;0.337520035691844;-1.55496816187438;0.288954649734533;-0.639665818050655;-0.0724472293286742;1.00564747505742;-0.361989828237002;-0.78578238631387;1.33403639136915;1.33201939191508;0.147471275065414;0.611571358931732;-0.107808938699136;-0.0230723666936738;-0.315117170067686;-0.545223063391926;-0.238307908263637;-0.165221891907728;0.645838943369874;-0.454629459859501;-1.6827844579797;-0.875373357705289
7925;-1.27008913830722;-0.755005277935405;-0.402009395920721;-0.308876430065684;-0.266390683926878;0.360935007586008;-0.765616372832859;-0.670272525979057;0.371166620301792;-1.60774640023761;0.285727530565798;-0.586877937941778;-0.122161403789836;0.973626142973566;-0.417104036555902;-0.783389396599613;1.32805927311853;1.26444149129716;0.198558298503511;0.629360909326615;-0.110946124236003;-0.0228777398343471;-0.279625011427774;-0.517204810764875;-0.179372022119333;-0.0898482107980025;0.660749455160158;-0.36816009493037;-1.70621655768409;-0.78905936305983
7950;-1.23086762665914;-0.73262748493137;-0.35170103124159;-0.295103553787498;-0.267938547394598;0.380154040192631;-0.798642168423678;-0.696808240751;0.391564199231969;-1.62545105290241;0.281679781090412;-0.637006465715307;-0.183260079071992;0.993784193485712;-0.324916716398377;-0.818539446639896;1.35303498639254;1.25286211949358;0.150086748939437;0.631471790312155;-0.0970034516038796;-0.0450783419122029;-0.286533025621724;-0.503337581006686;-0.186094297511629;-0.0899849467779376;0.619617489264113;-0.355705100330678;-1.67872113207958;-0.829243203548147
7975;-1.19612789901938;-0.754570104873187;-0.345882036860293;-0.306745216406638;-0.252127491106191;0.362195347027676;-0.800048055709496;-0.707904355555784;0.369711068994411;-1.58898616597937;0.299731003818717;-0.633525638386745;-0.204426905008506;0.94850099123117;-0.355828775366187;-0.820593458903006;1.37773883886975;1.24364192588655;0.296771159224557;0.647255600901925;-0.118361016354891;-0.0316923004776381;-0.300555603114634;-0.51269615365484;-0.142913440446724;-0.0941594096706385;0.62495995964359;-0.348035626734086;-1.65254132219213;-0.82893082635617
8000;-1.25334288081548;-0.624488024080284;-0.327783793967213;-0.304012161301142;-0.262672437954951;0.366451069733149;-0.80256341149407;-0.707439260988932;0.371634185400762;-1.60583838051124;0.312137751578142;-0.641686898093218;-0.21059876464162;1.02749638351059;-0.390106012993524;-0.854998567417708;1.29627788315739;1.33193034626148;0.2437548083315;0.64298124028595;-0.138178981222057;-0.00207088354678149;-0.268637975541403;-0.482916407878557;-0.171087719160376;-0.0826575703266238;0.577712591622453;-0.335640596494729;-1.57099382945935;-0.828069098023893
8025;-1.2430992922153;-0.583498445715418;-0.330165587707775;-0.344156684761628;-0.298851837393279;0.387031046385942;-0.790836742131189;-0.705067265456503;0.40776216985358;-1.62008766321566;0.3364452810238;-0.538037089712911;-0.187723610722405;0.907140236577917;-0.364790439923463;-0.85781180539044;1.27478187464984;1.27593483241642;0.228804280011774;0.664576044429585;-0.135822438017213;0.0317961419480468;-0.254303132717883;-0.436923476119541;-0.190794994351651;-0.0756515935449741;0.607580690398474;-0.277569395629867;-1.61205364205869;-0.81602569923629
8050;-1.16280953231984;-0.570346286230239;-0.165782399441252;-0.299445175186628;-0.293337330442272;0.42108382896901;-0.79029253985167;-0.749854151013442;0.414192514730422;-1.61913535612099;0.344401251856459;-0.576515806299766;-0.189406454385904;0.978490285691058;-0.39312320862494;-0.803292630038644;1.29321631397573;1.31597492220389;0.348256831355758;0.686275917816947;-0.141426113466602;0.0722339169767554;-0.241881249971247;-0.442037824633336;-0.136489606276572;-0.0429940317377916;0.555941485863583;-0.312765642199532;-1.64091054751951;-0.788506725322284
8075;-1.20419586718254;-0.688188458039672;-0.26985328743356;-0.274982160704461;-0.283633426951182;0.425287068411909;-0.764711369386481;-0.769663458365397;0.417887570648441;-1.61372620539221;0.364865593746166;-0.579705473897297;-0.169295661777145;1.03501557232687;-0.417367975601876;-0.853231484894121;1.25694470894385;1.3245757947188;0.32811460657528;0.663550245016034;-0.152937501734185;0.0836971053297908;-0.279997818678911;-0.485848880285796;-0.155178588409997;-0.0152613287568929;0.598614669890557;-0.263776653318813;-1.6124795359475;-0.797619479909242
8100;-1.28577155142728;-0.617878818425875;-0.271010827475878;-0.296788851240057;-0.259994440527103;0.40462823101563;-0.750910195624597;-0.765971065611582;0.395025240317235;-1.65689613623014;0.416931835719483;-0.531723761756456;-0.141144353217593;1.01275901410571;-0.384353597763041;-0.863085615305644;1.24208187508218;1.12141530482496;0.427973285954259;0.657351445502098;-0.0999487224671283;0.08788184075299;-0.22071191600007;-0.490750149534324;-0.139144306060327;-0.0163942230835485;0.575735086487295;-0.206215805559732;-1.61013269242688;-0.797095752611447
8125;-1.279731020261;-0.701197992118737;-0.27913883414453;-0.30429407257851;-0.247870081144885;0.423142123673855;-0.705096539471629;-0.768010479046123;0.371632545968281;-1.67205349503927;0.465051818333469;-0.53764642470653;-0.113525431038169;0.980191827038653;-0.348219739196805;-0.873474433866726;1.26072221936117;1.23682399834635;0.463853807273249;0.670949050580477;-0.0962651449833452;0.0986353420511746;-0.230226402159617;-0.504645488955268;-0.118788013551525;0.00390415992031965;0.580401767522843;-0.222773098423195;-1.59914399101889;-0.783481151224019
8150;-1.23954362800426;-0.668634457500294;-0.218559131757321;-0.284755554948434;-0.269766090670823;0.442609707776062;-0.738230485896499;-0.761962572766403;0.244945815244723;-1.70982251723509;0.608224619524897;-0.509083513762228;-0.12654592121112;1.0248622615387;-0.359817887443124;-0.91230690250362;1.25506725924403;1.09680085317809;0.496873668941269;0.675663940852623;-0.0892975078296843;0.123309677675819;-0.218869525781091;-0.53865047370093;-0.0818983317182047;0.00724066443885416;0.600435949897303;-0.19674125976805;-1.56621319997544;-0.739196062800202
8175;-1.30035626085488;-0.637224935040614;-0.245816790612408;-0.30418959163244;-0.251357492892496;0.451730007463875;-0.730503954440596;-0.757519360685165;0.405223179180134;-1.68227008785799;0.561419719356294;-0.534580794822482;-0.118931661019951;0.97966506443626;-0.398723244277902;-0.874094097999017;1.22917852406379;1.130342010186;0.630753410077164;0.673172300415733;-0.0735963280974028;0.143946682313052;-0.233324838032272;-0.53927681186525;-0.109600025990668;0.00195670757527342;0.613541225507726;-0.161128249922437;-1.5687177072356;-0.759599651074846
8200;-1.26255941260734;-0.65838880081093;-0.138413087038549;-0.307722002878649;-0.237786411131807;0.441412389211371;-0.696146505680687;-0.746812594700766;0.423083625416792;-1.74375919448568;0.495280096448567;-0.518724997996639;-0.0617861511732927;0.981969874548259;-0.404376124641349;-0.854234407975805;1.23098934992673;1.14649815871302;0.604358980147531;0.661261112332492;-0.066270098374857;0.12363083830399;-0.221182406207185;-0.508844999076294;-0.120394419467339;0.0153861175285229;0.604761598407055;-0.172748572034228;-1.54571339237989;-0.724737119570501
8225;-1.23036993432049;-0.635776137028334;-0.234494674161875;-0.303613562691708;-0.21152574343779;0.465227123805787;-0.705930904770114;-0.723027899316653;0.446399808112454;-1.80566283340288;0.507107639996915;-0.481572937411614;-0.0178104358645901;1.02056299556092;-0.433897781882856;-0.852735474124214;1.22743840627292;1.07216978203343;0.633751920305183;0.678643429624784;-0.0496575641882488;0.168493680999624;-0.216004313140504;-0.503581346492212;-0.0679798635971123;0.0252063851049074;0.616868245603246;-0.134743502515748;-1.52714446471176;-0.708148217099791
8250;-1.20916288757627;-0.596574197321157;-0.134660220352752;-0.252270736467035;-0.215443506279201;0.485545981973073;-0.695442491135398;-0.704027491851914;0.440427234003329;-1.84056231843946;0.527429071248287;-0.486622916273733;-0.0047321363467812;0.961566530443873;-0.418902112291725;-0.870996795066672;1.22077388718844;1.04763293451036;0.615709478084395;0.703218465014444;-0.0246587351559961;0.201320804089276;-0.228229844766021;-0.426853608554793;-0.0483049409933667;0.00325601507143301;0.628939336570264;-0.111142502970149;-1.53376057457636;-0.71296970939896
8275;-1.24794067839297;-0.575124564150134;-0.219111898549553;-0.29216010719197;-0.202969824998433;0.460830475335279;-0.688894252597764;-0.68352408414424;0.464654134690413;-1.81395589157281;0.553684603572498;-0.475034004389646;0.0460986357591513;0.997208936879942;-0.457777104752463;-0.881884033605433;1.21322863354235;0.982552772947184;0.784442819102536;0.65807052199472;-0.0285784909556845;0.178433231300269;-0.234807493662924;-0.430778481198508;-0.0463252011171091;0.0228361922711771;0.649469806120689;-0.110116528293589;-1.5387858279236;-0.679660848032808
8300;-1.19754868970347;-0.585515225668501;-0.0924987605616917;-0.291352688348454;-0.194668214488116;0.504698971718813;-0.675961353530056;-0.70940182463449;0.482522148921788;-1.88358082133072;0.583314450339365;-0.452515328497275;0.0716066194916327;1.01493003862122;-0.420351936508809;-0.835165339725387;1.18541922394784;1.02668492419778;0.746088622670712;0.650500830847299;-0.0354585736586257;0.210910948593047;-0.249014817732031;-0.48932951991052;-0.00392517851061314;0.0161050767418992;0.654018934683964;-0.0807616655929293;-1.53894602705517;-0.690315042902302
8325;-1.18565277439003;-0.576954847624086;-0.147086631253447;-0.256791941297767;-0.171164436093519;0.499455595704939;-0.659148034438614;-0.712915966418339;0.473964379747697;-1.87725297230183;0.613758824918706;-0.463087599969092;0.0887970543851675;0.99384592099668;-0.406271831770853;-0.834857311267564;1.1772387455282;1.0506918401222;0.860735511037473;0.631291480768879;-0.0323044946602282;0.155658203739804;-0.232276746548957;-0.500819138927725;0.12231780564851;0.0188792257140818;0.665390522670728;-0.114606391223117;-1.53966916088443;-0.668315624912385
8350;-1.17031001164069;-0.566706508696489;-0.0600826853818937;-0.252071315355082;-0.14303757935594;0.498694842663192;-0.658374409958163;-0.69663172324914;0.490275912988031;-1.84076142642239;0.642457940680339;-0.436517062303356;0.148895534175752;1.04305676277533;-0.414473611156526;-0.802836375403765;1.1812081118103;1.00550650484574;0.909220998702727;0.636100921569006;-0.0144531328229514;0.136197732476197;-0.181468936806243;-0.393730224970341;0.149127649659164;0.00203492921884827;0.692673554552534;-0.0639970815046695;-1.54890524771862;-0.593272054715592
8375;-1.14407562692111;-0.582878184500304;-0.055953464336241;-0.237936564461859;-0.129882449450641;0.495346514109868;-0.617223315756407;-0.709658334294881;0.485446625501232;-1.8352245549979;0.666852010994074;-0.360509777406565;0.179978906151299;1.09367426393121;-0.417279855243638;-0.815439349047572;1.17841525915716;1.31226046651928;0.979990695628317;0.613429197223547;-0.00918856490580033;0.139094298208277;-0.205674313324737;-0.417702439083297;0.0657578023194603;-0.0184801683050914;0.704910682260278;-0.102467071835494;-1.52616476809659;-0.637715627738925
8400;-1.11522105522668;-0.550741515351956;-0.0620444790012654;-0.246553772847096;-0.135831306148555;0.516216869092512;-0.605637674819871;-0.695415216858501;0.502191807049638;-1.89620828320059;0.687423436559198;-0.254044668662547;0.248550279073691;0.996151660870295;-0.421988759022765;-0.827708828418748;1.13151536900767;1.06159200724465;0.923372370421022;0.585737111502483;-0.00582634188102826;0.207796018919779;-0.195320226838805;-0.497661584574777;0.192612486408478;-0.0278655895502323;0.707480081155881;-0.067995637518216;-1.57804446006881;-0.583542443504294
8425;-1.11193501966943;-0.557656962500656;-0.018788092994736;-0.241005286746982;-0.091643110277026;0.488268468525476;-0.605642565863439;-0.699907091429887;0.525905892257046;-1.83443087870836;0.672964085932342;-0.416335647990041;0.248304014919678;1.02855125118096;-0.407105437358615;-0.811281935224863;1.10643582801137;1.00011708190939;0.93847479667534;0.556204987677413;-0.0171456468483573;0.222500904213267;-0.252644111228845;-0.512406334155629;0.0368308105202306;-0.00607253714883207;0.715906157698163;-0.0716048330994472;-1.51180251511501;-0.604636631989624
8450;-1.16707923926619;-0.585095283976436;-0.0414224694334154;-0.215451108975995;-0.0876991086110896;0.52011372983446;-0.574323997625971;-0.704687385932727;0.559073008009779;-1.85250462999676;0.687269543200379;-0.262651408596961;0.208651791819016;1.01644723843421;-0.387835859522438;-0.84516842761023;1.14947380734151;1.0347166203277;0.897637214589515;0.56248894778028;-0.0543762893537245;0.229528546397385;-0.26321652891437;-0.51927232843091;0.108624254958927;-0.0146413309249324;0.72372132931844;-0.0479599585793268;-1.55266606702546;-0.562249053645407
8475;-1.12267174974243;-0.552279888383631;-0.0801314085574905;-0.199077661060334;-0.0570705683393927;0.519818787467213;-0.582047154186228;-0.670993678646976;0.578096094269003;-1.87959613580489;0.706306771516747;-0.26275934733963;0.202091505819914;1.0542865503886;-0.396955951046002;-0.877282205036444;1.15660903515441;0.999454620901774;0.99043675752749;0.513759060246051;-0.0437420127472929;0.205032513994466;-0.30063304588789;-0.460534844571358;0.00891442813158694;-0.0233536363261088;0.718590565719838;-0.0320667227003286;-1.52891266570161;-0.578196768577213
8500;-1.1129882655742;-0.505986457503226;-0.0225445409668977;-0.209127959365294;-0.0313562550546517;0.538751182216166;-0.582921886229885;-0.690328886935736;0.552178853783021;-1.89160774560589;0.698081213832478;-0.269687804824128;0.218676652012831;1.07324430072009;-0.354347255060489;-0.863600850625842;1.11403222880546;0.988747833936257;1.02321074009329;0.482943805993526;-0.0447963793924258;0.240622194984889;-0.265804449608276;-0.454058848977139;0.0651830216421745;-0.0434593335404049;0.753684415049128;-0.0439784847132991;-1.50513744276677;-0.529087419531245
8525;-1.08655109394497;-0.550433742864422;-0.000211898055896365;-0.278861631719606;-0.0213521599046053;0.52054565507825;-0.573113028849309;-0.711481970728273;0.567280036451988;-1.78446681986959;0.69018300811263;-0.222560230148789;0.233874153776691;1.03767496210265;-0.404164623918517;-0.826675704882761;1.09381708485794;0.990854000950159;1.0182700667823;0.47344979005419;-0.0819739220785953;0.2221403977893;-0.309703247487102;-0.45173857423727;0.0509518046733719;-0.0410706698016353;0.741735943328257;-0.0292437628912838;-1.4984146733564;-0.553843469885799
8550;-1.12238345203355;-0.555677539921953;-0.0290506563353813;-0.378367287178998;0.0150968992445889;0.532421183311724;-0.581143458850122;-0.710525248823559;0.554113596558403;-1.85361475365643;0.706509674792217;-0.257288291999975;0.232182462145003;1.00839518034465;-0.387794432005607;-0.833853545836447;1.08324297931128;1.02544946849355;0.961101647829402;0.485437346148797;-0.0848342030992306;0.222435060322147;-0.266296039556085;-0.342226477041603;0.0840694266525599;-0.0139890023771287;0.741770222287337;-0.0312924537836683;-1.51014670746276;-0.544892511138717
8575;-1.12558013494798;-0.499760826478178;0.076602984696459;-0.226969365940503;0.0149338523861805;0.536675037602532;-0.549823772431932;-0.725473543589573;0.609842055474765;-1.83270647765759;0.735925776857206;-0.225189594935547;0.214408019847353;1.04749805099806;-0.370697988378729;-0.910455016399691;1.04443266729155;0.990111176929945;0.909397755452403;0.438612527408149;-0.0563083275446505;0.264353581634537;-0.281107721737258;-0.37828905770368;0.103461271699112;-0.0499802737454575;0.765075295469952;-0.00633834034232379;-1.51819522320486;-0.522033826862004
8600;-1.08623347087892;-0.532371848652491;-0.0540059503700635;-0.213777782680461;0.0020740395723565;0.567247943506313;-0.543995110326044;-0.699833727494535;0.586331476532718;-1.85894794561856;0.739701809187849;-0.421816548362962;0.190620393487353;1.11292029197267;-0.411243237231672;-0.870428889135975;1.06451287178466;1.03308785774628;0.893334136425095;0.42963918777889;-0.0945334971722387;0.25362600572001;-0.296775572826912;-0.375651986130165;0.0481650895974344;-0.0442184602885266;0.78565935355924;0.00172290671544122;-1.5170245353739;-0.510839475470544
8625;-1.07045757788136;-0.52539704295973;-0.0565334385361779;-0.209319179484308;0.0500302117086654;0.544348887855533;-0.561035591897299;-0.721279282006617;0.57420132212241;-1.76503121603521;0.751869438699335;-0.409051109849941;0.187857426815435;1.04810883600384;-0.358950939663394;-0.873608231752029;1.02692747749445;0.998418172789908;0.983139441408854;0.443394186309023;-0.122848794498346;0.292480119835158;-0.264273216910467;-0.291351273006095;0.166730474594311;0.0191994712473603;0.776687980942067;0.00190110778008439;-1.4730390037684;-0.529563308180234
8650;-1.09406961256672;-0.516032024254691;0.0528920538567724;-0.196297981835782;0.0772253087004665;0.554274702177269;-0.529730640857937;-0.73078431508687;0.595855341776075;-1.75086687690287;0.80814919553858;-0.40140709820738;0.163367768709481;1.0964538337271;-0.385073480790876;-0.901346447447619;1.04682087050895;1.03354556990015;0.989947808130553;0.462906883507221;-0.131677813792697;0.298638262009843;-0.268063283216107;-0.268245360658992;0.0568041867298987;0.0143690338894112;0.802572062974449;-0.00385146330085036;-1.48582722127769;-0.489467036542573
8675;-1.09364531322337;-0.520494611469917;0.0586643647263358;-0.226830132123256;0.0684574718862648;0.58514852809485;-0.541830674426865;-0.71067362634797;0.608424306943306;-1.74908091367322;0.82471223076636;-0.401440745605044;0.087139837609897;1.0958669714181;-0.399463002645501;-0.892419401415124;0.985343940874674;0.984280423462215;0.915625791441641;0.436063821515568;-0.110041173281564;0.281386464919766;-0.317468203005092;-0.336851721976154;0.037178443172877;0.0064283230069103;0.808471778257544;-0.0589899329461032;-1.45992762078801;-0.443504578078339
8700;-1.03316056534351;-0.518874771887023;0.0691211460362694;-0.225686911279981;0.0709639324731031;0.579521145668675;-0.551320347043703;-0.711043487408364;0.609474552814758;-1.75597143659369;0.814029719221057;-0.378161848746947;0.0803069675368308;1.06601542986947;-0.37206276719728;-0.896888933381195;0.984135106438659;0.971915657576812;0.903164499776963;0.382891464226813;-0.129194467346879;0.261691925516739;-0.306473545589616;-0.300417653209422;0.0391000887674027;0.0293651897254566;0.791719597765473;-0.0759117516029148;-1.4438968899861;-0.428301995500318
8725;-1.01615264851512;-0.529506889907091;0.067598668062849;-0.201648764579625;0.0665062394272208;0.616294985964161;-0.558125269276894;-0.731211306827738;0.578825111639268;-1.65204860195924;0.820638242809479;-0.420122479902532;0.110306621562522;1.11180160202302;-0.383251187635171;-0.964182214869024;1.01557103654133;1.0252142731049;0.967708906109614;0.404964938252599;-0.122936897396203;0.269241823812061;-0.310220758224003;-0.203511940796499;0.0458893164083234;0.00419464042263105;0.797829244244858;-0.0370379914217766;-1.44296433581069;-0.470145640763542
8750;-1.0352529902491;-0.531322109365928;0.0696196552099596;-0.229759423485867;0.0799979229287092;0.594826655630031;-0.542511265312568;-0.736360138440416;0.603858906281393;-1.67096242132206;0.789848632482743;-0.412102085195292;0.0766173923073334;1.07555328460998;-0.411523029467941;-0.95052627233867;0.971913375208992;1.00925354848579;0.972355161165254;0.425306373890555;-0.110122374408213;0.259884855796169;-0.308824747529451;-0.207584443552897;0.0507865887693804;0.0307342704237211;0.839902525192766;-0.0461388856235685;-1.42989819228728;-0.468887412474278
8775;-1.03715747352465;-0.51940875110853;0.126462407892273;-0.232930918373345;0.0988969198324697;0.58621905201772;-0.555911353359688;-0.722952364419171;0.615591792250711;-1.63281911749485;0.832947254469175;-0.399169880629287;0.0434895984314986;1.06866585494685;-0.416368201278937;-0.96855786239628;0.910953468779212;0.990919097606991;0.86118634725985;0.398397330856708;-0.0922843521708261;0.319167434890247;-0.364956668871705;-0.242980273719905;0.120276587176071;0.0834626626269884;0.823077303050206;-0.0541720003401649;-1.37797848876237;-0.394817141316161
8800;-1.05384163225144;-0.533996098572566;0.130090954452771;-0.229567452649225;0.124613166196451;0.6180813101762;-0.548807535983546;-0.729923786785829;0.568635638368021;-1.65092479976835;0.798533901417513;-0.422021049253963;0.0421565368807823;1.05808426557894;-0.406665456902141;-1.03524316128111;0.869032545465632;1.03026873003946;0.828845692316703;0.434418222336947;-0.0971982481330977;0.324139569661424;-0.347799318953647;-0.322292017537972;0.0143036995943993;0.103411868905411;0.850377992671239;-0.0642231740407581;-1.35128239700981;-0.390911500307588
8825;-1.03555436243404;-0.576661676743514;0.14336504039953;-0.230347761346025;0.131173513374312;0.589705297801684;-0.506327913882942;-0.724719353930333;0.561466112591876;-1.60407927814005;0.803059526568717;-0.437041653711584;0.0564901763178897;1.14985559372029;-0.335674711397333;-1.03690986013303;0.909345508174666;1.09188610218906;0.760706792218697;0.392736961470987;-0.145561350143146;0.326199832339871;-0.31859390105806;-0.293613462839969;-0.0170974493048446;0.0983492470315502;0.811624947278718;-0.0173268921306226;-1.36445933568523;-0.38837180127428
8850;-1.00424174175958;-0.54638502225978;0.164941228248363;-0.239382300316303;0.102330451278511;0.636206657615347;-0.519911093409392;-0.737947477992779;0.614086712018715;-1.62669856614069;0.802136643632748;-0.429500050596082;0.034181812685802;1.34295466201158;-0.364710055640821;-1.05799091570743;0.913273970076181;1.08675339682437;0.655383903779616;0.467148411395881;-0.151913785599174;0.310317151420671;-0.301679303783416;-0.2944110748369;-0.0044106967408899;0.112867025471531;0.828891174730191;-0.0600902428177783;-1.34291836514076;-0.406043924802129
8875;-1.00717703413841;-0.543442397208263;0.166525468840477;-0.230873341440963;0.119566899985836;0.640806630102702;-0.537989274737531;-0.743139379806626;0.593507014712249;-1.59632534525277;0.805669413802218;-0.436653354314829;-0.00159404850379246;1.13594342184314;-0.32272337886238;-1.07556418057263;0.898566104436133;0.799424221238705;0.80643467193858;0.492649410534589;-0.0568309673304288;0.326603341105372;-0.255503239311859;-0.223352579423046;-0.00448366935205424;0.136369121921333;0.844564212219787;-0.060862491168222;-1.2733993315653;-0.376804820978382
8900;-0.969780737180023;-0.555650685071731;0.206455303669193;-0.220096336548433;0.130522077387702;0.635161705431438;-0.543437233133851;-0.714404981062869;0.599719846405418;-1.55622595246725;0.758303059618943;-0.465900901953583;0.0299800440073823;1.11609165334834;-0.31445236221035;-1.07156625170277;0.897805393657263;1.04268308438598;0.864244649687488;0.524563312615744;-0.0741035953402482;0.351946851139912;-0.232684057645541;-0.206172335416776;0.120245514307865;0.14230145641411;0.885395014877344;-0.0491659403877016;-1.25366066849197;-0.347042262411234
8925;-0.946466535404929;-0.576301332406664;0.203916088752826;-0.249348129407627;0.120765295651629;0.667601177438444;-0.536307808927017;-0.730548540892477;0.61661381981905;-1.54588700318725;0.686393251482694;-0.490722228171914;0.0015503780119563;1.14244275639139;-0.357699455820574;-1.0290774720958;0.844667872470017;1.0259519772332;0.927029668199168;0.510994758850648;-0.0936148849468417;0.38911695467993;-0.25550038027316;-0.368405640667669;-0.0281324189166883;0.15183969608628;0.868548156903897;-0.0514979746573047;-1.24107862040254;-0.375660108848425
8950;-0.970135221538534;-0.568668068973948;0.23109341957812;-0.218620919170939;0.126523646017964;0.648854950458021;-0.559660949941287;-0.727158102833654;0.578531162319512;-1.56257889523369;0.706382482891859;-0.488763976287909;0.0116455882784021;1.15282797909911;-0.34638856093516;-1.08050419770146;0.821503632051268;1.02976714487912;0.791845393135797;0.499059302686372;-0.120033997992713;0.334681957776976;-0.30885505745053;-0.336415244114467;-0.0878955448801557;0.107638910202181;0.867182454190602;-0.091951486223538;-1.21435727374759;-0.339200841769579
8975;-0.996485649510484;-0.558710313899033;0.238689248860716;-0.247345056573541;0.10943370421614;0.68610124891202;-0.546753490033378;-0.727233714390123;0.599011125606829;-1.46367664897186;0.693865151590515;-0.480578797979207;0.0165322585958889;1.15335610064191;-0.372327177279764;-1.0906414967287;0.852949632045171;1.01575009974547;0.912724658894882;0.543316529422238;-0.12309510690746;0.352354733759362;-0.307167438640562;-0.387389273264355;-0.0942577890357006;0.0779060131651118;0.842073867746623;-0.0398398596656497;-1.1747371033803;-0.343397157937602
9000;-0.95024974343607;-0.564419275233559;0.262308963103579;-0.25745296509005;0.128574043413899;0.676886730405433;-0.555585564125949;-0.731282272465351;0.597440040489978;-1.51540517656837;0.696047470095202;-0.483059498087926;-0.017410578351774;1.12887479246564;-0.358232318686586;-1.13911475657639;0.856006712134572;0.969342328633593;0.79885312969695;0.536645263094473;-0.0580610253188256;0.384138943669361;-0.328229480203582;-0.364297289077226;-0.0796476082776163;0.112052238061495;0.876409236735485;-0.0450133604277394;-1.13224526442563;-0.345883454355993
9025;-0.893877359935439;-0.525181250695632;0.221642802943264;-0.257986305344245;0.122492617184645;0.664321493790315;-0.562523030663125;-0.706618908169122;0.58553467625833;-1.52872581466525;0.756554411538626;-0.462476319998483;-0.0100784026594512;1.1274079206772;-0.350688835583209;-1.21040747082012;0.855153512849809;0.967974779994764;0.86447472638942;0.534355488034795;-0.0585996976412568;0.368279495988394;-0.290814640328802;-0.187929474035833;-0.110443221821108;0.188851298474538;0.870971193904585;-0.0263202785601344;-1.10751878091968;-0.307746728990989
9050;-0.927014369520733;-0.529876619315065;0.204563007082277;-0.25127100036992;0.119814618187479;0.660863275829623;-0.600279761688925;-0.706178591048675;0.606397871284546;-1.49329788205824;0.694519909691708;-0.488646418681285;-0.0459127907762329;1.07418940926013;-0.366574332968723;-1.12591815496296;0.874293076931962;0.951605281757767;0.840476660855901;0.605396158822696;-0.0642185010865886;0.346184939723862;-0.252625727343677;-0.257040014596882;-0.120304137797402;0.239592231447125;0.861760203443957;-0.011171840221124;-1.11120624262364;-0.306682556409984
9075;-0.939427136860825;-0.529181249293747;0.276311796073616;-0.236710522216959;0.134123585853669;0.655440067627133;-0.587585509049725;-0.71279457698001;0.611627109294753;-1.45069228715619;0.653951001985915;-0.487792689063118;-0.0787231789819436;1.0235459070311;-0.405319430122508;-1.09272061293541;0.811368725349779;0.914205614745131;0.749762545980022;0.638169072671959;-0.048540766128701;0.374544956814663;-0.211744112388646;-0.223910824453017;-0.145132272187543;0.20972342429791;0.845222800679301;0.000675919024794958;-1.0749540947419;-0.12871666173407
9100;-0.922037670170832;-0.554196321892089;0.283453998115423;-0.247427724515592;0.110175229204596;0.672115845432312;-0.594427903207728;-0.716383436676349;0.606176559004926;-1.39776961044918;0.646508252263398;-0.520730747302329;-0.0814884833309156;1.04000627223633;-0.415089235834371;-1.13242197018849;0.766426530791674;0.898250166613357;0.767328754991738;0.615588317202538;-0.0365633176538855;0.375932285362657;-0.280700540792667;-0.165826542946456;-0.184343327507503;0.145971929365484;0.886878395597594;-0.030568810194173;-1.01742882569023;-0.0829130281267043
9125;-0.919424575561736;-0.572988782756318;0.281786886081908;-0.239413100552073;0.119983868422789;0.667662204906664;-0.591265616081627;-0.745964381660307;0.635274269171727;-1.49154613410915;0.623017527169498;-0.54434549127971;-0.0987173821529637;1.01553228847579;-0.417050855549008;-1.21296606138006;0.773604951166538;0.83535294328676;0.75373298312573;0.628057633720999;-0.0364989747521269;0.423353972921408;-0.275087561810088;-0.222774927843896;-0.188581676163937;0.140625421080161;0.915003290457839;0.000153014890960357;-0.962549273196865;-0.285754893459484
9150;-0.860213947021348;-0.554868647413408;0.324709549151729;-0.205256792147578;0.150176840093264;0.654224928584435;-0.614797786375029;-0.746092879390137;0.648014974799367;-1.43959864951517;0.606980869933594;-0.594488604056093;-0.115986203412794;0.992754015227826;-0.486008991917294;-1.1468892265066;0.7580659183476;0.781596410479944;0.665009191187701;0.625635535147626;-0.0240690709824021;0.375307578992955;-0.244576245013974;-0.425376011593552;-0.167430569925646;0.134245364380905;0.920741335716939;0.00583618846229221;-0.992347886676934;-0.0841323982209137
9175;-0.861189210962858;-0.526457359298622;0.322030079295929;-0.199910866934024;0.140758784194237;0.687668219503164;-0.578920910017508;-0.760626233335897;0.62223868336247;-1.43405132584243;0.614942829832354;-0.567875300159438;-0.124685445133962;1.02197296581209;-0.490267465228445;-1.17080448996382;0.775288233843383;0.775471819198993;0.704551813011994;0.664327096824814;0.0124898251422598;0.411680944218198;-0.242499444860436;-0.353464040638441;-0.152408449577124;0.124626641796514;0.907003180471439;0.0122571335944322;-1.01411977157367;-0.0957448066296005
9200;-0.872888376818088;-0.562115991422595;0.329410960220639;-0.200285230939067;0.106910599156151;0.645488177369566;-0.558930233536438;-0.752006225048407;0.627482406413946;-1.38275657617975;0.581387001650641;-0.5698477185721;-0.136095128636941;0.991567428668305;-0.482213359453573;-1.19250864449849;0.729241847176655;0.760892400196688;0.764760174999737;0.650040247402942;0.000618297477616991;0.432599184260229;-0.273721648818264;-0.248937975453457;-0.170382066592514;0.120876420714363;0.898103050398025;0.0188337210173851;-0.945355763007921;-0.202545426269279
9225;-0.859599490516725;-0.57409596910301;0.305658710719498;-0.195454389312927;0.107919623522538;0.677444269076675;-0.596602352281919;-0.698940763253782;0.614377782238683;-1.42060314005223;0.574016056121259;-0.674714601182575;-0.183812293965362;0.936332887135543;-0.478073613226892;-1.27472135285681;0.717719836584926;0.701696234329185;0.698371791698665;0.656572944093248;0.0131524233585738;0.447174227373263;-0.288803465443807;-0.217146099486295;-0.186479269625976;0.108388636662939;0.907741491792837;0.0129874385369558;-0.928315280645361;-0.06482352799081
9250;-0.845183390371007;-0.58506539402104;0.336466224941562;-0.191902018198078;0.149162660538925;0.669137557100527;-0.571416113719823;-0.695532696749733;0.623086635368094;-1.35838604826641;0.644181883245893;-0.702876981841397;-0.181767625816361;0.881936300606107;-0.425259256398617;-1.24081329228382;0.683872072089411;0.700003825519894;0.706673247133274;0.634096334702417;0.030856440113558;0.464384953260905;-0.264715862710153;-0.211127631739402;-0.203380477860501;0.111795895510859;0.907893967416127;0.0129259522541457;-0.917435489116791;-0.0590795473352588
9275;-0.836014741768268;-0.600824659012221;0.348569057160424;-0.167412962549429;0.180754583706292;0.683524879120787;-0.579387136358881;-0.72250938294144;0.646063729671226;-1.3878822994319;0.599018890277402;-0.674901994370237;-0.238293311820248;0.884008532123191;-0.488991571508463;-1.25386143069756;0.70896497905325;0.658517871404822;0.645039518250718;0.6243897416396;0.0061743588523635;0.497039270655832;-0.25967404440068;-0.210776563072068;-0.236155700885185;0.103303117096113;0.906050271815557;0.0247902261724196;-0.880456796401192;-0.0279332877277947
9300;-0.82864717637614;-0.596370964671829;0.362504856277399;-0.168106010419569;0.179897703784637;0.682656199980215;-0.541622622178947;-0.754628721412691;0.632840657261465;-1.39709298066496;0.613743458800911;-0.769600330717458;-0.252305378883435;0.819103562872765;-0.455954715724134;-1.33155721540496;0.636470401383123;0.596298008787004;0.606132156758001;0.621608246669609;0.00128962615494821;0.49163343024908;-0.270741662872089;-0.171097927469751;-0.20882729203463;0.080941451532532;0.940925655407974;-0.0144949796242015;-0.879275245055287;-0.0701142339835574
9325;-0.840136466092064;-0.607143216616362;0.363033600664966;-0.171346701651482;0.188119091389203;0.686401243256059;-0.561133274629874;-0.790855067694432;0.603811395073863;-1.42481298356794;0.642915614346427;-0.797620555568947;-0.215332297338308;0.846506498060907;-0.422785846395249;-1.2885050275572;0.630139331123276;0.590535066321831;0.639026680397891;0.570099792697267;0.0313288548159214;0.474572194623014;-0.263975573271389;-0.1456213675413;-0.207101570118486;0.0841213416715171;0.918000793074974;-0.0154740225434244;-0.919735619062768;-0.235941939477666
9350;-0.845989623139428;-0.614207458322603;0.390488485098734;-0.154816641114972;0.201066768897812;0.674516200816672;-0.555135312870201;-0.763461132327536;0.657973511123154;-1.46224577140329;0.639421637100695;-0.734053117344899;-0.220138462965774;0.847483266975837;-0.478382153462933;-1.28342720435652;0.62956492555637;0.57801855398838;0.673861933832787;0.570717350501414;0.036994467050131;0.491858634394511;-0.231909033650155;-0.141517169340482;-0.234138817774501;0.0928021249135519;0.895090547514154;-0.0242186747899382;-0.908173213622534;-0.27728768408186
9375;-0.824558539826527;-0.616227064564831;0.360212252751342;-0.128622910123265;0.217051236047412;0.692756987677936;-0.561753550048577;-0.745187403097747;0.647270223545034;-1.41048553724526;0.658012470584883;-0.734249855742727;-0.277177145066976;0.82600180607428;-0.444016608856843;-1.33392958692964;0.604792619679825;0.607204004995752;0.606800559015773;0.59309350453169;0.0462106355889382;0.519044548723329;-0.255508100108709;-0.136967530131454;-0.232982698834928;0.093613665935187;0.912947314481691;-0.0658870535842697;-0.932771070683311;-0.315218503727221
9400;-0.841801552980554;-0.622010370233717;0.35945959712738;-0.146995332630093;0.252995589595554;0.698818038897046;-0.538824435544637;-0.777106701563091;0.629071877888359;-1.38495809060496;0.711517626164288;-0.731978047003761;-0.286219199706475;0.851089173622476;-0.464066171560937;-1.35456768943481;0.625199734045063;0.609494583847874;0.600809555594778;0.586891137949715;0.0332072825363898;0.470816604566139;-0.277043510065429;-0.167219681649432;-0.305848920083362;0.0883315827247483;0.911434555193529;-0.0610326576295803;-0.884827710044005;-0.188707722118697
9425;-0.855401733738732;-0.643516281230391;0.340175928175591;-0.140522049689832;0.246362831876373;0.714547756715443;-0.563806370669167;-0.844254078056432;0.614527323608507;-1.43466937545128;0.666675095177644;-0.741479189880721;-0.286258884662888;0.737158791728592;-0.463382724838197;-1.37404489378157;0.60292195147271;0.612465653537554;0.626435091585509;0.56963760601293;0.0298167976785875;0.470488070630754;-0.225410164670404;-0.32034076629934;-0.32318356391693;0.0766572411164278;0.89577149344433;-0.0457536830305713;-0.908370511153926;-0.309116534163759
9450;-0.849364074155647;-0.666548548943958;0.338780332181497;-0.14144471627703;0.264036280232584;0.743117238188134;-0.544718080348293;-0.857362487129508;0.614995495185722;-1.36688663468775;0.649586023764526;-0.737656425689304;-0.360744937904151;0.72282823492475;-0.463734264559101;-1.3823581029632;0.597967672237806;0.595814148202036;0.601782139539182;0.567961467195663;0.028376610279091;0.449558026376516;-0.256613115362557;-0.249424435144763;-0.295116572226702;0.0822152973920588;0.924878757507421;0.0268475053718936;-0.858271498521654;-0.307449782823791
9475;-0.868754919609864;-0.642640732065877;0.332060050952917;-0.153714590390801;0.29664791078194;0.747169386110577;-0.52367432776174;-0.792303925892348;0.617750312428525;-1.43901661462825;0.711148786748573;-0.736563514432475;-0.378630125567563;0.885864061092349;-0.458867094397252;-1.45576736663809;0.596128808577097;0.624952273397428;0.562839753864298;0.509049496873951;0.0389337659880562;0.401582909378949;-0.216031162432324;-0.265891971855829;-0.354845326822484;0.134421852650819;0.942707763103044;0.0144532208935473;-0.89088069336203;-0.299413733729273
9500;-0.895594781149379;-0.642003834275086;0.345057031536447;-0.142079484019115;0.286371518707796;0.758408626263212;-0.524457061973247;-0.794405126552988;0.606516448893845;-1.43024310174205;0.681287450560715;-0.739219644072324;-0.373438835528324;0.738930150201098;-0.464728700103207;-1.42301901195328;0.587824068759284;0.624558742197255;0.487599697800676;0.517206720481904;0.0409694318630667;0.443727653043922;-0.208120329220097;-0.290640709037257;-0.364362639235759;0.130301159712202;0.932484099780978;0.0304636809448551;-0.907034573098597;-0.308191867861527
9525;-0.903485433020839;-0.616589250192202;0.310156980068455;-0.145199735896814;0.262136329570112;0.774257678335011;-0.530714522613463;-0.812271901855059;0.620572392799933;-1.40988212592034;0.709434234641075;-0.740720490940003;-0.370660695253932;0.719087535127277;-0.422578677966442;-1.40453133204083;0.605274784745972;0.609449690338245;0.480661901666526;0.539016612356533;0.0328474110831678;0.548431628272436;-0.205841773085597;-0.254600900696747;-0.396731414916615;0.107910405648491;0.929801715515917;0.0451438866719645;-0.812849984023827;-0.285418650692718
9550;-0.896256704506805;-0.550189061001388;0.303359806256591;-0.151821498741595;0.279465282569865;0.78531975232483;-0.538905642755989;-0.784861354262428;0.6433472644161;-1.3934825909613;0.690348680728181;-0.707914373545118;-0.410702578450163;0.824080512439329;-0.416732367731217;-1.42567942243985;0.550329928318636;0.620107562213665;0.499412959610391;0.530883767373947;0.0402238646483317;0.517185961554935;-0.168972048211468;-0.222565893870904;-0.3544134726642;0.12952795475408;0.927001886586655;0.057940574749283;-0.855238375730656;-0.279056278466399
9575;-0.886369439422929;-0.561953530264748;0.277080388083933;-0.131788108577553;0.280717759061946;0.79698733474788;-0.528237412898761;-0.78837326348088;0.618591314610398;-1.4148279732222;0.700517221774383;-0.681735950048985;-0.39538868760078;0.719362817557235;-0.438783587902745;-1.42735201698625;0.559500722415759;0.593244374305198;0.474006131916241;0.517942861910264;0.0661119919532869;0.426983399418844;-0.179798735459277;-0.218756463475857;-0.347888384563544;0.124064110241944;0.903676040826212;0.0719829094566878;-0.903006073330001;-0.102474628260396
9600;-0.890695242105426;-0.598916719712303;0.279541273742609;-0.121428326642572;0.252928348707763;0.801405970275855;-0.506170789286721;-0.789915675905677;0.619315505740647;-1.4658124993239;0.693883362822146;-0.654310872507476;-0.399400508756041;0.841146410336232;-0.433803969030501;-1.42457623352409;0.563665380853017;0.591239332342733;0.506796057042799;0.512108434576475;0.0575917354428874;0.451247000991166;-0.175853666908433;-0.306100774847885;-0.370059266245427;0.122983250939274;0.899885523222318;0.0603894466571607;-0.871933551178086;-0.256656940647374
9625;-0.878592444854886;-0.565100929820347;0.294238308956536;-0.137375300194849;0.243088287790387;0.810195120123903;-0.52345452728643;-0.809886980929438;0.629366192313553;-1.43451358129928;0.671975016329185;-0.632633365491968;-0.448904425870769;0.771480474115498;-0.400866646203904;-1.39044918252497;0.531322956564332;0.586207802349697;0.417448726597526;0.536761286669724;0.0406173532415153;0.435315970119368;-0.195453237894008;-0.416455432680972;-0.311882286266031;0.0860600508301378;0.923026350775284;0.0821069310966942;-0.807739737753782;-0.238869908957975
9650;-0.845885128147445;-0.585712384464356;0.292789819427073;-0.152621781708251;0.19578305479077;0.841413577298395;-0.532344573182253;-0.818477294160955;0.641405042562902;-1.42633926740348;0.697117628158773;-0.648724568954965;-0.478278000969544;0.728893826467405;-0.471608108455417;-1.41425894024731;0.557659783976141;0.664193920872037;0.386497367710482;0.542990540703924;0.0691325658831499;0.434098250778255;-0.174933882353536;-0.353050398318958;-0.371675120746032;0.0663979370671429;0.916050337959497;0.0699135346388633;-0.814770138351246;-0.0409713965483942
9675;-0.838975120581396;-0.579052451534319;0.30065652929487;-0.159209676034171;0.135864349787942;0.844064723639185;-0.523616777524338;-0.805215186364548;0.607345824960826;-1.48742814200634;0.701028874539817;-0.661986506099874;-0.421115338924971;0.874914929142536;-0.465418681085905;-1.44335099698367;0.586902012562547;0.641325656586152;0.367413519124209;0.501922940367859;0.0652173151814921;0.456424497217902;-0.214192674319397;-0.294008335730515;-0.376284543540153;0.0441584815352108;0.888300101753426;0.0733523705096244;-0.891024692148097;-0.0336698041653689
9700;-0.837274593010652;-0.580457164357922;0.300040938143835;-0.130808183064087;0.145735407856522;0.839978186719921;-0.528834292154973;-0.812764921228422;0.600015170161293;-1.42249639911639;0.688208843160928;-0.61965048687137;-0.450011175148488;0.872503661471914;-0.418388864180862;-1.46184339279328;0.574623018241071;0.631315184113125;0.355905213115202;0.539358286996443;0.0685388582613937;0.486084425994168;-0.178840459690162;-0.372972468389628;-0.306414036000856;0.0366196801890638;0.846510262110214;0.0666276123599612;-0.7455398425725;0.061334959917035
9725;-0.800134372487766;-0.576011495512594;0.304776935471368;-0.120251822861997;0.148557106927638;0.883256018595985;-0.546886566169806;-0.8103390983192;0.609491247205882;-1.47567288138228;0.717527351457592;-0.591609249781013;-0.4511698476122;0.854097382283527;-0.477766473013764;-1.41855298159309;0.550245746562932;0.597060438238779;0.37056844066422;0.552252547887715;0.077145193756933;0.506970141110212;-0.211327115237568;-0.427608706365296;-0.304979161524205;-0.00885258762573606;0.850017601082288;0.128216541065588;-0.618584697872343;0.016201238125009
9750;-0.774912527784009;-0.574150092848845;0.320831623025335;-0.127918734311491;0.0830311669115603;0.859788206303921;-0.544410116638002;-0.78348846532798;0.592387777081931;-1.50377469804453;0.701292117216537;-0.58594351328279;-0.426344317127577;0.918189602227337;-0.478879494501899;-1.53188218454712;0.557451195762521;0.560664908644585;0.39454061257794;0.491653764547976;0.0585312578299337;0.467225780976211;-0.20468737933795;-0.480151913313123;-0.254661785299079;-0.0042527734585839;0.886763410586347;0.103761426143692;-0.640873984447128;-0.213558991840777
9775;-0.765731797649124;-0.589994016578371;0.321892028187215;-0.126539929521511;0.0572636176669344;0.898534388071261;-0.559993103274836;-0.78189659187133;0.62234686816163;-1.54561026464698;0.698446103925932;-0.596288734911163;-0.47419767320498;0.926845216608136;-0.521093542736132;-1.44059619800148;0.501698104883558;0.535726952202042;0.394103619150575;0.548380314365737;0.0561708601168469;0.511646537706478;-0.225907787211823;-0.530280892403176;-0.245286404386866;-0.00734902958576136;0.868132457418973;0.10887763911546;-0.656424570151161;0.0540960142150133
9800;-0.704762194346151;-0.59543495459081;0.334870952704698;-0.11690941291286;0.0437140351064135;0.930036163378882;-0.550039424717405;-0.79028827140297;0.574873472982532;-1.4849614750438;0.724657878001052;-0.607859436568197;-0.481590543885354;0.811334291871433;-0.460620861942864;-1.47044055450672;0.516155915526277;0.595627746387684;0.357854456730037;0.494428918714293;-0.0159710207856785;0.499314149425564;-0.210351047776212;-0.481643128180716;-0.226328935875146;-0.0506510033549249;0.874194582385304;0.120560315939785;-0.672534428731132;-0.192709360149206
9825;-0.694185004165058;-0.585134821877656;0.350810188896228;-0.08555231020439;0.0160677659291571;0.885958397940454;-0.555627274038737;-0.79115946132015;0.585368051974382;-1.54862044498819;0.729926619964827;-0.636779300854211;-0.50511276530082;0.930837912437377;-0.472631982691956;-1.62079559658561;0.483852285142562;0.553373890749247;0.372766918823046;0.518151091419323;-0.0492848917754607;0.541227630520911;-0.181788887626321;-0.460385513055707;-0.215741848102209;-0.0460886841793004;0.847687418526209;0.102486816437455;-0.795631719722261;-0.0297106071483315
9850;-0.671350849575716;-0.571337255442541;0.350254465887238;-0.0845134311992073;-0.00652345303612103;0.896271352715539;-0.574063639574847;-0.82071719156741;0.581239879052003;-1.56777704019944;0.719182213335559;-0.650799613619362;-0.46630710836356;0.861084786221011;-0.479701273445101;-1.65617725443399;0.484045366037954;0.58625458481119;0.363499139590127;0.505781153807239;-0.0868467529988068;0.552368395079408;-0.166535084874155;-0.486915291283671;-0.197337090701259;-0.0300398516159944;0.826762785708065;0.103784742280044;-0.81272337002109;0.00430246390661337
9875;-0.669953986750046;-0.580694873206764;0.363695714677596;-0.0875775172152249;-0.00897561955621464;0.867361933853996;-0.583733348733382;-0.825402080839235;0.572165461753116;-1.58610213790243;0.72234980557522;-0.657379679849137;-0.444847197068191;0.927566390870617;-0.448278134147882;-1.64238273561556;0.527978527577302;0.531026557744707;0.352807598750227;0.489718694268476;-0.191896033393266;0.416995182893492;-0.186307639216346;-0.392348378713348;-0.18263913603012;-0.0489842501355179;0.825953261148623;0.123241225207672;-0.81126108765876;-0.165693170493581
9900;-0.625948228076616;-0.606630913392725;0.357520150679814;-0.0906688210957141;-0.0205412523546106;0.767388010359285;-0.563461356624794;-0.838025430539034;0.600600409052696;-1.57006273149593;0.705733781120324;-0.689162704509021;-0.45077804811589;0.915897595060644;-0.466218777171363;-1.64651892682112;0.479267330723816;0.558871129795573;0.332198558889129;0.512038878357378;-0.281223596994136;0.544300577672874;-0.164718113867107;-0.450292291773424;-0.179775439853399;-0.0394301086803551;0.805601770632608;0.129395719794286;-0.63023387861083;-0.0913883958297952
9925;-0.612238110371314;-0.624804589181274;0.410722368525529;-0.0726636739400641;-0.0258102918438733;0.894185962662303;-0.598199739787404;-0.819041616403031;0.581618784058662;-1.612945825209;0.651590591795591;-0.683099231326634;-0.477503822082305;1.02945911525479;-0.427881510099229;-1.65509402052783;0.460352510708311;0.574257566590848;0.372658425570633;0.537552376064618;-0.289086243191589;0.584335714527517;-0.164676912004862;-0.488276748782984;-0.186532280698914;-0.0708829930113634;0.805407415430739;0.128747702232409;-0.606370414351554;0.0856651196225149
9950;-0.609068505495385;-0.582224898603942;0.456276733031226;-0.069151532065896;-0.0168031962207546;0.893950247914774;-0.544081355623493;-0.825385637958592;0.576065720135352;-1.64310516510399;0.650375784494408;-0.683422049279575;-0.519131126618227;0.994799692176707;-0.43537549946908;-1.65574185831813;0.481454477445622;0.605572821631362;0.377768108823376;0.534822597134321;-0.370929152712877;0.568220156567465;-0.197592030673936;-0.510265803974044;-0.177722372065189;-0.0746954206563929;0.800511329736152;0.156718855133478;-0.570686655036515;-0.0817024323375153
9975;-0.582693081613498;-0.580552146442176;0.466757222302126;-0.0627433408370344;-0.0200265944975219;0.855884783354747;-0.581161485996134;-0.817071076906343;0.579299490631634;-1.60165540149581;0.660157971974027;-0.682500908659506;-0.489372829623087;1.00724460216931;-0.515534880716477;-1.58516413970344;0.426829205893532;0.454757009330484;0.402010399567335;0.539308537180101;-0.436689055306948;0.557124506432832;-0.180937249051458;-0.51736399204542;-0.152547179327823;-0.0454876480741552;0.826455418675564;0.15347259913201;-0.522149635503017;-0.0622972123401999
10000;-0.577657531296011;-0.589998338810548;0.405023803158224;-0.0612386985271165;-0.0176537730665593;0.865946388339609;-0.58909237601809;-0.794038489650645;0.561619446548334;-1.56504547785006;0.694857328352469;-0.66588433832614;-0.476206706742617;1.00360260073439;-0.479643767839854;-1.62755235321049;0.437967784686469;0.637888780086196;0.453746124172545;0.583946909083489;-0.454014864318399;0.555801384723227;-0.172138090390223;-0.495425774189745;-0.199324228575735;-0.0728670404489153;0.801826468167998;0.136801024005538;-0.51547398317724;-0.0296702214285356
10025;-0.57428355200274;-0.545108817344825;0.426134978351885;-0.0717128466705708;-0.0277529785312528;0.851133090204381;-0.600503116482819;-0.794557129823764;0.563625416870451;-1.6604514886689;0.702065390745967;-0.678690253363;-0.485996465195587;0.994614204558001;-0.537836260345746;-1.66662135431825;0.467308694000497;0.607746841542303;0.444272462729664;0.572438967639026;-0.483897035851331;0.609283766466416;-0.185744963600728;-0.543680564779527;-0.217830063558068;-0.084372359121104;0.782504523841349;0.163589556973569;-0.71246873197308;0.0977492704093652
10050;-0.56708002465097;-0.54009030819679;0.431679149527791;-0.0719363307244834;-0.0274495550260835;0.81759861684321;-0.6041678252856;-0.771347361234447;0.546727462913891;-1.51394105021346;0.672423488818466;-0.626982892035976;-0.564069989639739;1.02320569483827;-0.50133951915096;-1.62038370067586;0.444760213317323;0.640856504162381;0.426441616202713;0.565491115784531;-0.486689137535159;0.578456816717722;-0.168013469572524;-0.531523200795157;-0.19981750048734;-0.0786434848858523;0.787847383315804;0.105877701504305;-0.668583670958451;0.00355208388897199
10075;-0.556902118942001;-0.528816247997113;0.495566343955449;-0.0696454171331897;-0.0208231898242079;0.830320409224668;-0.612579895051121;-0.77214433869698;0.560736657545979;-1.64711022707739;0.668282346515208;-0.619430932189632;-0.544898459258981;1.01560679114894;-0.588884897340028;-1.63985038231205;0.470851004633969;0.62489824615624;0.501746857242247;0.609100971222279;-0.469305053560755;0.58144802438332;-0.143913152776951;-0.515434946512373;-0.219910533278695;-0.0868444402178511;0.760349015756282;0.1454062560748;-0.614042670307505;-0.287399320738419
10100;-0.543923017459735;-0.514344688764244;0.474352124728665;-0.0538710555736603;-0.0412407276110462;0.836158045754752;-0.620471704717836;-0.777046429022666;0.580888020363834;-1.66494600586587;0.669242786836639;-0.648838560810102;-0.525630282021714;0.995380610884839;-0.555483631409687;-1.60851767665809;0.467527852480518;0.633348154292306;0.512908792922959;0.588210754517503;-0.474231494669451;0.583662309192204;-0.138378356168752;-0.536886134700861;-0.194067991319721;-0.0571290917154025;0.77497703924051;0.143182344442903;-0.666897534942246;-0.315540390527135
10125;-0.533719592936097;-0.555426359947554;0.465762704362402;-0.0234254050020333;-0.0425067200512127;0.832301866710911;-0.581435232718639;-0.771575789349047;0.575214192874991;-1.7085105614366;0.671099244204763;-0.667571915795372;-0.497648205943023;0.993342164008923;-0.605462210574083;-1.66267198244296;0.43354038814734;0.6160376918003;0.516461184718687;0.607624452795455;-0.472984567939108;0.635251331935126;-0.163119619730501;-0.53495109116037;-0.239248773846105;-0.0354728653223034;0.724077866141897;0.122378595684322;-0.675515898899443;-0.350215928463007
10150;-0.535216180740433;-0.561402760413307;0.465834269905827;0.011963867029916;-0.0290404356532025;0.818871557848382;-0.610818813481405;-0.737243335050807;0.544878283787397;-1.64726679579051;0.695655407241009;-0.631730998569806;-0.478262808757763;0.980034195091203;-0.581386563503546;-1.71651413822095;0.47135618439705;0.577051213096455;0.507925248693498;0.603521751162522;-0.483177193643438;0.616106876595033;-0.14943291221373;-0.583646046755632;-0.233395935729725;-0.0546728045906558;0.705261524209279;0.136802066689829;-0.684401126452487;-0.450666467613109
10175;-0.569445107237916;-0.545327860953765;0.499491617147978;0.0230905784655571;-0.0229479109330874;0.819949076166701;-0.62882180185352;-0.73002337561238;0.545760729807192;-1.68709980332766;0.64805903672266;-0.644720504938109;-0.542875448763533;0.990227032693151;-0.579523100283999;-1.66468542420135;0.41397351079831;0.600627419925662;0.542259066330605;0.623545413998663;-0.490287714506105;0.592367231647292;-0.190542279981187;-0.593336584520977;-0.232738280832973;-0.0980552454437879;0.681961105207393;0.127689904205806;-0.818399379247687;-0.388803824680664
10200;-0.568381814424479;-0.536863129978016;0.477168314175232;0.00260060492655168;-0.00306651440674601;0.830983183183336;-0.618142408588923;-0.732180894799142;0.554023032042765;-1.72133202298448;0.668615524076827;-0.661124454452024;-0.488295752395674;1.07751319413698;-0.599628940949106;-1.65659887280665;0.38977840387646;0.579830858277263;0.559215913527336;0.635255407733734;-0.475612016858653;0.593595163576215;-0.18733118348119;-0.563768473741314;-0.284077539187266;-0.106102875807765;0.711584700787775;0.148553635957148;-0.728714223329692;-0.521591958832796
10225;-0.55433300421275;-0.527707022805443;0.501306200220088;0.0335247741196723;0.0137922941914868;0.808031198864665;-0.644779090394858;-0.726082377834697;0.536500329012597;-1.74608827499049;0.674901952428161;-0.615950052641077;-0.426018860473658;1.05954677595685;-0.624414193356202;-1.66078666210244;0.412183742192133;0.55846080819359;0.551023859296663;0.605338223654239;-0.488001575599045;0.631620128533783;-0.226850685259338;-0.564627050161026;-0.275583282277823;-0.103321314027556;0.670610951629977;0.108879669867219;-0.784191394208162;-0.542059113157123
10250;-0.563403416393432;-0.555903047565952;0.499617915101339;0.0351193348095675;0.00838421867514958;0.792075592968666;-0.62792132341587;-0.733201457107827;0.515137477046474;-1.73177853164609;0.671215408949823;-0.597834793523102;-0.435213041243021;1.02733615370157;-0.664391827285421;-1.6524595513864;0.404678365886746;0.536594898634499;0.584015057435867;0.626498907996162;-0.561144354379809;0.61839930220979;-0.15108200072498;-0.590734012658826;-0.289452666911266;-0.127885285617239;0.678042913633164;0.101669849197133;-0.768166335552887;-0.554746905437131
